name,gene,baseMean,baseMeanA,baseMeanB,foldChange,log2FoldChange,PValue,PAdj,FDR,falsePos,N61311_Ctrl,N052611_Ctrl,N080611_Ctrl,N061011_Ctrl,N61311_Dex,N052611_Dex,N080611_Dex,N061011_Dex
ENSG00000152583,SPARCL1,80.8,2,78.8,37.424,5.2,4.3e-09,0.0e+00,0,0,1,1,2,4,92,79,61,83
ENSG00000096060,FKBP5,216,15.8,200.2,12.551,3.6,7.6e-09,1.0e-04,0,0,17,15,21,10,201,248,177,175
ENSG00000178695,KCTD12,232.8,201.5,31.2,0.155,-2.7,2.6e-08,2.0e-04,1e-04,0,219,189,197,201,39,23,37,26
ENSG00000166741,NNMT,598.5,110.8,487.8,4.398,2.1,4.0e-08,4.0e-04,1e-04,0,105,126,124,88,560,457,478,456
ENSG00000189221,MAOA,193,20.8,172.2,8.239,3,4.6e-08,4.0e-04,1e-04,0,22,22,27,12,152,180,200,157
ENSG00000124766,SOX4,112.5,97,15.5,0.164,-2.6,1.6e-07,1.5e-03,2e-04,0,116,86,98,88,20,12,19,11
ENSG00000148175,STOM,1140,313.8,826.2,2.633,1.4,1.8e-07,1.7e-03,2e-04,0,310,324,309,312,861,739,795,910
ENSG00000162614,NEXN,453,98.5,354.5,3.595,1.8,2.8e-07,2.5e-03,3e-04,0,102,93,79,120,331,407,310,370
ENSG00000101347,SAMHD1,1184.5,80.8,1103.8,13.655,3.8,3.0e-07,2.7e-03,3e-04,0,78,77,80,88,857,1403,554,1601
ENSG00000172986,GXYLT2,66.5,53,13.5,0.259,-1.9,3.8e-07,3.5e-03,3e-04,0,61,55,50,46,15,12,14,13
ENSG00000109906,ZBTB16,96.5,1.5,95,58.982,5.9,4.0e-07,3.7e-03,3e-04,0,0,3,0,3,100,97,46,137
ENSG00000162692,VCAM1,41.2,39,2.2,0.061,-4,4.6e-07,4.2e-03,4e-04,0,39,40,40,37,3,2,4,0
ENSG00000131389,SLC6A6,66.2,54.5,11.8,0.22,-2.2,6.5e-07,5.9e-03,5e-04,0,49,71,49,49,11,13,12,11
ENSG00000120129,DUSP1,290.5,34.8,255.8,7.332,2.9,7.8e-07,7.1e-03,5e-04,0,19,49,35,36,238,301,176,308
ENSG00000151726,ACSL1,126.5,28.2,98.2,3.495,1.8,7.9e-07,7.2e-03,5e-04,0,24,31,27,31,80,116,87,110
ENSG00000108821,COL1A1,8736,6287.2,2448.8,0.389,-1.4,8.1e-07,7.4e-03,5e-04,0,6214,5861,6617,6457,2330,2356,2830,2279
ENSG00000179094,PER1,66.5,7,59.5,8.449,3.1,9.0e-07,8.2e-03,5e-04,0,7,4,10,7,74,42,49,73
ENSG00000135821,GLUL,1601.8,179,1422.8,7.954,3,1.0e-06,9.3e-03,5e-04,0,209,179,181,147,1786,1351,701,1853
ENSG00000143344,RGL1,88.8,64.5,24.2,0.379,-1.4,1.4e-06,1.3e-02,7e-04,0,63,64,60,71,21,25,24,27
ENSG00000103196,CRISPLD2,263.8,37.5,226.2,6.039,2.6,1.6e-06,1.4e-02,7e-04,0,36,38,32,44,274,257,117,257
ENSG00000196136,SERPINA3,232.8,25.5,207.2,8.177,3,1.9e-06,1.7e-02,8e-04,0,30,33,21,18,333,195,137,164
ENSG00000125148,MT2A,314.2,59.8,254.5,4.245,2.1,1.9e-06,1.8e-02,8e-04,0,89,43,45,62,275,244,271,228
ENSG00000179820,MYADM,456,123.2,332.8,2.699,1.4,2.0e-06,1.8e-02,8e-04,0,119,136,101,137,275,327,391,338
ENSG00000116285,ERRFI1,265.8,41.5,224.2,5.409,2.4,2.3e-06,2.1e-02,8e-04,0,33,40,61,32,141,261,243,252
ENSG00000154734,ADAMTS1,2568.2,450.5,2117.8,4.703,2.2,2.3e-06,2.1e-02,8e-04,0,282,509,396,615,1775,2252,1920,2524
ENSG00000170214,ADRA1B,19.5,1,18.5,16.661,4.1,2.5e-06,2.2e-02,9e-04,0,0,1,1,2,16,25,11,22
ENSG00000227051,C14orf132,397.5,280.5,117,0.418,-1.3,2.8e-06,2.6e-02,9e-04,0,284,248,278,312,121,105,102,140
ENSG00000253368,TRNP1,101,20.2,80.8,4.051,2,2.9e-06,2.6e-02,9e-04,0,13,20,25,23,71,91,66,95
ENSG00000119138,KLF9,144.5,25.2,119.2,4.747,2.2,3.2e-06,3.0e-02,0.001,0,32,28,23,18,120,155,76,126
ENSG00000173068,BNC2,237,161.2,75.8,0.47,-1.1,3.5e-06,3.2e-02,0.001,0,155,176,144,170,82,68,80,73
ENSG00000164125,GASK1B,612,202.8,409.2,2.02,1,3.6e-06,3.3e-02,0.001,0,185,229,199,198,436,390,411,400
ENSG00000162616,DNAJB4,119,33.8,85.2,2.54,1.3,3.8e-06,3.4e-02,0.001,0,33,39,27,36,77,91,91,82
ENSG00000112837,TBX18,236.8,185.5,51.2,0.276,-1.9,3.8e-06,3.5e-02,0.001,0,169,173,200,200,48,58,68,31
ENSG00000198624,CCDC69,178.5,22.8,155.8,6.875,2.8,4.1e-06,3.7e-02,0.0011,0,18,26,13,34,206,176,93,148
ENSG00000133142,TCEAL4,253.8,69.2,184.5,2.67,1.4,4.3e-06,3.9e-02,0.0011,0,58,81,66,72,172,234,163,169
ENSG00000163884,KLF15,43.5,1,42.5,38.483,5.3,4.5e-06,4.1e-02,0.0011,0,3,0,0,1,67,37,14,52
ENSG00000077684,JADE1,135,39.5,95.5,2.405,1.3,4.6e-06,4.2e-02,0.0011,0,38,44,33,43,88,91,91,112
ENSG00000141298,SSH2,179.8,50.2,129.5,2.573,1.4,4.8e-06,4.4e-02,0.0012,0,55,54,50,42,143,144,100,131
ENSG00000221869,CEBPD,160.8,41.8,119,2.849,1.5,5.2e-06,4.8e-02,0.0012,0,50,32,46,39,142,97,122,115
ENSG00000163513,TGFBR2,1127.5,303.2,824.2,2.718,1.4,5.2e-06,4.8e-02,0.0012,0,240,293,344,336,656,927,761,953
ENSG00000149218,ENDOD1,179,36.8,142.2,3.868,2,6.1e-06,5.6e-02,0.0014,0,32,39,39,37,87,164,186,132
ENSG00000114270,COL7A1,130,36.2,93.8,2.583,1.4,6.3e-06,5.8e-02,0.0014,0,43,31,34,37,100,73,101,101
ENSG00000211445,GPX3,1004,74.5,929.5,12.444,3.6,6.4e-06,5.8e-02,0.0014,0,41,121,53,83,718,1434,441,1125
ENSG00000119139,TJP2,464.2,93.5,370.8,3.951,2,7.3e-06,6.6e-02,0.0015,0,101,118,80,75,257,491,293,442
ENSG00000157214,STEAP2,248.2,48.8,199.5,4.083,2,8.7e-06,8.0e-02,0.0018,0,40,70,40,45,177,265,134,222
ENSG00000143320,CRABP2,133.2,105.8,27.5,0.263,-1.9,8.8e-06,8.0e-02,0.0018,0,100,147,76,100,37,28,23,22
ENSG00000116584,ARHGEF2,200.8,138.8,62,0.447,-1.2,9.0e-06,8.2e-02,0.0018,0,142,150,140,123,76,55,64,53
ENSG00000181061,HIGD1A,208,60.5,147.5,2.422,1.3,9.3e-06,8.5e-02,0.0018,0,66,51,53,72,172,143,124,151
ENSG00000144369,FAM171B,112,82.5,29.5,0.359,-1.5,1.0e-05,9.2e-02,0.0018,0,87,59,98,86,33,31,25,29
ENSG00000134686,PHC2,240.8,58,182.8,3.156,1.7,1.0e-05,9.2e-02,0.0018,0,71,62,65,34,154,187,189,201
ENSG00000139289,PHLDA1,243,169.8,73.2,0.433,-1.2,1.0e-05,9.2e-02,0.0018,0,185,151,172,171,79,57,89,68
ENSG00000108960,MMD,146.8,38.2,108.5,2.832,1.5,1.1e-05,9.6e-02,0.0018,0,38,40,48,27,130,99,92,113
ENSG00000164647,STEAP1,136.2,33.8,102.5,3.059,1.6,1.1e-05,9.7e-02,0.0018,0,34,37,21,43,119,104,97,90
ENSG00000277443,MARCKS,482.2,342.5,139.8,0.409,-1.3,1.1e-05,1.0e-01,0.0019,0,369,289,387,325,142,147,166,104
ENSG00000136478,TEX2,296.5,74.2,222.2,2.985,1.6,1.3e-05,1.2e-01,0.0022,0,67,71,66,93,150,252,212,275
ENSG00000106976,DNM1,95.2,74.2,21,0.284,-1.8,1.4e-05,1.2e-01,0.0022,0,88,69,56,84,20,16,17,31
ENSG00000174306,ZHX3,294.2,96.5,197.8,2.042,1,1.4e-05,1.3e-01,0.0023,0,102,91,87,106,184,203,171,233
ENSG00000185432,TMT1A,330.8,62,268.8,4.337,2.1,1.5e-05,1.3e-01,0.0023,0,68,67,46,67,240,345,144,346
ENSG00000185950,IRS2,193,35.2,157.8,4.461,2.2,1.5e-05,1.4e-01,0.0023,0,34,42,33,32,81,185,147,218
ENSG00000003402,CFLAR,267,86,181,2.101,1.1,1.6e-05,1.4e-01,0.0024,0,76,83,104,81,151,189,194,190
ENSG00000163110,PDLIM5,106.5,29.5,77,2.602,1.4,1.6e-05,1.5e-01,0.0024,0,20,33,27,38,76,72,79,81
ENSG00000196975,ANXA4,405.2,129,276.2,2.139,1.1,1.7e-05,1.6e-01,0.0025,0,146,126,117,127,274,283,219,329
ENSG00000154310,TNIK,66.5,49,17.5,0.358,-1.5,1.9e-05,1.7e-01,0.0027,0,46,42,45,63,14,18,20,18
ENSG00000134243,SORT1,459.5,89,370.5,4.157,2.1,1.9e-05,1.7e-01,0.0027,0,57,115,93,91,208,463,433,378
ENSG00000130066,SAT1,321.5,98,223.5,2.28,1.2,2.1e-05,1.9e-01,0.003,0,84,114,115,79,245,199,200,250
ENSG00000107562,CXCL12,2381,1908,473,0.248,-2,2.2e-05,2.0e-01,0.003,0,2306,1047,2166,2113,488,305,538,561
ENSG00000157150,TIMP4,16.2,1.2,15,11.202,3.5,2.2e-05,2.0e-01,0.003,0,0,1,3,1,15,12,21,12
ENSG00000157514,TSC22D3,189.5,17.5,172,9.958,3.3,2.3e-05,2.1e-01,0.003,0,12,33,11,14,209,193,64,222
ENSG00000172403,SYNPO2,782.2,197.5,584.8,2.96,1.6,2.3e-05,2.1e-01,0.003,0,175,243,230,142,501,606,769,463
ENSG00000115419,GLS,356.8,118.5,238.2,2.013,1,2.4e-05,2.2e-01,0.0032,0,110,106,114,144,203,263,251,236
ENSG00000132970,WASF3,103,33.5,69.5,2.073,1.1,2.5e-05,2.2e-01,0.0032,0,28,37,38,31,64,72,69,73
ENSG00000166482,MFAP4,2354.8,1566,788.8,0.504,-1,2.6e-05,2.3e-01,0.0032,0,1693,1466,1527,1578,738,810,661,946
ENSG00000183160,TMEM119,263.8,179.2,84.5,0.471,-1.1,2.6e-05,2.4e-01,0.0032,0,214,184,143,176,79,86,98,75
ENSG00000116132,PRRX1,471.2,306.5,164.8,0.538,-0.9,2.6e-05,2.4e-01,0.0032,0,304,328,313,281,184,178,158,139
ENSG00000144724,PTPRG,281,88,193,2.188,1.1,2.6e-05,2.4e-01,0.0032,0,79,89,105,79,198,184,235,155
ENSG00000118689,FOXO3,412.2,125.5,286.8,2.285,1.2,2.7e-05,2.4e-01,0.0032,0,155,109,117,121,229,300,267,351
ENSG00000141401,IMPA2,51.8,9.8,42,4.274,2.1,2.8e-05,2.5e-01,0.0033,0,9,15,7,8,34,58,42,34
ENSG00000221968,FADS3,147.5,46.2,101.2,2.185,1.1,2.8e-05,2.5e-01,0.0033,0,46,43,50,46,91,89,132,93
ENSG00000113580,NR3C1,228.5,156,72.5,0.464,-1.1,2.9e-05,2.6e-01,0.0033,0,164,168,114,178,78,73,66,73
ENSG00000103064,SLC7A6,153.2,36.8,116.5,3.144,1.7,2.9e-05,2.6e-01,0.0033,0,44,46,31,26,115,141,79,131
ENSG00000187498,COL4A1,192.5,57.5,135,2.359,1.2,3.3e-05,3.0e-01,0.0037,0,58,62,58,52,137,99,177,127
ENSG00000197043,ANXA6,1158.2,413.2,745,1.803,0.9,3.4e-05,3.1e-01,0.0038,0,433,466,382,372,825,730,721,704
ENSG00000166825,ANPEP,358.5,112.8,245.8,2.182,1.1,3.5e-05,3.2e-01,0.0039,0,109,104,111,127,261,242,180,300
ENSG00000114098,ARMC8,93.8,26,67.8,2.621,1.4,3.5e-05,3.2e-01,0.0039,0,23,27,24,30,90,59,52,70
ENSG00000134294,SLC38A2,1711.2,527.5,1183.8,2.244,1.2,3.8e-05,3.4e-01,0.0041,0,546,480,555,529,916,1467,990,1362
ENSG00000198431,TXNRD1,1913.2,504.8,1408.5,2.791,1.5,3.8e-05,3.5e-01,0.0041,0,534,484,528,473,1135,1860,929,1710
ENSG00000183722,LHFPL6,257.2,95.5,161.8,1.689,0.8,4.2e-05,3.8e-01,0.0044,0,91,102,93,96,163,178,161,145
ENSG00000049759,NEDD4L,124.5,88.2,36.2,0.409,-1.3,4.2e-05,3.8e-01,0.0044,0,98,87,88,80,31,25,47,42
ENSG00000157613,CREB3L1,234.2,157,77.2,0.49,-1,4.4e-05,4.0e-01,0.0045,0,141,144,156,187,90,84,62,73
ENSG00000169738,DCXR,52,8.5,43.5,5.111,2.4,4.5e-05,4.0e-01,0.0045,0,8,13,7,6,29,64,31,50
ENSG00000008256,CYTH3,301.8,90,211.8,2.347,1.2,4.5e-05,4.1e-01,0.0045,0,84,94,91,91,138,223,257,229
ENSG00000011198,ABHD5,155.8,51,104.8,2.055,1,4.8e-05,4.4e-01,0.0047,0,43,44,65,52,98,109,96,116
ENSG00000138316,ADAMTS14,58.5,48.8,9.8,0.204,-2.3,4.8e-05,4.4e-01,0.0047,0,41,49,66,39,10,6,18,5
ENSG00000154262,ABCA6,193.5,65.5,128,1.968,1,4.9e-05,4.4e-01,0.0047,0,60,65,66,71,131,132,99,150
ENSG00000174437,ATP2A2,870.2,246.8,623.5,2.524,1.3,4.9e-05,4.5e-01,0.0047,0,269,274,224,220,530,603,889,472
ENSG00000067082,KLF6,284.8,85.2,199.5,2.34,1.2,5.0e-05,4.5e-01,0.0047,0,87,85,80,89,182,184,152,280
ENSG00000145685,LHFPL2,173.2,123.8,49.5,0.399,-1.3,5.1e-05,4.7e-01,0.0048,0,165,107,120,103,45,65,42,46
ENSG00000108604,SMARCD2,184.2,53,131.2,2.476,1.3,5.2e-05,4.7e-01,0.0048,0,57,51,47,57,182,117,95,131
ENSG00000173517,PEAK1,670.8,229.2,441.5,1.927,0.9,5.3e-05,4.8e-01,0.0049,0,207,257,216,237,415,377,429,545
ENSG00000177666,PNPLA2,209.8,68,141.8,2.085,1.1,5.4e-05,4.9e-01,0.005,0,75,77,55,65,125,165,120,157
ENSG00000127954,STEAP4,39.2,1.5,37.8,23.399,4.5,5.6e-05,5.1e-01,0.0051,1,2,2,1,1,28,84,11,28
ENSG00000172831,CES2,109.5,73.8,35.8,0.487,-1,5.7e-05,5.1e-01,0.0051,1,77,78,68,72,29,34,34,46
ENSG00000013297,CLDN11,294.5,227.5,67,0.295,-1.8,5.8e-05,5.3e-01,0.0052,1,280,187,177,266,77,85,33,73
ENSG00000071282,LMCD1,350,83.8,266.2,3.178,1.7,5.9e-05,5.4e-01,0.0052,1,81,113,48,93,205,315,218,327
ENSG00000134363,FST,244.2,192,52.2,0.273,-1.9,6.3e-05,5.7e-01,0.0055,1,134,283,183,168,31,56,75,47
ENSG00000179222,MAGED1,407.2,253,154.2,0.61,-0.7,6.5e-05,5.9e-01,0.0055,1,270,254,268,220,160,155,153,149
ENSG00000166484,MAPK7,93.8,31,62.8,2.028,1,6.5e-05,5.9e-01,0.0055,1,33,25,34,32,72,65,56,58
ENSG00000139132,FGD4,97,19,78,4.094,2,6.5e-05,5.9e-01,0.0055,1,13,22,16,25,52,80,57,123
ENSG00000123562,MORF4L2,408,142,266,1.87,0.9,6.6e-05,6.0e-01,0.0055,1,156,118,155,139,274,279,293,218
ENSG00000140545,MFGE8,785.5,257.2,528.2,2.05,1,6.7e-05,6.1e-01,0.0056,1,194,247,309,279,477,474,564,598
ENSG00000049246,PER3,28.2,23.8,4.5,0.196,-2.4,6.9e-05,6.3e-01,0.0057,1,24,20,29,22,4,6,7,1
ENSG00000020577,SAMD4A,258.2,80.2,178,2.216,1.1,7.0e-05,6.3e-01,0.0057,1,87,70,69,95,163,179,140,230
ENSG00000181467,RAP2B,60,42,18,0.434,-1.2,7.1e-05,6.4e-01,0.0058,1,42,37,49,40,22,18,14,18
ENSG00000288335,TWIST2,377.5,142,235.5,1.656,0.7,7.2e-05,6.5e-01,0.0058,1,139,154,136,139,251,204,240,247
ENSG00000168398,BDKRB2,527,423.8,103.2,0.244,-2,7.4e-05,6.7e-01,0.0058,1,413,392,532,358,140,64,155,54
ENSG00000136859,ANGPTL2,549.2,355.2,194,0.546,-0.9,7.4e-05,6.7e-01,0.0058,1,331,314,415,361,206,201,160,209
ENSG00000256235,SMIM3,94,28.5,65.5,2.29,1.2,7.5e-05,6.7e-01,0.0058,1,31,31,28,24,63,48,70,81
ENSG00000102804,TSC22D1,428.8,137,291.8,2.126,1.1,7.5e-05,6.8e-01,0.0058,1,102,163,140,143,236,329,330,272
ENSG00000113916,BCL6,157.5,53,104.5,1.967,1,7.5e-05,6.8e-01,0.0058,1,62,51,53,46,90,115,91,122
ENSG00000165030,NFIL3,116.8,35.8,81,2.254,1.2,7.8e-05,7.1e-01,0.006,1,40,35,36,32,109,64,73,78
ENSG00000169855,ROBO1,157.8,111.5,46.2,0.414,-1.3,8.1e-05,7.3e-01,0.0061,1,116,86,157,87,46,45,50,44
ENSG00000070404,FSTL3,150.8,33.5,117.2,3.505,1.8,8.2e-05,7.4e-01,0.0062,1,48,34,19,33,136,115,72,146
ENSG00000182552,RWDD4,84.8,25.5,59.2,2.333,1.2,8.3e-05,7.5e-01,0.0062,1,26,26,23,27,58,47,52,80
ENSG00000136999,CCN3,37.8,32.5,5.2,0.168,-2.6,8.3e-05,7.5e-01,0.0062,1,25,34,20,51,2,6,7,6
ENSG00000137801,THBS1,8063,1714.8,6348.2,3.703,1.9,8.7e-05,7.9e-01,0.0063,1,1494,2331,1453,1581,2950,8252,7116,7075
ENSG00000078269,SYNJ2,99.2,64.2,35,0.545,-0.9,8.9e-05,8.0e-01,0.0063,1,64,64,68,61,29,34,41,36
ENSG00000112658,SRF,117.5,39,78.5,2.001,1,8.9e-05,8.0e-01,0.0063,1,41,37,36,42,89,60,90,75
ENSG00000167549,CORO6,165.2,26,139.2,5.38,2.4,8.9e-05,8.0e-01,0.0063,1,31,36,12,25,183,133,60,181
ENSG00000165507,DEPP1,1558.2,395.5,1162.8,2.938,1.6,8.9e-05,8.0e-01,0.0063,1,380,433,297,472,852,1533,789,1477
ENSG00000106617,PRKAG2,87,23.2,63.8,2.771,1.5,9.1e-05,8.2e-01,0.0063,1,13,29,25,26,54,79,61,61
ENSG00000157654,PALM2AKAP2,676.2,221.2,455,2.056,1,9.1e-05,8.2e-01,0.0063,1,216,252,243,174,387,454,574,405
ENSG00000196569,LAMA2,1508.2,318.8,1189.5,3.732,1.9,9.1e-05,8.2e-01,0.0063,1,263,421,203,388,1226,1183,660,1689
ENSG00000100242,SUN2,340.8,76.5,264.2,3.447,1.8,9.5e-05,8.6e-01,0.0065,1,91,100,42,73,277,279,157,344
ENSG00000117758,STX12,148.5,49.5,99,1.997,1,9.5e-05,8.6e-01,0.0065,1,46,46,55,51,83,116,82,115
ENSG00000146592,CREB5,58.5,46.5,12,0.262,-1.9,9.7e-05,8.7e-01,0.0065,1,51,39,42,54,18,5,8,17
ENSG00000116962,NID1,786.2,207.2,579,2.789,1.5,9.7e-05,8.7e-01,0.0065,1,217,189,201,222,726,565,310,715
ENSG00000106615,RHEB,181,63.8,117.2,1.841,0.9,9.8e-05,8.8e-01,0.0065,1,55,58,67,75,113,133,103,120
ENSG00000135862,LAMC1,2849.2,1061.2,1788,1.685,0.8,1.0e-04,9.1e-01,0.0067,1,959,1093,1214,979,1813,1740,1696,1903
ENSG00000288445,HPS5,81.8,22.2,59.5,2.665,1.4,1.0e-04,9.2e-01,0.0067,1,20,20,28,21,38,73,66,61
ENSG00000138078,PREPL,147,92.8,54.2,0.582,-0.8,1.0e-04,9.4e-01,0.0068,1,92,81,108,90,53,52,57,55
ENSG00000051108,HERPUD1,186,68.8,117.2,1.71,0.8,1.0e-04,9.4e-01,0.0068,1,77,67,66,65,106,116,136,111
ENSG00000023909,GCLM,163.5,51.8,111.8,2.151,1.1,1.1e-04,9.6e-01,0.0069,1,42,56,51,58,82,118,140,107
ENSG00000134684,YARS1,103.5,70,33.5,0.482,-1.1,1.1e-04,1.0e+00,0.0071,1,53,81,72,74,28,39,32,35
ENSG00000163661,PTX3,807,151.5,655.5,4.331,2.1,1.1e-04,1.0e+00,0.0071,1,104,222,87,193,554,644,414,1010
ENSG00000077063,CTTNBP2,27.5,21,6.5,0.32,-1.6,1.1e-04,1.0e+00,0.0072,1,25,22,16,21,8,8,5,5
ENSG00000205978,NYNRIN,139.5,97.5,42,0.431,-1.2,1.2e-04,1.0e+00,0.0073,1,120,93,88,89,51,44,26,47
ENSG00000087448,KLHL42,89,28.8,60.2,2.099,1.1,1.2e-04,1.0e+00,0.0077,1,26,22,37,30,61,63,64,53
ENSG00000111859,NEDD9,143,36.2,106.8,2.947,1.6,1.3e-04,1.0e+00,0.0078,1,38,40,36,31,57,127,144,99
ENSG00000077254,USP33,235,86.2,148.8,1.72,0.8,1.3e-04,1.0e+00,0.0079,1,83,84,83,95,132,170,130,163
ENSG00000112936,C7,170.8,15.2,155.5,10.092,3.3,1.3e-04,1.0e+00,0.0079,1,11,5,35,10,233,65,221,103
ENSG00000101825,MXRA5,414,301.2,112.8,0.375,-1.4,1.3e-04,1.0e+00,0.0079,1,227,451,250,277,95,147,93,116
ENSG00000140105,WARS1,247.8,177.8,70,0.394,-1.3,1.3e-04,1.0e+00,0.0079,1,181,181,109,240,78,81,60,61
ENSG00000099337,KCNK6,89.5,13.8,75.8,5.507,2.5,1.4e-04,1.0e+00,0.0081,1,7,14,23,11,31,81,106,85
ENSG00000114853,ZBTB47,278.8,106.2,172.5,1.622,0.7,1.4e-04,1.0e+00,0.0081,1,110,93,107,115,185,155,166,184
ENSG00000196517,SLC6A9,19,16.8,2.2,0.145,-2.8,1.4e-04,1.0e+00,0.0081,1,13,21,14,19,0,2,3,4
ENSG00000163083,INHBB,33.5,1.8,31.8,17.085,4.1,1.4e-04,1.0e+00,0.0081,1,0,1,4,2,15,21,68,23
ENSG00000148848,ADAM12,121,98.2,22.8,0.235,-2.1,1.4e-04,1.0e+00,0.0081,1,109,130,109,45,24,29,27,11
ENSG00000150907,FOXO1,54.2,11.2,43,3.772,1.9,1.4e-04,1.0e+00,0.0082,1,15,11,10,9,36,45,25,66
ENSG00000123094,RASSF8,100.2,35,65.2,1.87,0.9,1.5e-04,1.0e+00,0.0084,1,31,34,41,34,68,73,66,54
ENSG00000177674,AGTRAP,59.5,18.8,40.8,2.19,1.1,1.5e-04,1.0e+00,0.0086,1,15,24,20,16,47,40,34,42
ENSG00000127824,TUBA4A,22,17.5,4.5,0.264,-1.9,1.6e-04,1.0e+00,0.0087,1,14,17,24,15,3,4,7,4
ENSG00000075240,GRAMD4,44.8,33.8,11,0.333,-1.6,1.6e-04,1.0e+00,0.0087,1,35,26,33,41,8,11,17,8
ENSG00000008130,NADK,134.5,50.8,83.8,1.647,0.7,1.6e-04,1.0e+00,0.0087,1,53,52,54,44,77,86,87,85
ENSG00000009413,REV3L,689.2,216,473.2,2.186,1.1,1.6e-04,1.0e+00,0.0089,1,217,185,243,219,455,570,308,560
ENSG00000147526,TACC1,731.2,262.2,469,1.789,0.8,1.6e-04,1.0e+00,0.009,1,248,267,229,305,471,493,376,536
ENSG00000131446,MGAT1,471.5,178.8,292.8,1.638,0.7,1.7e-04,1.0e+00,0.0094,2,192,171,161,191,275,279,274,343
ENSG00000196616,ADH1B,3014.2,940.2,2074,2.206,1.1,1.7e-04,1.0e+00,0.0094,2,888,941,978,954,2406,2458,1261,2171
ENSG00000105835,NAMPT,230.2,76.2,154,2.018,1,1.7e-04,1.0e+00,0.0095,2,78,72,87,68,160,178,105,173
ENSG00000156671,SAMD8,133.8,50,83.8,1.669,0.7,1.8e-04,1.0e+00,0.0095,2,52,54,46,48,85,91,72,87
ENSG00000080200,CRYBG3,133.8,85,48.8,0.575,-0.8,1.9e-04,1.0e+00,0.01,2,95,86,78,81,57,44,43,51
ENSG00000071242,RPS6KA2,954.2,333.2,621,1.864,0.9,1.9e-04,1.0e+00,0.01,2,305,345,387,296,545,534,791,614
ENSG00000124151,NCOA3,133,41,92,2.236,1.2,1.9e-04,1.0e+00,0.01,2,43,39,48,34,65,107,80,116
ENSG00000073712,FERMT2,319.8,120.2,199.5,1.656,0.7,1.9e-04,1.0e+00,0.01,2,123,126,118,114,228,185,218,167
ENSG00000182199,SHMT2,112.8,70.8,42,0.598,-0.7,1.9e-04,1.0e+00,0.0102,2,70,71,74,68,50,39,38,41
ENSG00000103502,CDIPT,284,108.5,175.5,1.617,0.7,2.0e-04,1.0e+00,0.0104,2,118,97,115,104,198,182,158,164
ENSG00000145675,PIK3R1,285,72,213,2.958,1.6,2.0e-04,1.0e+00,0.0106,2,71,82,64,71,236,235,98,283
ENSG00000162772,ATF3,32.8,6.8,26,3.808,1.9,2.1e-04,1.0e+00,0.0106,2,4,8,7,8,14,31,31,28
ENSG00000166348,USP54,27,19.5,7.5,0.396,-1.3,2.1e-04,1.0e+00,0.0106,2,20,22,20,16,7,6,9,8
ENSG00000168781,PPIP5K1,24.2,19.2,5,0.27,-1.9,2.1e-04,1.0e+00,0.0107,2,19,20,22,16,3,3,5,9
ENSG00000173221,GLRX,164,56,108,1.939,1,2.1e-04,1.0e+00,0.0107,2,41,58,66,59,97,127,92,116
ENSG00000164442,CITED2,461.8,113.2,348.5,3.072,1.6,2.1e-04,1.0e+00,0.0107,2,95,128,101,129,285,407,181,521
ENSG00000146122,DAAM2,223.5,58,165.5,2.843,1.5,2.1e-04,1.0e+00,0.0107,2,73,80,34,45,196,199,145,122
ENSG00000219481,NBPF1,99,68.5,30.5,0.449,-1.2,2.2e-04,1.0e+00,0.0107,2,60,60,80,74,24,23,34,41
ENSG00000122966,CIT,28.2,21.5,6.8,0.32,-1.6,2.2e-04,1.0e+00,0.0107,2,18,22,28,18,8,9,6,4
ENSG00000091136,LAMB1,2651,983.5,1667.5,1.696,0.8,2.2e-04,1.0e+00,0.0107,2,865,1138,891,1040,1807,1611,1464,1788
ENSG00000115084,SLC35F5,199.2,75.5,123.8,1.642,0.7,2.2e-04,1.0e+00,0.0107,2,77,78,76,71,100,127,136,132
ENSG00000103485,QPRT,78.5,53,25.5,0.489,-1,2.2e-04,1.0e+00,0.0107,2,59,60,43,50,31,21,28,22
ENSG00000115993,TRAK2,439.2,153.8,285.5,1.855,0.9,2.2e-04,1.0e+00,0.0107,2,127,170,165,153,210,305,313,314
ENSG00000167552,TUBA1A,743.5,533,210.5,0.395,-1.3,2.2e-04,1.0e+00,0.0107,2,689,565,496,382,259,193,258,132
ENSG00000276600,RAB7B,30,23.8,6.2,0.272,-1.9,2.2e-04,1.0e+00,0.0107,2,21,32,17,25,8,9,5,3
ENSG00000026950,BTN3A1,52.8,37,15.8,0.424,-1.2,2.3e-04,1.0e+00,0.0107,2,48,36,38,26,16,18,14,15
ENSG00000189184,PCDH18,543.2,350.2,193,0.551,-0.9,2.3e-04,1.0e+00,0.0107,2,374,362,253,412,190,209,180,193
ENSG00000083223,TUT7,127.2,40,87.2,2.179,1.1,2.3e-04,1.0e+00,0.0107,2,43,31,37,49,62,102,82,103
ENSG00000196950,SLC39A10,71,53,18,0.339,-1.6,2.3e-04,1.0e+00,0.0107,2,46,49,43,74,11,18,27,16
ENSG00000165995,CACNB2,59.5,9,50.5,5.728,2.5,2.3e-04,1.0e+00,0.0107,2,5,20,4,7,38,78,32,54
ENSG00000169715,MT1E,52,9.8,42.2,4.258,2.1,2.3e-04,1.0e+00,0.0108,2,17,12,3,7,58,37,37,37
ENSG00000166974,MAPRE2,54.5,37.8,16.8,0.455,-1.1,2.3e-04,1.0e+00,0.0108,2,38,37,45,31,21,13,15,18
ENSG00000160446,ZDHHC12,22.8,5.2,17.5,3.3,1.7,2.4e-04,1.0e+00,0.0108,2,5,7,4,5,12,22,17,19
ENSG00000157110,RBPMS,280.5,105,175.5,1.673,0.7,2.4e-04,1.0e+00,0.0108,2,90,97,128,105,167,195,165,175
ENSG00000099194,SCD,120.2,95.5,24.8,0.263,-1.9,2.4e-04,1.0e+00,0.0108,2,133,105,97,47,28,20,37,14
ENSG00000172349,IL16,83.5,26,57.5,2.19,1.1,2.4e-04,1.0e+00,0.0109,2,22,29,31,22,50,49,54,77
ENSG00000162407,PLPP3,2220,1509,711,0.471,-1.1,2.5e-04,1.0e+00,0.0111,2,1217,1681,1194,1944,623,732,601,888
ENSG00000157510,AFAP1L1,46,11.2,34.8,3.108,1.6,2.5e-04,1.0e+00,0.0111,2,10,7,14,14,36,40,20,43
ENSG00000163947,ARHGEF3,45.2,33.5,11.8,0.364,-1.5,2.5e-04,1.0e+00,0.0111,2,36,32,27,39,18,11,7,11
ENSG00000079691,CARMIL1,129.2,40.8,88.5,2.161,1.1,2.5e-04,1.0e+00,0.0113,2,39,39,42,43,58,86,90,120
ENSG00000163697,APBB2,212.2,76.2,136,1.783,0.8,2.5e-04,1.0e+00,0.0113,2,85,84,73,63,122,168,126,128
ENSG00000134318,ROCK2,361.8,136.8,225,1.649,0.7,2.6e-04,1.0e+00,0.0113,2,128,149,129,141,243,219,183,255
ENSG00000138073,PREB,143.2,43.2,100,2.305,1.2,2.6e-04,1.0e+00,0.0113,2,50,46,38,39,147,83,94,76
ENSG00000084090,STARD7,298.5,92.8,205.8,2.223,1.2,2.6e-04,1.0e+00,0.0113,2,61,102,113,95,168,273,193,189
ENSG00000154767,XPC,159.5,100.5,59,0.588,-0.8,2.6e-04,1.0e+00,0.0114,2,113,108,98,83,66,58,61,51
ENSG00000164484,TMEM200A,72.5,50.5,22,0.441,-1.2,2.6e-04,1.0e+00,0.0115,2,56,50,33,63,23,19,25,21
ENSG00000076513,ANKRD13A,565.8,222,343.8,1.55,0.6,2.7e-04,1.0e+00,0.0116,2,203,261,210,214,330,355,344,346
ENSG00000143878,RHOB,270.2,87.2,183,2.095,1.1,2.7e-04,1.0e+00,0.0116,2,75,125,82,67,191,209,153,179
ENSG00000165802,NSMF,135.5,47,88.5,1.885,0.9,2.7e-04,1.0e+00,0.0116,2,51,38,54,45,92,91,68,103
ENSG00000131386,GALNT15,1205,326,879,2.695,1.4,2.8e-04,1.0e+00,0.0118,3,301,359,464,180,768,1026,1034,688
ENSG00000109689,STIM2,88.5,60.2,28.2,0.471,-1.1,2.8e-04,1.0e+00,0.0121,3,68,67,38,68,29,27,29,28
ENSG00000019991,HGF,100.8,68.5,32.2,0.471,-1.1,2.9e-04,1.0e+00,0.0121,3,63,53,91,67,38,28,36,27
ENSG00000205208,C4orf46,52.5,39.2,13.2,0.343,-1.5,2.9e-04,1.0e+00,0.0121,3,41,22,53,41,16,14,10,13
ENSG00000081320,STK17B,115.8,33,82.8,2.509,1.3,2.9e-04,1.0e+00,0.0122,3,38,26,31,37,53,101,68,109
ENSG00000017797,RALBP1,287.8,111.2,176.5,1.586,0.7,3.0e-04,1.0e+00,0.0123,3,122,103,117,103,194,155,165,192
ENSG00000113552,GNPDA1,132.5,82.8,49.8,0.597,-0.7,3.0e-04,1.0e+00,0.0124,3,89,66,87,89,49,49,48,53
ENSG00000111642,CHD4,451,273,178,0.652,-0.6,3.0e-04,1.0e+00,0.0125,3,277,251,297,267,171,163,202,176
ENSG00000065809,FAM107B,191.8,129.5,62.2,0.481,-1.1,3.1e-04,1.0e+00,0.0125,3,137,170,99,112,72,68,62,47
ENSG00000164050,PLXNB1,295.2,111.2,184,1.651,0.7,3.1e-04,1.0e+00,0.0125,3,110,130,112,93,160,199,177,200
ENSG00000205213,LGR4,33,24.2,8.8,0.367,-1.4,3.1e-04,1.0e+00,0.0125,3,18,30,30,19,10,10,8,7
ENSG00000072958,AP1M1,183.8,63,120.8,1.926,0.9,3.2e-04,1.0e+00,0.0128,3,72,59,71,50,155,97,117,114
ENSG00000196715,VKORC1L1,82,27.2,54.8,2.001,1,3.2e-04,1.0e+00,0.0129,3,22,27,35,25,43,58,60,58
ENSG00000033867,SLC4A7,203.8,138.8,65,0.467,-1.1,3.2e-04,1.0e+00,0.0129,3,125,133,136,161,44,72,54,90
ENSG00000164294,GPX8,312.2,198.2,114,0.576,-0.8,3.2e-04,1.0e+00,0.0129,3,227,195,157,214,129,95,110,122
ENSG00000136830,NIBAN2,1533.8,600,933.8,1.555,0.6,3.2e-04,1.0e+00,0.0129,3,567,628,635,570,799,963,1028,945
ENSG00000198517,MAFK,66.8,22.8,44,1.959,1,3.3e-04,1.0e+00,0.0129,3,27,21,24,19,43,41,38,54
ENSG00000197860,SGTB,52.2,17.5,34.8,1.978,1,3.3e-04,1.0e+00,0.013,3,20,15,20,15,34,33,31,41
ENSG00000168994,PXDC1,133.5,36.5,97,2.651,1.4,3.3e-04,1.0e+00,0.013,3,37,44,35,30,76,122,58,132
ENSG00000072210,ALDH3A2,87.2,63.2,24,0.384,-1.4,3.4e-04,1.0e+00,0.0131,3,63,66,66,58,39,26,17,14
ENSG00000162704,ARPC5,221.8,84.2,137.5,1.626,0.7,3.4e-04,1.0e+00,0.0131,3,85,72,83,97,125,146,153,126
ENSG00000154930,ACSS1,50.5,12,38.5,3.226,1.7,3.4e-04,1.0e+00,0.0131,3,10,12,8,18,39,40,22,53
ENSG00000172465,TCEAL1,37.2,11.5,25.8,2.248,1.2,3.4e-04,1.0e+00,0.0132,3,13,14,9,10,24,31,23,25
ENSG00000133216,EPHB2,29,23.8,5.2,0.225,-2.1,3.4e-04,1.0e+00,0.0132,3,22,15,34,24,3,2,8,8
ENSG00000075420,FNDC3B,484.8,188.8,296,1.568,0.6,3.5e-04,1.0e+00,0.0132,3,192,173,211,179,262,277,317,328
ENSG00000198795,ZNF521,82,58.2,23.8,0.414,-1.3,3.5e-04,1.0e+00,0.0132,3,52,75,41,65,18,21,33,23
ENSG00000206538,VGLL3,1037.2,307.5,729.8,2.373,1.2,3.5e-04,1.0e+00,0.0132,3,250,421,210,349,671,809,536,903
ENSG00000213639,PPP1CB,429.2,150,279.2,1.859,0.9,3.5e-04,1.0e+00,0.0132,3,159,157,138,146,264,352,198,303
ENSG00000113456,RAD1,85.8,31,54.8,1.761,0.8,3.6e-04,1.0e+00,0.0132,3,30,29,31,34,48,49,57,65
ENSG00000243244,STON1,154.2,50.2,104,2.066,1,3.6e-04,1.0e+00,0.0132,3,44,48,46,63,79,103,92,142
ENSG00000019995,ZRANB1,184.5,63,121.5,1.93,0.9,3.6e-04,1.0e+00,0.0132,3,49,59,85,59,139,119,127,101
ENSG00000138735,PDE5A,611.5,421.5,190,0.45,-1.2,3.6e-04,1.0e+00,0.0132,3,352,574,346,414,157,268,163,172
ENSG00000147119,CHST7,39.2,10,29.2,2.932,1.6,3.6e-04,1.0e+00,0.0132,3,11,10,15,4,32,25,31,29
ENSG00000101290,CDS2,180.5,66,114.5,1.738,0.8,3.6e-04,1.0e+00,0.0132,3,59,60,73,72,105,127,93,133
ENSG00000136436,CALCOCO2,264.2,84,180.2,2.145,1.1,3.6e-04,1.0e+00,0.0133,3,66,109,91,70,134,234,160,193
ENSG00000156675,RAB11FIP1,137,36,101,2.797,1.5,3.7e-04,1.0e+00,0.0134,3,22,43,41,38,56,109,139,100
ENSG00000172667,ZMAT3,346.2,210.5,135.8,0.644,-0.6,3.7e-04,1.0e+00,0.0134,3,219,186,215,222,153,117,137,136
ENSG00000106333,PCOLCE,761.8,474.5,287.2,0.606,-0.7,3.7e-04,1.0e+00,0.0136,3,564,446,437,451,346,261,270,272
ENSG00000145362,ANK2,175,117,58,0.496,-1,3.8e-04,1.0e+00,0.0136,3,132,92,124,120,61,45,47,79
ENSG00000108950,FAM20A,89.5,28.8,60.8,2.11,1.1,3.8e-04,1.0e+00,0.0136,3,29,32,34,20,48,74,55,66
ENSG00000146373,RNF217,72.2,22,50.2,2.264,1.2,3.8e-04,1.0e+00,0.0136,3,18,26,27,17,43,65,40,53
ENSG00000164104,HMGB2,84.8,28,56.8,2.018,1,3.8e-04,1.0e+00,0.0136,3,24,35,29,24,47,61,49,70
ENSG00000122035,RASL11A,83,14,69,4.936,2.3,3.8e-04,1.0e+00,0.0136,4,13,14,10,19,51,94,24,107
ENSG00000075213,SEMA3A,58,42.5,15.5,0.375,-1.4,3.9e-04,1.0e+00,0.0137,4,40,34,48,48,22,9,11,20
ENSG00000166963,MAP1A,604.2,385.5,218.8,0.568,-0.8,3.9e-04,1.0e+00,0.0137,4,454,388,378,322,258,238,172,207
ENSG00000109339,MAPK10,77.5,52.5,25,0.483,-1.1,3.9e-04,1.0e+00,0.0137,4,53,56,47,54,22,36,24,18
ENSG00000132356,PRKAA1,196.8,74.2,122.5,1.65,0.7,3.9e-04,1.0e+00,0.0137,4,85,66,61,85,121,128,115,126
ENSG00000137767,SQOR,199.2,66,133.2,2.028,1,4.0e-04,1.0e+00,0.0138,4,50,68,75,71,136,94,173,130
ENSG00000112715,VEGFA,166.8,115.8,51,0.44,-1.2,4.1e-04,1.0e+00,0.0141,4,144,107,101,111,53,38,76,37
ENSG00000183726,TMEM50A,214.8,79.2,135.5,1.709,0.8,4.1e-04,1.0e+00,0.0141,4,85,71,96,65,124,154,138,126
ENSG00000103710,RASL12,98.5,74,24.5,0.332,-1.6,4.2e-04,1.0e+00,0.0145,4,102,62,76,56,39,17,14,28
ENSG00000133816,MICAL2,180,53.5,126.5,2.362,1.2,4.2e-04,1.0e+00,0.0145,4,44,51,64,55,86,98,185,137
ENSG00000048740,CELF2,494.2,173.8,320.5,1.844,0.9,4.3e-04,1.0e+00,0.0146,4,210,156,148,181,334,346,232,370
ENSG00000113441,LNPEP,122.2,46,76.2,1.654,0.7,4.3e-04,1.0e+00,0.0146,4,43,48,46,47,76,75,63,91
ENSG00000164619,BMPER,44.5,36.2,8.2,0.233,-2.1,4.3e-04,1.0e+00,0.0146,4,23,32,62,28,10,4,13,6
ENSG00000049323,LTBP1,1689.8,656.5,1033.2,1.574,0.7,4.3e-04,1.0e+00,0.0146,4,571,738,716,601,974,1064,971,1124
ENSG00000182580,EPHB3,38.2,30,8.2,0.279,-1.8,4.4e-04,1.0e+00,0.0147,4,46,21,31,22,13,6,9,5
ENSG00000134851,TMEM165,157,60.2,96.8,1.613,0.7,4.4e-04,1.0e+00,0.0148,4,59,70,55,57,112,95,94,86
ENSG00000010256,UQCRC1,145,57.2,87.8,1.536,0.6,4.4e-04,1.0e+00,0.0148,4,63,52,55,59,91,81,95,84
ENSG00000113719,ERGIC1,580,221,359,1.624,0.7,4.4e-04,1.0e+00,0.0148,4,197,257,208,222,301,408,384,343
ENSG00000106484,MEST,86,71.5,14.5,0.204,-2.3,4.5e-04,1.0e+00,0.0149,4,62,123,58,43,8,30,9,11
ENSG00000285443,ZYX,781.5,311.2,470.2,1.511,0.6,4.5e-04,1.0e+00,0.015,4,314,333,303,295,523,496,453,409
ENSG00000163069,SGCB,260.2,100.5,159.8,1.586,0.7,4.6e-04,1.0e+00,0.015,4,100,94,117,91,141,178,173,147
ENSG00000067900,ROCK1,225,88.5,136.5,1.536,0.6,4.6e-04,1.0e+00,0.015,4,79,81,97,97,127,149,134,136
ENSG00000133059,DSTYK,140.8,87.2,53.5,0.616,-0.7,4.6e-04,1.0e+00,0.0151,4,85,99,81,84,58,43,55,58
ENSG00000126861,OMG,26,18.8,7.2,0.398,-1.3,4.6e-04,1.0e+00,0.0151,4,17,20,23,15,9,7,5,8
ENSG00000057252,SOAT1,118.8,45.5,73.2,1.6,0.7,4.9e-04,1.0e+00,0.0158,4,45,47,38,52,70,79,68,76
ENSG00000146250,PRSS35,32,26.8,5.2,0.202,-2.3,4.9e-04,1.0e+00,0.0158,4,17,42,32,16,3,10,4,4
ENSG00000122786,CALD1,1880.8,698,1182.8,1.694,0.8,4.9e-04,1.0e+00,0.0159,4,672,783,714,623,1074,1206,1474,977
ENSG00000117602,RCAN3,28.8,7.5,21.2,2.825,1.5,4.9e-04,1.0e+00,0.0159,5,9,11,4,6,18,21,24,22
ENSG00000135679,MDM2,264.2,161.8,102.5,0.634,-0.7,5.1e-04,1.0e+00,0.0163,5,156,171,167,153,101,89,126,94
ENSG00000115963,RND3,1490.5,945.8,544.8,0.576,-0.8,5.1e-04,1.0e+00,0.0163,5,932,819,946,1086,405,624,541,609
ENSG00000198130,HIBCH,32.5,22,10.5,0.485,-1,5.2e-04,1.0e+00,0.0164,5,25,18,25,20,11,11,10,10
ENSG00000162878,PKDCC,138,32.2,105.8,3.286,1.7,5.2e-04,1.0e+00,0.0166,5,29,55,20,25,100,124,58,141
ENSG00000241399,CD302,320.5,77.8,242.8,3.116,1.6,5.3e-04,1.0e+00,0.0166,5,74,97,49,91,120,260,212,379
ENSG00000120341,SEC16B,20.8,16.2,4.5,0.284,-1.8,5.3e-04,1.0e+00,0.0167,5,20,14,14,17,5,3,2,8
ENSG00000090861,AARS1,249,154.8,94.2,0.61,-0.7,5.3e-04,1.0e+00,0.0167,5,129,166,142,182,100,89,105,83
ENSG00000100626,GALNT16,44.2,31.2,13,0.416,-1.3,5.3e-04,1.0e+00,0.0167,5,27,28,39,31,13,19,12,8
ENSG00000142875,PRKACB,81.5,51.5,30,0.584,-0.8,5.3e-04,1.0e+00,0.0167,5,51,54,55,46,31,25,35,29
ENSG00000282958,HNRNPR,139.2,83.8,55.5,0.661,-0.6,5.4e-04,1.0e+00,0.0167,5,78,91,84,82,60,56,56,50
ENSG00000182197,EXT1,443.8,281,162.8,0.58,-0.8,5.5e-04,1.0e+00,0.017,5,255,311,242,316,185,136,192,138
ENSG00000182670,TTC3,596.2,361.5,234.8,0.649,-0.6,5.5e-04,1.0e+00,0.017,5,308,377,348,413,214,259,235,231
ENSG00000067798,NAV3,62.5,10.2,52.2,5.084,2.3,5.5e-04,1.0e+00,0.017,5,12,10,16,3,18,65,62,64
ENSG00000258947,TUBB3,42.8,30.5,12.2,0.406,-1.3,5.5e-04,1.0e+00,0.017,5,42,26,28,26,16,11,14,8
ENSG00000164105,SAP30,39.5,11.2,28.2,2.524,1.3,5.6e-04,1.0e+00,0.017,5,11,5,14,15,30,28,29,26
ENSG00000138615,CILP,69,16,53,3.316,1.7,5.6e-04,1.0e+00,0.017,5,16,22,8,18,43,63,29,77
ENSG00000174136,RGMB,243.2,162,81.2,0.503,-1,6.0e-04,1.0e+00,0.0183,6,189,187,148,124,95,78,97,55
ENSG00000142871,CCN1,429.5,99.5,330,3.318,1.7,6.2e-04,1.0e+00,0.0189,6,62,143,107,86,136,361,448,375
ENSG00000183801,OLFML1,115.2,76.8,38.5,0.504,-1,6.3e-04,1.0e+00,0.0189,6,79,79,60,89,36,39,27,52
ENSG00000197321,SVIL,788,469.2,318.8,0.68,-0.6,6.3e-04,1.0e+00,0.0189,6,447,528,458,444,321,300,302,352
ENSG00000164171,ITGA2,63.2,45.2,18,0.404,-1.3,6.3e-04,1.0e+00,0.0189,6,54,31,58,38,21,16,23,12
ENSG00000169218,RSPO1,58,15.5,42.5,2.711,1.4,6.5e-04,1.0e+00,0.0193,6,20,17,7,18,38,58,33,41
ENSG00000133943,DGLUCY,50.5,34.5,16,0.481,-1.1,6.5e-04,1.0e+00,0.0193,6,37,37,27,37,21,14,17,12
ENSG00000128311,TST,25.8,5.5,20.2,3.661,1.9,6.6e-04,1.0e+00,0.0196,6,10,4,2,6,15,27,17,22
ENSG00000126016,AMOT,25.8,20.8,5,0.248,-2,6.7e-04,1.0e+00,0.0199,6,26,15,23,19,7,1,9,3
ENSG00000102882,MAPK3,198.5,117.8,80.8,0.683,-0.5,6.8e-04,1.0e+00,0.0199,6,114,128,121,108,83,79,74,87
ENSG00000069535,MAOB,34.5,7.8,26.8,3.433,1.8,6.8e-04,1.0e+00,0.0199,6,13,5,5,8,15,33,24,35
ENSG00000108830,RND2,18.2,14.8,3.5,0.252,-2,6.8e-04,1.0e+00,0.0201,6,10,22,14,13,2,2,5,5
ENSG00000091527,CDV3,412.2,159,253.2,1.594,0.7,6.9e-04,1.0e+00,0.0202,6,135,188,158,155,216,289,266,242
ENSG00000168890,TMEM150A,43,13.2,29.8,2.218,1.1,7.0e-04,1.0e+00,0.0205,6,14,15,10,14,27,27,24,41
ENSG00000013293,SLC7A14,25.2,22,3.2,0.154,-2.7,7.2e-04,1.0e+00,0.021,7,14,16,26,32,0,7,1,5
ENSG00000105379,ETFB,61.2,39.8,21.5,0.545,-0.9,7.3e-04,1.0e+00,0.0211,7,40,46,33,40,27,20,19,20
ENSG00000126458,RRAS,163,64,99,1.557,0.6,7.3e-04,1.0e+00,0.0211,7,55,73,65,63,94,103,88,111
ENSG00000120690,ELF1,116.2,44.8,71.5,1.595,0.7,7.4e-04,1.0e+00,0.0214,7,52,46,38,43,65,66,77,78
ENSG00000147027,TMEM47,1051.8,335,716.8,2.141,1.1,7.4e-04,1.0e+00,0.0214,7,219,453,307,361,536,914,653,764
ENSG00000163378,EOGT,143.8,41.5,102.2,2.456,1.3,7.5e-04,1.0e+00,0.0214,7,39,40,55,32,91,96,158,64
ENSG00000118257,NRP2,170.2,56.5,113.8,2.014,1,7.5e-04,1.0e+00,0.0214,7,70,66,48,42,102,123,85,145
ENSG00000182718,ANXA2,2093.5,843,1250.5,1.484,0.6,7.6e-04,1.0e+00,0.0215,7,838,941,790,803,1308,1343,1099,1252
ENSG00000169756,LIMS1,141.8,85.8,56,0.653,-0.6,7.6e-04,1.0e+00,0.0215,7,86,76,93,88,64,54,56,50
ENSG00000197044,ZNF441,15,12,3,0.262,-1.9,7.7e-04,1.0e+00,0.0217,7,10,12,13,13,6,1,3,2
ENSG00000269825,ENSG00000269825,23,19.2,3.8,0.204,-2.3,7.8e-04,1.0e+00,0.0218,7,12,11,25,29,4,2,2,7
ENSG00000092621,PHGDH,102.2,74.8,27.5,0.37,-1.4,7.8e-04,1.0e+00,0.0218,7,77,99,41,82,27,37,15,31
ENSG00000167191,GPRC5B,236,53,183,3.435,1.8,7.8e-04,1.0e+00,0.0218,7,58,35,40,79,147,236,80,269
ENSG00000152601,MBNL1,510.8,183,327.8,1.788,0.8,7.9e-04,1.0e+00,0.022,7,164,189,154,225,301,332,257,421
ENSG00000117122,MFAP2,62.5,42,20.5,0.489,-1,7.9e-04,1.0e+00,0.022,7,31,47,37,53,20,18,18,26
ENSG00000110422,HIPK3,214.5,84.8,129.8,1.528,0.6,7.9e-04,1.0e+00,0.022,7,85,75,92,87,113,134,122,150
ENSG00000088888,MAVS,263,105.2,157.8,1.495,0.6,8.0e-04,1.0e+00,0.0221,7,118,104,90,109,149,159,147,176
ENSG00000010017,RANBP9,179.8,68.2,111.5,1.635,0.7,8.2e-04,1.0e+00,0.0225,7,62,68,83,60,107,113,95,131
ENSG00000198369,SPRED2,73.5,25.2,48.2,1.918,0.9,8.4e-04,1.0e+00,0.023,8,25,20,26,30,40,48,63,42
ENSG00000162458,FBLIM1,148.5,58.2,90.2,1.552,0.6,8.4e-04,1.0e+00,0.023,8,61,53,63,56,104,91,75,91
ENSG00000168542,COL3A1,5795,3667.5,2127.5,0.58,-0.8,8.4e-04,1.0e+00,0.023,8,4010,3752,2913,3995,2453,2241,1604,2212
ENSG00000181852,RNF41,110.8,43,67.8,1.575,0.7,8.4e-04,1.0e+00,0.023,8,40,49,38,45,58,72,73,68
ENSG00000168077,SCARA3,184.5,109.5,75,0.685,-0.5,8.5e-04,1.0e+00,0.023,8,119,103,119,97,73,75,77,75
ENSG00000179295,PTPN11,655.5,272,383.5,1.408,0.5,8.5e-04,1.0e+00,0.023,8,267,264,296,261,367,381,414,372
ENSG00000171132,PRKCE,35.2,24.5,10.8,0.45,-1.2,8.5e-04,1.0e+00,0.023,8,30,27,21,20,13,7,11,12
ENSG00000149257,SERPINH1,577.8,364.5,213.2,0.585,-0.8,8.8e-04,1.0e+00,0.0237,8,420,340,322,376,219,184,278,172
ENSG00000105643,ARRDC2,29.2,8.8,20.5,2.368,1.2,8.8e-04,1.0e+00,0.0237,8,8,8,9,10,25,26,15,16
ENSG00000135048,CEMIP2,73.8,23.2,50.5,2.177,1.1,8.9e-04,1.0e+00,0.0237,8,19,29,27,18,39,57,67,39
ENSG00000104936,DMPK,168.2,60.2,108,1.804,0.9,8.9e-04,1.0e+00,0.0237,8,51,60,68,62,73,128,113,118
ENSG00000284099,SQSTM1,430.2,315,115.2,0.367,-1.4,8.9e-04,1.0e+00,0.0237,8,278,174,413,395,179,82,89,111
ENSG00000074590,NUAK1,31.8,9,22.8,2.49,1.3,9.0e-04,1.0e+00,0.0238,8,13,9,6,8,23,25,27,16
ENSG00000147883,CDKN2B,40,31.8,8.2,0.265,-1.9,9.1e-04,1.0e+00,0.024,8,28,49,35,15,9,7,13,4
ENSG00000102760,RGCC,95.8,10,85.8,8.555,3.1,9.1e-04,1.0e+00,0.024,8,11,7,7,15,9,100,91,143
ENSG00000134871,COL4A2,374.5,130.5,244,1.869,0.9,9.1e-04,1.0e+00,0.024,8,137,118,164,103,247,190,324,215
ENSG00000131080,EDA2R,84,56.2,27.8,0.496,-1,9.2e-04,1.0e+00,0.024,8,60,62,61,42,35,18,30,28
ENSG00000124762,CDKN1A,676.8,458.2,218.5,0.477,-1.1,9.2e-04,1.0e+00,0.024,8,618,343,469,403,297,150,225,202
ENSG00000103647,CORO2B,40.8,29.2,11.5,0.403,-1.3,9.2e-04,1.0e+00,0.024,8,27,28,24,38,14,6,10,16
ENSG00000241553,ARPC4,165.2,64.2,101,1.57,0.7,9.3e-04,1.0e+00,0.024,8,67,58,56,76,114,90,102,98
ENSG00000172260,NEGR1,112.5,33.2,79.2,2.371,1.2,9.3e-04,1.0e+00,0.024,8,19,39,37,38,48,78,94,97
ENSG00000125503,PPP1R12C,211,81.5,129.5,1.587,0.7,9.4e-04,1.0e+00,0.0242,9,66,95,80,85,119,131,117,151
ENSG00000253276,CCDC71L,91.8,29.5,62.2,2.128,1.1,9.4e-04,1.0e+00,0.0242,9,35,23,27,33,55,61,44,89
ENSG00000164292,RHOBTB3,1270.8,417.5,853.2,2.045,1,9.4e-04,1.0e+00,0.0242,9,330,487,526,327,612,911,1128,762
ENSG00000131459,GFPT2,85.2,25.2,60,2.4,1.3,9.4e-04,1.0e+00,0.0242,9,25,25,27,24,84,58,30,68
ENSG00000075391,RASAL2,75.2,28.8,46.5,1.607,0.7,9.5e-04,1.0e+00,0.0243,9,29,29,33,24,46,47,46,47
ENSG00000198728,LDB1,216.8,130.8,86,0.658,-0.6,9.6e-04,1.0e+00,0.0244,9,122,138,138,125,78,103,75,88
ENSG00000035403,VCL,1440.2,520,920.2,1.77,0.8,9.8e-04,1.0e+00,0.025,9,481,611,393,595,779,970,797,1135
ENSG00000075624,ACTB,7434.8,2636.8,4798,1.82,0.9,1.0e-03,1.0e+00,0.0253,9,2488,3107,2355,2597,3686,5078,6402,4026
ENSG00000081377,CDC14B,200.2,67.8,132.5,1.955,1,1.0e-03,1.0e+00,0.0253,9,60,75,54,82,105,168,99,158
ENSG00000117868,ESYT2,423.2,168,255.2,1.52,0.6,1.0e-03,1.0e+00,0.0254,9,162,184,153,173,213,293,237,278
ENSG00000128923,MINDY2,124.2,43.8,80.5,1.828,0.9,1.0e-03,1.0e+00,0.0254,9,39,48,39,49,62,109,69,82
ENSG00000197381,ADARB1,169.5,28,141.5,5.061,2.3,1.0e-03,1.0e+00,0.0254,9,12,37,45,18,42,143,232,149
ENSG00000167460,TPM4,4256.2,1658.2,2598,1.567,0.6,1.0e-03,1.0e+00,0.0254,9,1515,1740,1710,1668,2656,2502,3127,2107
ENSG00000113140,SPARC,2624.2,1557,1067.2,0.686,-0.5,1.0e-03,1.0e+00,0.0254,9,1473,1541,1582,1632,1230,1066,973,1000
ENSG00000254470,AP5B1,39.8,14,25.8,1.817,0.9,1.0e-03,1.0e+00,0.0259,10,16,14,12,14,29,25,24,25
ENSG00000169744,LDB2,62.5,43.2,19.2,0.454,-1.1,1.0e-03,1.0e+00,0.0259,10,40,42,44,47,30,11,16,20
ENSG00000173918,C1QTNF1,92.2,28.2,64,2.255,1.2,1.1e-03,1.0e+00,0.0262,10,21,21,37,34,44,56,83,73
ENSG00000168610,STAT3,678.8,282.2,396.5,1.404,0.5,1.1e-03,1.0e+00,0.0263,10,294,274,286,275,418,358,381,429
ENSG00000170315,UBB,751.2,436.8,314.5,0.721,-0.5,1.1e-03,1.0e+00,0.0263,10,425,446,432,444,327,314,333,284
ENSG00000071127,WDR1,827,305.8,521.2,1.706,0.8,1.1e-03,1.0e+00,0.0263,10,331,326,288,278,478,504,701,402
ENSG00000112576,CCND3,54.2,19,35.2,1.849,0.9,1.1e-03,1.0e+00,0.0266,10,21,18,20,17,39,38,25,39
ENSG00000187720,THSD4,263.2,175.2,88,0.501,-1,1.1e-03,1.0e+00,0.0272,10,172,248,163,118,76,108,94,74
ENSG00000064115,TM7SF3,131,45.2,85.8,1.894,0.9,1.1e-03,1.0e+00,0.0272,10,60,44,44,33,79,105,66,93
ENSG00000164258,NDUFS4,55,35.2,19.8,0.566,-0.8,1.1e-03,1.0e+00,0.0273,10,41,31,29,40,18,21,19,21
ENSG00000110090,CPT1A,210.8,84,126.8,1.508,0.6,1.1e-03,1.0e+00,0.0275,10,77,79,94,86,129,112,117,149
ENSG00000166272,WBP1L,210.8,81,129.8,1.594,0.7,1.1e-03,1.0e+00,0.0275,10,70,93,87,74,122,154,107,136
ENSG00000130517,PGPEP1,108,64.8,43.2,0.666,-0.6,1.1e-03,1.0e+00,0.0275,10,68,58,62,71,41,48,42,42
ENSG00000168461,RAB31,330,119,211,1.769,0.8,1.1e-03,1.0e+00,0.0275,10,96,114,153,113,156,248,205,235
ENSG00000080546,SESN1,60.8,39.5,21.2,0.544,-0.9,1.2e-03,1.0e+00,0.0275,10,41,29,48,40,24,20,22,19
ENSG00000170624,SGCD,183.8,128.2,55.5,0.434,-1.2,1.2e-03,1.0e+00,0.0275,11,132,184,74,123,44,75,48,55
ENSG00000164761,TNFRSF11B,651.5,485.8,165.8,0.342,-1.5,1.2e-03,1.0e+00,0.0275,11,310,592,482,559,80,193,272,118
ENSG00000044090,CUL7,117.8,74,43.8,0.59,-0.8,1.2e-03,1.0e+00,0.0275,11,78,88,55,75,45,40,51,39
ENSG00000160360,GPSM1,164.2,102.2,62,0.605,-0.7,1.2e-03,1.0e+00,0.0279,11,123,95,80,111,66,51,68,63
ENSG00000100292,HMOX1,208.2,145,63.2,0.436,-1.2,1.2e-03,1.0e+00,0.0281,11,167,75,167,171,61,75,44,73
ENSG00000169504,CLIC4,1454.8,562.2,892.5,1.587,0.7,1.2e-03,1.0e+00,0.0284,11,596,581,468,604,730,1006,808,1026
ENSG00000128309,MPST,45.2,14.8,30.5,2.054,1,1.2e-03,1.0e+00,0.0287,11,18,9,17,15,26,30,28,38
ENSG00000196507,TCEAL3,84.2,26.8,57.5,2.135,1.1,1.2e-03,1.0e+00,0.0287,11,25,34,30,18,54,54,80,42
ENSG00000166341,DCHS1,170,103.5,66.5,0.641,-0.6,1.2e-03,1.0e+00,0.029,11,104,124,90,96,69,66,56,75
ENSG00000159884,CCDC107,44,15.2,28.8,1.898,0.9,1.3e-03,1.0e+00,0.0293,11,13,14,16,18,29,29,22,35
ENSG00000064666,CNN2,855.5,328.2,527.2,1.608,0.7,1.3e-03,1.0e+00,0.0295,12,275,366,345,327,435,559,649,466
ENSG00000093167,LRRFIP2,178,65.8,112.2,1.715,0.8,1.3e-03,1.0e+00,0.0295,12,61,72,63,67,106,150,83,110
ENSG00000107104,KANK1,111.8,37,74.8,2.01,1,1.3e-03,1.0e+00,0.0295,12,32,49,36,31,53,79,66,101
ENSG00000149212,SESN3,236.2,147.2,89,0.605,-0.7,1.3e-03,1.0e+00,0.0295,12,139,153,144,153,114,63,86,93
ENSG00000152332,UHMK1,253.8,101.5,152.2,1.496,0.6,1.3e-03,1.0e+00,0.0295,12,115,102,107,82,165,161,141,142
ENSG00000170873,MTSS1,146.2,29.5,116.8,3.973,2,1.3e-03,1.0e+00,0.0297,12,23,27,16,52,67,147,58,195
ENSG00000196535,MYO18A,192.2,113.8,78.5,0.688,-0.5,1.3e-03,1.0e+00,0.0299,12,115,121,101,118,75,80,70,89
ENSG00000061273,HDAC7,278,107.2,170.8,1.587,0.7,1.3e-03,1.0e+00,0.03,12,123,118,90,98,184,178,134,187
ENSG00000064309,CDON,36,25.8,10.2,0.4,-1.3,1.3e-03,1.0e+00,0.0302,12,28,25,18,32,6,16,9,10
ENSG00000132613,MTSS2,268,95,173,1.813,0.9,1.3e-03,1.0e+00,0.0302,12,90,83,104,103,127,152,244,169
ENSG00000128606,LRRC17,107,88,19,0.213,-2.2,1.3e-03,1.0e+00,0.0302,12,108,93,34,117,16,23,3,34
ENSG00000164237,CMBL,55.5,38,17.5,0.474,-1.1,1.3e-03,1.0e+00,0.0305,12,38,39,44,31,26,11,18,15
ENSG00000169908,TM4SF1,78.8,24.2,54.5,2.252,1.2,1.4e-03,1.0e+00,0.0305,12,23,25,28,21,63,74,29,52
ENSG00000109686,SH3D19,468.2,186,282.2,1.518,0.6,1.4e-03,1.0e+00,0.0305,12,185,163,216,180,293,252,251,333
ENSG00000070540,WIPI1,395.8,135,260.8,1.931,0.9,1.4e-03,1.0e+00,0.0309,13,138,110,203,89,273,251,264,255
ENSG00000109654,TRIM2,122.2,74.2,48,0.647,-0.6,1.4e-03,1.0e+00,0.0309,13,69,73,69,86,43,42,55,52
ENSG00000163820,FYCO1,336,201.5,134.5,0.669,-0.6,1.4e-03,1.0e+00,0.0315,13,222,183,182,219,133,131,116,158
ENSG00000137872,SEMA6D,21.2,15.8,5.5,0.356,-1.5,1.4e-03,1.0e+00,0.0319,13,20,17,10,16,3,7,6,6
ENSG00000131370,SH3BP5,122.5,76.5,46,0.603,-0.7,1.4e-03,1.0e+00,0.0319,13,78,73,65,90,59,41,41,43
ENSG00000154736,ADAMTS5,323.2,60.5,262.8,4.354,2.1,1.4e-03,1.0e+00,0.0321,13,18,119,72,33,215,381,147,308
ENSG00000138031,ADCY3,142.5,52.2,90.2,1.731,0.8,1.5e-03,1.0e+00,0.0324,13,50,38,56,65,70,99,92,100
ENSG00000143772,ITPKB,118,76.8,41.2,0.537,-0.9,1.5e-03,1.0e+00,0.0324,13,84,66,70,87,52,47,25,41
ENSG00000114450,GNB4,183.5,65.5,118,1.799,0.8,1.5e-03,1.0e+00,0.0327,14,83,58,48,73,124,118,89,141
ENSG00000129038,LOXL1,353,213.5,139.5,0.653,-0.6,1.5e-03,1.0e+00,0.0327,14,220,202,184,248,142,114,161,141
ENSG00000188042,ARL4C,108.2,71.5,36.8,0.515,-1,1.5e-03,1.0e+00,0.0327,14,73,78,66,69,26,43,52,26
ENSG00000135069,PSAT1,65.2,46.8,18.5,0.402,-1.3,1.5e-03,1.0e+00,0.033,14,48,65,35,39,22,27,16,9
ENSG00000197312,DDI2,55,18.5,36.5,1.989,1,1.5e-03,1.0e+00,0.033,14,14,25,18,17,35,37,27,47
ENSG00000070882,OSBPL3,92.5,62.5,30,0.483,-1,1.5e-03,1.0e+00,0.033,14,56,70,79,45,34,27,40,19
ENSG00000105855,ITGB8,144.5,87.8,56.8,0.646,-0.6,1.5e-03,1.0e+00,0.0331,14,105,76,90,80,66,55,51,55
ENSG00000157617,C2CD2,82.8,24.8,58,2.306,1.2,1.5e-03,1.0e+00,0.0332,14,22,17,28,32,35,55,57,85
ENSG00000104756,KCTD9,148.5,56.2,92.2,1.641,0.7,1.5e-03,1.0e+00,0.0333,14,56,52,62,55,74,77,113,105
ENSG00000196155,PLEKHG4,21.8,15.8,6,0.387,-1.4,1.5e-03,1.0e+00,0.0333,14,16,15,15,17,9,3,4,8
ENSG00000143891,GALM,47.8,33.2,14.5,0.44,-1.2,1.5e-03,1.0e+00,0.0333,14,38,24,27,44,14,18,9,17
ENSG00000186575,NF2,231.2,77.8,153.5,1.978,1,1.6e-03,1.0e+00,0.0333,14,63,108,64,76,126,195,112,181
ENSG00000158747,NBL1,1012.8,387.5,625.2,1.613,0.7,1.6e-03,1.0e+00,0.0333,14,467,375,379,329,709,656,471,665
ENSG00000168214,RBPJ,493.2,306.2,187,0.61,-0.7,1.6e-03,1.0e+00,0.0333,14,344,341,239,301,176,240,165,167
ENSG00000135272,MDFIC,114.8,44.5,70.2,1.571,0.7,1.6e-03,1.0e+00,0.0334,14,38,44,45,51,76,63,60,82
ENSG00000117143,UAP1,142,58,84,1.448,0.5,1.6e-03,1.0e+00,0.0334,14,54,54,60,64,74,89,90,83
ENSG00000163430,FSTL1,5795.5,2054.2,3741.2,1.821,0.9,1.6e-03,1.0e+00,0.0334,14,1757,2417,1739,2304,3935,3964,2491,4575
ENSG00000007392,LUC7L,56.8,36,20.8,0.574,-0.8,1.6e-03,1.0e+00,0.0334,14,38,35,41,30,22,19,17,25
ENSG00000128699,ORMDL1,153.2,58.2,95,1.633,0.7,1.6e-03,1.0e+00,0.0339,15,61,50,51,71,97,108,73,102
ENSG00000145390,USP53,704.8,129,575.8,4.466,2.2,1.6e-03,1.0e+00,0.0344,15,85,149,80,202,370,847,168,918
ENSG00000111801,BTN3A3,56,37.8,18.2,0.487,-1,1.6e-03,1.0e+00,0.0345,15,45,42,32,32,26,19,12,16
ENSG00000112773,TENT5A,43.2,30,13.2,0.446,-1.2,1.7e-03,1.0e+00,0.0348,15,38,34,28,20,9,12,17,15
ENSG00000165072,MAMDC2,64.5,10.5,54,5.216,2.4,1.7e-03,1.0e+00,0.0348,15,6,23,12,1,42,84,64,26
ENSG00000211455,STK38L,37.8,12.8,25,1.936,1,1.7e-03,1.0e+00,0.035,15,15,10,13,13,20,22,31,27
ENSG00000120800,UTP20,66.8,25,41.8,1.672,0.7,1.7e-03,1.0e+00,0.035,15,24,23,25,28,35,48,48,36
ENSG00000151690,MFSD6,79.8,26.5,53.2,2.004,1,1.7e-03,1.0e+00,0.0353,16,22,26,28,30,34,72,47,60
ENSG00000153207,AHCTF1,157.8,50,107.8,2.147,1.1,1.7e-03,1.0e+00,0.0353,16,44,50,60,46,77,156,69,129
ENSG00000137672,TRPC6,51.8,14.2,37.5,2.636,1.4,1.7e-03,1.0e+00,0.0357,16,9,15,14,19,21,33,58,38
ENSG00000173757,STAT5B,138,54.8,83.2,1.519,0.6,1.7e-03,1.0e+00,0.036,16,53,47,50,69,77,88,84,84
ENSG00000104687,GSR,99.5,33,66.5,2.021,1,1.7e-03,1.0e+00,0.036,16,33,27,48,24,83,74,51,58
ENSG00000135678,CPM,70.8,19.2,51.5,2.656,1.4,1.8e-03,1.0e+00,0.0366,16,24,17,15,21,25,59,80,42
ENSG00000224531,SMIM13,25,8.2,16.8,2.028,1,1.8e-03,1.0e+00,0.0366,16,10,7,8,8,14,20,15,18
ENSG00000168502,MTCL1,174.2,102,72.2,0.71,-0.5,1.8e-03,1.0e+00,0.0375,17,107,101,100,100,78,65,80,66
ENSG00000073792,IGF2BP2,209,82,127,1.541,0.6,1.8e-03,1.0e+00,0.0376,17,70,76,103,79,124,110,144,130
ENSG00000159023,EPB41,33.5,23.2,10.2,0.452,-1.1,1.9e-03,1.0e+00,0.0384,17,22,25,19,27,9,11,15,6
ENSG00000067369,TP53BP1,168.2,106,62.2,0.586,-0.8,1.9e-03,1.0e+00,0.0386,17,96,83,133,112,75,63,64,47
ENSG00000159423,ALDH4A1,40.5,13,27.5,2.091,1.1,1.9e-03,1.0e+00,0.0387,17,15,15,14,8,22,35,23,30
ENSG00000120837,NFYB,129.8,40,89.8,2.25,1.2,1.9e-03,1.0e+00,0.0389,18,31,58,30,41,80,132,57,90
ENSG00000198189,HSD17B11,124.2,48,76.2,1.591,0.7,1.9e-03,1.0e+00,0.0389,18,52,35,54,51,67,73,79,86
ENSG00000136235,GPNMB,2234.8,1304.8,930,0.713,-0.5,1.9e-03,1.0e+00,0.039,18,1432,1257,1316,1214,847,1024,962,887
ENSG00000099860,GADD45B,28,7.5,20.5,2.752,1.5,1.9e-03,1.0e+00,0.039,18,5,14,7,4,18,18,23,23
ENSG00000184575,XPOT,284.2,165.2,119,0.721,-0.5,2.0e-03,1.0e+00,0.039,18,161,157,172,171,123,131,120,102
ENSG00000120318,ARAP3,22.5,16.5,6,0.37,-1.4,2.0e-03,1.0e+00,0.039,18,14,15,11,26,5,7,7,5
ENSG00000197442,MAP3K5,131,47.5,83.5,1.758,0.8,2.0e-03,1.0e+00,0.039,18,39,50,61,40,73,105,90,66
ENSG00000169946,ZFPM2,44,28.5,15.5,0.556,-0.8,2.0e-03,1.0e+00,0.039,18,25,26,26,37,17,14,17,14
ENSG00000196305,IARS1,257.5,157.2,100.2,0.637,-0.6,2.0e-03,1.0e+00,0.039,18,153,186,138,152,85,120,112,84
ENSG00000150593,PDCD4,239.5,140.5,99,0.705,-0.5,2.0e-03,1.0e+00,0.039,18,151,145,129,137,87,107,92,110
ENSG00000156239,HEMK2,18,12.8,5.2,0.417,-1.3,2.0e-03,1.0e+00,0.039,18,14,16,11,10,6,5,6,4
ENSG00000109861,CTSC,368.5,122,246.5,2.017,1,2.0e-03,1.0e+00,0.039,18,76,158,145,109,165,249,279,293
ENSG00000155511,GRIA1,237.2,81,156.2,1.924,0.9,2.0e-03,1.0e+00,0.0391,18,73,119,49,83,134,174,147,170
ENSG00000121879,PIK3CA,92,36.5,55.5,1.521,0.6,2.0e-03,1.0e+00,0.0391,18,37,33,38,38,50,63,49,60
ENSG00000149256,TENM4,58.2,43,15.2,0.368,-1.4,2.0e-03,1.0e+00,0.0393,18,54,29,26,63,18,10,12,21
ENSG00000182809,CRIP2,68.5,24.8,43.8,1.791,0.8,2.0e-03,1.0e+00,0.0395,18,29,21,19,30,43,45,35,52
ENSG00000140450,ARRDC4,116.5,71.8,44.8,0.622,-0.7,2.0e-03,1.0e+00,0.0399,19,63,73,58,93,48,42,44,45
ENSG00000130513,GDF15,40.2,32,8.2,0.26,-1.9,2.0e-03,1.0e+00,0.04,19,40,18,36,34,17,2,11,3
ENSG00000143322,ABL2,103.2,40.8,62.5,1.522,0.6,2.1e-03,1.0e+00,0.04,19,44,40,36,43,52,66,60,72
ENSG00000153721,CNKSR3,43.5,28,15.5,0.566,-0.8,2.1e-03,1.0e+00,0.0401,19,23,34,27,28,14,14,18,16
ENSG00000188706,ZDHHC9,137.5,54,83.5,1.547,0.6,2.1e-03,1.0e+00,0.0403,19,47,60,49,60,85,80,69,100
ENSG00000183044,ABAT,47,16,31,1.95,1,2.1e-03,1.0e+00,0.0405,19,10,17,18,19,33,35,24,32
ENSG00000221866,PLXNA4,70.2,6.5,63.8,9.749,3.3,2.1e-03,1.0e+00,0.0405,19,8,3,13,2,26,26,170,33
ENSG00000166260,COX11,70.5,21.2,49.2,2.336,1.2,2.1e-03,1.0e+00,0.0405,19,30,22,22,11,54,55,29,59
ENSG00000288299,LDHA,1186,413,773,1.871,0.9,2.1e-03,1.0e+00,0.0405,19,497,436,395,324,656,660,1156,620
ENSG00000126803,HSPA2,40.5,5.2,35.2,6.629,2.7,2.1e-03,1.0e+00,0.0405,19,4,7,9,1,14,28,79,20
ENSG00000288368,C1GALT1C1,41.5,14.2,27.2,1.939,1,2.1e-03,1.0e+00,0.0407,19,13,20,13,11,30,32,26,21
ENSG00000107796,ACTA2,467.2,148,319.2,2.157,1.1,2.1e-03,1.0e+00,0.0407,19,130,191,139,132,208,463,393,213
ENSG00000154727,GABPA,82.2,50,32.2,0.643,-0.6,2.2e-03,1.0e+00,0.0412,20,55,48,48,49,27,32,40,30
ENSG00000196850,PPTC7,51.2,16,35.2,2.192,1.1,2.2e-03,1.0e+00,0.0416,20,16,10,24,14,37,37,23,44
ENSG00000169047,IRS1,300.8,111,189.8,1.701,0.8,2.2e-03,1.0e+00,0.0418,20,113,90,151,90,201,151,221,186
ENSG00000086062,B4GALT1,282,170.2,111.8,0.656,-0.6,2.2e-03,1.0e+00,0.042,20,159,205,179,138,116,109,95,127
ENSG00000125676,THOC2,168,59.5,108.5,1.818,0.9,2.2e-03,1.0e+00,0.042,20,55,55,56,72,100,156,77,101
ENSG00000129128,SPCS3,313.5,122.5,191,1.558,0.6,2.3e-03,1.0e+00,0.0432,21,111,124,124,131,135,199,208,222
ENSG00000082146,STRADB,86.8,32.5,54.2,1.667,0.7,2.3e-03,1.0e+00,0.0435,21,32,34,38,26,42,64,59,52
ENSG00000203727,SAMD5,33,22.2,10.8,0.495,-1,2.3e-03,1.0e+00,0.0436,21,22,24,17,26,14,10,12,7
ENSG00000107968,MAP3K8,44.2,14.5,29.8,2.037,1,2.4e-03,1.0e+00,0.0441,22,15,15,18,10,21,39,26,33
ENSG00000163431,LMOD1,541.8,174.2,367.5,2.11,1.1,2.4e-03,1.0e+00,0.0441,22,108,233,132,224,269,484,339,378
ENSG00000165915,SLC39A13,249.2,99.5,149.8,1.504,0.6,2.4e-03,1.0e+00,0.0442,22,94,120,87,97,136,128,173,162
ENSG00000087086,FTL,15986,9864,6122,0.621,-0.7,2.4e-03,1.0e+00,0.0443,22,9977,8816,12560,8103,6520,5903,6901,5164
ENSG00000125868,DSTN,1350.2,493,857.2,1.739,0.8,2.4e-03,1.0e+00,0.0444,22,389,621,471,491,633,1125,898,773
ENSG00000115091,ACTR3,308.8,129,179.8,1.391,0.5,2.4e-03,1.0e+00,0.045,22,147,120,128,121,169,169,203,178
ENSG00000129116,PALLD,1892.5,692.2,1200.2,1.734,0.8,2.4e-03,1.0e+00,0.0451,22,553,841,705,670,797,1423,1369,1212
ENSG00000122863,CHST3,97.2,34.2,63,1.827,0.9,2.4e-03,1.0e+00,0.0451,22,33,38,29,37,44,82,51,75
ENSG00000175197,DDIT3,53.2,37,16.2,0.452,-1.1,2.5e-03,1.0e+00,0.0457,23,33,40,31,44,22,9,23,11
ENSG00000182704,TSKU,81.5,28.5,53,1.868,0.9,2.5e-03,1.0e+00,0.0457,23,32,18,27,37,58,38,59,57
ENSG00000101608,MYL12A,436.2,154.2,282,1.829,0.9,2.5e-03,1.0e+00,0.0457,23,112,194,156,155,200,312,372,244
ENSG00000164039,BDH2,112.8,68,44.8,0.661,-0.6,2.5e-03,1.0e+00,0.0457,23,59,65,79,69,54,41,41,43
ENSG00000137076,TLN1,1658,683.8,974.2,1.425,0.5,2.5e-03,1.0e+00,0.0457,23,637,723,714,661,867,881,1153,996
ENSG00000095380,NANS,47,17.2,29.8,1.737,0.8,2.5e-03,1.0e+00,0.0458,23,15,23,16,15,27,30,34,28
ENSG00000141574,SECTM1,58.2,38,20.2,0.534,-0.9,2.5e-03,1.0e+00,0.0463,23,39,37,27,49,21,16,19,25
ENSG00000163171,CDC42EP3,119.5,34.5,85,2.448,1.3,2.5e-03,1.0e+00,0.0463,23,19,50,34,35,53,131,68,88
ENSG00000165801,ARHGEF40,177.2,116.8,60.5,0.52,-0.9,2.6e-03,1.0e+00,0.0465,23,113,106,128,120,76,32,80,54
ENSG00000158301,GPRASP2,30.5,20,10.5,0.538,-0.9,2.6e-03,1.0e+00,0.0465,23,16,21,18,25,11,9,11,11
ENSG00000172985,SH3RF3,69.8,23.2,46.5,1.986,1,2.6e-03,1.0e+00,0.0465,24,20,22,33,18,35,59,54,38
ENSG00000117461,PIK3R3,18,14.5,3.5,0.257,-2,2.6e-03,1.0e+00,0.0465,24,11,20,17,10,2,8,1,3
ENSG00000138829,FBN2,1330.8,262.5,1068.2,4.069,2,2.6e-03,1.0e+00,0.0465,24,271,179,444,156,791,435,2304,743
ENSG00000104695,PPP2CB,151,59.5,91.5,1.547,0.6,2.6e-03,1.0e+00,0.047,24,57,68,52,61,93,105,69,99
ENSG00000116001,TIA1,101.5,61.2,40.2,0.665,-0.6,2.6e-03,1.0e+00,0.0471,24,62,58,68,57,41,41,32,47
ENSG00000135926,TMBIM1,449.2,181.2,268,1.479,0.6,2.6e-03,1.0e+00,0.0471,24,194,154,171,206,251,292,224,305
ENSG00000174738,NR1D2,93,58.2,34.8,0.595,-0.7,2.6e-03,1.0e+00,0.0472,24,64,54,63,52,31,49,29,30
ENSG00000189241,TSPYL1,166.8,96.8,70,0.723,-0.5,2.7e-03,1.0e+00,0.0473,24,98,101,91,97,69,80,69,62
ENSG00000106992,AK1,92.5,58.2,34.2,0.591,-0.8,2.7e-03,1.0e+00,0.048,25,70,58,58,47,43,37,31,26
ENSG00000164920,OSR2,386,241.2,144.8,0.6,-0.7,2.7e-03,1.0e+00,0.0484,25,254,202,245,264,201,113,117,148
ENSG00000068305,MEF2A,153.5,61,92.5,1.523,0.6,2.8e-03,1.0e+00,0.0491,25,51,66,63,64,74,86,107,103
ENSG00000130227,XPO7,142.8,83.8,59,0.704,-0.5,2.8e-03,1.0e+00,0.0491,25,78,87,88,82,60,49,63,64
ENSG00000148926,ADM,1445.8,570.5,875.2,1.535,0.6,2.8e-03,1.0e+00,0.0491,25,550,679,418,635,783,917,896,905
ENSG00000142002,DPP9,134.2,54.2,80,1.478,0.6,2.8e-03,1.0e+00,0.0492,26,51,52,60,54,88,73,93,66
ENSG00000174099,MSRB3,270.2,107.8,162.5,1.506,0.6,2.8e-03,1.0e+00,0.0495,26,90,132,106,103,133,169,185,163
ENSG00000177706,FAM20C,149.8,52.8,97,1.835,0.9,2.8e-03,1.0e+00,0.0495,26,43,50,48,70,65,91,131,101
ENSG00000136997,MYC,61.8,22.2,39.5,1.759,0.8,2.8e-03,1.0e+00,0.0495,26,28,17,27,17,40,35,38,45
ENSG00000091317,CMTM6,181.2,72.5,108.8,1.499,0.6,2.8e-03,1.0e+00,0.0495,26,64,76,76,74,83,126,117,109
ENSG00000151779,NBAS,132.5,81.5,51,0.624,-0.7,2.8e-03,1.0e+00,0.0497,26,97,76,62,91,41,57,54,52
ENSG00000100592,DAAM1,59.8,40.2,19.5,0.49,-1,2.9e-03,1.0e+00,0.0497,26,25,55,36,45,19,18,25,16
ENSG00000171793,CTPS1,60.2,18,42.2,2.35,1.2,2.9e-03,1.0e+00,0.0497,26,23,16,21,12,56,37,22,54
ENSG00000150938,CRIM1,974.2,323.2,651,2.014,1,2.9e-03,1.0e+00,0.0497,26,257,458,245,333,386,815,677,726
ENSG00000049656,CLPTM1L,74.2,25,49.2,1.971,1,2.9e-03,1.0e+00,0.0502,26,30,15,27,28,51,57,31,58
ENSG00000114735,HEMK1,46.5,29.8,16.8,0.576,-0.8,2.9e-03,1.0e+00,0.0504,27,35,25,24,35,18,17,16,16
ENSG00000176971,FIBIN,218.2,68.5,149.8,2.191,1.1,2.9e-03,1.0e+00,0.0506,27,66,104,46,58,129,185,90,195
ENSG00000063660,GPC1,378.5,226,152.5,0.675,-0.6,3.0e-03,1.0e+00,0.051,27,259,246,182,217,133,168,170,139
ENSG00000106211,HSPB1,691.2,290,401.2,1.384,0.5,3.0e-03,1.0e+00,0.0511,27,303,326,270,261,440,404,358,403
ENSG00000108861,DUSP3,186.8,76.5,110.2,1.441,0.5,3.0e-03,1.0e+00,0.0512,27,84,69,77,76,121,90,124,106
ENSG00000152990,ADGRA3,57.5,37.5,20,0.548,-0.9,3.0e-03,1.0e+00,0.0513,27,36,31,44,39,27,13,21,19
ENSG00000119514,GALNT12,32,23.2,8.8,0.387,-1.4,3.0e-03,1.0e+00,0.0513,27,30,32,12,19,11,10,6,8
ENSG00000110900,TSPAN11,20.5,15,5.5,0.373,-1.4,3.0e-03,1.0e+00,0.0513,27,19,11,20,10,8,5,6,3
ENSG00000101955,SRPX,370,132.8,237.2,1.788,0.8,3.0e-03,1.0e+00,0.0513,28,113,99,150,169,265,171,212,301
ENSG00000103353,UBFD1,163.8,95.5,68.2,0.714,-0.5,3.0e-03,1.0e+00,0.0513,28,107,94,92,89,75,63,74,61
ENSG00000156931,VPS8,65.2,41.5,23.8,0.572,-0.8,3.0e-03,1.0e+00,0.0514,28,42,49,41,34,20,23,19,33
ENSG00000182473,EXOC7,300,175.5,124.5,0.71,-0.5,3.0e-03,1.0e+00,0.0514,28,177,189,179,157,119,121,149,109
ENSG00000196159,FAT4,263.5,109.5,154,1.404,0.5,3.0e-03,1.0e+00,0.0514,28,90,119,114,115,155,139,170,152
ENSG00000151612,ZNF827,46.8,29.8,17,0.572,-0.8,3.1e-03,1.0e+00,0.0517,28,27,25,38,29,15,17,20,16
ENSG00000185551,NR2F2,273,105,168,1.599,0.7,3.1e-03,1.0e+00,0.0519,28,105,104,122,89,139,204,131,198
ENSG00000100234,TIMP3,4357.2,2703.2,1654,0.612,-0.7,3.1e-03,1.0e+00,0.0519,28,2341,3029,2625,2818,1595,2127,1158,1736
ENSG00000100320,RBFOX2,446,254.8,191.2,0.751,-0.4,3.1e-03,1.0e+00,0.0522,28,263,238,261,257,205,199,189,172
ENSG00000178764,ZHX2,73.8,46.2,27.5,0.596,-0.7,3.1e-03,1.0e+00,0.0522,29,42,43,46,54,27,26,20,37
ENSG00000166912,MTMR10,52.2,19,33.2,1.748,0.8,3.1e-03,1.0e+00,0.0523,29,19,13,22,22,30,41,32,30
ENSG00000134531,EMP1,473.5,178.8,294.8,1.649,0.7,3.2e-03,1.0e+00,0.0526,29,167,209,132,207,218,301,309,351
ENSG00000171492,LRRC8D,42,27.8,14.2,0.517,-1,3.2e-03,1.0e+00,0.0526,29,32,32,18,29,12,17,12,16
ENSG00000206560,ANKRD28,433.5,172.8,260.8,1.511,0.6,3.2e-03,1.0e+00,0.0531,29,156,184,152,199,217,299,225,302
ENSG00000198960,ARMCX6,54.2,34.5,19.8,0.571,-0.8,3.2e-03,1.0e+00,0.0533,29,42,28,34,34,18,16,25,20
ENSG00000177469,CAVIN1,1669,663.8,1005.2,1.515,0.6,3.2e-03,1.0e+00,0.0533,29,612,788,514,741,855,1069,1031,1066
ENSG00000147459,DOCK5,95.2,33,62.2,1.878,0.9,3.3e-03,1.0e+00,0.0541,30,37,45,29,21,49,80,62,58
ENSG00000116649,SRM,102.2,38.2,64,1.66,0.7,3.3e-03,1.0e+00,0.0541,30,41,42,40,30,54,83,52,67
ENSG00000198121,LPAR1,574.8,236.2,338.5,1.431,0.5,3.3e-03,1.0e+00,0.0546,30,222,212,293,218,345,314,321,374
ENSG00000065526,SPEN,122,48.2,73.8,1.524,0.6,3.3e-03,1.0e+00,0.0546,30,52,50,44,47,85,66,58,86
ENSG00000114698,PLSCR4,188.5,77.8,110.8,1.42,0.5,3.3e-03,1.0e+00,0.0546,30,77,87,73,74,91,116,112,124
ENSG00000074219,TEAD2,50.5,35.5,15,0.429,-1.2,3.3e-03,1.0e+00,0.0546,30,26,29,50,37,17,7,22,14
ENSG00000137962,ARHGAP29,379,124.2,254.8,2.047,1,3.3e-03,1.0e+00,0.0547,31,93,159,94,151,171,265,204,379
ENSG00000099622,CIRBP,234,136.8,97.2,0.71,-0.5,3.3e-03,1.0e+00,0.0547,31,130,133,133,151,91,86,95,117
ENSG00000122641,INHBA,77.5,22,55.5,2.513,1.3,3.4e-03,1.0e+00,0.0547,31,16,29,28,15,33,45,94,50
ENSG00000186063,AIDA,326.2,136,190.2,1.399,0.5,3.4e-03,1.0e+00,0.0549,31,144,125,117,158,184,189,178,210
ENSG00000183963,SMTN,125,81.8,43.2,0.529,-0.9,3.4e-03,1.0e+00,0.0549,31,108,90,58,71,48,27,53,45
ENSG00000130635,COL5A1,803.2,483.5,319.8,0.662,-0.6,3.4e-03,1.0e+00,0.0549,31,565,503,367,499,372,279,293,335
ENSG00000132155,RAF1,254.5,91.5,163,1.781,0.8,3.4e-03,1.0e+00,0.055,31,95,105,70,96,188,173,97,194
ENSG00000187079,TEAD1,711.8,272.2,439.5,1.613,0.7,3.4e-03,1.0e+00,0.055,31,241,313,308,227,334,405,569,450
ENSG00000116016,EPAS1,1846.5,1129.2,717.2,0.635,-0.7,3.4e-03,1.0e+00,0.0551,31,1113,1016,1253,1135,573,662,982,652
ENSG00000058272,PPP1R12A,148.8,63.2,85.5,1.353,0.4,3.4e-03,1.0e+00,0.0551,31,66,59,67,61,80,84,91,87
ENSG00000147649,MTDH,328,133.8,194.2,1.452,0.5,3.4e-03,1.0e+00,0.0551,31,139,120,123,153,164,225,176,212
ENSG00000162383,SLC1A7,25.5,18,7.5,0.428,-1.2,3.5e-03,1.0e+00,0.0554,32,15,25,15,17,11,6,4,9
ENSG00000155324,GRAMD2B,54.2,15.5,38.8,2.547,1.3,3.5e-03,1.0e+00,0.0562,32,13,25,9,15,19,39,45,52
ENSG00000164070,HSPA4L,54.8,38,16.8,0.453,-1.1,3.5e-03,1.0e+00,0.0563,32,57,26,36,33,23,12,20,12
ENSG00000284850,DCP1B,38.5,25,13.5,0.543,-0.9,3.6e-03,1.0e+00,0.0568,33,23,18,32,27,12,12,14,16
ENSG00000244274,DBNDD2,29.5,9.2,20.2,2.209,1.1,3.6e-03,1.0e+00,0.0577,33,5,13,8,11,24,22,15,20
ENSG00000185222,TCEAL9,231.2,92.2,139,1.5,0.6,3.7e-03,1.0e+00,0.0588,34,89,88,116,76,115,151,155,135
ENSG00000166333,ILK,297,127.2,169.8,1.336,0.4,3.7e-03,1.0e+00,0.059,34,121,139,128,121,170,180,179,150
ENSG00000121691,CAT,175.5,61.8,113.8,1.845,0.9,3.7e-03,1.0e+00,0.059,34,69,60,54,64,150,88,72,145
ENSG00000169764,UGP2,267.2,97.8,169.5,1.733,0.8,3.7e-03,1.0e+00,0.0591,34,84,115,80,112,197,190,105,186
ENSG00000153904,DDAH1,251.2,73.8,177.5,2.407,1.3,3.7e-03,1.0e+00,0.0592,34,65,106,77,47,79,240,222,169
ENSG00000147224,PRPS1,61,37.5,23.5,0.625,-0.7,3.8e-03,1.0e+00,0.0594,34,40,40,30,40,24,19,23,28
ENSG00000159212,CLIC6,69.2,24.5,44.8,1.841,0.9,3.8e-03,1.0e+00,0.0594,34,27,25,18,28,42,57,29,51
ENSG00000042286,AIFM2,49.8,18.2,31.5,1.718,0.8,3.8e-03,1.0e+00,0.0599,35,19,13,21,20,34,24,32,36
ENSG00000172939,OXSR1,100.8,42,58.8,1.396,0.5,3.8e-03,1.0e+00,0.0602,35,41,46,40,41,56,58,66,55
ENSG00000162493,PDPN,88,19.5,68.5,3.509,1.8,3.9e-03,1.0e+00,0.0604,35,35,18,9,16,120,65,23,66
ENSG00000099204,ABLIM1,72,26.2,45.8,1.752,0.8,3.9e-03,1.0e+00,0.0605,35,25,37,20,23,42,52,37,52
ENSG00000139436,GIT2,217.2,86.8,130.5,1.501,0.6,3.9e-03,1.0e+00,0.0607,36,73,103,89,82,101,151,130,140
ENSG00000138802,SEC24B,100,42,58,1.379,0.5,3.9e-03,1.0e+00,0.0607,36,42,42,45,39,58,61,54,59
ENSG00000090020,SLC9A1,102.2,60.2,42,0.7,-0.5,3.9e-03,1.0e+00,0.0607,36,55,60,60,66,39,39,50,40
ENSG00000072163,LIMS2,52,15,37,2.51,1.3,3.9e-03,1.0e+00,0.0607,36,8,25,12,15,19,43,43,43
ENSG00000164930,FZD6,118.5,39,79.5,2.036,1,3.9e-03,1.0e+00,0.0607,36,23,35,53,45,50,96,97,75
ENSG00000186635,ARAP1,196.2,112.2,84,0.748,-0.4,3.9e-03,1.0e+00,0.0607,36,114,111,119,105,91,78,88,79
ENSG00000088826,SMOX,24.2,16.8,7.5,0.454,-1.1,3.9e-03,1.0e+00,0.0607,36,21,15,10,21,8,6,8,8
ENSG00000164291,ARSK,44.8,16.8,28,1.674,0.7,3.9e-03,1.0e+00,0.0607,36,18,15,20,14,32,28,30,22
ENSG00000149591,TAGLN,1204.8,347.8,857,2.464,1.3,3.9e-03,1.0e+00,0.0607,36,190,493,315,393,434,1102,1207,685
ENSG00000181072,CHRM2,246.8,158.8,88,0.556,-0.8,4.0e-03,1.0e+00,0.0607,36,190,135,119,191,106,59,77,110
ENSG00000123610,TNFAIP6,30.8,25.8,5,0.198,-2.3,4.0e-03,1.0e+00,0.0608,36,14,13,53,23,11,1,6,2
ENSG00000123416,TUBA1B,697.2,452,245.2,0.543,-0.9,4.0e-03,1.0e+00,0.0608,36,583,501,348,376,265,212,340,164
ENSG00000117448,AKR1A1,73.8,44.5,29.2,0.659,-0.6,4.0e-03,1.0e+00,0.0608,36,48,40,42,48,29,31,23,34
ENSG00000187189,TSPYL4,38.2,26.2,12,0.478,-1.1,4.0e-03,1.0e+00,0.0608,36,32,20,22,31,18,12,8,10
ENSG00000112319,EYA4,56.8,38.5,18.2,0.488,-1,4.0e-03,1.0e+00,0.0608,37,35,28,48,43,22,11,26,14
ENSG00000085117,CD82,193.2,61,132.2,2.171,1.1,4.0e-03,1.0e+00,0.0609,37,55,61,85,43,185,91,171,82
ENSG00000134508,CABLES1,111.5,40.5,71,1.76,0.8,4.0e-03,1.0e+00,0.0614,37,37,30,42,53,57,62,67,98
ENSG00000185650,ZFP36L1,346.5,217.8,128.8,0.592,-0.8,4.1e-03,1.0e+00,0.0623,38,190,169,318,194,133,103,147,132
ENSG00000100154,TTC28,170.8,103.8,67,0.645,-0.6,4.1e-03,1.0e+00,0.0623,38,101,87,114,113,83,53,76,56
ENSG00000058262,SEC61A1,884.8,505,379.8,0.753,-0.4,4.1e-03,1.0e+00,0.0623,38,509,557,464,490,369,382,413,355
ENSG00000102531,FNDC3A,196.2,114,82.2,0.72,-0.5,4.1e-03,1.0e+00,0.0625,38,117,113,121,105,79,77,99,74
ENSG00000137124,ALDH1B1,52.5,15.8,36.8,2.385,1.3,4.2e-03,1.0e+00,0.0625,38,11,20,12,20,36,44,50,17
ENSG00000171469,ZNF561,47.5,30,17.5,0.588,-0.8,4.2e-03,1.0e+00,0.0625,38,27,37,27,29,17,21,13,19
ENSG00000166398,GARRE1,76.8,29.2,47.5,1.63,0.7,4.2e-03,1.0e+00,0.0625,38,29,33,26,29,37,58,40,55
ENSG00000088756,ARHGAP28,63,49.8,13.2,0.273,-1.9,4.2e-03,1.0e+00,0.0633,39,89,36,35,39,29,13,4,7
ENSG00000143493,INTS7,29.8,20.2,9.5,0.476,-1.1,4.2e-03,1.0e+00,0.0633,39,24,15,25,17,15,7,8,8
ENSG00000147274,RBMX,260.5,151.8,108.8,0.717,-0.5,4.2e-03,1.0e+00,0.0633,39,155,153,144,155,121,122,86,106
ENSG00000101871,MID1,232.8,140,92.8,0.66,-0.6,4.3e-03,1.0e+00,0.0634,39,121,162,151,126,84,84,121,82
ENSG00000198917,SPOUT1,29.5,10,19.5,1.975,1,4.3e-03,1.0e+00,0.0641,39,13,9,8,10,25,21,13,19
ENSG00000181826,RELL1,36,12,24,1.972,1,4.3e-03,1.0e+00,0.0641,39,14,9,8,17,19,28,22,27
ENSG00000158292,GPR153,55.5,38,17.5,0.457,-1.1,4.3e-03,1.0e+00,0.0641,39,45,29,26,52,13,19,12,26
ENSG00000174804,FZD4,143,51.5,91.5,1.783,0.8,4.3e-03,1.0e+00,0.0641,40,37,65,44,60,77,98,69,122
ENSG00000100266,PACSIN2,81,30.8,50.2,1.631,0.7,4.4e-03,1.0e+00,0.0644,40,30,37,29,27,55,57,54,35
ENSG00000100354,TNRC6B,79.2,46.8,32.5,0.696,-0.5,4.4e-03,1.0e+00,0.0645,40,40,47,47,53,34,31,31,34
ENSG00000183723,CMTM4,38.2,13.2,25,1.914,0.9,4.4e-03,1.0e+00,0.0645,40,10,16,13,14,20,24,35,21
ENSG00000144746,ARL6IP5,471,198,273,1.379,0.5,4.4e-03,1.0e+00,0.0645,40,211,198,197,186,241,329,248,274
ENSG00000177595,PIDD1,45.2,30.5,14.8,0.499,-1,4.4e-03,1.0e+00,0.0645,40,35,28,31,28,19,8,21,11
ENSG00000021355,SERPINB1,54.8,20.5,34.2,1.689,0.8,4.4e-03,1.0e+00,0.0647,40,25,21,23,13,34,37,33,33
ENSG00000178425,NT5DC1,50.5,31.8,18.8,0.591,-0.8,4.4e-03,1.0e+00,0.0647,40,32,37,30,28,16,23,22,14
ENSG00000083290,ULK2,134.2,42.8,91.5,2.146,1.1,4.4e-03,1.0e+00,0.0647,40,23,59,35,54,72,103,64,127
ENSG00000213626,LBH,1102.8,302,800.8,2.651,1.4,4.4e-03,1.0e+00,0.0647,40,265,576,125,242,685,1110,673,735
ENSG00000198363,ASPH,1154.8,656.5,498.2,0.759,-0.4,4.4e-03,1.0e+00,0.0647,41,618,643,720,645,463,491,506,533
ENSG00000100360,IFT27,53.5,32.5,21,0.655,-0.6,4.5e-03,1.0e+00,0.0649,41,30,36,30,34,22,24,20,18
ENSG00000167468,GPX4,489.2,286.5,202.8,0.708,-0.5,4.5e-03,1.0e+00,0.0649,41,254,293,327,272,241,175,207,188
ENSG00000168556,ING2,33,10,23,2.302,1.2,4.5e-03,1.0e+00,0.065,41,8,9,7,16,24,22,14,32
ENSG00000242265,PEG10,44.5,30,14.5,0.491,-1,4.5e-03,1.0e+00,0.065,41,28,21,39,32,15,8,19,16
ENSG00000079432,CIC,175.8,105.8,70,0.66,-0.6,4.5e-03,1.0e+00,0.0654,41,129,84,101,109,68,56,80,76
ENSG00000184009,ACTG1,4983.5,2008,2975.5,1.482,0.6,4.5e-03,1.0e+00,0.0655,41,1935,2276,1606,2215,2432,3361,3121,2988
ENSG00000142634,EFHD2,49.5,18.8,30.8,1.63,0.7,4.5e-03,1.0e+00,0.0656,42,17,17,19,22,36,24,29,34
ENSG00000100014,SPECC1L,197,82.5,114.5,1.388,0.5,4.6e-03,1.0e+00,0.0657,42,77,86,93,74,100,131,112,115
ENSG00000185504,FAAP100,43.2,28,15.2,0.566,-0.8,4.6e-03,1.0e+00,0.0659,42,34,28,20,30,19,13,14,15
ENSG00000116679,IVNS1ABP,61.5,38.8,22.8,0.582,-0.8,4.6e-03,1.0e+00,0.0661,42,33,50,38,34,18,20,28,25
ENSG00000104142,VPS18,73.8,28,45.8,1.651,0.7,4.6e-03,1.0e+00,0.0664,42,32,31,19,30,56,42,42,43
ENSG00000165633,VSTM4,186.2,71.5,114.8,1.607,0.7,4.6e-03,1.0e+00,0.0665,43,51,82,60,93,110,130,102,117
ENSG00000138185,ENTPD1,150.5,88.5,62,0.703,-0.5,4.7e-03,1.0e+00,0.0666,43,84,98,77,95,73,63,56,56
ENSG00000154654,NCAM2,111.8,71.2,40.5,0.57,-0.8,4.7e-03,1.0e+00,0.0669,43,76,89,52,68,35,56,29,42
ENSG00000100106,TRIOBP,448,265.8,182.2,0.685,-0.5,4.7e-03,1.0e+00,0.067,43,285,241,272,265,233,145,184,167
ENSG00000175130,MARCKSL1,56.2,39,17.2,0.451,-1.1,4.7e-03,1.0e+00,0.067,43,36,26,63,31,22,21,12,14
ENSG00000196230,TUBB,982,679.2,302.8,0.446,-1.2,4.8e-03,1.0e+00,0.0678,44,967,674,664,412,398,244,411,158
ENSG00000118762,PKD2,324.8,114.8,210,1.828,0.9,4.8e-03,1.0e+00,0.0678,44,91,155,109,104,136,248,175,281
ENSG00000163931,TKT,440.2,277.8,162.5,0.586,-0.8,4.8e-03,1.0e+00,0.0679,44,377,219,275,240,226,132,146,146
ENSG00000178252,WDR6,245.8,141.2,104.5,0.742,-0.4,4.8e-03,1.0e+00,0.0679,44,146,135,132,152,121,96,105,96
ENSG00000068383,INPP5A,129.8,38.8,91,2.349,1.2,4.8e-03,1.0e+00,0.0682,44,33,51,24,47,54,114,59,137
ENSG00000148730,EIF4EBP2,281.5,107.8,173.8,1.608,0.7,4.9e-03,1.0e+00,0.0682,44,137,89,93,112,171,174,128,222
ENSG00000107731,UNC5B,46.2,32.5,13.8,0.433,-1.2,4.9e-03,1.0e+00,0.0682,44,38,36,14,42,18,14,13,10
ENSG00000143507,DUSP10,27.2,19.8,7.5,0.386,-1.4,4.9e-03,1.0e+00,0.0682,44,24,11,20,24,13,3,8,6
ENSG00000205581,HMGN1,173.8,106.5,67.2,0.63,-0.7,4.9e-03,1.0e+00,0.0684,45,114,105,101,106,78,81,68,42
ENSG00000164692,COL1A2,17383,10156.8,7226.2,0.711,-0.5,4.9e-03,1.0e+00,0.0685,45,10027,9644,9316,11640,6541,7976,6753,7635
ENSG00000131871,SELENOS,72.2,28.5,43.8,1.544,0.6,4.9e-03,1.0e+00,0.0685,45,26,27,27,34,45,34,51,45
ENSG00000085276,MECOM,117,68.5,48.5,0.707,-0.5,4.9e-03,1.0e+00,0.0685,45,74,62,66,72,50,50,40,54
ENSG00000138356,AOX1,368.2,108,260.2,2.405,1.3,4.9e-03,1.0e+00,0.0685,45,44,102,189,97,217,199,334,291
ENSG00000124226,RNF114,135,81.5,53.5,0.656,-0.6,4.9e-03,1.0e+00,0.0685,45,101,79,66,80,60,47,46,61
ENSG00000067167,TRAM1,1117,445.5,671.5,1.508,0.6,5.0e-03,1.0e+00,0.0689,45,359,498,489,436,540,708,835,603
ENSG00000126561,STAT5A,72.5,27.8,44.8,1.614,0.7,5.0e-03,1.0e+00,0.069,45,30,32,18,31,43,48,42,46
ENSG00000159167,STC1,72,11.8,60.2,5.125,2.4,5.0e-03,1.0e+00,0.0691,46,7,10,18,12,26,20,151,44
ENSG00000139946,PELI2,27.5,18.2,9.2,0.513,-1,5.0e-03,1.0e+00,0.0691,46,14,17,24,18,10,6,9,12
ENSG00000292982,WASH5P,115.2,69.5,45.8,0.658,-0.6,5.0e-03,1.0e+00,0.0695,46,73,85,59,61,50,44,52,37
ENSG00000111885,MAN1A1,466.5,174,292.5,1.681,0.7,5.0e-03,1.0e+00,0.0695,46,193,166,168,169,293,315,174,388
ENSG00000133794,BMAL1,19.2,6.2,13,2.096,1.1,5.0e-03,1.0e+00,0.0695,46,5,5,7,8,18,11,12,11
ENSG00000102401,ARMCX3,254,144,110,0.763,-0.4,5.1e-03,1.0e+00,0.0695,46,148,129,139,160,113,110,107,110
ENSG00000136925,TSTD2,43.8,27.8,16,0.581,-0.8,5.1e-03,1.0e+00,0.0696,46,24,30,27,30,14,20,19,11
ENSG00000138074,SLC5A6,35,11,24,2.208,1.1,5.1e-03,1.0e+00,0.07,47,9,6,18,11,33,20,24,19
ENSG00000198467,TPM2,1630.8,613.8,1017,1.657,0.7,5.1e-03,1.0e+00,0.0703,47,463,762,629,601,820,1162,1300,786
ENSG00000131467,PSME3,139.5,59.5,80,1.346,0.4,5.1e-03,1.0e+00,0.0703,47,65,58,59,56,86,72,84,78
ENSG00000132646,PCNA,70.8,45.2,25.5,0.567,-0.8,5.2e-03,1.0e+00,0.0705,47,63,47,38,33,30,28,21,23
ENSG00000173706,HEG1,1046,407.2,638.8,1.569,0.6,5.2e-03,1.0e+00,0.0705,47,359,557,325,388,519,705,623,708
ENSG00000177426,TGIF1,83.2,32.8,50.5,1.551,0.6,5.2e-03,1.0e+00,0.0706,47,37,31,27,36,38,54,57,53
ENSG00000143869,GDF7,31,6,25,4.152,2.1,5.2e-03,1.0e+00,0.0706,48,4,11,5,4,8,40,38,14
ENSG00000139624,CERS5,57.2,21,36.2,1.734,0.8,5.2e-03,1.0e+00,0.0706,48,16,23,19,26,25,41,43,36
ENSG00000100350,FOXRED2,52.8,33.2,19.5,0.589,-0.8,5.2e-03,1.0e+00,0.0707,48,36,25,32,40,16,21,24,17
ENSG00000161682,FAM171A2,22.2,15.8,6.5,0.418,-1.3,5.2e-03,1.0e+00,0.0708,48,14,18,14,17,8,4,3,11
ENSG00000139567,ACVRL1,68,25.5,42.5,1.691,0.8,5.4e-03,1.0e+00,0.0725,49,23,25,25,29,60,40,32,38
ENSG00000196526,AFAP1,176,105.2,70.8,0.672,-0.6,5.4e-03,1.0e+00,0.0726,49,102,112,98,109,62,53,84,84
ENSG00000135723,FHOD1,29.5,20.5,9,0.447,-1.2,5.4e-03,1.0e+00,0.0726,49,20,16,24,22,4,9,15,8
ENSG00000148356,LRSAM1,32.5,21.2,11.2,0.537,-0.9,5.4e-03,1.0e+00,0.0726,49,21,17,23,24,10,7,15,13
ENSG00000196639,HRH1,52.8,32.5,20.2,0.632,-0.7,5.4e-03,1.0e+00,0.0726,49,32,33,30,35,23,25,17,16
ENSG00000187134,AKR1C1,1082.8,364.8,718,1.969,1,5.4e-03,1.0e+00,0.0726,50,306,333,520,300,870,642,398,962
ENSG00000112290,WASF1,56.5,22.5,34,1.525,0.6,5.4e-03,1.0e+00,0.0728,50,21,24,19,26,36,34,29,37
ENSG00000184743,ATL3,320,123,197,1.597,0.7,5.5e-03,1.0e+00,0.0731,50,114,132,95,151,177,230,145,236
ENSG00000124357,NAGK,107.5,62.5,45,0.719,-0.5,5.5e-03,1.0e+00,0.0732,50,69,54,60,67,50,45,42,43
ENSG00000282086,PKD1P6,43.2,13.2,30,2.265,1.2,5.5e-03,1.0e+00,0.0738,51,13,18,9,13,45,17,24,34
ENSG00000108733,PEX12,21.2,14.8,6.5,0.454,-1.1,5.6e-03,1.0e+00,0.0739,51,13,20,10,16,6,8,8,4
ENSG00000188483,IER5L,54,34.2,19.8,0.582,-0.8,5.7e-03,1.0e+00,0.0754,52,44,24,37,32,22,17,21,19
ENSG00000108828,VAT1,1066.2,640.5,425.8,0.664,-0.6,5.7e-03,1.0e+00,0.0755,52,637,686,536,703,334,503,359,507
ENSG00000129048,ACKR4,129.5,93,36.5,0.395,-1.3,5.7e-03,1.0e+00,0.0755,52,62,89,70,151,33,14,59,40
ENSG00000196182,STK40,53.8,33,20.8,0.638,-0.6,5.7e-03,1.0e+00,0.0755,52,35,31,31,35,22,18,26,17
ENSG00000114019,AMOTL2,321,126.2,194.8,1.545,0.6,5.8e-03,1.0e+00,0.076,53,100,178,120,107,175,186,207,211
ENSG00000120254,MTHFD1L,124.2,77.2,47,0.608,-0.7,5.8e-03,1.0e+00,0.0762,53,59,83,84,83,38,39,67,44
ENSG00000104043,ATP8B4,62.2,39.2,23,0.584,-0.8,5.8e-03,1.0e+00,0.0763,53,38,34,43,42,14,24,29,25
ENSG00000162664,ZNF326,78.2,47.5,30.8,0.651,-0.6,5.8e-03,1.0e+00,0.0763,53,38,53,52,47,31,31,36,25
ENSG00000186469,GNG2,40.5,28.8,11.8,0.41,-1.3,5.8e-03,1.0e+00,0.0763,53,42,17,35,21,17,9,15,6
ENSG00000146535,GNA12,250.5,106,144.5,1.358,0.4,5.8e-03,1.0e+00,0.0763,53,117,85,106,116,151,141,148,138
ENSG00000106785,TRIM14,16.5,12,4.5,0.388,-1.4,5.9e-03,1.0e+00,0.0763,53,12,13,11,12,7,4,6,1
ENSG00000277564,RBFOX2,19.5,15.2,4.2,0.286,-1.8,5.9e-03,1.0e+00,0.0763,53,17,12,19,13,0,5,9,3
ENSG00000106261,ZKSCAN1,266.2,152.2,114,0.749,-0.4,5.9e-03,1.0e+00,0.0763,53,157,154,149,149,94,117,129,116
ENSG00000168090,COPS6,120.2,69.5,50.8,0.729,-0.5,5.9e-03,1.0e+00,0.0763,54,72,73,61,72,53,45,57,48
ENSG00000137309,HMGA1,282.5,165.5,117,0.708,-0.5,5.9e-03,1.0e+00,0.0763,54,173,160,132,197,126,126,103,113
ENSG00000096384,HSP90AB1,913.2,518.5,394.8,0.761,-0.4,5.9e-03,1.0e+00,0.0763,54,507,540,521,506,443,415,363,358
ENSG00000017483,SLC38A5,37.2,26.2,11,0.423,-1.2,5.9e-03,1.0e+00,0.0763,54,40,13,24,28,14,6,12,12
ENSG00000094916,CBX5,198.2,115.8,82.5,0.713,-0.5,5.9e-03,1.0e+00,0.0763,54,129,116,94,124,82,93,85,70
ENSG00000118680,MYL12B,487.2,204.2,283,1.384,0.5,5.9e-03,1.0e+00,0.0763,54,175,221,197,224,248,334,285,265
ENSG00000196924,FLNA,6042,2462,3580,1.454,0.5,5.9e-03,1.0e+00,0.0763,54,2656,2885,2059,2248,3127,3553,4274,3366
ENSG00000142864,SERBP1,457.8,196.2,261.5,1.332,0.4,5.9e-03,1.0e+00,0.0763,54,189,186,214,196,274,261,222,289
ENSG00000185070,FLRT2,90.8,55.8,35,0.626,-0.7,5.9e-03,1.0e+00,0.0763,54,70,46,62,45,31,33,44,32
ENSG00000107372,ZFAND5,462.5,168.8,293.8,1.742,0.8,5.9e-03,1.0e+00,0.0763,54,159,180,161,175,227,403,183,362
ENSG00000155252,PI4K2A,105.2,61.2,44,0.722,-0.5,5.9e-03,1.0e+00,0.0763,54,58,64,69,54,45,42,41,48
ENSG00000106991,ENG,277.8,165.2,112.5,0.68,-0.6,5.9e-03,1.0e+00,0.0763,54,166,155,159,181,98,85,129,138
ENSG00000160200,CBS,70,20,50,2.52,1.3,6.0e-03,1.0e+00,0.0763,54,26,22,13,19,77,54,18,51
ENSG00000111912,NCOA7,107.2,40.5,66.8,1.646,0.7,6.0e-03,1.0e+00,0.0766,55,46,34,47,35,59,74,48,86
ENSG00000146411,SLC2A12,96,59,37,0.63,-0.7,6.0e-03,1.0e+00,0.0771,55,55,65,65,51,25,37,48,38
ENSG00000100994,PYGB,259,110.8,148.2,1.339,0.4,6.1e-03,1.0e+00,0.0772,55,94,108,128,113,137,149,156,151
ENSG00000178209,PLEC,1740,638.2,1101.8,1.727,0.8,6.1e-03,1.0e+00,0.0772,55,640,806,394,713,993,1177,845,1392
ENSG00000147140,NONO,431.2,246,185.2,0.752,-0.4,6.1e-03,1.0e+00,0.0774,56,228,246,260,250,194,157,208,182
ENSG00000063169,BICRA,23.2,7,16.2,2.313,1.2,6.1e-03,1.0e+00,0.0774,56,11,3,10,4,16,17,17,15
ENSG00000170921,TANC2,178.8,73.2,105.5,1.44,0.5,6.2e-03,1.0e+00,0.0783,56,74,70,68,81,122,79,107,114
ENSG00000138385,SSB,199.8,75.5,124.2,1.651,0.7,6.2e-03,1.0e+00,0.0783,56,63,79,91,69,94,125,176,102
ENSG00000031698,SARS1,239,139,100,0.722,-0.5,6.2e-03,1.0e+00,0.0783,57,125,146,125,160,112,98,84,106
ENSG00000075975,MKRN2,74.8,31,43.8,1.404,0.5,6.2e-03,1.0e+00,0.0784,57,32,30,30,32,38,48,46,43
ENSG00000135823,STX6,81.2,31.2,50,1.598,0.7,6.3e-03,1.0e+00,0.0794,57,34,21,37,33,42,51,58,49
ENSG00000119673,ACOT2,32.5,10.5,22,2.075,1.1,6.3e-03,1.0e+00,0.0794,58,13,12,9,8,18,13,28,29
ENSG00000280706,REXO4,48,30.2,17.8,0.588,-0.8,6.3e-03,1.0e+00,0.0794,58,38,31,27,25,17,22,13,19
ENSG00000004059,ARF5,143.5,59,84.5,1.438,0.5,6.3e-03,1.0e+00,0.0794,58,59,50,60,67,93,67,81,97
ENSG00000187109,NAP1L1,1026.2,436,590.2,1.354,0.4,6.3e-03,1.0e+00,0.0794,58,458,441,448,397,608,658,479,616
ENSG00000175416,CLTB,75.8,28.5,47.2,1.654,0.7,6.3e-03,1.0e+00,0.0795,58,26,38,28,22,46,57,35,51
ENSG00000100906,NFKBIA,48,17.8,30.2,1.715,0.8,6.4e-03,1.0e+00,0.0799,58,18,20,15,18,38,29,20,34
ENSG00000184304,PRKD1,65.8,24.5,41.2,1.693,0.8,6.4e-03,1.0e+00,0.0799,58,20,26,22,30,38,50,28,49
ENSG00000124383,MPHOSPH10,38,24,14,0.597,-0.7,6.4e-03,1.0e+00,0.0799,58,29,22,24,21,17,12,11,16
ENSG00000189339,SLC35E2B,281.8,162,119.8,0.741,-0.4,6.4e-03,1.0e+00,0.0799,59,186,154,168,140,118,135,111,115
ENSG00000171150,SOCS5,120,73.8,46.2,0.624,-0.7,6.4e-03,1.0e+00,0.0799,59,73,69,53,100,41,55,45,44
ENSG00000103381,CPPED1,62.5,24.5,38,1.56,0.6,6.4e-03,1.0e+00,0.08,59,23,25,23,27,29,34,46,43
ENSG00000284889,PSME2,66.2,40,26.2,0.656,-0.6,6.5e-03,1.0e+00,0.0803,59,46,35,38,41,30,21,24,30
ENSG00000151376,ME3,30.5,21.5,9,0.431,-1.2,6.5e-03,1.0e+00,0.0807,59,25,25,20,16,4,12,6,14
ENSG00000072682,P4HA2,331.8,195.5,136.2,0.697,-0.5,6.5e-03,1.0e+00,0.0807,60,228,173,165,216,165,122,122,136
ENSG00000069020,MAST4,74,48,26,0.55,-0.9,6.6e-03,1.0e+00,0.0813,60,38,53,62,39,25,25,37,17
ENSG00000203965,EFCAB7,18.8,13,5.8,0.456,-1.1,6.6e-03,1.0e+00,0.0813,60,12,16,14,10,6,8,3,6
ENSG00000137752,CASP1,22,14.2,7.8,0.549,-0.9,6.6e-03,1.0e+00,0.0814,60,15,13,15,14,9,5,9,8
ENSG00000019144,PHLDB1,294.2,128,166.2,1.299,0.4,6.6e-03,1.0e+00,0.0814,60,131,126,132,123,176,152,153,184
ENSG00000130340,SNX9,387.2,225.2,162,0.718,-0.5,6.6e-03,1.0e+00,0.0814,61,218,180,257,246,160,141,170,177
ENSG00000281324,LRP6,144.2,87.2,57,0.652,-0.6,6.6e-03,1.0e+00,0.0815,61,88,82,75,104,60,50,44,74
ENSG00000188215,DCUN1D3,41.8,15,26.8,1.784,0.8,6.6e-03,1.0e+00,0.0815,61,18,13,14,15,30,36,22,19
ENSG00000156113,KCNMA1,67.5,44.5,23,0.521,-0.9,6.7e-03,1.0e+00,0.0818,61,65,52,30,31,21,29,22,20
ENSG00000138166,DUSP5,30.5,9,21.5,2.417,1.3,6.7e-03,1.0e+00,0.0819,61,6,8,17,5,18,18,31,19
ENSG00000123352,SPATS2,57.2,35.2,22,0.633,-0.7,6.7e-03,1.0e+00,0.082,61,38,28,39,36,28,20,19,21
ENSG00000214944,ARHGEF28,54,18.5,35.5,1.944,1,6.8e-03,1.0e+00,0.0827,62,16,20,25,13,21,44,32,45
ENSG00000114626,ABTB1,85.2,33.2,52,1.56,0.6,6.8e-03,1.0e+00,0.0835,63,40,39,26,28,44,53,51,60
ENSG00000126705,AHDC1,54,34.2,19.8,0.581,-0.8,6.9e-03,1.0e+00,0.0842,63,42,26,29,40,26,17,17,19
ENSG00000013583,HEBP1,125.2,52.8,72.5,1.374,0.5,6.9e-03,1.0e+00,0.0842,63,48,59,53,51,71,80,61,78
ENSG00000135446,CDK4,149.8,91.5,58.2,0.633,-0.7,6.9e-03,1.0e+00,0.0843,63,114,78,84,90,79,54,44,56
ENSG00000196411,EPHB4,103,67.5,35.5,0.529,-0.9,7.0e-03,1.0e+00,0.0843,64,89,56,63,62,54,31,38,19
ENSG00000078699,CBFA2T2,47.2,29.8,17.5,0.605,-0.7,7.0e-03,1.0e+00,0.0843,64,30,27,36,26,19,12,21,18
ENSG00000101004,NINL,46.8,29.2,17.5,0.607,-0.7,7.0e-03,1.0e+00,0.0843,64,28,26,35,28,21,21,15,13
ENSG00000142687,KIAA0319L,177.8,100.5,77.2,0.766,-0.4,7.0e-03,1.0e+00,0.0843,64,107,107,98,90,77,77,82,73
ENSG00000198892,SHISA4,58.2,22,36.2,1.646,0.7,7.0e-03,1.0e+00,0.0846,64,15,26,28,19,32,38,34,41
ENSG00000141522,ARHGDIA,395.5,166.2,229.2,1.379,0.5,7.0e-03,1.0e+00,0.0846,64,187,166,156,156,278,190,229,220
ENSG00000070087,PFN2,196,114.5,81.5,0.711,-0.5,7.0e-03,1.0e+00,0.0846,64,114,118,122,104,93,86,61,86
ENSG00000100767,PAPLN,21.5,7,14.5,2.061,1,7.0e-03,1.0e+00,0.0846,64,7,7,5,9,10,20,14,14
ENSG00000114126,TFDP2,125.5,74,51.5,0.698,-0.5,7.1e-03,1.0e+00,0.0847,65,80,70,80,66,64,49,43,50
ENSG00000090376,IRAK3,53,17,36,2.062,1,7.1e-03,1.0e+00,0.0849,65,20,11,27,10,45,29,40,30
ENSG00000113163,CERT1,151.8,61.5,90.2,1.471,0.6,7.1e-03,1.0e+00,0.0849,65,67,59,55,65,107,96,65,93
ENSG00000149090,PAMR1,519,297.2,221.8,0.746,-0.4,7.1e-03,1.0e+00,0.085,65,280,317,259,333,213,207,214,253
ENSG00000115828,QPCT,32.2,10,22.2,2.202,1.1,7.1e-03,1.0e+00,0.085,65,5,12,9,14,18,23,16,32
ENSG00000135111,TBX3,167.8,99,68.8,0.694,-0.5,7.1e-03,1.0e+00,0.085,65,100,92,122,82,83,62,63,67
ENSG00000247315,ZCCHC3,28,18.5,9.5,0.52,-0.9,7.2e-03,1.0e+00,0.0852,65,20,16,26,12,11,8,10,9
ENSG00000182575,NXPH3,24.2,5.5,18.8,3.344,1.7,7.2e-03,1.0e+00,0.0852,66,3,3,6,10,8,24,12,31
ENSG00000097033,SH3GLB1,266.2,109.8,156.5,1.426,0.5,7.2e-03,1.0e+00,0.0852,66,111,107,95,126,146,157,128,195
ENSG00000147100,SLC16A2,114.8,66.8,48,0.721,-0.5,7.2e-03,1.0e+00,0.0857,66,66,67,65,69,41,44,59,48
ENSG00000174705,SH3PXD2B,335,131.5,203.5,1.547,0.6,7.2e-03,1.0e+00,0.0858,66,153,108,126,139,258,169,153,234
ENSG00000116455,WDR77,42,15.8,26.2,1.718,0.8,7.3e-03,1.0e+00,0.0859,66,13,23,14,13,25,31,26,23
ENSG00000182568,SATB1,63.5,38.2,25.2,0.67,-0.6,7.3e-03,1.0e+00,0.086,67,31,38,44,40,26,29,24,22
ENSG00000282941,TCEA3,36.2,24.8,11.5,0.472,-1.1,7.3e-03,1.0e+00,0.0867,67,29,26,30,14,13,9,17,7
ENSG00000159674,SPON2,722.2,485.8,236.5,0.487,-1,7.4e-03,1.0e+00,0.0868,67,580,288,658,417,385,171,204,186
ENSG00000162520,SYNC,158.8,91.8,67,0.732,-0.4,7.4e-03,1.0e+00,0.0868,67,85,82,104,96,65,69,76,58
ENSG00000197771,MCMBP,94,37.5,56.5,1.504,0.6,7.4e-03,1.0e+00,0.0868,68,34,40,30,46,53,60,47,66
ENSG00000011485,PPP5C,84.8,32.2,52.5,1.63,0.7,7.4e-03,1.0e+00,0.0871,68,23,42,28,36,57,39,58,56
ENSG00000138604,GLCE,123.8,47.5,76.2,1.61,0.7,7.4e-03,1.0e+00,0.0871,68,37,39,63,51,55,81,84,85
ENSG00000121858,TNFSF10,22.2,15.2,7,0.48,-1.1,7.5e-03,1.0e+00,0.0873,68,10,20,17,14,6,8,5,9
ENSG00000146247,PHIP,135.5,77,58.5,0.758,-0.4,7.5e-03,1.0e+00,0.0874,68,75,77,77,79,54,60,66,54
ENSG00000022267,FHL1,870.2,361.2,509,1.409,0.5,7.5e-03,1.0e+00,0.0879,69,338,386,319,402,445,530,435,626
ENSG00000107821,KAZALD1,42.8,28.8,14,0.498,-1,7.5e-03,1.0e+00,0.088,69,21,27,20,47,14,12,15,15
ENSG00000008853,RHOBTB2,70,25,45,1.815,0.9,7.6e-03,1.0e+00,0.0881,69,24,24,25,27,35,37,35,73
ENSG00000282947,HNRNPL,245.8,140.5,105.2,0.749,-0.4,7.6e-03,1.0e+00,0.0882,69,121,155,156,130,111,107,108,95
ENSG00000106772,PRUNE2,463.2,177.8,285.5,1.602,0.7,7.6e-03,1.0e+00,0.0882,69,173,163,151,224,249,262,223,408
ENSG00000170776,AKAP13,247,105.2,141.8,1.347,0.4,7.6e-03,1.0e+00,0.0882,69,107,110,95,109,132,152,120,163
ENSG00000137193,PIM1,60.2,38.2,22,0.58,-0.8,7.6e-03,1.0e+00,0.0883,70,40,46,44,23,22,23,25,18
ENSG00000165637,VDAC2,181.8,74.5,107.2,1.441,0.5,7.6e-03,1.0e+00,0.0885,70,80,80,66,72,141,97,95,96
ENSG00000166189,HPS6,36.8,13.5,23.2,1.719,0.8,7.7e-03,1.0e+00,0.0887,70,18,13,12,11,27,27,20,19
ENSG00000134802,SLC43A3,105.2,63.2,42,0.664,-0.6,7.7e-03,1.0e+00,0.0888,70,78,48,64,63,42,51,35,40
ENSG00000020129,NCDN,97.2,58.8,38.5,0.656,-0.6,7.7e-03,1.0e+00,0.0889,70,56,58,57,64,48,27,45,34
ENSG00000155962,CLIC2,31.5,20.8,10.8,0.53,-0.9,7.7e-03,1.0e+00,0.089,71,13,25,18,27,11,13,9,10
ENSG00000006576,PHTF2,88.2,55,33.2,0.605,-0.7,7.7e-03,1.0e+00,0.089,71,42,52,48,78,29,40,28,36
ENSG00000104886,PLEKHJ1,38.2,14.5,23.8,1.62,0.7,7.8e-03,1.0e+00,0.0893,71,18,14,13,13,25,20,22,28
ENSG00000028137,TNFRSF1B,45.2,17.2,28,1.649,0.7,7.8e-03,1.0e+00,0.0894,71,13,18,19,19,26,29,35,22
ENSG00000153214,TMEM87B,93.8,39.5,54.2,1.364,0.4,7.8e-03,1.0e+00,0.0895,71,44,39,35,40,54,57,49,57
ENSG00000106086,PLEKHA8,35.2,12.8,22.5,1.776,0.8,7.8e-03,1.0e+00,0.0896,72,13,7,16,15,20,22,21,27
ENSG00000163629,PTPN13,186.5,115,71.5,0.621,-0.7,7.8e-03,1.0e+00,0.0896,72,111,114,149,86,75,52,66,93
ENSG00000133789,SWAP70,319.2,128.8,190.5,1.48,0.6,7.8e-03,1.0e+00,0.0896,72,133,128,96,158,172,185,168,237
ENSG00000180891,CUEDC1,85.5,34.8,50.8,1.46,0.5,7.9e-03,1.0e+00,0.0896,72,32,37,27,43,54,45,54,50
ENSG00000183287,CCBE1,590,237.2,352.8,1.486,0.6,7.9e-03,1.0e+00,0.0899,72,229,252,195,273,303,346,294,468
ENSG00000067445,TRO,52.2,32.5,19.8,0.615,-0.7,7.9e-03,1.0e+00,0.0899,72,24,30,34,42,22,17,20,20
ENSG00000163565,IFI16,369.8,212,157.8,0.744,-0.4,8.0e-03,1.0e+00,0.0903,73,239,196,221,192,175,170,152,134
ENSG00000149091,DGKZ,86.5,50.8,35.8,0.701,-0.5,8.0e-03,1.0e+00,0.0903,73,48,47,51,57,40,32,41,30
ENSG00000140443,IGF1R,376.5,161.8,214.8,1.327,0.4,8.0e-03,1.0e+00,0.0903,73,163,166,156,162,201,231,180,247
ENSG00000114745,GORASP1,82.8,35,47.8,1.364,0.4,8.0e-03,1.0e+00,0.0906,73,31,37,35,37,48,44,48,51
ENSG00000138669,PRKG2,25.2,20.2,5,0.253,-2,8.0e-03,1.0e+00,0.0909,74,25,9,11,36,12,2,2,4
ENSG00000110057,UNC93B1,27.2,10,17.2,1.723,0.8,8.1e-03,1.0e+00,0.0913,74,7,11,12,10,18,19,15,17
ENSG00000167323,STIM1,118.2,44.2,74,1.669,0.7,8.1e-03,1.0e+00,0.0913,74,33,41,45,58,48,84,87,77
ENSG00000204291,COL15A1,121,85.5,35.5,0.42,-1.3,8.1e-03,1.0e+00,0.0915,74,133,80,56,73,65,22,36,19
ENSG00000126785,RHOJ,60,41.2,18.8,0.459,-1.1,8.1e-03,1.0e+00,0.0915,74,53,51,27,34,25,23,7,20
ENSG00000072121,ZFYVE26,90,53.8,36.2,0.673,-0.6,8.1e-03,1.0e+00,0.0916,75,44,47,66,58,35,30,41,39
ENSG00000172840,PDP2,38.8,14.2,24.5,1.714,0.8,8.2e-03,1.0e+00,0.0924,75,13,16,14,14,16,28,27,27
ENSG00000072195,SPEG,100.5,61.5,39,0.635,-0.7,8.2e-03,1.0e+00,0.0924,75,56,62,51,77,27,40,49,40
ENSG00000104388,RAB2A,233.2,101.5,131.8,1.297,0.4,8.3e-03,1.0e+00,0.0927,76,105,97,101,103,129,152,123,123
ENSG00000183621,ZNF438,37.2,13.5,23.8,1.741,0.8,8.3e-03,1.0e+00,0.0927,76,14,14,15,11,18,33,22,22
ENSG00000121653,MAPK8IP1,20,13.8,6.2,0.467,-1.1,8.3e-03,1.0e+00,0.0928,76,12,18,13,12,7,3,9,6
ENSG00000171617,ENC1,69.2,47.2,22,0.48,-1.1,8.3e-03,1.0e+00,0.0931,76,52,59,27,51,22,13,36,17
ENSG00000113657,DPYSL3,379,229,150,0.655,-0.6,8.4e-03,1.0e+00,0.0931,76,243,282,220,171,180,129,171,120
ENSG00000124104,SNX21,86,52.8,33.2,0.632,-0.7,8.4e-03,1.0e+00,0.0931,77,62,46,43,60,44,34,25,30
ENSG00000162645,GBP2,109.2,64,45.2,0.705,-0.5,8.4e-03,1.0e+00,0.0931,77,54,76,60,66,51,47,45,38
ENSG00000120306,CYSTM1,43,15.8,27.2,1.716,0.8,8.4e-03,1.0e+00,0.0935,77,15,14,14,20,25,20,27,37
ENSG00000183864,TOB2,202.8,83.8,119,1.421,0.5,8.4e-03,1.0e+00,0.0935,77,94,66,75,100,129,119,103,125
ENSG00000284774,HSF1,104,42.8,61.2,1.424,0.5,8.4e-03,1.0e+00,0.0935,77,38,44,40,49,64,54,53,74
ENSG00000196465,MYL6B,73,43,30,0.699,-0.5,8.5e-03,1.0e+00,0.0937,78,40,41,50,41,27,34,32,27
ENSG00000116857,TMEM9,69.5,41.8,27.8,0.663,-0.6,8.5e-03,1.0e+00,0.0939,78,41,50,37,39,33,25,22,31
ENSG00000092841,MYL6,969.5,392.8,576.8,1.469,0.6,8.5e-03,1.0e+00,0.0939,78,308,496,415,352,503,617,677,510
ENSG00000148120,AOPEP,51.8,17.5,34.2,1.967,1,8.6e-03,1.0e+00,0.0943,78,13,15,24,18,20,51,35,31
ENSG00000172725,CORO1B,176.5,75.5,101,1.34,0.4,8.6e-03,1.0e+00,0.0943,78,79,73,83,67,110,87,98,109
ENSG00000161813,LARP4,87,32.5,54.5,1.688,0.8,8.6e-03,1.0e+00,0.0943,78,38,24,45,23,64,44,56,54
ENSG00000122299,ZC3H7A,117,49,68,1.391,0.5,8.6e-03,1.0e+00,0.0944,79,43,44,57,52,61,71,78,62
ENSG00000182179,UBA7,67.5,42.5,25,0.593,-0.8,8.6e-03,1.0e+00,0.0945,79,57,46,33,34,33,23,24,20
ENSG00000145604,SKP2,71,25.5,45.5,1.786,0.8,8.6e-03,1.0e+00,0.0946,79,18,35,27,22,28,48,56,50
ENSG00000188112,C6orf132,34.5,13.5,21,1.553,0.6,8.7e-03,1.0e+00,0.0947,79,15,12,14,13,21,21,24,18
ENSG00000119938,PPP1R3C,298.2,183.2,115,0.628,-0.7,8.7e-03,1.0e+00,0.0947,79,185,221,161,166,126,94,159,81
ENSG00000123643,SLC36A1,67.2,26.5,40.8,1.558,0.6,8.7e-03,1.0e+00,0.0948,79,25,25,24,32,33,38,38,54
ENSG00000108306,FBXL20,45.5,28.8,16.8,0.584,-0.8,8.7e-03,1.0e+00,0.0948,80,32,20,32,31,16,16,13,22
ENSG00000127083,OMD,39,7.8,31.2,4.027,2,8.7e-03,1.0e+00,0.0948,80,3,10,2,16,25,25,12,63
ENSG00000157483,MYO1E,204,76.8,127.2,1.663,0.7,8.7e-03,1.0e+00,0.0948,80,50,105,67,85,106,124,114,165
ENSG00000288114,GTF2H1,113.8,48,65.8,1.375,0.5,8.7e-03,1.0e+00,0.0948,80,44,60,42,46,69,64,65,65
ENSG00000204574,ABCF1,42.2,7.8,34.5,4.426,2.1,8.7e-03,1.0e+00,0.0948,80,0,15,15,1,39,14,43,42
ENSG00000125970,RALY,174.2,101,73.2,0.726,-0.5,8.8e-03,1.0e+00,0.0948,80,107,91,88,118,73,68,86,66
ENSG00000023330,ALAS1,85.5,51,34.5,0.68,-0.6,8.8e-03,1.0e+00,0.0948,80,46,41,65,52,31,34,37,36
ENSG00000083097,DOP1A,40,25,15,0.613,-0.7,8.8e-03,1.0e+00,0.0955,81,22,30,27,21,17,11,18,14
ENSG00000151893,CACUL1,90.8,34.5,56.2,1.625,0.7,8.9e-03,1.0e+00,0.0957,81,35,31,29,43,42,78,48,57
ENSG00000189058,APOD,38.2,11.5,26.8,2.329,1.2,8.9e-03,1.0e+00,0.0961,81,13,12,8,13,40,30,10,27
ENSG00000198793,MTOR,170.5,70,100.5,1.435,0.5,8.9e-03,1.0e+00,0.0963,82,73,67,81,59,78,115,96,113
ENSG00000116171,SCP2,255.8,145.2,110.5,0.759,-0.4,9.0e-03,1.0e+00,0.0964,82,147,146,149,139,120,109,90,123
ENSG00000130202,NECTIN2,95.5,39.5,56,1.417,0.5,9.0e-03,1.0e+00,0.0964,82,33,42,45,38,48,54,59,63
ENSG00000164330,EBF1,63.8,15,48.8,3.251,1.7,9.0e-03,1.0e+00,0.0964,82,17,25,18,0,34,60,40,61
ENSG00000166681,BEX3,252,109.2,142.8,1.306,0.4,9.0e-03,1.0e+00,0.0964,82,112,110,115,100,143,141,163,124
ENSG00000112276,POPDC1,44.2,16,28.2,1.766,0.8,9.0e-03,1.0e+00,0.0964,82,17,11,15,21,38,30,24,21
ENSG00000276358,PLEKHM1,39.5,30.2,9.2,0.312,-1.7,9.0e-03,1.0e+00,0.0964,82,16,60,30,15,12,9,3,13
ENSG00000105974,CAV1,1018.5,411.8,606.8,1.474,0.6,9.0e-03,1.0e+00,0.0964,83,365,374,423,485,632,636,427,732
ENSG00000160746,ANO10,101.5,41.5,60,1.441,0.5,9.0e-03,1.0e+00,0.0964,83,44,42,46,34,52,72,63,53
ENSG00000175073,VCPIP1,63.5,25.2,38.2,1.504,0.6,9.1e-03,1.0e+00,0.0964,83,21,26,29,25,44,35,43,31
ENSG00000004799,PDK4,79.2,11.8,67.5,5.744,2.5,9.1e-03,1.0e+00,0.0964,83,2,8,9,28,33,61,14,162
ENSG00000149557,FEZ1,124.5,73,51.5,0.704,-0.5,9.1e-03,1.0e+00,0.0965,83,80,60,81,71,52,60,42,52
ENSG00000170759,KIF5B,374.8,161.5,213.2,1.321,0.4,9.1e-03,1.0e+00,0.0967,83,138,159,180,169,192,204,238,219
ENSG00000111666,CHPT1,87,33.2,53.8,1.614,0.7,9.1e-03,1.0e+00,0.0967,83,33,39,32,29,43,74,41,57
ENSG00000067177,PHKA1,36.5,11.8,24.8,2.098,1.1,9.1e-03,1.0e+00,0.0967,83,8,13,13,13,13,30,21,35
ENSG00000126950,TMEM35A,62.5,43.5,19,0.435,-1.2,9.1e-03,1.0e+00,0.0967,84,32,35,35,72,23,17,8,28
ENSG00000136295,TTYH3,194.8,119.5,75.2,0.629,-0.7,9.2e-03,1.0e+00,0.0967,84,119,90,160,109,86,56,92,67
ENSG00000161381,PLXDC1,55.2,36.2,19,0.527,-0.9,9.2e-03,1.0e+00,0.0967,84,33,33,46,33,15,31,19,11
ENSG00000123908,AGO2,138.2,53.2,85,1.591,0.7,9.2e-03,1.0e+00,0.0969,84,67,53,45,48,60,78,88,114
ENSG00000285069,SESN2,70.2,44.5,25.8,0.585,-0.8,9.2e-03,1.0e+00,0.0973,84,57,43,32,46,24,20,37,22
ENSG00000082458,DLG3,40.8,26.5,14.2,0.546,-0.9,9.3e-03,1.0e+00,0.0974,85,33,24,33,16,15,11,14,17
ENSG00000106034,CPED1,201.8,64.2,137.5,2.131,1.1,9.3e-03,1.0e+00,0.0975,85,46,78,47,86,60,175,127,188
ENSG00000172935,MRGPRF,256.8,102.8,154,1.496,0.6,9.3e-03,1.0e+00,0.0975,85,113,88,117,93,207,122,133,154
ENSG00000131732,ZCCHC9,54.5,35,19.5,0.569,-0.8,9.3e-03,1.0e+00,0.0975,85,40,29,38,33,25,10,23,20
ENSG00000275131,PDE4DIPP2,74,26.5,47.5,1.807,0.9,9.4e-03,1.0e+00,0.0983,86,27,29,25,25,46,57,24,63
ENSG00000151835,SACS,285,180.8,104.2,0.577,-0.8,9.4e-03,1.0e+00,0.0987,86,135,144,194,250,94,67,125,131
ENSG00000176095,IP6K1,121.2,50.8,70.5,1.389,0.5,9.5e-03,1.0e+00,0.0988,86,48,52,46,57,59,86,70,67
ENSG00000156162,DPY19L4,109.2,44,65.2,1.479,0.6,9.5e-03,1.0e+00,0.0989,87,51,37,33,55,65,63,60,73
ENSG00000107819,SFXN3,175,77,98,1.276,0.4,9.5e-03,1.0e+00,0.099,87,76,76,72,84,96,102,94,100
ENSG00000167815,PRDX2,94,55.5,38.5,0.695,-0.5,9.5e-03,1.0e+00,0.0993,87,58,52,60,52,29,43,46,36
ENSG00000203485,INF2,225.5,99.8,125.8,1.26,0.3,9.6e-03,1.0e+00,0.0994,87,106,95,99,99,131,128,116,128
ENSG00000109323,MANBA,150.5,88,62.5,0.715,-0.5,9.7e-03,1.0e+00,0.1003,88,77,101,77,97,56,74,56,64
ENSG00000139625,MAP3K12,138,79.8,58.2,0.732,-0.4,9.7e-03,1.0e+00,0.1005,89,80,76,74,89,55,50,58,70
ENSG00000166340,TPP1,516.8,289,227.8,0.788,-0.3,9.7e-03,1.0e+00,0.1006,89,297,293,305,261,215,245,234,217
ENSG00000157020,SEC13,126.8,72.2,54.5,0.753,-0.4,9.7e-03,1.0e+00,0.1006,89,67,76,72,74,63,54,53,48
ENSG00000162512,SDC3,265.5,152,113.5,0.748,-0.4,9.8e-03,1.0e+00,0.1006,89,185,138,149,136,118,105,107,124
ENSG00000048707,VPS13D,268.5,111.2,157.2,1.413,0.5,9.8e-03,1.0e+00,0.1006,89,105,122,93,125,132,163,139,195
ENSG00000137216,TMEM63B,71.2,42,29.2,0.696,-0.5,9.8e-03,1.0e+00,0.1006,89,39,37,50,42,34,27,29,27
ENSG00000108829,LRRC59,175.8,69.5,106.2,1.534,0.6,9.8e-03,1.0e+00,0.1006,89,81,67,63,67,121,75,139,90
ENSG00000004700,RECQL,133,56,77,1.38,0.5,9.8e-03,1.0e+00,0.1006,89,58,61,47,58,85,72,64,87
ENSG00000167555,ZNF528,50.5,32.8,17.8,0.543,-0.9,9.8e-03,1.0e+00,0.1006,89,33,38,32,28,11,19,28,13
ENSG00000083520,DIS3,93.8,38.2,55.5,1.45,0.5,9.8e-03,1.0e+00,0.1006,90,36,45,36,36,42,64,58,58
ENSG00000168092,PAFAH1B2,140.5,56.5,84,1.484,0.6,9.8e-03,1.0e+00,0.1006,90,73,48,47,58,69,102,85,80
ENSG00000119711,ALDH6A1,66.8,22.5,44.2,1.982,1,9.9e-03,1.0e+00,0.101,90,22,30,24,14,30,55,29,63
ENSG00000147130,ZMYM3,85.5,51,34.5,0.677,-0.6,9.9e-03,1.0e+00,0.1011,90,54,60,52,38,30,33,41,34
ENSG00000186918,ZNF395,266,106.8,159.2,1.49,0.6,9.9e-03,1.0e+00,0.1014,91,127,87,90,123,121,163,195,158
ENSG00000129484,PARP2,22,15.2,6.8,0.457,-1.1,9.9e-03,1.0e+00,0.1015,91,11,12,20,18,3,7,8,9
ENSG00000080845,DLGAP4,174.8,98.2,76.5,0.775,-0.4,9.9e-03,1.0e+00,0.1015,91,100,92,98,103,70,86,72,78
ENSG00000161011,SQSTM1,1047.5,612.5,435,0.71,-0.5,1.0e-02,1.0e+00,0.1022,92,818,571,544,517,438,457,406,439
ENSG00000135749,PCNX2,53,32.2,20.8,0.652,-0.6,1.0e-02,1.0e+00,0.1033,93,25,30,36,38,23,18,20,22
ENSG00000138756,BMP2K,145,87,58,0.668,-0.6,1.0e-02,1.0e+00,0.1033,93,76,98,99,75,57,54,77,44
ENSG00000011566,MAP4K3,113,44.5,68.5,1.541,0.6,1.0e-02,1.0e+00,0.1033,93,35,55,50,38,55,60,85,74
ENSG00000185561,TLCD2,115.8,41.8,74,1.772,0.8,1.0e-02,1.0e+00,0.1033,93,23,60,40,44,52,87,81,76
ENSG00000310517,CAST,703.8,308.5,395.2,1.283,0.4,1.0e-02,1.0e+00,0.1038,94,305,307,344,278,359,406,424,392
ENSG00000101439,CST3,331.5,143.8,187.8,1.307,0.4,1.0e-02,1.0e+00,0.1041,94,131,148,145,151,178,202,160,211
ENSG00000099998,GGT5,36.5,6.8,29.8,4.364,2.1,1.0e-02,1.0e+00,0.1044,94,2,12,5,8,7,37,60,15
ENSG00000135318,NT5E,367,236.5,130.5,0.552,-0.9,1.0e-02,1.0e+00,0.1044,94,199,205,187,355,147,93,95,187
ENSG00000153560,UBP1,106.5,43.8,62.8,1.432,0.5,1.0e-02,1.0e+00,0.1044,95,45,48,38,44,68,69,68,46
ENSG00000115307,AUP1,123,52,71,1.367,0.5,1.0e-02,1.0e+00,0.1044,95,57,52,55,44,85,67,66,66
ENSG00000185215,TNFAIP2,66.2,42.5,23.8,0.565,-0.8,1.0e-02,1.0e+00,0.1044,95,47,41,53,29,25,20,34,16
ENSG00000114857,NKTR,130.8,75.8,55,0.724,-0.5,1.0e-02,1.0e+00,0.1044,95,63,74,91,75,50,58,61,51
ENSG00000104964,TLE5,476.8,208,268.8,1.294,0.4,1.0e-02,1.0e+00,0.1044,95,206,218,223,185,283,237,295,260
ENSG00000282844,ACTN4,226.8,59.5,167.2,2.819,1.5,1.0e-02,1.0e+00,0.1047,95,72,61,45,60,363,84,157,65
ENSG00000166526,ZNF3,38.5,23.5,15,0.643,-0.6,1.0e-02,1.0e+00,0.1048,96,25,23,23,23,11,17,17,15
ENSG00000103257,SLC7A5,32.2,22,10.2,0.477,-1.1,1.0e-02,1.0e+00,0.1048,96,21,27,23,17,11,5,18,7
ENSG00000165476,REEP3,158.5,65.5,93,1.418,0.5,1.0e-02,1.0e+00,0.1049,96,57,72,58,75,75,109,102,86
ENSG00000171824,EXOSC10,135,55.2,79.8,1.443,0.5,1.0e-02,1.0e+00,0.1049,96,56,55,66,44,70,87,67,95
ENSG00000151914,DST,1362,771.2,590.8,0.766,-0.4,1.1e-02,1.0e+00,0.1051,96,816,738,783,748,619,486,609,649
ENSG00000177606,JUN,263.5,180,83.5,0.467,-1.1,1.1e-02,1.0e+00,0.1051,96,172,159,200,189,167,42,65,60
ENSG00000137497,NUMA1,655.5,370.2,285.2,0.772,-0.4,1.1e-02,1.0e+00,0.1051,97,415,390,335,341,283,305,256,297
ENSG00000163017,ACTG2,103.8,21.2,82.5,3.885,2,1.1e-02,1.0e+00,0.1053,97,11,20,36,18,45,57,202,26
ENSG00000122417,ODF2L,45.8,27.2,18.5,0.679,-0.6,1.1e-02,1.0e+00,0.1058,97,28,25,31,25,18,17,20,19
ENSG00000198668,CALM1,332.5,143.2,189.2,1.323,0.4,1.1e-02,1.0e+00,0.1059,97,156,143,119,155,202,207,180,168
ENSG00000008311,AASS,104.2,41,63.2,1.54,0.6,1.1e-02,1.0e+00,0.1063,98,50,42,27,45,71,65,49,68
ENSG00000143753,DEGS1,220.2,93.5,126.8,1.352,0.4,1.1e-02,1.0e+00,0.1064,98,87,86,113,88,119,116,150,122
ENSG00000109519,GRPEL1,24,8,16,2.024,1,1.1e-02,1.0e+00,0.1065,98,11,8,5,8,15,13,24,12
ENSG00000198715,GLMP,199.8,112,87.8,0.783,-0.4,1.1e-02,1.0e+00,0.1065,99,120,112,101,115,91,80,91,89
ENSG00000154263,ABCA10,17,12.2,4.8,0.401,-1.3,1.1e-02,1.0e+00,0.1066,99,13,12,9,15,10,4,2,3
ENSG00000131747,TOP2A,27.5,18,9.5,0.534,-0.9,1.1e-02,1.0e+00,0.1071,99,24,16,19,13,14,9,8,7
ENSG00000185022,MAFF,49.8,12.5,37.2,2.926,1.5,1.1e-02,1.0e+00,0.1073,100,18,11,1,20,28,24,41,56
ENSG00000048052,HDAC9,30.2,20.2,10,0.512,-1,1.1e-02,1.0e+00,0.1081,100,13,24,25,19,10,7,8,15
ENSG00000134874,DZIP1,134.5,79,55.5,0.702,-0.5,1.1e-02,1.0e+00,0.1081,101,71,70,80,95,47,62,48,65
ENSG00000134046,MBD2,107.2,45,62.2,1.386,0.5,1.1e-02,1.0e+00,0.1081,101,37,46,51,46,52,65,66,66
ENSG00000198585,NUDT16,102.2,40.5,61.8,1.514,0.6,1.1e-02,1.0e+00,0.1084,101,43,39,35,45,70,52,46,79
ENSG00000031823,RANBP3,121,72.5,48.5,0.674,-0.6,1.1e-02,1.0e+00,0.1089,102,79,81,67,63,55,48,33,58
ENSG00000154305,MIA3,190.5,107.2,83.2,0.776,-0.4,1.1e-02,1.0e+00,0.109,102,99,112,104,114,72,89,87,85
ENSG00000101474,APMAP,215.2,89.2,126,1.412,0.5,1.1e-02,1.0e+00,0.1091,102,83,111,95,68,115,116,142,131
ENSG00000198947,DMD,109.8,34.8,75,2.148,1.1,1.1e-02,1.0e+00,0.1093,102,19,46,33,41,32,78,81,109
ENSG00000125675,GRIA3,38,25.2,12.8,0.518,-1,1.1e-02,1.0e+00,0.1093,102,28,22,26,25,13,7,22,9
ENSG00000132669,RIN2,103.2,43,60.2,1.395,0.5,1.1e-02,1.0e+00,0.1094,103,39,45,37,51,52,70,58,61
ENSG00000080573,COL5A3,30.8,10.2,20.5,2.044,1,1.1e-02,1.0e+00,0.1094,103,11,11,6,13,30,12,17,23
ENSG00000012171,SEMA3B,112.5,68.2,44.2,0.649,-0.6,1.1e-02,1.0e+00,0.1094,103,77,80,51,65,52,54,33,38
ENSG00000240771,ARHGEF25,102.8,42.2,60.5,1.429,0.5,1.1e-02,1.0e+00,0.1097,103,43,41,38,47,68,70,59,45
ENSG00000163399,ATP1A1,548,242.8,305.2,1.256,0.3,1.1e-02,1.0e+00,0.1097,103,221,251,254,245,309,297,287,328
ENSG00000136026,CKAP4,359,199.5,159.5,0.799,-0.3,1.1e-02,1.0e+00,0.1097,103,206,195,204,193,157,168,169,144
ENSG00000101079,NDRG3,71,42.8,28.2,0.663,-0.6,1.1e-02,1.0e+00,0.1097,104,42,39,38,52,20,29,29,35
ENSG00000051620,HEBP2,92.2,37.5,54.8,1.46,0.5,1.1e-02,1.0e+00,0.1098,104,31,36,47,36,43,58,58,60
ENSG00000106948,AKNA,44.5,29.5,15,0.512,-1,1.1e-02,1.0e+00,0.1098,104,28,35,17,38,14,16,9,21
ENSG00000189320,FAM180A,117.8,44,73.8,1.667,0.7,1.1e-02,1.0e+00,0.1098,104,41,39,42,54,73,78,43,101
ENSG00000164023,SGMS2,151.5,60.8,90.8,1.494,0.6,1.1e-02,1.0e+00,0.1098,104,73,69,49,52,115,95,75,78
ENSG00000115884,SDC1,42.2,27.5,14.8,0.536,-0.9,1.1e-02,1.0e+00,0.1098,104,31,29,27,23,11,17,23,8
ENSG00000132530,XAF1,43.8,28.2,15.5,0.57,-0.8,1.1e-02,1.0e+00,0.1098,104,37,25,27,24,22,13,17,10
ENSG00000166250,CLMP,580.2,340,240.2,0.706,-0.5,1.1e-02,1.0e+00,0.1098,104,301,279,411,369,229,195,283,254
ENSG00000046653,GPM6B,88.8,13.2,75.5,5.582,2.5,1.1e-02,1.0e+00,0.1103,105,4,8,32,9,15,82,178,27
ENSG00000106105,GARS1,260.2,147,113.2,0.772,-0.4,1.1e-02,1.0e+00,0.1103,105,125,152,159,152,107,104,125,117
ENSG00000080824,HSP90AA1,1257.2,729.5,527.8,0.724,-0.5,1.2e-02,1.0e+00,0.1103,105,639,775,870,634,486,500,642,483
ENSG00000153823,PID1,125.2,49.5,75.8,1.54,0.6,1.2e-02,1.0e+00,0.1103,105,38,65,43,52,94,66,61,82
ENSG00000141219,MTNAP1,36,21.8,14.2,0.659,-0.6,1.2e-02,1.0e+00,0.1106,106,22,25,22,18,13,16,14,14
ENSG00000181027,FKRP,48,19.8,28.2,1.443,0.5,1.2e-02,1.0e+00,0.1108,106,21,22,19,17,27,26,30,30
ENSG00000063587,ZNF275,57.2,23,34.2,1.504,0.6,1.2e-02,1.0e+00,0.1108,106,24,26,25,17,34,28,36,39
ENSG00000143158,MPC2,50.2,32.5,17.8,0.554,-0.9,1.2e-02,1.0e+00,0.1108,106,26,38,42,24,17,12,26,16
ENSG00000169813,HNRNPF,241.5,104,137.5,1.321,0.4,1.2e-02,1.0e+00,0.1108,106,101,99,98,118,164,134,122,130
ENSG00000111203,ITFG2,27.8,17.5,10.2,0.592,-0.8,1.2e-02,1.0e+00,0.111,107,18,14,21,17,10,7,12,12
ENSG00000136156,ITM2B,1271.5,534.5,737,1.379,0.5,1.2e-02,1.0e+00,0.111,107,502,587,457,592,723,796,578,851
ENSG00000136560,TANK,104.2,44.5,59.8,1.341,0.4,1.2e-02,1.0e+00,0.1117,108,42,40,48,48,67,60,52,60
ENSG00000101384,JAG1,112.2,68,44.2,0.65,-0.6,1.2e-02,1.0e+00,0.1119,108,75,80,48,69,55,47,32,43
ENSG00000182446,NPLOC4,159.2,69.8,89.5,1.28,0.4,1.2e-02,1.0e+00,0.1119,108,63,65,75,76,91,89,91,87
ENSG00000162545,CAMK2N1,528.8,188.2,340.5,1.811,0.9,1.2e-02,1.0e+00,0.1119,108,187,215,114,237,318,433,192,419
ENSG00000162869,PPP1R21,51.5,20.8,30.8,1.497,0.6,1.2e-02,1.0e+00,0.1119,108,22,21,16,24,30,35,26,32
ENSG00000257727,CNPY2,53.5,32.5,21,0.657,-0.6,1.2e-02,1.0e+00,0.1121,109,35,26,38,31,20,26,17,21
ENSG00000167291,TBC1D16,242,98.5,143.5,1.456,0.5,1.2e-02,1.0e+00,0.1121,109,110,79,121,84,170,111,145,148
ENSG00000189067,LITAF,463,263,200,0.76,-0.4,1.2e-02,1.0e+00,0.1121,109,232,239,309,272,179,207,219,195
ENSG00000112699,GMDS,26.2,17.2,9,0.528,-0.9,1.2e-02,1.0e+00,0.1121,109,20,16,20,13,11,6,13,6
ENSG00000285485,NFATC4,313.5,181.5,132,0.726,-0.5,1.2e-02,1.0e+00,0.1127,110,203,174,204,145,154,114,140,120
ENSG00000111737,RAB35,94,38,56,1.473,0.6,1.2e-02,1.0e+00,0.1131,110,43,38,32,39,66,42,50,66
ENSG00000161642,ZNF385A,41.5,28.2,13.2,0.468,-1.1,1.2e-02,1.0e+00,0.1133,110,38,25,22,28,17,22,6,8
ENSG00000288516,PRKACA,52.8,17.8,35,1.952,1,1.2e-02,1.0e+00,0.1138,111,14,14,22,21,21,27,57,35
ENSG00000026025,VIM,7683,4464.8,3218.2,0.721,-0.5,1.2e-02,1.0e+00,0.1143,112,3985,4436,4353,5085,2880,3580,2627,3786
ENSG00000171204,TMEM126B,45.8,27.5,18.2,0.678,-0.6,1.2e-02,1.0e+00,0.1145,112,27,26,25,32,18,21,19,15
ENSG00000176845,METRNL,50.2,32.2,18,0.556,-0.8,1.2e-02,1.0e+00,0.1147,112,40,34,34,21,13,27,17,15
ENSG00000077943,ITGA8,37.5,10,27.5,2.756,1.5,1.2e-02,1.0e+00,0.1149,112,8,5,3,24,32,34,19,25
ENSG00000182768,NGRN,167,96.8,70.2,0.726,-0.5,1.2e-02,1.0e+00,0.1152,113,94,117,92,84,83,73,67,58
ENSG00000109099,PMP22,594.5,334.5,260,0.777,-0.4,1.2e-02,1.0e+00,0.1153,113,340,363,338,297,254,234,297,255
ENSG00000086102,NFX1,93,57,36,0.631,-0.7,1.2e-02,1.0e+00,0.1154,113,63,55,47,63,50,27,26,41
ENSG00000080493,SLC4A4,24,16.2,7.8,0.498,-1,1.2e-02,1.0e+00,0.1157,114,11,21,21,12,6,9,10,6
ENSG00000131584,ACAP3,79.2,49,30.2,0.616,-0.7,1.2e-02,1.0e+00,0.1161,114,68,50,45,33,36,25,28,32
ENSG00000170485,NPAS2,35.5,12.8,22.8,1.809,0.9,1.3e-02,1.0e+00,0.1168,115,10,18,10,13,18,24,31,18
ENSG00000135046,ANXA1,805,331.8,473.2,1.426,0.5,1.3e-02,1.0e+00,0.1168,115,321,363,283,360,406,556,364,567
ENSG00000197879,MYO1C,698.2,295.2,403,1.365,0.4,1.3e-02,1.0e+00,0.1168,115,254,316,274,337,345,354,474,439
ENSG00000109079,TNFAIP1,80.8,33.5,47.2,1.402,0.5,1.3e-02,1.0e+00,0.1169,115,36,40,32,26,49,49,47,44
ENSG00000198542,ITGBL1,374.8,120.5,254.2,2.11,1.1,1.3e-02,1.0e+00,0.1171,116,55,157,128,142,116,297,284,320
ENSG00000060138,YBX3,407,173,234,1.354,0.4,1.3e-02,1.0e+00,0.1171,116,166,174,206,146,258,224,194,260
ENSG00000112992,NNT,149.2,83.8,65.5,0.784,-0.4,1.3e-02,1.0e+00,0.1172,116,84,81,79,91,72,63,64,63
ENSG00000140044,JDP2,122,71.8,50.2,0.701,-0.5,1.3e-02,1.0e+00,0.1177,117,63,76,64,84,65,44,45,47
ENSG00000104047,DTWD1,150.2,86,64.2,0.748,-0.4,1.3e-02,1.0e+00,0.1179,117,71,83,94,96,61,68,58,70
ENSG00000125965,GDF5,34.5,23,11.5,0.507,-1,1.3e-02,1.0e+00,0.118,117,29,15,25,23,16,8,16,6
ENSG00000113389,NPR3,391.2,134.5,256.8,1.909,0.9,1.3e-02,1.0e+00,0.1183,118,70,158,173,137,148,247,373,259
ENSG00000156804,FBXO32,318,109.8,208.2,1.898,0.9,1.3e-02,1.0e+00,0.1186,118,101,65,93,180,250,246,125,212
ENSG00000120159,CAAP1,23.5,15,8.5,0.571,-0.8,1.3e-02,1.0e+00,0.1193,119,14,15,16,15,12,8,9,5
ENSG00000126261,UBA2,153.5,66.2,87.2,1.312,0.4,1.3e-02,1.0e+00,0.1193,119,63,70,60,72,80,84,83,102
ENSG00000137273,FOXF2,181.8,112.8,69,0.612,-0.7,1.3e-02,1.0e+00,0.1198,120,121,115,87,128,106,53,67,50
ENSG00000131016,AKAP12,3369.8,2251.8,1118,0.496,-1,1.3e-02,1.0e+00,0.1205,120,1532,3767,1331,2377,885,1467,761,1359
ENSG00000198911,SREBF2,158.8,95.2,63.5,0.666,-0.6,1.3e-02,1.0e+00,0.1206,121,139,79,85,78,62,63,60,69
ENSG00000197496,SLC2A10,183.2,78.8,104.5,1.329,0.4,1.3e-02,1.0e+00,0.1207,121,77,84,89,65,92,112,113,101
ENSG00000172954,LCLAT1,78,28.5,49.5,1.742,0.8,1.3e-02,1.0e+00,0.1207,121,20,39,24,31,35,71,43,49
ENSG00000130559,CAMSAP1,47.2,28.8,18.5,0.653,-0.6,1.3e-02,1.0e+00,0.1207,121,30,23,35,27,19,22,15,18
ENSG00000116747,RO60,69.5,28.2,41.2,1.467,0.6,1.3e-02,1.0e+00,0.1208,121,23,28,24,38,44,40,40,41
ENSG00000198909,MAP3K3,124.2,48.5,75.8,1.563,0.6,1.3e-02,1.0e+00,0.1208,121,41,59,50,44,69,99,50,85
ENSG00000152580,IGSF10,538.8,374,164.8,0.44,-1.2,1.3e-02,1.0e+00,0.1208,122,423,400,174,499,155,204,63,237
ENSG00000142227,EMP3,192,115,77,0.672,-0.6,1.3e-02,1.0e+00,0.1209,122,147,97,95,121,102,69,72,65
ENSG00000119979,DENND10,131.5,56.5,75,1.333,0.4,1.3e-02,1.0e+00,0.1209,122,48,59,67,52,72,81,78,69
ENSG00000143379,SETDB1,51.5,31.8,19.8,0.631,-0.7,1.3e-02,1.0e+00,0.1213,123,26,29,43,29,19,16,23,21
ENSG00000131236,CAP1,584.2,246,338.2,1.374,0.5,1.3e-02,1.0e+00,0.1214,123,264,260,228,232,269,393,399,292
ENSG00000149311,ATM,183,105,78,0.742,-0.4,1.3e-02,1.0e+00,0.1217,123,82,124,106,108,70,80,82,80
ENSG00000152484,USP12,60,23,37,1.629,0.7,1.3e-02,1.0e+00,0.1217,123,25,26,23,18,30,43,26,49
ENSG00000197702,PARVA,652.8,274.5,378.2,1.377,0.5,1.4e-02,1.0e+00,0.1218,124,242,293,295,268,312,384,485,332
ENSG00000127947,PTPN12,139,58.5,80.5,1.385,0.5,1.4e-02,1.0e+00,0.1227,125,58,64,60,52,69,90,97,66
ENSG00000126778,SIX1,34.2,22.2,12,0.557,-0.8,1.4e-02,1.0e+00,0.1232,125,13,26,20,30,12,11,13,12
ENSG00000181472,ZBTB2,48.2,29.5,18.8,0.648,-0.6,1.4e-02,1.0e+00,0.1234,126,24,35,24,35,18,18,22,17
ENSG00000164574,GALNT10,271.8,113.2,158.5,1.399,0.5,1.4e-02,1.0e+00,0.1236,126,109,142,87,115,134,180,148,172
ENSG00000122971,ACADS,44.2,14.5,29.8,2.07,1,1.4e-02,1.0e+00,0.1242,127,13,11,14,20,25,33,14,47
ENSG00000124496,TRERF1,43,27.2,15.8,0.586,-0.8,1.4e-02,1.0e+00,0.1243,127,33,32,28,16,18,17,16,12
ENSG00000135924,DNAJB2,162,93.8,68.2,0.728,-0.5,1.4e-02,1.0e+00,0.1243,127,121,76,89,89,69,67,73,64
ENSG00000139329,LUM,1204.2,784.5,419.8,0.535,-0.9,1.4e-02,1.0e+00,0.1243,127,474,802,922,940,199,464,495,521
ENSG00000150630,VEGFC,107.8,62.8,45,0.719,-0.5,1.4e-02,1.0e+00,0.1243,127,67,59,73,52,40,39,51,50
ENSG00000165264,NDUFB6,31,11.2,19.8,1.743,0.8,1.4e-02,1.0e+00,0.1246,128,14,11,7,13,22,21,14,22
ENSG00000143384,MCL1,498,214.2,283.8,1.323,0.4,1.4e-02,1.0e+00,0.1246,128,232,185,201,239,266,320,242,307
ENSG00000107438,PDLIM1,244.8,89.2,155.5,1.739,0.8,1.4e-02,1.0e+00,0.1246,128,88,84,132,53,210,168,123,121
ENSG00000124145,SDC4,488,288.5,199.5,0.691,-0.5,1.4e-02,1.0e+00,0.1246,128,280,373,212,289,163,232,212,191
ENSG00000226479,TMEM185B,87.2,36.2,51,1.402,0.5,1.4e-02,1.0e+00,0.1249,128,36,38,28,43,49,50,46,59
ENSG00000108797,CNTNAP1,160.8,97.8,63,0.645,-0.6,1.4e-02,1.0e+00,0.126,130,108,95,66,122,55,82,50,65
ENSG00000143416,SELENBP1,113.5,70,43.5,0.628,-0.7,1.4e-02,1.0e+00,0.1263,130,88,71,60,61,65,40,35,34
ENSG00000152518,ZFP36L2,659,270,389,1.441,0.5,1.4e-02,1.0e+00,0.1263,130,290,202,238,350,411,365,331,449
ENSG00000110237,ARHGEF17,215.5,96,119.5,1.238,0.3,1.4e-02,1.0e+00,0.1263,130,93,94,100,97,112,116,126,124
ENSG00000112514,CUTA,102.8,59.5,43.2,0.729,-0.5,1.4e-02,1.0e+00,0.1263,130,59,55,67,57,36,45,53,39
ENSG00000100380,ST13,540.2,306.2,234,0.763,-0.4,1.4e-02,1.0e+00,0.1276,132,267,318,352,288,226,235,205,270
ENSG00000085377,PREP,58,24.5,33.5,1.382,0.5,1.4e-02,1.0e+00,0.1278,132,23,23,25,27,37,35,31,31
ENSG00000242616,GNG10,84.2,32.5,51.8,1.579,0.7,1.5e-02,1.0e+00,0.1278,132,35,18,38,39,50,57,43,57
ENSG00000163867,ZMYM6,28.2,10.2,18,1.762,0.8,1.5e-02,1.0e+00,0.1278,133,11,8,11,11,11,23,18,20
ENSG00000108819,PPP1R9B,157.2,91.5,65.8,0.718,-0.5,1.5e-02,1.0e+00,0.1278,133,96,71,93,106,53,65,75,70
ENSG00000137831,UACA,240.2,143.5,96.8,0.675,-0.6,1.5e-02,1.0e+00,0.1278,133,109,149,157,159,79,134,87,87
ENSG00000053747,LAMA3,94,33,61,1.835,0.9,1.5e-02,1.0e+00,0.1278,133,38,13,49,32,58,67,51,68
ENSG00000148180,GSN,1190,498.8,691.2,1.386,0.5,1.5e-02,1.0e+00,0.1278,133,553,405,554,483,735,533,685,812
ENSG00000153317,ASAP1,326.2,140.5,185.8,1.324,0.4,1.5e-02,1.0e+00,0.1281,133,133,135,175,119,166,187,197,193
ENSG00000124207,CSE1L,107,61.5,45.5,0.74,-0.4,1.5e-02,1.0e+00,0.1281,134,64,72,59,51,44,44,43,51
ENSG00000177889,UBE2N,74.8,29.2,45.5,1.552,0.6,1.5e-02,1.0e+00,0.1282,134,33,26,27,31,55,44,54,29
ENSG00000067113,PLPP1,146.8,92.5,54.2,0.588,-0.8,1.5e-02,1.0e+00,0.1282,134,82,84,86,118,76,54,27,60
ENSG00000100979,PLTP,563,326.8,236.2,0.723,-0.5,1.5e-02,1.0e+00,0.1282,134,378,338,346,245,252,251,252,190
ENSG00000123983,ACSL3,236,136.8,99.2,0.726,-0.5,1.5e-02,1.0e+00,0.1284,134,142,167,118,120,96,121,85,95
ENSG00000132589,FLOT2,169.2,72.8,96.5,1.323,0.4,1.5e-02,1.0e+00,0.1298,136,64,74,74,79,78,110,99,99
ENSG00000136546,SCN7A,409.8,122.2,287.5,2.35,1.2,1.5e-02,1.0e+00,0.1298,136,123,115,60,191,196,305,137,512
ENSG00000181019,NQO1,262.8,165.5,97.2,0.588,-0.8,1.5e-02,1.0e+00,0.1298,136,135,150,253,124,109,84,129,67
ENSG00000146281,PM20D2,38.5,15.2,23.2,1.526,0.6,1.5e-02,1.0e+00,0.1298,136,14,13,19,15,25,28,21,19
ENSG00000139746,RBM26,77.8,45.5,32.2,0.705,-0.5,1.5e-02,1.0e+00,0.1301,137,41,42,48,51,27,27,40,35
ENSG00000198064,NPIPB13,28.2,19.5,8.8,0.455,-1.1,1.5e-02,1.0e+00,0.1302,137,22,16,21,19,16,9,8,2
ENSG00000184640,SEPTIN9,727.2,417.5,309.8,0.741,-0.4,1.5e-02,1.0e+00,0.1302,137,491,398,399,382,383,305,295,256
ENSG00000168646,AXIN2,35.8,12.2,23.5,1.888,0.9,1.5e-02,1.0e+00,0.1302,137,13,13,6,17,24,25,15,30
ENSG00000083720,OXCT1,82.2,30.8,51.5,1.672,0.7,1.5e-02,1.0e+00,0.1302,137,20,42,31,30,49,69,35,53
ENSG00000065833,ME1,57.5,35.2,22.2,0.64,-0.6,1.5e-02,1.0e+00,0.1302,138,34,38,42,27,22,26,26,15
ENSG00000166949,SMAD3,402,232.2,169.8,0.732,-0.5,1.5e-02,1.0e+00,0.1302,138,207,270,232,220,137,215,163,164
ENSG00000188342,GTF2F2,23.2,15.5,7.8,0.514,-1,1.5e-02,1.0e+00,0.1304,138,13,13,23,13,9,6,11,5
ENSG00000120899,PTK2B,37.5,10.8,26.8,2.479,1.3,1.5e-02,1.0e+00,0.1304,138,7,16,10,10,12,48,30,17
ENSG00000125398,SOX9,48.5,33.5,15,0.464,-1.1,1.5e-02,1.0e+00,0.131,139,29,41,21,43,24,14,5,17
ENSG00000035664,DAPK2,56.8,15.5,41.2,2.642,1.4,1.5e-02,1.0e+00,0.131,139,6,15,9,32,18,52,41,54
ENSG00000085719,CPNE3,224.8,98.5,126.2,1.28,0.4,1.5e-02,1.0e+00,0.131,139,107,106,95,86,110,133,130,132
ENSG00000145901,TNIP1,215.5,87.2,128.2,1.466,0.6,1.5e-02,1.0e+00,0.131,139,60,92,101,96,98,139,150,126
ENSG00000213064,SFT2D2,167.5,65,102.5,1.578,0.7,1.5e-02,1.0e+00,0.1313,140,58,80,52,70,89,144,70,107
ENSG00000177917,ARL6IP6,32.2,12,20.2,1.713,0.8,1.5e-02,1.0e+00,0.1313,140,12,12,8,16,21,24,14,22
ENSG00000136720,HS6ST1,121.8,48.2,73.5,1.524,0.6,1.5e-02,1.0e+00,0.1313,140,41,48,58,46,98,54,83,59
ENSG00000139343,SNRPF,24,15.2,8.8,0.579,-0.8,1.5e-02,1.0e+00,0.1314,140,16,18,13,14,6,8,11,10
ENSG00000196123,MATCAP1,25.8,17,8.8,0.521,-0.9,1.5e-02,1.0e+00,0.1314,140,22,17,10,19,10,7,6,12
ENSG00000164985,PSIP1,146.8,83.5,63.2,0.759,-0.4,1.5e-02,1.0e+00,0.1316,141,75,95,72,92,60,69,63,61
ENSG00000196139,AKR1C3,132.5,85.8,46.8,0.548,-0.9,1.5e-02,1.0e+00,0.1316,141,99,81,66,97,56,54,18,59
ENSG00000181830,SLC35C1,70.2,28.5,41.8,1.462,0.5,1.5e-02,1.0e+00,0.1316,141,22,27,34,31,34,40,50,43
ENSG00000099814,CEP170B,68,41.5,26.5,0.648,-0.6,1.5e-02,1.0e+00,0.1317,141,37,36,39,54,25,24,36,21
ENSG00000117519,CNN3,537.5,224.2,313.2,1.397,0.5,1.5e-02,1.0e+00,0.1318,142,179,267,186,265,295,364,282,312
ENSG00000100445,SDR39U1,27,19,8,0.426,-1.2,1.5e-02,1.0e+00,0.1318,142,13,15,23,25,15,2,9,6
ENSG00000023734,STRAP,162.5,70.2,92.2,1.317,0.4,1.6e-02,1.0e+00,0.1321,142,61,68,78,74,99,103,88,79
ENSG00000144028,SNRNP200,376.5,210.8,165.8,0.786,-0.3,1.6e-02,1.0e+00,0.1321,142,217,192,239,195,168,147,174,174
ENSG00000197121,PGAP1,34,20.8,13.2,0.653,-0.6,1.6e-02,1.0e+00,0.1322,142,19,20,20,24,14,13,16,10
ENSG00000008441,NFIX,895.5,502.5,393,0.782,-0.4,1.6e-02,1.0e+00,0.133,143,538,490,460,522,434,372,339,427
ENSG00000091483,FH,80.8,32.5,48.2,1.472,0.6,1.6e-02,1.0e+00,0.133,144,38,27,32,33,35,48,51,59
ENSG00000171604,CXXC5,56.5,34.5,22,0.641,-0.6,1.6e-02,1.0e+00,0.133,144,32,33,33,40,16,27,28,17
ENSG00000223953,C1QTNF5,41.2,16.2,25,1.526,0.6,1.6e-02,1.0e+00,0.1332,144,19,15,19,12,26,21,27,26
ENSG00000136169,SETDB2,40.2,24.2,16,0.658,-0.6,1.6e-02,1.0e+00,0.1333,144,23,20,31,23,15,17,17,15
ENSG00000093183,SEC22C,112,46.8,65.2,1.395,0.5,1.6e-02,1.0e+00,0.1339,145,43,45,38,61,73,67,57,64
ENSG00000211448,DIO2,51,16,35,2.186,1.1,1.6e-02,1.0e+00,0.134,145,10,14,9,31,40,49,26,25
ENSG00000132740,IGHMBP2,28,10.2,17.8,1.695,0.8,1.6e-02,1.0e+00,0.1344,146,13,8,10,10,14,16,18,23
ENSG00000183876,ARSI,19.5,14.2,5.2,0.381,-1.4,1.6e-02,1.0e+00,0.1344,146,12,15,21,9,3,3,12,3
ENSG00000174807,CD248,1091.5,682.8,408.8,0.599,-0.7,1.6e-02,1.0e+00,0.1344,146,757,744,595,635,677,368,289,301
ENSG00000133818,RRAS2,240,101.5,138.5,1.366,0.4,1.6e-02,1.0e+00,0.1344,146,82,116,104,104,122,161,116,155
ENSG00000171988,JMJD1C,129.8,72.8,57,0.782,-0.4,1.6e-02,1.0e+00,0.1344,147,69,72,74,76,50,62,61,55
ENSG00000101150,TPD52L2,317,140.5,176.5,1.256,0.3,1.6e-02,1.0e+00,0.1344,147,145,149,127,141,181,170,159,196
ENSG00000170989,S1PR1,26.8,17.8,9,0.519,-0.9,1.6e-02,1.0e+00,0.1344,147,17,21,22,11,14,5,9,8
ENSG00000176928,GCNT4,37.5,8.5,29,3.396,1.8,1.6e-02,1.0e+00,0.1344,147,10,12,8,4,9,39,57,11
ENSG00000186340,THBS2,1210.2,730.5,479.8,0.657,-0.6,1.6e-02,1.0e+00,0.1344,147,976,715,445,786,523,443,436,517
ENSG00000140285,FGF7,775,430.5,344.5,0.8,-0.3,1.6e-02,1.0e+00,0.1346,147,423,390,437,472,346,374,320,338
ENSG00000177628,GBA1,214.2,122.8,91.5,0.746,-0.4,1.6e-02,1.0e+00,0.1346,147,124,124,114,129,75,86,88,117
ENSG00000112282,MED23,69,40.2,28.8,0.714,-0.5,1.6e-02,1.0e+00,0.1356,149,44,46,38,33,28,25,31,31
ENSG00000068697,LAPTM4A,707,394.8,312.2,0.792,-0.3,1.6e-02,1.0e+00,0.1356,149,390,349,436,404,299,317,345,288
ENSG00000163877,SNIP1,34.8,13,21.8,1.652,0.7,1.6e-02,1.0e+00,0.1356,149,19,9,11,13,22,19,21,25
ENSG00000176390,CRLF3,24.2,8,16.2,2.031,1,1.6e-02,1.0e+00,0.1356,149,11,8,6,7,9,25,17,14
ENSG00000172732,MUS81,40,15.8,24.2,1.541,0.6,1.6e-02,1.0e+00,0.1361,150,16,12,14,21,28,22,25,22
ENSG00000107679,PLEKHA1,55,22,33,1.514,0.6,1.6e-02,1.0e+00,0.1361,150,23,29,17,19,31,30,31,40
ENSG00000239779,WBP1,82,47.8,34.2,0.718,-0.5,1.6e-02,1.0e+00,0.1364,150,39,47,50,55,40,28,33,36
ENSG00000075188,NUP37,35,21,14,0.671,-0.6,1.6e-02,1.0e+00,0.1364,151,25,20,19,20,14,16,12,14
ENSG00000168386,FILIP1L,177.8,111.8,66,0.59,-0.8,1.7e-02,1.0e+00,0.1367,151,101,174,95,77,74,78,69,43
ENSG00000266524,GDF10,368,245,123,0.503,-1,1.7e-02,1.0e+00,0.1367,151,301,208,108,363,172,95,88,137
ENSG00000087253,LPCAT2,60.8,35.8,25,0.702,-0.5,1.7e-02,1.0e+00,0.1367,151,29,36,37,41,21,27,23,29
ENSG00000128016,ZFP36,140.2,61.2,79,1.289,0.4,1.7e-02,1.0e+00,0.1369,152,65,64,65,51,75,77,79,85
ENSG00000124006,OBSL1,122,52.5,69.5,1.325,0.4,1.7e-02,1.0e+00,0.1372,152,55,43,62,50,65,72,66,75
ENSG00000101843,PSMD10,61.2,37,24.2,0.662,-0.6,1.7e-02,1.0e+00,0.1375,153,48,35,32,33,22,31,25,19
ENSG00000066933,MYO9A,104.5,44.2,60.2,1.356,0.4,1.7e-02,1.0e+00,0.1382,154,48,52,39,38,54,64,57,66
ENSG00000163394,CCKAR,100.2,83.2,17,0.202,-2.3,1.7e-02,1.0e+00,0.1384,154,39,85,15,194,8,19,2,39
ENSG00000146007,ZMAT2,101,58.8,42.2,0.717,-0.5,1.7e-02,1.0e+00,0.1384,154,53,69,59,54,39,50,47,33
ENSG00000161036,LRWD1,22.2,8.5,13.8,1.612,0.7,1.7e-02,1.0e+00,0.1385,154,9,9,8,8,12,17,13,13
ENSG00000066697,MSANTD3,67.8,41.5,26.2,0.634,-0.7,1.7e-02,1.0e+00,0.1387,155,53,26,43,44,28,22,24,31
ENSG00000124209,RAB22A,108.2,61.5,46.8,0.758,-0.4,1.7e-02,1.0e+00,0.1388,155,55,56,69,66,45,53,42,47
ENSG00000116406,EDEM3,141,60.8,80.2,1.317,0.4,1.7e-02,1.0e+00,0.1388,155,70,55,66,52,73,87,76,85
ENSG00000116005,PCYOX1,706.8,300.2,406.5,1.352,0.4,1.7e-02,1.0e+00,0.1388,155,266,318,326,291,320,473,362,471
ENSG00000119718,EIF2B2,43,27,16,0.592,-0.8,1.7e-02,1.0e+00,0.1388,155,19,25,41,23,15,16,15,18
ENSG00000079819,EPB41L2,592.8,332.5,260.2,0.783,-0.4,1.7e-02,1.0e+00,0.1391,156,310,352,345,323,262,216,297,266
ENSG00000135778,NTPCR,55,34,21,0.627,-0.7,1.7e-02,1.0e+00,0.1391,156,45,33,22,36,24,20,22,18
ENSG00000159082,SYNJ1,37,23.5,13.5,0.581,-0.8,1.7e-02,1.0e+00,0.1392,156,15,25,33,21,15,13,16,10
ENSG00000141562,NARF,60.2,36,24.2,0.677,-0.6,1.7e-02,1.0e+00,0.1397,157,34,34,41,35,21,26,18,32
ENSG00000197586,ENTPD6,80.5,34.5,46,1.335,0.4,1.7e-02,1.0e+00,0.14,157,38,38,33,29,43,45,47,49
ENSG00000106780,MEGF9,113,49.5,63.5,1.286,0.4,1.7e-02,1.0e+00,0.1405,158,51,46,56,45,60,65,62,67
ENSG00000100823,APEX1,139,80.8,58.2,0.72,-0.5,1.7e-02,1.0e+00,0.141,159,98,85,62,78,69,51,56,57
ENSG00000070669,ASNS,36,24.2,11.8,0.486,-1,1.7e-02,1.0e+00,0.141,159,17,35,20,25,8,22,8,9
ENSG00000078124,ACER3,31.2,11,20.2,1.865,0.9,1.7e-02,1.0e+00,0.141,159,13,16,7,8,22,26,20,13
ENSG00000263465,SRSF8,45.8,18.5,27.2,1.484,0.6,1.7e-02,1.0e+00,0.141,159,16,21,18,19,25,22,34,28
ENSG00000170365,SMAD1,46.8,28.5,18.2,0.646,-0.6,1.7e-02,1.0e+00,0.1412,160,25,25,24,40,18,17,18,20
ENSG00000107130,NCS1,92.5,53.8,38.8,0.726,-0.5,1.7e-02,1.0e+00,0.1412,160,60,42,49,64,41,41,37,36
ENSG00000112983,BRD8,121.5,68.5,53,0.772,-0.4,1.7e-02,1.0e+00,0.1412,160,63,77,62,72,47,54,56,55
ENSG00000167702,KIFC2,38.8,14.5,24.2,1.67,0.7,1.7e-02,1.0e+00,0.1412,160,16,9,19,14,33,21,21,22
ENSG00000165527,ARF6,146.8,59,87.8,1.498,0.6,1.8e-02,1.0e+00,0.1413,160,47,63,79,47,96,86,104,65
ENSG00000163527,STT3B,318.8,140.8,178,1.264,0.3,1.8e-02,1.0e+00,0.1414,160,165,137,126,135,165,183,186,178
ENSG00000079950,STX7,112.8,47,65.8,1.398,0.5,1.8e-02,1.0e+00,0.1414,161,59,40,39,50,64,62,58,79
ENSG00000074657,ZNF532,244.5,138.2,106.2,0.768,-0.4,1.8e-02,1.0e+00,0.1414,161,128,156,133,136,90,108,100,127
ENSG00000101928,MOSPD1,91.8,37.5,54.2,1.44,0.5,1.8e-02,1.0e+00,0.1414,161,41,34,44,31,42,63,50,62
ENSG00000099785,MARCHF2,36.5,14,22.5,1.588,0.7,1.8e-02,1.0e+00,0.1414,161,14,14,10,18,20,27,18,25
ENSG00000145632,PLK2,44.5,28.8,15.8,0.554,-0.9,1.8e-02,1.0e+00,0.1414,161,19,40,31,25,14,14,24,11
ENSG00000147475,ERLIN2,145,85,60,0.707,-0.5,1.8e-02,1.0e+00,0.1419,162,81,91,70,98,59,60,76,45
ENSG00000167565,SERTAD3,22.5,14.2,8.2,0.594,-0.8,1.8e-02,1.0e+00,0.1419,162,12,13,16,16,8,6,11,8
ENSG00000184939,ZFP90,65.2,39.5,25.8,0.656,-0.6,1.8e-02,1.0e+00,0.1419,162,36,43,43,36,21,26,19,37
ENSG00000182158,CREB3L2,260.5,104.5,156,1.492,0.6,1.8e-02,1.0e+00,0.1422,163,112,105,114,87,156,119,225,124
ENSG00000128274,A4GALT,113.2,44,69.2,1.573,0.7,1.8e-02,1.0e+00,0.143,164,28,61,47,40,55,84,62,76
ENSG00000163812,ZDHHC3,201.2,87.8,113.5,1.293,0.4,1.8e-02,1.0e+00,0.143,164,70,102,93,86,113,116,116,109
ENSG00000172301,COPRS,63,36.8,26.2,0.719,-0.5,1.8e-02,1.0e+00,0.143,164,38,34,42,33,22,27,25,31
ENSG00000090372,STRN4,104,43.8,60.2,1.372,0.5,1.8e-02,1.0e+00,0.1431,164,38,43,53,41,53,65,53,70
ENSG00000101457,DNTTIP1,26.5,17,9.5,0.564,-0.8,1.8e-02,1.0e+00,0.1435,165,20,15,19,14,14,5,9,10
ENSG00000010278,CD9,318.5,130.8,187.8,1.435,0.5,1.8e-02,1.0e+00,0.1435,165,124,131,91,177,165,199,178,209
ENSG00000129250,KIF1C,653.8,275,378.8,1.378,0.5,1.8e-02,1.0e+00,0.1444,166,225,332,279,264,287,419,431,378
ENSG00000189077,TMEM120A,36.2,13.8,22.5,1.618,0.7,1.8e-02,1.0e+00,0.1444,166,19,12,14,10,21,18,25,26
ENSG00000133316,WDR74,23.8,8.5,15.2,1.818,0.9,1.8e-02,1.0e+00,0.1445,167,13,8,8,5,18,17,15,11
ENSG00000171603,CLSTN1,568.8,246.8,322,1.304,0.4,1.8e-02,1.0e+00,0.1449,167,214,290,268,215,293,321,360,314
ENSG00000158122,PRXL2C,66,25.2,40.8,1.63,0.7,1.8e-02,1.0e+00,0.145,167,24,27,17,33,47,41,26,49
ENSG00000002834,LASP1,682.5,299.5,383,1.28,0.4,1.8e-02,1.0e+00,0.1453,168,288,327,266,317,321,423,402,386
ENSG00000081087,OSTM1,100.8,41.2,59.5,1.431,0.5,1.8e-02,1.0e+00,0.1453,168,44,38,40,43,53,81,58,46
ENSG00000090776,EFNB1,46.2,28.2,18,0.66,-0.6,1.8e-02,1.0e+00,0.1454,168,29,30,23,31,20,14,15,23
ENSG00000185745,IFIT1,25.2,17.2,8,0.47,-1.1,1.8e-02,1.0e+00,0.1454,169,21,17,8,23,8,11,4,9
ENSG00000154856,APCDD1,119.2,31.5,87.8,2.767,1.5,1.8e-02,1.0e+00,0.1454,169,38,38,37,13,195,69,50,37
ENSG00000117500,TMED5,189.5,82,107.5,1.311,0.4,1.8e-02,1.0e+00,0.1454,169,82,67,86,93,94,102,120,114
ENSG00000102007,PLP2,85.5,34,51.5,1.517,0.6,1.8e-02,1.0e+00,0.1455,169,28,40,28,40,68,49,37,52
ENSG00000204262,COL5A2,1354.5,602.8,751.8,1.248,0.3,1.9e-02,1.0e+00,0.1457,169,551,594,651,615,803,687,717,800
ENSG00000103111,MON1B,88,35.5,52.5,1.484,0.6,1.9e-02,1.0e+00,0.1458,170,35,36,30,41,44,61,38,67
ENSG00000107186,MPDZ,140.5,84.5,56,0.662,-0.6,1.9e-02,1.0e+00,0.1459,170,61,88,93,96,36,59,64,65
ENSG00000136868,SLC31A1,91.2,38,53.2,1.397,0.5,1.9e-02,1.0e+00,0.1459,170,36,45,39,32,48,49,67,49
ENSG00000117410,ATP6V0B,61.2,24,37.2,1.535,0.6,1.9e-02,1.0e+00,0.1459,170,24,18,28,26,52,34,31,32
ENSG00000072310,SREBF1,146.5,93.8,52.8,0.561,-0.8,1.9e-02,1.0e+00,0.1459,170,127,125,47,76,64,54,54,39
ENSG00000087269,NOP14,74,31.2,42.8,1.367,0.5,1.9e-02,1.0e+00,0.1459,171,31,27,38,29,44,41,47,39
ENSG00000135052,GOLM1,152.5,91.2,61.2,0.673,-0.6,1.9e-02,1.0e+00,0.146,171,63,83,124,95,60,63,71,51
ENSG00000126947,ARMCX1,98.5,58,40.5,0.701,-0.5,1.9e-02,1.0e+00,0.146,171,71,52,51,58,41,44,29,48
ENSG00000139636,LMBR1L,53,21,32,1.519,0.6,1.9e-02,1.0e+00,0.1465,172,19,15,25,25,41,30,29,28
ENSG00000274958,ITPK1,46,17.5,28.5,1.619,0.7,1.9e-02,1.0e+00,0.1465,172,17,16,12,25,25,23,32,34
ENSG00000143553,SNAPIN,47,28.8,18.2,0.648,-0.6,1.9e-02,1.0e+00,0.1466,172,34,25,26,30,25,16,18,14
ENSG00000132313,MRPL35,35.5,21.8,13.8,0.636,-0.7,1.9e-02,1.0e+00,0.1467,172,18,23,27,19,10,17,15,13
ENSG00000107854,TNKS2,207.5,117,90.5,0.776,-0.4,1.9e-02,1.0e+00,0.1467,172,110,100,123,135,98,93,81,90
ENSG00000062650,WAPL,81,34.2,46.8,1.361,0.4,1.9e-02,1.0e+00,0.1474,173,38,30,38,31,46,54,47,40
ENSG00000133466,C1QTNF6,24,16,8,0.506,-1,1.9e-02,1.0e+00,0.1477,174,16,10,14,24,10,10,8,4
ENSG00000113328,CCNG1,425.5,241,184.5,0.765,-0.4,1.9e-02,1.0e+00,0.148,174,263,239,253,209,192,214,148,184
ENSG00000163359,COL6A3,7146.5,4060.2,3086.2,0.76,-0.4,1.9e-02,1.0e+00,0.148,175,4555,3534,4009,4143,3564,2646,2880,3255
ENSG00000164506,STXBP5,161.8,69.8,92,1.32,0.4,1.9e-02,1.0e+00,0.148,175,78,70,57,74,98,97,76,97
ENSG00000067225,PKM,1839,1053.2,785.8,0.746,-0.4,1.9e-02,1.0e+00,0.148,175,1064,1105,1061,983,812,782,962,587
ENSG00000132357,CARD6,62.5,25.2,37.2,1.476,0.6,1.9e-02,1.0e+00,0.1484,176,19,32,29,21,36,42,32,39
ENSG00000113621,TXNDC15,112.8,49.8,63,1.268,0.3,1.9e-02,1.0e+00,0.1484,176,48,47,55,49,63,68,63,58
ENSG00000121210,TMEM131L,40,24.5,15.5,0.638,-0.6,1.9e-02,1.0e+00,0.1485,176,25,25,23,25,12,21,11,18
ENSG00000132824,SERINC3,595.2,261.5,333.8,1.277,0.4,1.9e-02,1.0e+00,0.1491,177,236,263,284,263,285,373,310,367
ENSG00000145817,YIPF5,169,97.2,71.8,0.739,-0.4,1.9e-02,1.0e+00,0.1493,177,98,89,99,103,62,61,95,69
ENSG00000159692,CTBP1,188.5,105.8,82.8,0.784,-0.4,1.9e-02,1.0e+00,0.1495,178,109,117,94,103,92,72,87,80
ENSG00000078070,MCCC1,44.8,17,27.8,1.669,0.7,1.9e-02,1.0e+00,0.1495,178,13,24,18,13,24,38,22,27
ENSG00000160741,CRTC2,49.2,20.2,29,1.429,0.5,2.0e-02,1.0e+00,0.1499,178,25,16,21,19,32,28,29,27
ENSG00000125746,EML2,52.5,21,31.5,1.513,0.6,2.0e-02,1.0e+00,0.1503,179,14,24,22,24,28,26,34,38
ENSG00000134247,PTGFRN,106.5,67.2,39.2,0.584,-0.8,2.0e-02,1.0e+00,0.1503,179,89,56,42,82,55,28,31,43
ENSG00000154127,UBASH3B,35.8,11.2,24.5,2.206,1.1,2.0e-02,1.0e+00,0.1503,179,12,6,14,13,28,14,43,13
ENSG00000113361,CDH6,206.5,148.8,57.8,0.39,-1.4,2.0e-02,1.0e+00,0.1503,179,51,261,81,202,26,73,63,69
ENSG00000103742,IGDCC4,29.8,22.2,7.5,0.341,-1.6,2.0e-02,1.0e+00,0.1503,180,22,7,41,19,8,4,15,3
ENSG00000088930,XRN2,239,135,104,0.771,-0.4,2.0e-02,1.0e+00,0.1505,180,110,151,145,134,104,98,119,95
ENSG00000168234,TTC39C,50,20,30,1.5,0.6,2.0e-02,1.0e+00,0.1506,180,21,15,23,21,21,33,33,33
ENSG00000119408,NEK6,206.8,122.8,84,0.685,-0.5,2.0e-02,1.0e+00,0.1507,181,120,111,133,127,80,66,124,66
ENSG00000134853,PDGFRA,1918.8,778.8,1140,1.464,0.5,2.0e-02,1.0e+00,0.151,181,713,845,663,894,831,1431,916,1382
ENSG00000134138,MEIS2,59.5,37.2,22.2,0.592,-0.8,2.0e-02,1.0e+00,0.151,181,27,42,28,52,18,23,17,31
ENSG00000106683,LIMK1,105,61.2,43.8,0.709,-0.5,2.0e-02,1.0e+00,0.151,181,65,56,52,72,42,33,55,45
ENSG00000113721,PDGFRB,1735,765,970,1.267,0.3,2.0e-02,1.0e+00,0.1511,182,772,810,732,746,815,1051,937,1077
ENSG00000064393,HIPK2,220,92,128,1.388,0.5,2.0e-02,1.0e+00,0.1511,182,70,89,101,108,146,98,140,128
ENSG00000112320,SOBP,26,18,8,0.457,-1.1,2.0e-02,1.0e+00,0.1512,182,12,18,18,24,8,13,2,9
ENSG00000165821,SALL2,35.2,21.2,14,0.662,-0.6,2.0e-02,1.0e+00,0.1514,182,22,21,19,23,14,18,14,10
ENSG00000079257,LXN,142.5,98.8,43.8,0.442,-1.2,2.0e-02,1.0e+00,0.1514,183,170,93,57,75,71,53,16,35
ENSG00000130311,DDA1,53.8,22,31.8,1.461,0.5,2.0e-02,1.0e+00,0.1514,183,21,20,22,25,24,34,29,40
ENSG00000082996,RNF13,85.8,35.2,50.5,1.428,0.5,2.0e-02,1.0e+00,0.1529,185,28,39,36,38,45,66,43,48
ENSG00000181192,DHTKD1,49.5,19.5,30,1.551,0.6,2.0e-02,1.0e+00,0.153,185,19,23,22,14,32,26,23,39
ENSG00000108840,HDAC5,237.8,99.5,138.2,1.385,0.5,2.0e-02,1.0e+00,0.1531,185,114,93,80,111,115,128,132,178
ENSG00000115457,IGFBP2,158.2,33.2,125,3.784,1.9,2.0e-02,1.0e+00,0.1531,185,1,58,50,24,29,159,198,114
ENSG00000163659,TIPARP,30.5,11,19.5,1.719,0.8,2.0e-02,1.0e+00,0.1534,186,13,11,12,8,15,22,14,27
ENSG00000035115,SH3YL1,37.8,24.2,13.5,0.58,-0.8,2.0e-02,1.0e+00,0.1536,186,26,20,24,27,18,6,16,14
ENSG00000160908,ZNF394,26.2,10,16.2,1.65,0.7,2.0e-02,1.0e+00,0.1536,187,12,11,7,10,14,13,20,18
ENSG00000197594,ENPP1,56.5,18.2,38.2,2.099,1.1,2.0e-02,1.0e+00,0.1536,187,14,20,23,16,17,57,24,55
ENSG00000110906,KCTD10,241.5,101.8,139.8,1.369,0.5,2.0e-02,1.0e+00,0.1538,187,104,120,93,90,117,183,130,129
ENSG00000166483,WEE1,252.8,97.2,155.5,1.598,0.7,2.1e-02,1.0e+00,0.1546,188,74,114,66,135,117,183,134,188
ENSG00000006451,RALA,99.5,59.2,40.2,0.679,-0.6,2.1e-02,1.0e+00,0.1546,188,82,40,56,59,42,37,42,40
ENSG00000170846,MRFAP1L2,19.5,12.5,7,0.576,-0.8,2.1e-02,1.0e+00,0.1549,189,13,14,12,11,6,10,7,5
ENSG00000283979,RFLNB,87.8,37,50.8,1.368,0.5,2.1e-02,1.0e+00,0.1549,189,38,30,36,44,47,44,53,59
ENSG00000136732,GYPC,96.2,55.2,41,0.741,-0.4,2.1e-02,1.0e+00,0.1549,189,54,55,59,53,43,41,49,31
ENSG00000198964,SGMS1,112.5,65.5,47,0.718,-0.5,2.1e-02,1.0e+00,0.1549,189,65,82,57,58,46,58,38,46
ENSG00000148516,ZEB1,924.8,400.5,524.2,1.309,0.4,2.1e-02,1.0e+00,0.155,190,352,406,428,416,402,545,569,581
ENSG00000111799,COL12A1,3668.8,2046,1622.8,0.793,-0.3,2.1e-02,1.0e+00,0.155,190,1944,2160,2260,1820,1513,1660,1753,1565
ENSG00000213625,LEPROT,359.5,157.2,202.2,1.286,0.4,2.1e-02,1.0e+00,0.155,190,156,152,157,164,160,206,238,205
ENSG00000146966,DENND2A,227.8,94.5,133.2,1.409,0.5,2.1e-02,1.0e+00,0.155,190,87,94,87,110,139,90,140,164
ENSG00000165156,ZHX1,108.5,62.8,45.8,0.733,-0.4,2.1e-02,1.0e+00,0.155,190,58,58,66,69,46,47,34,56
ENSG00000198700,IPO9,185.5,103.2,82.2,0.795,-0.3,2.1e-02,1.0e+00,0.1551,190,111,91,105,106,73,90,80,86
ENSG00000071564,TCF3,111.5,64.2,47.2,0.738,-0.4,2.1e-02,1.0e+00,0.1562,192,77,63,66,51,47,40,54,48
ENSG00000171161,ZNF672,23,15,8,0.539,-0.9,2.1e-02,1.0e+00,0.1563,192,18,12,10,20,10,7,10,5
ENSG00000286190,ENSG00000286190,29,20,9,0.457,-1.1,2.1e-02,1.0e+00,0.1563,192,19,14,19,28,9,5,4,18
ENSG00000120688,WBP4,28.8,10.8,18,1.677,0.7,2.1e-02,1.0e+00,0.1569,193,12,14,9,8,15,22,14,21
ENSG00000129353,SLC44A2,355,145.5,209.5,1.438,0.5,2.1e-02,1.0e+00,0.1571,194,113,174,172,123,162,267,213,196
ENSG00000110436,SLC1A2,24.8,16.8,8,0.491,-1,2.1e-02,1.0e+00,0.1571,194,14,23,18,12,3,12,10,7
ENSG00000093144,ECHDC1,124,51.2,72.8,1.426,0.5,2.1e-02,1.0e+00,0.1573,194,55,50,61,39,94,73,62,62
ENSG00000072135,PTPN18,29.2,10.5,18.8,1.811,0.9,2.1e-02,1.0e+00,0.1578,195,13,6,15,8,26,18,17,14
ENSG00000117899,MESD,145.2,64.8,80.5,1.243,0.3,2.1e-02,1.0e+00,0.1585,196,70,65,58,66,76,82,83,81
ENSG00000276709,ENSG00000276709,28.2,18,10.2,0.563,-0.8,2.1e-02,1.0e+00,0.1585,196,17,17,17,21,7,18,8,8
ENSG00000153936,HS2ST1,161,63.2,97.8,1.537,0.6,2.1e-02,1.0e+00,0.1585,196,63,51,62,77,83,130,63,115
ENSG00000244486,SCARF2,79.8,32,47.8,1.502,0.6,2.2e-02,1.0e+00,0.1589,197,26,30,27,45,50,37,46,58
ENSG00000106628,POLD2,92,52,40,0.768,-0.4,2.2e-02,1.0e+00,0.159,197,57,53,52,46,42,34,43,41
ENSG00000116750,UCHL5,24.8,15.5,9.2,0.603,-0.7,2.2e-02,1.0e+00,0.1591,198,17,13,14,18,8,13,9,7
ENSG00000162496,DHRS3,333.2,108,225.2,2.082,1.1,2.2e-02,1.0e+00,0.1591,198,91,160,63,118,200,337,86,278
ENSG00000137522,RNF121,24,15.5,8.5,0.571,-0.8,2.2e-02,1.0e+00,0.1591,198,12,21,14,15,6,7,11,10
ENSG00000077713,SLC25A43,49.8,19.2,30.5,1.578,0.7,2.2e-02,1.0e+00,0.1591,198,13,17,29,18,31,30,30,31
ENSG00000080822,CLDND1,83.2,34.2,49,1.442,0.5,2.2e-02,1.0e+00,0.1595,199,28,39,38,32,62,44,37,53
ENSG00000103043,VAC14,84.2,49.5,34.8,0.705,-0.5,2.2e-02,1.0e+00,0.1595,199,54,41,43,60,36,28,32,43
ENSG00000249992,TMEM158,52,34,18,0.547,-0.9,2.2e-02,1.0e+00,0.1595,199,49,22,25,40,18,14,27,13
ENSG00000159720,ATP6V0D1,123.5,69.8,53.8,0.773,-0.4,2.2e-02,1.0e+00,0.1596,199,63,72,72,72,54,43,58,60
ENSG00000127955,GNAI1,46.5,17.8,28.8,1.588,0.7,2.2e-02,1.0e+00,0.1596,200,15,15,27,14,30,24,33,28
ENSG00000183023,SLC8A1,87.2,53,34.2,0.653,-0.6,2.2e-02,1.0e+00,0.1596,200,47,60,44,61,20,39,34,44
ENSG00000140497,SCAMP2,107,46,61,1.326,0.4,2.2e-02,1.0e+00,0.1596,200,50,44,41,49,63,49,62,70
ENSG00000162413,KLHL21,192.8,81.8,111,1.355,0.4,2.2e-02,1.0e+00,0.16,200,97,78,80,72,110,120,83,131
ENSG00000109625,CPZ,92.2,57,35.2,0.618,-0.7,2.2e-02,1.0e+00,0.1604,201,38,49,50,91,35,38,30,38
ENSG00000164402,SEPTIN8,172.8,98,74.8,0.763,-0.4,2.2e-02,1.0e+00,0.1605,201,114,98,79,101,81,68,68,82
ENSG00000139514,SLC7A1,44,27,17,0.634,-0.7,2.2e-02,1.0e+00,0.1608,202,29,34,17,28,16,17,15,20
ENSG00000283782,ENSG00000283782,37.8,7.8,30,3.746,1.9,2.2e-02,1.0e+00,0.1608,202,19,0,0,12,16,29,36,39
ENSG00000136877,FPGS,84.8,36,48.8,1.355,0.4,2.2e-02,1.0e+00,0.1609,202,35,38,37,34,55,57,41,42
ENSG00000173473,SMARCC1,123.8,71.5,52.2,0.737,-0.4,2.2e-02,1.0e+00,0.1609,203,84,61,70,71,57,39,56,57
ENSG00000147601,TERF1,52.8,31.2,21.5,0.699,-0.5,2.2e-02,1.0e+00,0.1609,203,37,27,31,30,18,25,25,18
ENSG00000141458,NPC1,83.2,30.8,52.5,1.717,0.8,2.2e-02,1.0e+00,0.1609,203,25,29,26,43,29,52,77,52
ENSG00000166797,CIAO2A,32,12.8,19.2,1.533,0.6,2.2e-02,1.0e+00,0.1609,203,12,11,13,15,23,21,14,19
ENSG00000135387,CAPRIN1,498.5,275.2,223.2,0.812,-0.3,2.2e-02,1.0e+00,0.1609,203,263,279,300,259,242,206,235,210
ENSG00000059573,ALDH18A1,126.5,75.2,51.2,0.679,-0.6,2.2e-02,1.0e+00,0.1614,204,80,67,75,79,45,49,75,36
ENSG00000136531,SCN2A,22,15.2,6.8,0.455,-1.1,2.2e-02,1.0e+00,0.1623,205,18,22,11,10,11,9,3,4
ENSG00000064601,CTSA,799.2,453,346.2,0.764,-0.4,2.2e-02,1.0e+00,0.1623,205,371,504,446,491,279,361,383,362
ENSG00000145012,LPP,423,176,247,1.405,0.5,2.3e-02,1.0e+00,0.1626,206,185,174,175,170,217,214,357,200
ENSG00000224470,ATXN1L,104.2,44.2,60,1.357,0.4,2.3e-02,1.0e+00,0.1627,206,54,37,50,36,64,60,61,55
ENSG00000167216,KATNAL2,22,14.2,7.8,0.549,-0.9,2.3e-02,1.0e+00,0.1627,206,16,17,9,15,8,7,5,11
ENSG00000140564,FURIN,213.5,92,121.5,1.317,0.4,2.3e-02,1.0e+00,0.1627,207,94,82,107,85,114,129,144,99
ENSG00000085224,ATRX,261,148.2,112.8,0.76,-0.4,2.3e-02,1.0e+00,0.164,208,128,162,157,146,98,94,124,135
ENSG00000169032,MAP2K1,109.2,45.5,63.8,1.403,0.5,2.3e-02,1.0e+00,0.1646,209,44,38,41,59,55,55,79,66
ENSG00000197217,ENTPD4,137.5,55.8,81.8,1.466,0.6,2.3e-02,1.0e+00,0.1646,209,46,72,69,36,80,78,85,84
ENSG00000150540,HNMT,94.8,31,63.8,2.06,1,2.3e-02,1.0e+00,0.1646,210,36,33,43,12,97,54,72,32
ENSG00000007866,TEAD3,124.8,51.2,73.5,1.426,0.5,2.3e-02,1.0e+00,0.1646,210,57,51,44,53,89,79,48,78
ENSG00000262655,SPON1,129.8,30,99.8,3.3,1.7,2.3e-02,1.0e+00,0.1647,210,74,16,9,21,205,78,34,82
ENSG00000185716,MOSMO,37,12.5,24.5,1.913,0.9,2.3e-02,1.0e+00,0.1647,210,15,18,6,11,17,27,19,35
ENSG00000140092,FBLN5,821.8,364.5,457.2,1.255,0.3,2.3e-02,1.0e+00,0.1648,211,328,388,395,347,423,421,525,460
ENSG00000155893,PXYLP1,37,23.2,13.8,0.589,-0.8,2.3e-02,1.0e+00,0.1648,211,17,23,32,21,8,16,15,16
ENSG00000164543,STK17A,85.2,54.8,30.5,0.56,-0.8,2.3e-02,1.0e+00,0.1648,211,72,43,58,46,51,23,32,16
ENSG00000007341,ST7L,28,10.8,17.2,1.607,0.7,2.3e-02,1.0e+00,0.1651,211,10,8,10,15,16,16,16,21
ENSG00000154710,RABGEF1,113.5,48.2,65.2,1.351,0.4,2.3e-02,1.0e+00,0.1651,212,47,46,40,60,74,54,70,63
ENSG00000111371,SLC38A1,204.8,83.8,121,1.44,0.5,2.3e-02,1.0e+00,0.1652,212,63,93,82,97,86,141,112,145
ENSG00000135341,MAP3K7,127.8,72.2,55.5,0.767,-0.4,2.3e-02,1.0e+00,0.1654,212,67,81,71,70,50,54,68,50
ENSG00000166173,LARP6,100.5,61,39.5,0.656,-0.6,2.3e-02,1.0e+00,0.1654,213,55,68,62,59,55,44,23,36
ENSG00000148110,MFSD14B,126,55.2,70.8,1.29,0.4,2.3e-02,1.0e+00,0.1655,213,55,63,49,54,64,74,81,64
ENSG00000101493,ZNF516,85.2,48.8,36.5,0.751,-0.4,2.3e-02,1.0e+00,0.1657,213,53,54,40,48,40,36,31,39
ENSG00000165240,ATP7A,63.5,38.2,25.2,0.668,-0.6,2.3e-02,1.0e+00,0.1663,214,50,26,34,43,24,29,25,23
ENSG00000072134,EPN2,83.8,33,50.8,1.528,0.6,2.3e-02,1.0e+00,0.1663,214,38,20,43,31,41,51,54,57
ENSG00000167543,TP53I13,42.5,17.2,25.2,1.454,0.5,2.3e-02,1.0e+00,0.1663,215,18,18,13,20,22,25,24,30
ENSG00000188921,HACD4,71,28.5,42.5,1.497,0.6,2.4e-02,1.0e+00,0.1666,215,22,32,36,24,36,42,36,56
ENSG00000099219,ERMP1,53,21.8,31.2,1.435,0.5,2.4e-02,1.0e+00,0.1667,215,21,18,22,26,35,33,23,34
ENSG00000107929,LARP4B,106,44.5,61.5,1.382,0.5,2.4e-02,1.0e+00,0.1673,216,36,54,51,37,55,57,66,68
ENSG00000165868,HSPA12A,43.8,27.8,16,0.58,-0.8,2.4e-02,1.0e+00,0.1674,217,21,18,35,37,15,11,22,16
ENSG00000139263,LRIG3,169.5,99.2,70.2,0.705,-0.5,2.4e-02,1.0e+00,0.1674,217,90,83,133,91,87,54,68,72
ENSG00000164949,GEM,168.5,70,98.5,1.41,0.5,2.4e-02,1.0e+00,0.1674,217,79,76,57,68,81,120,76,117
ENSG00000123213,NLN,54.5,21.5,33,1.545,0.6,2.4e-02,1.0e+00,0.1674,217,21,22,19,24,46,23,27,36
ENSG00000172757,CFL1,817.8,354.8,463,1.305,0.4,2.4e-02,1.0e+00,0.1676,217,365,417,323,314,442,482,543,385
ENSG00000143398,PIP5K1A,105,45.8,59.2,1.294,0.4,2.4e-02,1.0e+00,0.1678,218,48,46,43,46,60,59,69,49
ENSG00000136826,KLF4,110.2,72.5,37.8,0.522,-0.9,2.4e-02,1.0e+00,0.1678,218,91,61,64,74,49,36,11,55
ENSG00000118971,CCND2,263.2,156.2,107,0.684,-0.5,2.4e-02,1.0e+00,0.1679,218,176,188,127,134,121,139,92,76
ENSG00000172348,RCAN2,41,33,8,0.242,-2,2.4e-02,1.0e+00,0.1681,219,22,47,2,61,2,16,5,9
ENSG00000120694,HSPH1,108.2,63,45.2,0.717,-0.5,2.4e-02,1.0e+00,0.1681,219,49,61,79,63,50,52,43,36
ENSG00000115317,HTRA2,30.8,12,18.8,1.589,0.7,2.4e-02,1.0e+00,0.1681,219,13,7,16,12,21,17,18,19
ENSG00000147202,DIAPH2,113.2,46.2,67,1.441,0.5,2.4e-02,1.0e+00,0.1681,219,38,49,44,54,45,82,76,65
ENSG00000156052,GNAQ,148,63.5,84.5,1.331,0.4,2.4e-02,1.0e+00,0.1681,219,53,55,78,68,77,80,98,83
ENSG00000127946,HIP1,117.2,50.2,67,1.333,0.4,2.4e-02,1.0e+00,0.1681,220,54,47,40,60,56,68,72,72
ENSG00000084754,HADHA,393,175.5,217.5,1.24,0.3,2.4e-02,1.0e+00,0.1681,220,169,174,186,173,223,231,181,235
ENSG00000109572,CLCN3,135,78.5,56.5,0.717,-0.5,2.4e-02,1.0e+00,0.1695,222,66,90,89,69,53,64,67,42
ENSG00000132376,INPP5K,61.5,25.5,36,1.414,0.5,2.4e-02,1.0e+00,0.1695,222,20,27,29,26,32,36,31,45
ENSG00000186480,INSIG1,24.5,17.5,7,0.407,-1.3,2.4e-02,1.0e+00,0.1695,222,27,15,10,18,11,3,2,12
ENSG00000076685,NT5C2,165.5,70.8,94.8,1.341,0.4,2.4e-02,1.0e+00,0.1701,223,52,72,80,79,81,101,104,93
ENSG00000119397,CNTRL,25.2,16,9.2,0.593,-0.8,2.4e-02,1.0e+00,0.1704,224,17,20,15,12,7,11,7,12
ENSG00000114978,MOB1A,246.2,108.5,137.8,1.268,0.3,2.5e-02,1.0e+00,0.1709,224,99,114,104,117,118,150,127,156
ENSG00000163281,GNPDA2,51.5,21.8,29.8,1.38,0.5,2.5e-02,1.0e+00,0.1709,225,20,25,22,20,32,32,24,31
ENSG00000169136,ATF5,115.2,82.8,32.5,0.397,-1.3,2.5e-02,1.0e+00,0.171,225,58,102,23,148,29,40,15,46
ENSG00000148468,FAM171A1,43.5,28.8,14.8,0.512,-1,2.5e-02,1.0e+00,0.171,225,13,37,30,35,7,16,16,20
ENSG00000181827,RFX7,72.5,43.5,29,0.666,-0.6,2.5e-02,1.0e+00,0.171,225,40,43,53,38,34,18,35,29
ENSG00000133104,SPART,198.8,88.2,110.5,1.249,0.3,2.5e-02,1.0e+00,0.1713,226,101,78,87,87,117,112,99,114
ENSG00000292994,ENSG00000292994,18,11.5,6.5,0.582,-0.8,2.5e-02,1.0e+00,0.1713,226,11,12,12,11,4,8,8,6
ENSG00000140632,GLYR1,155,86.5,68.5,0.794,-0.3,2.5e-02,1.0e+00,0.1716,227,86,97,84,79,74,67,74,59
ENSG00000145623,OSMR,535.8,225,310.8,1.381,0.5,2.5e-02,1.0e+00,0.1718,227,211,240,243,206,254,270,435,284
ENSG00000032742,IFT88,17.8,12,5.8,0.494,-1,2.5e-02,1.0e+00,0.1723,228,10,17,11,10,4,9,7,3
ENSG00000177570,SAMD12,25.8,17.2,8.5,0.507,-1,2.5e-02,1.0e+00,0.1728,229,14,21,20,14,4,14,11,5
ENSG00000187239,FNBP1,151.2,57.8,93.5,1.627,0.7,2.5e-02,1.0e+00,0.1728,229,28,68,69,66,71,115,83,105
ENSG00000183010,PYCR1,30.8,20.5,10.2,0.511,-1,2.5e-02,1.0e+00,0.1731,229,24,27,16,15,16,6,14,5
ENSG00000104472,CHRAC1,54,21.8,32.2,1.497,0.6,2.5e-02,1.0e+00,0.1731,230,15,21,26,25,32,33,24,40
ENSG00000107882,SUFU,61.5,36,25.5,0.71,-0.5,2.5e-02,1.0e+00,0.1731,230,33,42,34,35,31,24,19,28
ENSG00000188827,SLX4,23.2,14.8,8.5,0.581,-0.8,2.5e-02,1.0e+00,0.1731,230,14,17,12,16,9,6,13,6
ENSG00000141198,TOM1L1,16.8,5,11.8,2.361,1.2,2.5e-02,1.0e+00,0.1732,230,4,11,2,3,8,14,11,14
ENSG00000101265,RASSF2,143.2,99.2,44,0.444,-1.2,2.5e-02,1.0e+00,0.1735,231,97,140,34,126,48,50,15,63
ENSG00000153443,UBALD1,29.2,9.5,19.8,2.107,1.1,2.5e-02,1.0e+00,0.1735,231,13,2,10,13,28,21,13,17
ENSG00000204406,MBD5,48,30.5,17.5,0.582,-0.8,2.5e-02,1.0e+00,0.1738,232,33,31,36,22,21,11,11,27
ENSG00000147679,UTP23,35,14.2,20.8,1.439,0.5,2.5e-02,1.0e+00,0.1738,232,14,15,14,14,18,23,24,18
ENSG00000070214,SLC44A1,298,130.8,167.2,1.278,0.4,2.5e-02,1.0e+00,0.1738,232,111,126,152,134,158,189,147,175
ENSG00000116906,GNPAT,76,31.8,44.2,1.392,0.5,2.5e-02,1.0e+00,0.1745,233,33,35,34,25,50,49,33,45
ENSG00000112851,ERBIN,221,99,122,1.227,0.3,2.6e-02,1.0e+00,0.1745,233,93,94,111,98,111,126,128,123
ENSG00000074695,LMAN1,317,173.8,143.2,0.826,-0.3,2.6e-02,1.0e+00,0.1745,233,163,168,185,179,131,149,143,150
ENSG00000159200,RCAN1,253.5,80,173.5,2.171,1.1,2.6e-02,1.0e+00,0.1745,234,27,161,43,89,188,195,147,164
ENSG00000111452,ADGRD1,730.2,286.2,444,1.552,0.6,2.6e-02,1.0e+00,0.1747,234,308,376,158,303,441,494,331,510
ENSG00000154027,AK5,56.2,18.8,37.5,1.99,1,2.6e-02,1.0e+00,0.1748,234,16,18,23,18,14,43,32,61
ENSG00000112304,ACOT13,40.5,24,16.5,0.695,-0.5,2.6e-02,1.0e+00,0.1748,235,19,23,27,27,16,14,18,18
ENSG00000151491,EPS8,142,59.8,82.2,1.377,0.5,2.6e-02,1.0e+00,0.1752,235,56,43,79,61,85,80,90,74
ENSG00000124831,LRRFIP1,167.5,65.2,102.2,1.569,0.6,2.6e-02,1.0e+00,0.1754,236,52,61,55,93,66,93,114,136
ENSG00000004487,KDM1A,111.2,63,48.2,0.767,-0.4,2.6e-02,1.0e+00,0.1754,236,53,64,67,68,40,48,55,50
ENSG00000140350,ANP32A,53.5,32.5,21,0.654,-0.6,2.6e-02,1.0e+00,0.1754,236,29,32,40,29,25,18,27,14
ENSG00000108021,TASOR2,124.8,70,54.8,0.783,-0.4,2.6e-02,1.0e+00,0.1754,236,78,67,66,69,49,56,64,50
ENSG00000118523,CCN2,1016.8,295.5,721.2,2.439,1.3,2.6e-02,1.0e+00,0.1754,236,142,262,374,404,199,511,1034,1141
ENSG00000184494,NEU1,72,42,30,0.721,-0.5,2.6e-02,1.0e+00,0.1757,237,40,40,45,43,29,36,34,21
ENSG00000162688,AGL,77.8,32.5,45.2,1.396,0.5,2.6e-02,1.0e+00,0.1757,237,38,30,30,32,38,51,36,56
ENSG00000119630,PGF,64.2,43.5,20.8,0.481,-1.1,2.6e-02,1.0e+00,0.1758,237,41,38,75,20,35,16,17,15
ENSG00000071794,HLTF,64.2,38.5,25.8,0.674,-0.6,2.6e-02,1.0e+00,0.1764,239,43,41,36,34,30,29,29,15
ENSG00000063241,ISOC2,30,18.5,11.5,0.628,-0.7,2.6e-02,1.0e+00,0.1765,239,19,18,21,16,11,7,16,12
ENSG00000186470,BTN3A2,43.8,26.8,17,0.634,-0.7,2.6e-02,1.0e+00,0.1769,240,18,29,27,33,12,16,21,19
ENSG00000053254,FOXN3,327.8,145.8,182,1.251,0.3,2.6e-02,1.0e+00,0.1771,240,163,137,142,141,175,184,158,211
ENSG00000118960,HS1BP3,90.8,37.5,53.2,1.408,0.5,2.6e-02,1.0e+00,0.1771,240,42,40,28,40,54,52,41,66
ENSG00000090975,PITPNM2,51,18.5,32.5,1.75,0.8,2.6e-02,1.0e+00,0.1771,240,16,14,13,31,35,40,20,35
ENSG00000064205,CCN5,177,118.8,58.2,0.491,-1,2.6e-02,1.0e+00,0.1782,242,80,177,128,90,25,90,83,35
ENSG00000165672,PRDX3,154.8,68.5,86.2,1.261,0.3,2.6e-02,1.0e+00,0.1782,242,65,66,72,71,100,78,90,77
ENSG00000164096,ARLN,207.5,124.5,83,0.666,-0.6,2.7e-02,1.0e+00,0.1782,242,146,120,118,114,87,58,125,62
ENSG00000102870,ZNF629,77.5,33,44.5,1.346,0.4,2.7e-02,1.0e+00,0.1782,242,26,39,32,35,41,42,51,44
ENSG00000134905,CARS2,75,31.5,43.5,1.381,0.5,2.7e-02,1.0e+00,0.1782,243,36,30,34,26,43,34,45,52
ENSG00000170296,GABARAP,413,232.8,180.2,0.773,-0.4,2.7e-02,1.0e+00,0.1785,243,254,206,219,252,165,213,148,195
ENSG00000050130,JKAMP,79.5,45,34.5,0.763,-0.4,2.7e-02,1.0e+00,0.1787,244,43,46,49,42,30,35,41,32
ENSG00000164754,RAD21,240.8,104.8,136,1.301,0.4,2.7e-02,1.0e+00,0.179,244,111,97,108,103,141,158,101,144
ENSG00000170113,NIPA1,29.2,11.5,17.8,1.549,0.6,2.7e-02,1.0e+00,0.179,244,13,10,15,8,16,21,17,17
ENSG00000166986,MARS1,133.8,75.2,58.5,0.782,-0.4,2.7e-02,1.0e+00,0.1792,245,75,79,80,67,55,65,65,49
ENSG00000010322,NISCH,200.2,110.8,89.5,0.809,-0.3,2.7e-02,1.0e+00,0.1793,245,104,111,125,103,93,81,95,89
ENSG00000102038,SMARCA1,226.8,125.2,101.5,0.811,-0.3,2.7e-02,1.0e+00,0.1795,246,121,122,134,124,102,90,116,98
ENSG00000104765,BNIP3L,691.2,305.2,386,1.264,0.3,2.7e-02,1.0e+00,0.1795,246,324,299,312,286,364,350,477,353
ENSG00000180304,OAZ2,175.2,99.8,75.5,0.758,-0.4,2.7e-02,1.0e+00,0.1795,246,110,108,91,90,94,79,63,66
ENSG00000162695,SLC30A7,81.8,33,48.8,1.467,0.6,2.7e-02,1.0e+00,0.1797,247,20,38,38,36,53,56,41,45
ENSG00000136603,SKIL,78,44.5,33.5,0.755,-0.4,2.7e-02,1.0e+00,0.18,247,38,43,54,43,30,36,33,35
ENSG00000188352,FOCAD,65.8,37.2,28.5,0.769,-0.4,2.7e-02,1.0e+00,0.18,247,38,39,34,38,26,29,27,32
ENSG00000213949,ITGA1,103,41.2,61.8,1.502,0.6,2.7e-02,1.0e+00,0.1807,248,24,44,58,39,55,59,68,65
ENSG00000198873,GRK5,259.5,113,146.5,1.293,0.4,2.7e-02,1.0e+00,0.1807,249,93,126,127,106,141,148,126,171
ENSG00000135632,SMYD5,36.8,22.8,14,0.629,-0.7,2.7e-02,1.0e+00,0.1811,249,18,28,24,21,12,9,19,16
ENSG00000115806,GORASP2,181,100.5,80.5,0.801,-0.3,2.7e-02,1.0e+00,0.1811,250,98,100,109,95,82,77,93,70
ENSG00000197894,ADH5,659.8,295,364.8,1.236,0.3,2.7e-02,1.0e+00,0.1811,250,263,313,328,276,340,402,360,357
ENSG00000162604,TM2D1,77,29.2,47.8,1.642,0.7,2.7e-02,1.0e+00,0.1812,250,24,42,18,33,42,59,33,57
ENSG00000140332,TLE3,32.5,20.5,12,0.593,-0.8,2.7e-02,1.0e+00,0.1821,252,20,13,22,27,13,7,12,16
ENSG00000164329,TENT2,73.5,43.5,30,0.692,-0.5,2.8e-02,1.0e+00,0.1828,253,40,42,45,47,23,28,25,44
ENSG00000118515,SGK1,222,91,131,1.436,0.5,2.8e-02,1.0e+00,0.1828,253,67,67,106,124,125,124,147,128
ENSG00000229802,SLC39A7,259.8,145.2,114.5,0.787,-0.3,2.8e-02,1.0e+00,0.1829,253,129,160,154,138,124,117,125,92
ENSG00000120805,ARL1,189.8,104.8,85,0.811,-0.3,2.8e-02,1.0e+00,0.183,253,102,106,108,103,72,88,87,93
ENSG00000092068,SLC7A8,157.2,54.8,102.5,1.869,0.9,2.8e-02,1.0e+00,0.1837,255,68,50,63,38,112,134,36,128
ENSG00000105486,LIG1,22.8,16,6.8,0.429,-1.2,2.8e-02,1.0e+00,0.1841,255,31,11,10,12,12,4,6,5
ENSG00000124615,MOCS1,43.5,16,27.5,1.703,0.8,2.8e-02,1.0e+00,0.1845,256,15,15,22,12,31,23,40,16
ENSG00000108175,ZMIZ1,303.5,172.5,131,0.759,-0.4,2.8e-02,1.0e+00,0.1845,256,178,149,156,207,122,110,131,161
ENSG00000170385,SLC30A1,119.8,52.2,67.5,1.298,0.4,2.8e-02,1.0e+00,0.1845,257,53,43,64,49,64,73,64,69
ENSG00000104331,BPNT2,223.2,100,123.2,1.231,0.3,2.8e-02,1.0e+00,0.1847,257,102,101,99,98,109,142,115,127
ENSG00000108826,MRPL27,28.8,17.2,11.5,0.672,-0.6,2.8e-02,1.0e+00,0.1847,257,16,18,14,21,13,11,10,12
ENSG00000133704,IPO8,117.2,65.5,51.8,0.79,-0.3,2.8e-02,1.0e+00,0.185,258,73,63,62,64,46,49,59,53
ENSG00000184898,RBM43,63.2,37,26.2,0.714,-0.5,2.8e-02,1.0e+00,0.1852,258,34,38,34,42,22,35,22,26
ENSG00000127804,METTL16,60.2,36,24.2,0.677,-0.6,2.8e-02,1.0e+00,0.1857,259,36,34,34,40,21,16,27,33
ENSG00000143549,TPM3,345.8,154.2,191.5,1.24,0.3,2.8e-02,1.0e+00,0.186,260,156,157,149,155,182,172,231,181
ENSG00000213066,CEP43,27.8,18,9.8,0.556,-0.8,2.8e-02,1.0e+00,0.186,260,12,18,25,17,5,12,12,10
ENSG00000100504,PYGL,98,42,56,1.33,0.4,2.8e-02,1.0e+00,0.1861,260,42,35,44,47,64,49,63,48
ENSG00000136628,EPRS1,226,125.5,100.5,0.801,-0.3,2.8e-02,1.0e+00,0.1862,260,133,124,107,138,98,108,89,107
ENSG00000107890,ANKRD26,22.8,14,8.8,0.641,-0.6,2.8e-02,1.0e+00,0.1862,261,12,15,16,13,8,11,8,8
ENSG00000150961,SEC24D,222.8,123.8,99,0.801,-0.3,2.9e-02,1.0e+00,0.1862,261,125,109,120,141,88,103,108,97
ENSG00000137809,ITGA11,93.8,70.5,23.2,0.333,-1.6,2.9e-02,1.0e+00,0.1866,262,118,78,24,62,51,24,2,16
ENSG00000076716,GPC4,41.2,14.2,27,1.88,0.9,2.9e-02,1.0e+00,0.1867,262,19,11,7,20,18,25,23,42
ENSG00000168374,ARF4,423.8,188.8,235,1.246,0.3,2.9e-02,1.0e+00,0.1867,262,160,202,197,196,214,255,254,217
ENSG00000074047,GLI2,29,18.8,10.2,0.554,-0.9,2.9e-02,1.0e+00,0.187,263,23,18,19,15,9,4,13,15
ENSG00000159256,MORC3,57.8,34.5,23.2,0.669,-0.6,2.9e-02,1.0e+00,0.187,263,34,40,29,35,16,22,22,33
ENSG00000139233,LLPH,60.2,25.5,34.8,1.367,0.5,2.9e-02,1.0e+00,0.187,263,28,23,30,21,33,37,31,38
ENSG00000079313,REXO1,31,12,19,1.56,0.6,2.9e-02,1.0e+00,0.187,263,14,8,14,12,15,18,20,23
ENSG00000134987,WDR36,86,50,36,0.718,-0.5,2.9e-02,1.0e+00,0.187,264,47,43,47,63,35,31,47,31
ENSG00000128805,ARHGAP22,32.8,21,11.8,0.567,-0.8,2.9e-02,1.0e+00,0.187,264,30,15,23,16,14,8,17,8
ENSG00000132846,ZBED3,26.5,16.8,9.8,0.587,-0.8,2.9e-02,1.0e+00,0.1871,264,18,16,18,15,13,4,12,10
ENSG00000138032,PPM1B,73.2,29.2,44,1.512,0.6,2.9e-02,1.0e+00,0.1875,265,39,33,18,27,41,45,37,53
ENSG00000153956,CACNA2D1,107.8,62.2,45.5,0.728,-0.5,2.9e-02,1.0e+00,0.1878,265,74,68,59,48,46,51,50,35
ENSG00000087191,PSMC5,130,56.5,73.5,1.299,0.4,2.9e-02,1.0e+00,0.1878,266,52,55,63,56,78,58,86,72
ENSG00000140682,TGFB1I1,155.2,65.5,89.8,1.367,0.5,2.9e-02,1.0e+00,0.1878,266,65,72,53,72,91,83,116,69
ENSG00000108468,CBX1,117,66.8,50.2,0.752,-0.4,2.9e-02,1.0e+00,0.1879,266,68,72,51,76,45,45,58,53
ENSG00000159079,CFAP298,25,8.5,16.5,1.888,0.9,2.9e-02,1.0e+00,0.1879,266,16,4,8,6,16,18,17,15
ENSG00000131778,CHD1L,57,33.8,23.2,0.699,-0.5,2.9e-02,1.0e+00,0.1879,267,36,38,36,25,18,25,28,22
ENSG00000266074,BAHCC1,49.5,29.5,20,0.693,-0.5,2.9e-02,1.0e+00,0.1886,268,32,26,24,36,20,16,23,21
ENSG00000150687,PRSS23,632.8,401.8,231,0.575,-0.8,2.9e-02,1.0e+00,0.1886,268,446,592,230,339,211,365,173,175
ENSG00000156471,PTDSS1,191.2,109.5,81.8,0.748,-0.4,2.9e-02,1.0e+00,0.1886,268,83,119,116,120,80,77,101,69
ENSG00000164164,OTUD4,139.8,60.2,79.5,1.321,0.4,2.9e-02,1.0e+00,0.1886,268,58,50,70,63,69,94,68,87
ENSG00000165533,TTC8,56.2,33,23.2,0.716,-0.5,2.9e-02,1.0e+00,0.1887,268,33,29,35,35,19,31,21,22
ENSG00000167371,PRRT2,26.5,17.2,9.2,0.541,-0.9,2.9e-02,1.0e+00,0.1887,269,15,18,11,25,12,6,6,13
ENSG00000038532,CLEC16A,56.5,34.5,22,0.639,-0.6,2.9e-02,1.0e+00,0.1887,269,21,30,45,42,22,18,22,26
ENSG00000187955,COL14A1,557.2,370.5,186.8,0.504,-1,2.9e-02,1.0e+00,0.1887,269,458,274,165,585,152,180,116,299
ENSG00000183580,FBXL7,57.5,22.2,35.2,1.601,0.7,2.9e-02,1.0e+00,0.1889,269,28,21,26,14,47,40,25,29
ENSG00000149289,ZC3H12C,29.2,11.5,17.8,1.569,0.6,3.0e-02,1.0e+00,0.1894,270,10,7,16,13,18,17,18,18
ENSG00000152137,HSPB8,53,31.5,21.5,0.688,-0.5,3.0e-02,1.0e+00,0.1894,271,31,35,24,36,23,17,19,27
ENSG00000126001,CEP250,78.2,47,31.2,0.667,-0.6,3.0e-02,1.0e+00,0.1894,271,56,54,34,44,25,23,37,40
ENSG00000118526,TCF21,635.2,263.8,371.5,1.409,0.5,3.0e-02,1.0e+00,0.1902,272,280,239,237,299,488,243,360,395
ENSG00000197093,GAL3ST4,35,21.2,13.8,0.65,-0.6,3.0e-02,1.0e+00,0.1903,272,20,22,25,18,17,16,8,14
ENSG00000110880,CORO1C,649.2,289.2,360,1.245,0.3,3.0e-02,1.0e+00,0.1904,273,256,337,258,306,332,376,371,361
ENSG00000101255,TRIB3,23,15.8,7.2,0.466,-1.1,3.0e-02,1.0e+00,0.1906,273,20,13,11,19,10,1,8,10
ENSG00000183386,FHL3,34.2,14,20.2,1.445,0.5,3.0e-02,1.0e+00,0.1907,274,14,13,13,16,20,17,25,19
ENSG00000146063,TRIM41,88.8,37.2,51.5,1.375,0.5,3.0e-02,1.0e+00,0.1909,274,38,43,39,29,55,47,42,62
ENSG00000130956,HABP4,112.5,45.2,67.2,1.484,0.6,3.0e-02,1.0e+00,0.1911,275,33,48,43,57,57,88,48,76
ENSG00000079308,TNS1,648.5,354.5,294,0.829,-0.3,3.0e-02,1.0e+00,0.1911,275,369,361,355,333,296,277,325,278
ENSG00000272772,ENSG00000272772,74.8,25.8,49,1.901,0.9,3.0e-02,1.0e+00,0.1911,275,19,52,17,15,62,51,40,43
ENSG00000143811,PYCR2,57.5,24,33.5,1.412,0.5,3.0e-02,1.0e+00,0.1915,276,30,23,19,24,34,38,35,27
ENSG00000011454,RABGAP1,192.2,77,115.2,1.492,0.6,3.0e-02,1.0e+00,0.1915,276,78,73,80,77,69,170,105,117
ENSG00000180957,PITPNB,94,41,53,1.292,0.4,3.0e-02,1.0e+00,0.1915,276,38,37,40,49,49,52,60,51
ENSG00000131437,KIF3A,32.8,20,12.8,0.64,-0.6,3.0e-02,1.0e+00,0.1916,276,15,22,21,22,9,16,16,10
ENSG00000136937,NCBP1,77.2,45.5,31.8,0.698,-0.5,3.0e-02,1.0e+00,0.1919,277,39,52,57,34,36,25,31,35
ENSG00000143570,SLC39A1,175.5,78.8,96.8,1.232,0.3,3.0e-02,1.0e+00,0.192,277,82,74,70,89,96,95,94,102
ENSG00000012660,ELOVL5,196.8,83.8,113,1.347,0.4,3.0e-02,1.0e+00,0.1926,279,80,103,80,72,89,142,103,118
ENSG00000033178,UBA6,68.5,39.5,29,0.735,-0.4,3.0e-02,1.0e+00,0.1927,279,42,39,38,39,23,30,37,26
ENSG00000244462,RBM12,99,41.2,57.8,1.405,0.5,3.1e-02,1.0e+00,0.1927,279,49,31,47,38,65,42,61,63
ENSG00000056097,ZFR,252.8,112.8,140,1.244,0.3,3.1e-02,1.0e+00,0.1931,280,108,109,124,110,129,122,163,146
ENSG00000054277,OPN3,29.8,12,17.8,1.503,0.6,3.1e-02,1.0e+00,0.1932,280,11,11,11,15,18,16,15,22
ENSG00000173548,SNX33,257.2,115.8,141.5,1.222,0.3,3.1e-02,1.0e+00,0.195,283,119,112,109,123,153,127,132,154
ENSG00000120594,PLXDC2,95.5,27.8,67.8,2.456,1.3,3.1e-02,1.0e+00,0.1952,283,29,31,20,31,41,65,18,147
ENSG00000101333,PLCB4,58.8,20.8,38,1.851,0.9,3.1e-02,1.0e+00,0.1952,284,20,24,22,17,26,33,71,22
ENSG00000138002,IFT172,49.8,29,20.8,0.723,-0.5,3.1e-02,1.0e+00,0.1958,285,24,33,29,30,23,17,21,22
ENSG00000168724,DNAJC21,121.8,53,68.8,1.296,0.4,3.1e-02,1.0e+00,0.1959,285,45,61,52,54,63,77,58,77
ENSG00000096401,CDC5L,81.2,35.8,45.5,1.267,0.3,3.1e-02,1.0e+00,0.1959,285,40,32,35,36,45,44,46,47
ENSG00000065882,TBC1D1,64,27.5,36.5,1.331,0.4,3.1e-02,1.0e+00,0.1959,285,25,27,29,29,35,43,37,31
ENSG00000099331,MYO9B,219.8,123.8,96,0.778,-0.4,3.1e-02,1.0e+00,0.196,286,131,100,115,149,104,89,102,89
ENSG00000196743,GM2A,120.2,49.5,70.8,1.425,0.5,3.1e-02,1.0e+00,0.196,286,63,43,49,43,57,56,77,93
ENSG00000136270,TBRG4,45.2,18.5,26.8,1.47,0.6,3.1e-02,1.0e+00,0.196,286,18,20,23,13,31,25,30,21
ENSG00000122376,SHLD2,36.5,14.5,22,1.496,0.6,3.1e-02,1.0e+00,0.1964,287,14,18,11,15,24,17,21,26
ENSG00000172915,NBEA,35,20.8,14.2,0.695,-0.5,3.1e-02,1.0e+00,0.1971,288,25,18,22,18,13,14,17,13
ENSG00000112078,KCTD20,201.2,88.5,112.8,1.267,0.3,3.2e-02,1.0e+00,0.1971,288,90,82,97,85,90,117,130,114
ENSG00000184371,CSF1,269,119,150,1.258,0.3,3.2e-02,1.0e+00,0.1971,289,136,114,104,122,153,139,133,175
ENSG00000166313,APBB1,121,54.2,66.8,1.229,0.3,3.2e-02,1.0e+00,0.1971,289,56,52,52,57,68,61,65,73
ENSG00000124486,USP9X,474.5,209.2,265.2,1.268,0.3,3.2e-02,1.0e+00,0.1971,289,185,223,201,228,214,308,266,273
ENSG00000197930,ERO1A,269,118.5,150.5,1.271,0.3,3.2e-02,1.0e+00,0.1976,290,113,131,116,114,119,163,174,146
ENSG00000197857,ZNF44,19.2,13,6.2,0.495,-1,3.2e-02,1.0e+00,0.1978,290,13,18,10,11,2,6,7,10
ENSG00000168944,CEP120,37.2,22.2,15,0.689,-0.5,3.2e-02,1.0e+00,0.1979,291,20,24,23,22,15,10,18,17
ENSG00000138286,FAM149B1,59.5,34.5,25,0.734,-0.4,3.2e-02,1.0e+00,0.1981,291,35,37,36,30,28,29,24,19
ENSG00000104549,SQLE,28.8,11.8,17,1.451,0.5,3.2e-02,1.0e+00,0.1982,292,12,10,12,13,15,19,15,19
ENSG00000134759,ELP2,162.2,90.5,71.8,0.79,-0.3,3.2e-02,1.0e+00,0.1985,292,101,92,89,80,64,63,77,83
ENSG00000023608,SNAPC1,33,12.8,20.2,1.595,0.7,3.2e-02,1.0e+00,0.1989,293,10,14,16,11,16,24,26,15
ENSG00000111684,LPCAT3,86,36,50,1.385,0.5,3.2e-02,1.0e+00,0.199,293,38,44,35,27,40,52,60,48
ENSG00000117859,OSBPL9,126.5,54.2,72.2,1.33,0.4,3.2e-02,1.0e+00,0.1995,294,52,55,51,59,77,66,55,91
ENSG00000125952,MAX,95.5,40.5,55,1.359,0.4,3.2e-02,1.0e+00,0.1996,295,41,38,46,37,68,45,45,62
ENSG00000172845,SP3,156.2,88.8,67.5,0.757,-0.4,3.2e-02,1.0e+00,0.2,295,104,73,87,91,78,59,56,77
ENSG00000049540,ELN,651.5,223,428.5,1.921,0.9,3.2e-02,1.0e+00,0.2002,296,200,275,111,306,388,417,202,707
ENSG00000102580,DNAJC3,171,70.8,100.2,1.415,0.5,3.2e-02,1.0e+00,0.2002,296,70,72,52,89,72,122,112,95
ENSG00000100490,CDKL1,48,17,31,1.826,0.9,3.2e-02,1.0e+00,0.2002,296,20,24,17,7,28,48,23,25
ENSG00000137693,YAP1,437.8,198.8,239,1.2,0.3,3.2e-02,1.0e+00,0.2002,296,199,191,186,219,234,243,252,227
ENSG00000167074,TEF,36.2,23.2,13,0.558,-0.8,3.2e-02,1.0e+00,0.2002,297,33,18,16,26,10,19,7,16
ENSG00000198026,ZNF335,34,20.2,13.8,0.688,-0.5,3.2e-02,1.0e+00,0.2002,297,25,16,19,21,12,14,16,13
ENSG00000095002,MSH2,29.5,18.5,11,0.601,-0.7,3.3e-02,1.0e+00,0.2004,297,18,18,15,23,9,6,15,14
ENSG00000100625,SIX4,54.2,32.5,21.8,0.67,-0.6,3.3e-02,1.0e+00,0.2004,298,27,38,38,27,18,16,25,28
ENSG00000116212,LRRC42,51.5,21.8,29.8,1.367,0.5,3.3e-02,1.0e+00,0.2007,298,19,18,26,24,26,31,33,29
ENSG00000176986,SEC24C,170.8,98,72.8,0.742,-0.4,3.3e-02,1.0e+00,0.2008,299,103,115,94,80,92,56,68,75
ENSG00000241878,PISD,45.8,17.5,28.2,1.61,0.7,3.3e-02,1.0e+00,0.2009,299,21,10,21,18,25,25,22,41
ENSG00000109501,WFS1,162.2,65.2,97,1.487,0.6,3.3e-02,1.0e+00,0.2017,300,45,77,47,92,92,89,89,118
ENSG00000185813,PCYT2,42.8,15.2,27.5,1.807,0.9,3.3e-02,1.0e+00,0.2017,300,14,23,9,15,40,23,15,32
ENSG00000115524,SF3B1,652.5,356.5,296,0.831,-0.3,3.3e-02,1.0e+00,0.202,301,333,348,384,361,270,316,306,292
ENSG00000178567,EPM2AIP1,62,37.8,24.2,0.647,-0.6,3.3e-02,1.0e+00,0.202,301,43,41,42,25,26,14,27,30
ENSG00000129566,TEP1,83,36.2,46.8,1.284,0.4,3.3e-02,1.0e+00,0.202,302,34,37,35,39,45,54,48,40
ENSG00000243156,MICAL3,58.8,35.8,23,0.649,-0.6,3.3e-02,1.0e+00,0.2021,302,39,33,36,35,21,21,36,14
ENSG00000069399,BCL3,32,21,11,0.536,-0.9,3.3e-02,1.0e+00,0.2026,303,31,20,14,19,18,7,13,6
ENSG00000101216,GMEB2,30,17.8,12.2,0.696,-0.5,3.3e-02,1.0e+00,0.2027,303,17,16,18,20,15,13,10,11
ENSG00000089094,KDM2B,39.8,24.5,15.2,0.627,-0.7,3.3e-02,1.0e+00,0.2028,304,30,25,18,25,13,16,10,22
ENSG00000137802,MAPKBP1,62.8,27,35.8,1.327,0.4,3.3e-02,1.0e+00,0.2032,304,28,23,31,26,39,33,38,33
ENSG00000171503,ETFDH,100.2,62.2,38,0.612,-0.7,3.3e-02,1.0e+00,0.2032,305,43,59,89,58,19,45,43,45
ENSG00000012822,CALCOCO1,516.2,228.5,287.8,1.259,0.3,3.3e-02,1.0e+00,0.2033,305,220,254,213,227,271,300,238,342
ENSG00000186625,KATNA1,34.2,13.2,21,1.591,0.7,3.3e-02,1.0e+00,0.2034,305,13,15,8,17,20,23,15,26
ENSG00000067704,IARS2,259,117.5,141.5,1.204,0.3,3.3e-02,1.0e+00,0.2034,306,108,125,115,122,143,152,140,131
ENSG00000133424,LARGE1,72.2,42.5,29.8,0.703,-0.5,3.3e-02,1.0e+00,0.2035,306,33,40,39,58,32,26,26,35
ENSG00000117228,GBP1,100,41.8,58.2,1.395,0.5,3.3e-02,1.0e+00,0.2036,306,35,51,39,42,71,58,63,41
ENSG00000134013,LOXL2,277.8,176.2,101.5,0.577,-0.8,3.4e-02,1.0e+00,0.2036,306,147,166,222,170,67,68,192,79
ENSG00000112972,HMGCS1,27.2,16.5,10.8,0.657,-0.6,3.4e-02,1.0e+00,0.2037,307,20,15,15,16,13,9,8,13
ENSG00000029993,HMGB3,51.8,31,20.8,0.663,-0.6,3.4e-02,1.0e+00,0.2039,307,22,31,33,38,14,20,23,26
ENSG00000173598,NUDT4,214.8,80,134.8,1.673,0.7,3.4e-02,1.0e+00,0.2045,308,77,54,81,108,109,138,77,215
ENSG00000118263,KLF7,48.2,19.8,28.5,1.454,0.5,3.4e-02,1.0e+00,0.2058,310,16,26,15,22,25,28,34,27
ENSG00000167196,FBXO22,54.8,32.2,22.5,0.708,-0.5,3.4e-02,1.0e+00,0.2061,311,30,27,35,37,22,25,27,16
ENSG00000114850,SSR3,256,114.8,141.2,1.23,0.3,3.4e-02,1.0e+00,0.2064,312,108,119,113,119,119,159,150,137
ENSG00000110047,EHD1,168.8,70.8,98,1.381,0.5,3.4e-02,1.0e+00,0.2067,312,73,91,47,72,114,92,100,86
ENSG00000156869,FRRS1,29.2,18.8,10.5,0.573,-0.8,3.4e-02,1.0e+00,0.2067,313,17,21,17,20,11,5,8,18
ENSG00000117385,P3H1,126,74.8,51.2,0.693,-0.5,3.4e-02,1.0e+00,0.2067,313,86,88,56,69,67,44,36,58
ENSG00000117395,EBNA1BP2,52.2,21.2,31,1.47,0.6,3.4e-02,1.0e+00,0.2067,313,19,28,23,15,32,28,38,26
ENSG00000198399,ITSN2,99,56,43,0.769,-0.4,3.4e-02,1.0e+00,0.2068,314,57,47,68,52,43,40,40,49
ENSG00000158079,PTPDC1,29.5,11.5,18,1.571,0.7,3.4e-02,1.0e+00,0.2071,314,12,9,9,16,14,21,21,16
ENSG00000130733,YIPF2,71.5,42.5,29,0.686,-0.5,3.4e-02,1.0e+00,0.2076,315,29,51,45,45,21,27,34,34
ENSG00000129946,SHC2,24.5,15.2,9.2,0.613,-0.7,3.5e-02,1.0e+00,0.2082,316,15,13,18,15,5,11,12,9
ENSG00000169554,ZEB2,290,164.2,125.8,0.766,-0.4,3.5e-02,1.0e+00,0.2084,317,196,133,156,172,146,102,117,138
ENSG00000140374,ETFA,107.8,44.2,63.5,1.431,0.5,3.5e-02,1.0e+00,0.2085,317,38,36,59,44,67,82,47,58
ENSG00000121900,TMEM54,32.5,21.2,11.2,0.543,-0.9,3.5e-02,1.0e+00,0.2093,319,34,22,17,12,14,9,15,7
ENSG00000099817,POLR2E,238.2,130,108.2,0.833,-0.3,3.5e-02,1.0e+00,0.2093,319,139,121,128,132,110,113,112,98
ENSG00000145725,PPIP5K2,86.2,48.8,37.5,0.773,-0.4,3.5e-02,1.0e+00,0.2093,319,48,48,44,55,32,38,35,45
ENSG00000172977,KAT5,43.5,26.2,17.2,0.665,-0.6,3.5e-02,1.0e+00,0.2093,319,22,28,27,28,15,11,24,19
ENSG00000117362,APH1A,179.2,79.5,99.8,1.254,0.3,3.5e-02,1.0e+00,0.2093,319,87,77,68,86,90,116,97,96
ENSG00000131507,NDFIP1,241,104.5,136.5,1.302,0.4,3.5e-02,1.0e+00,0.2093,320,88,93,113,124,119,166,123,138
ENSG00000067955,CBFB,44.5,18.2,26.2,1.432,0.5,3.5e-02,1.0e+00,0.2093,320,18,15,16,24,23,23,27,32
ENSG00000118369,USP35,34.5,20.8,13.8,0.67,-0.6,3.5e-02,1.0e+00,0.2097,321,22,15,20,26,14,10,16,15
ENSG00000122643,NT5C3A,20.8,8.2,12.5,1.536,0.6,3.5e-02,1.0e+00,0.21,321,7,9,7,10,14,13,12,11
ENSG00000102309,PIN4,21,13,8,0.631,-0.7,3.5e-02,1.0e+00,0.2109,323,11,14,14,13,7,6,11,8
ENSG00000109775,UFSP2,29.2,18,11.2,0.64,-0.6,3.5e-02,1.0e+00,0.2109,323,18,20,21,13,13,11,14,7
ENSG00000119537,KDSR,214.8,92.5,122.2,1.319,0.4,3.5e-02,1.0e+00,0.2109,323,115,83,80,92,121,131,95,142
ENSG00000101224,CDC25B,201.5,121.8,79.8,0.654,-0.6,3.5e-02,1.0e+00,0.211,324,124,77,155,131,94,77,49,99
ENSG00000155508,CNOT8,59.8,24.8,35,1.428,0.5,3.6e-02,1.0e+00,0.212,325,27,27,22,23,43,41,24,32
ENSG00000104343,UBE2W,38,14.8,23.2,1.57,0.7,3.6e-02,1.0e+00,0.212,326,13,17,16,13,14,23,25,31
ENSG00000135956,TMEM127,218.5,96.8,121.8,1.258,0.3,3.6e-02,1.0e+00,0.2136,328,82,90,116,99,114,120,115,138
ENSG00000177425,PAWR,42.2,14.8,27.5,1.836,0.9,3.6e-02,1.0e+00,0.2136,329,17,14,16,12,13,20,33,44
ENSG00000052126,PLEKHA5,118,65.5,52.5,0.807,-0.3,3.6e-02,1.0e+00,0.2136,329,64,70,67,61,57,45,52,56
ENSG00000240303,ACAD11,77.8,46.5,31.2,0.675,-0.6,3.6e-02,1.0e+00,0.2137,329,38,59,43,46,39,36,18,32
ENSG00000159921,GNE,47.2,19.2,28,1.449,0.5,3.6e-02,1.0e+00,0.2137,329,22,18,24,13,32,30,23,27
ENSG00000198324,PHETA1,37,14.2,22.8,1.604,0.7,3.6e-02,1.0e+00,0.2138,330,11,14,13,19,23,27,13,28
ENSG00000006607,FARP2,78,32.8,45.2,1.375,0.5,3.6e-02,1.0e+00,0.2143,331,29,33,27,42,38,55,40,48
ENSG00000143157,POGK,76.2,32.8,43.5,1.336,0.4,3.6e-02,1.0e+00,0.2143,331,36,32,27,36,44,40,36,54
ENSG00000136717,BIN1,66.2,39.8,26.5,0.666,-0.6,3.6e-02,1.0e+00,0.2147,332,48,35,34,42,38,26,16,26
ENSG00000004961,HCCS,35.2,20.8,14.5,0.702,-0.5,3.6e-02,1.0e+00,0.2148,332,18,24,24,17,13,16,16,13
ENSG00000125753,VASP,81,33.8,47.2,1.387,0.5,3.6e-02,1.0e+00,0.2152,333,41,30,38,26,42,49,58,40
ENSG00000100647,SUSD6,65.2,26,39.2,1.529,0.6,3.6e-02,1.0e+00,0.2154,333,33,28,26,17,43,44,24,46
ENSG00000139644,TMBIM6,930.8,422.2,508.5,1.204,0.3,3.6e-02,1.0e+00,0.2154,334,397,460,437,395,491,558,505,480
ENSG00000284468,SLC25A24,76.5,33.2,43.2,1.3,0.4,3.7e-02,1.0e+00,0.2158,335,33,30,30,40,45,37,44,47
ENSG00000166311,SMPD1,299.8,164.5,135.2,0.823,-0.3,3.7e-02,1.0e+00,0.2159,335,151,160,184,163,121,129,145,146
ENSG00000099381,SETD1A,37.2,21.5,15.8,0.736,-0.4,3.7e-02,1.0e+00,0.2162,336,21,22,21,22,18,17,15,13
ENSG00000166200,COPS2,139,77,62,0.809,-0.3,3.7e-02,1.0e+00,0.2163,336,83,83,77,65,65,58,63,62
ENSG00000141644,MBD1,91.8,51,40.8,0.802,-0.3,3.7e-02,1.0e+00,0.2163,336,53,54,50,47,44,43,37,39
ENSG00000105393,BABAM1,79.5,33.5,46,1.363,0.4,3.7e-02,1.0e+00,0.2167,337,39,37,34,24,48,41,54,41
ENSG00000038219,BOD1L1,199.5,108.8,90.8,0.834,-0.3,3.7e-02,1.0e+00,0.2174,338,104,106,119,106,90,90,97,86
ENSG00000163719,MTMR14,53.5,22.8,30.8,1.368,0.5,3.7e-02,1.0e+00,0.2174,338,26,23,22,20,26,37,33,27
ENSG00000138138,ATAD1,32,7.8,24.2,3.156,1.7,3.7e-02,1.0e+00,0.2174,339,0,0,20,11,29,27,23,18
ENSG00000163681,SLMAP,98.2,42.2,56,1.327,0.4,3.7e-02,1.0e+00,0.2175,339,36,40,50,43,45,62,52,65
ENSG00000149792,MRPL49,73.2,42,31.2,0.743,-0.4,3.7e-02,1.0e+00,0.2175,339,41,44,43,40,36,22,35,32
ENSG00000102287,GABRE,16.8,12,4.8,0.41,-1.3,3.7e-02,1.0e+00,0.2175,340,12,13,15,8,4,1,12,2
ENSG00000063438,AHRR,57.5,33.2,24.2,0.731,-0.5,3.7e-02,1.0e+00,0.2176,340,29,33,32,39,23,19,29,26
ENSG00000107371,EXOSC3,23.5,14.2,9.2,0.653,-0.6,3.7e-02,1.0e+00,0.2177,340,15,15,12,15,11,10,10,6
ENSG00000167645,YIF1B,48,18.2,29.8,1.628,0.7,3.7e-02,1.0e+00,0.2177,340,17,29,15,12,22,28,41,28
ENSG00000163684,RPP14,29.2,18.2,11,0.61,-0.7,3.7e-02,1.0e+00,0.2178,341,25,14,17,17,11,13,14,6
ENSG00000157036,EXOG,22,8.2,13.8,1.662,0.7,3.7e-02,1.0e+00,0.2183,342,11,6,10,6,13,19,13,10
ENSG00000162341,TPCN2,34.2,13.8,20.5,1.488,0.6,3.7e-02,1.0e+00,0.2183,342,16,12,12,15,23,14,19,26
ENSG00000116337,AMPD2,89,50.5,38.5,0.761,-0.4,3.7e-02,1.0e+00,0.2187,343,56,42,54,50,43,39,42,30
ENSG00000048342,CC2D2A,69.2,41.2,28,0.686,-0.5,3.8e-02,1.0e+00,0.2197,345,47,28,53,37,32,29,30,21
ENSG00000138777,PPA2,40.8,23.8,17,0.721,-0.5,3.8e-02,1.0e+00,0.2197,345,26,27,24,18,17,16,18,17
ENSG00000165124,SVEP1,4950.8,1975.8,2975,1.505,0.6,3.8e-02,1.0e+00,0.2197,345,1726,2390,1355,2432,1942,3338,2728,3892
ENSG00000203667,COX20,45,26.8,18.2,0.697,-0.5,3.8e-02,1.0e+00,0.2199,346,34,27,22,24,23,16,18,16
ENSG00000135437,RDH5,22.8,15.5,7.2,0.474,-1.1,3.8e-02,1.0e+00,0.2199,346,29,15,7,11,10,7,5,7
ENSG00000007944,MYLIP,27.2,16.8,10.5,0.633,-0.7,3.8e-02,1.0e+00,0.2202,347,15,16,24,12,9,9,13,11
ENSG00000186260,MRTFB,59.2,34.5,24.8,0.728,-0.5,3.8e-02,1.0e+00,0.2202,347,35,29,40,34,25,20,31,23
ENSG00000136960,ENPP2,38.8,27.5,11.2,0.42,-1.2,3.8e-02,1.0e+00,0.2202,347,14,28,24,44,1,12,12,20
ENSG00000147912,FBXO10,30.8,12.2,18.5,1.515,0.6,3.8e-02,1.0e+00,0.2202,347,9,9,15,16,17,18,20,19
ENSG00000103966,EHD4,61.8,25,36.8,1.467,0.6,3.8e-02,1.0e+00,0.2207,348,17,26,29,28,47,30,28,42
ENSG00000116191,RALGPS2,200.8,113.2,87.5,0.771,-0.4,3.8e-02,1.0e+00,0.2207,348,101,92,143,117,100,81,88,81
ENSG00000136193,SCRN1,403.2,180.8,222.5,1.232,0.3,3.8e-02,1.0e+00,0.2212,350,170,179,165,209,194,222,222,252
ENSG00000148358,GPR107,281,124.2,156.8,1.26,0.3,3.8e-02,1.0e+00,0.2215,350,116,127,102,152,140,169,155,163
ENSG00000196923,PDLIM7,296.8,123,173.8,1.41,0.5,3.8e-02,1.0e+00,0.2215,350,108,159,96,129,164,176,230,125
ENSG00000174780,SRP72,182.5,100.2,82.2,0.818,-0.3,3.8e-02,1.0e+00,0.2216,351,108,88,112,93,82,87,77,83
ENSG00000122882,ECD,36,21.2,14.8,0.698,-0.5,3.8e-02,1.0e+00,0.2216,351,22,23,22,18,15,17,17,10
ENSG00000104415,CCN4,48.8,31,17.8,0.584,-0.8,3.8e-02,1.0e+00,0.2216,351,38,28,39,19,24,13,24,10
ENSG00000135596,MICAL1,119,48.5,70.5,1.463,0.5,3.8e-02,1.0e+00,0.2216,351,63,45,27,59,80,69,64,69
ENSG00000178700,DHFR2,29.2,17.5,11.8,0.678,-0.6,3.8e-02,1.0e+00,0.2216,352,15,15,19,21,9,11,14,13
ENSG00000038382,TRIO,502,282.8,219.2,0.776,-0.4,3.9e-02,1.0e+00,0.2219,352,275,266,253,337,244,165,227,241
ENSG00000149577,SIDT2,51.2,13.8,37.5,2.72,1.4,3.9e-02,1.0e+00,0.2221,353,32,5,1,17,22,34,32,62
ENSG00000100099,HPS4,61.5,36.8,24.8,0.675,-0.6,3.9e-02,1.0e+00,0.2225,354,48,30,40,29,18,32,21,28
ENSG00000139437,TCHP,33.2,13.2,20,1.508,0.6,3.9e-02,1.0e+00,0.2226,354,15,9,16,13,21,21,24,14
ENSG00000165671,NSD1,114.2,65.2,49,0.753,-0.4,3.9e-02,1.0e+00,0.2226,354,59,64,82,56,47,39,54,56
ENSG00000132463,GRSF1,151.8,66.8,85,1.273,0.3,3.9e-02,1.0e+00,0.2226,355,57,73,64,73,77,103,77,83
ENSG00000144810,COL8A1,290.8,99.5,191.2,1.922,0.9,3.9e-02,1.0e+00,0.2226,355,110,129,121,38,161,216,296,92
ENSG00000147889,CDKN2A,69,39.8,29.2,0.734,-0.4,3.9e-02,1.0e+00,0.2226,355,39,53,32,35,29,27,30,31
ENSG00000141030,COPS3,59.8,34.2,25.5,0.742,-0.4,3.9e-02,1.0e+00,0.2226,355,43,34,27,33,27,24,26,25
ENSG00000168283,BMI1,98.8,43.5,55.2,1.262,0.3,3.9e-02,1.0e+00,0.2226,355,46,46,39,43,52,48,63,58
ENSG00000127314,RAP1B,301,132,169,1.279,0.4,3.9e-02,1.0e+00,0.2226,356,107,133,153,135,153,208,158,157
ENSG00000162971,TYW5,16.2,11.2,5,0.45,-1.2,3.9e-02,1.0e+00,0.2226,356,14,6,10,15,3,3,11,3
ENSG00000182963,GJC1,45.5,26.8,18.8,0.71,-0.5,3.9e-02,1.0e+00,0.2226,356,28,23,34,22,19,19,21,16
ENSG00000034152,MAP2K3,97.8,38,59.8,1.581,0.7,3.9e-02,1.0e+00,0.2229,357,32,41,21,58,45,63,74,57
ENSG00000109680,TBC1D19,59.8,37.8,22,0.59,-0.8,3.9e-02,1.0e+00,0.2229,357,43,55,19,34,26,28,18,16
ENSG00000175582,RAB6A,214.8,96.2,118.5,1.227,0.3,3.9e-02,1.0e+00,0.2229,357,110,90,97,88,102,128,124,120
ENSG00000157657,ZNF618,57.8,33.8,24,0.713,-0.5,3.9e-02,1.0e+00,0.2229,358,26,33,37,39,23,18,26,29
ENSG00000125633,CCDC93,145.8,82.2,63.5,0.773,-0.4,3.9e-02,1.0e+00,0.2229,358,77,75,75,102,74,62,53,65
ENSG00000015479,MATR3,573.2,314.2,259,0.825,-0.3,3.9e-02,1.0e+00,0.2232,358,306,331,343,277,238,264,248,286
ENSG00000167578,RAB4B,23,8.5,14.5,1.705,0.8,3.9e-02,1.0e+00,0.2232,359,10,6,11,7,8,18,16,16
ENSG00000083799,CYLD,100,55.8,44.2,0.794,-0.3,3.9e-02,1.0e+00,0.2232,359,59,58,53,53,41,53,44,39
ENSG00000162980,ARL5A,45,19.5,25.5,1.317,0.4,3.9e-02,1.0e+00,0.2237,360,17,21,19,21,26,24,26,26
ENSG00000066926,FECH,48.5,28.2,20.2,0.726,-0.5,4.0e-02,1.0e+00,0.2244,361,28,26,30,29,21,23,23,14
ENSG00000113739,STC2,1452.2,468.2,984,2.099,1.1,4.0e-02,1.0e+00,0.2246,362,515,316,242,800,608,1056,486,1786
ENSG00000100401,RANGAP1,172,76.2,95.8,1.259,0.3,4.0e-02,1.0e+00,0.2247,362,80,67,80,78,93,78,112,100
ENSG00000206281,TAPBP,37.8,29,8.8,0.308,-1.7,4.0e-02,1.0e+00,0.2247,362,29,17,37,33,0,12,0,23
ENSG00000134769,DTNA,24.8,15.8,9,0.577,-0.8,4.0e-02,1.0e+00,0.2247,363,17,10,21,15,14,7,10,5
ENSG00000087266,SH3BP2,36.5,22.8,13.8,0.609,-0.7,4.0e-02,1.0e+00,0.2247,363,31,23,15,22,12,21,13,9
ENSG00000139291,TMEM19,64.5,26.5,38,1.442,0.5,4.0e-02,1.0e+00,0.2247,363,38,22,19,27,34,39,38,41
ENSG00000162714,ZNF496,63.8,36,27.8,0.775,-0.4,4.0e-02,1.0e+00,0.2248,364,34,32,37,41,28,26,30,27
ENSG00000033170,FUT8,134,77.8,56.2,0.723,-0.5,4.0e-02,1.0e+00,0.2249,364,80,74,90,67,71,53,64,37
ENSG00000236287,ZBED5,74,42,32,0.763,-0.4,4.0e-02,1.0e+00,0.2251,364,41,38,45,44,33,31,25,39
ENSG00000184465,WDR27,35.2,21.2,14,0.673,-0.6,4.0e-02,1.0e+00,0.2254,365,17,26,25,17,13,11,18,14
ENSG00000135074,ADAM19,65,26.5,38.5,1.472,0.6,4.0e-02,1.0e+00,0.2262,367,23,29,24,30,31,45,26,52
ENSG00000165322,ARHGAP12,119,51.5,67.5,1.31,0.4,4.0e-02,1.0e+00,0.2267,368,45,46,60,55,64,73,53,80
ENSG00000255302,EID1,348,189.5,158.5,0.838,-0.3,4.0e-02,1.0e+00,0.2267,368,193,189,183,193,176,149,165,144
ENSG00000160685,ZBTB7B,33.5,19.5,14,0.724,-0.5,4.0e-02,1.0e+00,0.2271,369,17,18,20,23,15,14,15,12
ENSG00000148219,ASTN2,26,16.2,9.8,0.605,-0.7,4.0e-02,1.0e+00,0.2271,369,17,17,14,17,11,11,13,4
ENSG00000178031,ADAMTSL1,137,91.2,45.8,0.502,-1,4.0e-02,1.0e+00,0.2278,370,61,133,54,117,24,63,22,74
ENSG00000142794,NBPF3,88.8,38.2,50.5,1.314,0.4,4.1e-02,1.0e+00,0.228,371,36,49,33,35,50,49,58,45
ENSG00000167995,BEST1,29,18,11,0.617,-0.7,4.1e-02,1.0e+00,0.228,371,16,14,14,28,11,8,12,13
ENSG00000100196,KDELR3,125,55.8,69.2,1.249,0.3,4.1e-02,1.0e+00,0.228,371,51,63,58,51,77,74,61,65
ENSG00000123179,EBPL,27.8,10.5,17.2,1.628,0.7,4.1e-02,1.0e+00,0.228,372,13,12,5,12,19,19,18,13
ENSG00000101126,ADNP,143.8,79.5,64.2,0.809,-0.3,4.1e-02,1.0e+00,0.228,372,89,80,74,75,61,63,75,58
ENSG00000103642,LACTB,47,19.2,27.8,1.449,0.5,4.1e-02,1.0e+00,0.228,372,21,16,25,15,30,26,34,21
ENSG00000004866,ST7,42,26.2,15.8,0.612,-0.7,4.1e-02,1.0e+00,0.228,372,27,33,14,31,18,16,19,10
ENSG00000138434,ITPRID2,265.8,145.2,120.5,0.829,-0.3,4.1e-02,1.0e+00,0.228,373,143,140,151,147,119,115,108,140
ENSG00000138468,SENP7,29.5,18.2,11.2,0.61,-0.7,4.1e-02,1.0e+00,0.228,373,16,18,16,23,10,18,6,11
ENSG00000018189,RUFY3,95,55.2,39.8,0.719,-0.5,4.1e-02,1.0e+00,0.228,373,55,38,58,70,43,37,47,32
ENSG00000119922,IFIT2,30.2,19.2,11,0.585,-0.8,4.1e-02,1.0e+00,0.228,373,24,27,11,15,10,10,9,15
ENSG00000145147,SLIT2,118,48.2,69.8,1.449,0.5,4.1e-02,1.0e+00,0.228,373,30,46,53,64,55,61,80,83
ENSG00000263001,GTF2I,477,266.8,210.2,0.788,-0.3,4.1e-02,1.0e+00,0.228,374,241,254,315,257,197,186,263,195
ENSG00000014914,MTMR11,50,29.5,20.5,0.704,-0.5,4.1e-02,1.0e+00,0.228,374,26,26,30,36,21,27,15,19
ENSG00000145907,G3BP1,246.2,111.5,134.8,1.208,0.3,4.1e-02,1.0e+00,0.228,374,111,110,115,110,158,122,129,130
ENSG00000123737,EXOSC9,41.5,16.5,25,1.539,0.6,4.1e-02,1.0e+00,0.228,374,12,18,22,14,24,24,34,18
ENSG00000198721,ECI2,85.5,48.8,36.8,0.755,-0.4,4.1e-02,1.0e+00,0.228,375,39,53,59,44,42,39,33,33
ENSG00000170667,RASA4B,19.2,4.5,14.8,3.238,1.7,4.1e-02,1.0e+00,0.2281,375,11,0,0,7,13,22,6,18
ENSG00000133121,STARD13,89.8,37.5,52.2,1.393,0.5,4.1e-02,1.0e+00,0.2281,375,30,52,38,30,51,44,53,61
ENSG00000136378,ADAMTS7,145.8,58.2,87.5,1.505,0.6,4.1e-02,1.0e+00,0.2284,376,53,79,43,58,52,105,85,108
ENSG00000168300,PCMTD1,153.2,88,65.2,0.743,-0.4,4.1e-02,1.0e+00,0.2285,376,101,62,109,80,70,71,57,63
ENSG00000133961,NUMB,135.5,60.5,75,1.244,0.3,4.1e-02,1.0e+00,0.229,377,59,68,60,55,80,63,74,83
ENSG00000083099,LYRM2,48.2,28.2,20,0.715,-0.5,4.1e-02,1.0e+00,0.2291,378,27,27,27,32,17,27,16,20
ENSG00000020181,ADGRA2,803.5,447.5,356,0.795,-0.3,4.1e-02,1.0e+00,0.2291,378,433,424,399,534,303,330,409,382
ENSG00000100335,MIEF1,82,36.2,45.8,1.255,0.3,4.1e-02,1.0e+00,0.2297,379,40,35,35,35,49,41,50,43
ENSG00000130529,TRPM4,48.8,19.8,29,1.481,0.6,4.2e-02,1.0e+00,0.2299,380,14,28,21,16,23,36,28,29
ENSG00000213853,EMP2,128.5,54.5,74,1.356,0.4,4.2e-02,1.0e+00,0.2299,380,57,50,44,67,67,97,59,73
ENSG00000006118,TMEM132A,40,25.8,14.2,0.56,-0.8,4.2e-02,1.0e+00,0.2299,380,23,33,33,14,14,14,22,7
ENSG00000176101,SSNA1,37.2,15.2,22,1.444,0.5,4.2e-02,1.0e+00,0.2299,380,20,14,14,13,24,18,26,20
ENSG00000100519,PSMC6,67.2,39,28.2,0.723,-0.5,4.2e-02,1.0e+00,0.2302,381,42,39,38,37,35,28,18,32
ENSG00000105281,SLC1A5,466.8,211.5,255.2,1.205,0.3,4.2e-02,1.0e+00,0.2302,381,186,206,231,223,237,245,276,263
ENSG00000275482,EPHB6,127.8,35.2,92.5,2.637,1.4,4.2e-02,1.0e+00,0.2305,382,31,56,0,54,93,102,60,115
ENSG00000147123,NDUFB11,55.5,32.2,23.2,0.728,-0.5,4.2e-02,1.0e+00,0.2305,382,29,40,32,28,29,20,22,22
ENSG00000119523,ALG2,66.8,28.8,38,1.338,0.4,4.2e-02,1.0e+00,0.2305,383,28,32,24,31,34,43,31,44
ENSG00000124177,CHD6,123.8,70,53.8,0.769,-0.4,4.2e-02,1.0e+00,0.231,384,71,64,73,72,47,44,71,53
ENSG00000171608,PIK3CD,33.8,12.8,21,1.606,0.7,4.2e-02,1.0e+00,0.2312,384,13,12,14,12,13,16,25,30
ENSG00000100842,EFS,21.5,14,7.5,0.542,-0.9,4.2e-02,1.0e+00,0.2312,384,17,11,10,18,8,7,3,12
ENSG00000082512,TRAF5,34.8,13.8,21,1.549,0.6,4.2e-02,1.0e+00,0.2313,385,14,20,9,12,21,19,27,17
ENSG00000160305,DIP2A,77.5,43.2,34.2,0.794,-0.3,4.2e-02,1.0e+00,0.2315,385,45,45,41,42,32,39,35,31
ENSG00000131981,LGALS3,386,224.8,161.2,0.719,-0.5,4.2e-02,1.0e+00,0.2316,386,314,214,178,193,204,161,127,153
ENSG00000136379,ABHD17C,41,16.2,24.8,1.512,0.6,4.2e-02,1.0e+00,0.2321,387,14,15,23,13,20,19,28,32
ENSG00000168679,SLC16A4,31.8,21,10.8,0.518,-1,4.2e-02,1.0e+00,0.2324,388,12,36,18,18,8,17,6,12
ENSG00000173064,HECTD4,106.5,60,46.5,0.777,-0.4,4.2e-02,1.0e+00,0.2326,388,53,72,52,63,47,39,53,47
ENSG00000040633,PHF23,67,39.2,27.8,0.706,-0.5,4.3e-02,1.0e+00,0.2328,389,40,35,50,32,30,21,35,25
ENSG00000133835,HSD17B4,223.5,98.5,125,1.269,0.3,4.3e-02,1.0e+00,0.2331,389,89,95,117,93,147,134,101,118
ENSG00000136986,DERL1,132.5,58,74.5,1.287,0.4,4.3e-02,1.0e+00,0.2331,390,59,55,66,52,68,88,83,59
ENSG00000167930,FAM234A,197.8,86.5,111.2,1.286,0.4,4.3e-02,1.0e+00,0.2331,390,89,105,72,80,123,116,88,118
ENSG00000035928,RFC1,80.2,45.8,34.5,0.757,-0.4,4.3e-02,1.0e+00,0.2337,391,46,34,56,47,33,33,37,35
ENSG00000157014,TATDN2,91,39.8,51.2,1.286,0.4,4.3e-02,1.0e+00,0.2339,392,47,37,38,37,57,55,51,42
ENSG00000073584,SMARCE1,240,132.5,107.5,0.813,-0.3,4.3e-02,1.0e+00,0.2339,392,140,150,128,112,99,122,106,103
ENSG00000121481,RNF2,29.5,17.8,11.8,0.668,-0.6,4.3e-02,1.0e+00,0.2341,393,13,15,24,19,13,12,13,9
ENSG00000039560,RAI14,432.2,181.5,250.8,1.381,0.5,4.3e-02,1.0e+00,0.2342,393,153,170,194,209,176,245,352,230
ENSG00000139687,RB1,95.5,41.8,53.8,1.278,0.4,4.3e-02,1.0e+00,0.2344,393,45,47,38,37,54,50,48,63
ENSG00000109917,ZPR1,46,19.5,26.5,1.366,0.5,4.3e-02,1.0e+00,0.2344,394,18,16,23,21,27,27,31,21
ENSG00000143442,POGZ,110,62,48,0.773,-0.4,4.3e-02,1.0e+00,0.2344,394,71,63,60,54,40,57,53,42
ENSG00000109184,DCUN1D4,97.2,42.2,55,1.305,0.4,4.3e-02,1.0e+00,0.2344,394,33,38,50,48,62,52,52,54
ENSG00000088682,COQ9,42.5,25.5,17,0.68,-0.6,4.3e-02,1.0e+00,0.2344,395,24,29,26,23,22,17,10,19
ENSG00000120948,TARDBP,224.5,124.5,100,0.804,-0.3,4.3e-02,1.0e+00,0.2346,395,107,127,132,132,94,100,120,86
ENSG00000211584,SLC48A1,48.2,20,28.2,1.423,0.5,4.3e-02,1.0e+00,0.2346,395,13,20,20,27,30,31,25,27
ENSG00000003096,KLHL13,36.2,22.2,14,0.655,-0.6,4.3e-02,1.0e+00,0.2356,397,29,22,15,23,18,10,15,13
ENSG00000086232,EIF2AK1,168.8,76.5,92.2,1.206,0.3,4.3e-02,1.0e+00,0.2356,397,74,70,77,85,86,91,93,99
ENSG00000186834,HEXIM1,96.5,41.5,55,1.318,0.4,4.4e-02,1.0e+00,0.237,400,39,43,42,42,74,49,50,47
ENSG00000120526,NUDCD1,23.2,8.2,15,1.837,0.9,4.4e-02,1.0e+00,0.2373,401,7,10,6,10,16,7,24,13
ENSG00000197417,SHPK,21,8,13,1.676,0.7,4.4e-02,1.0e+00,0.2373,401,10,6,6,10,19,9,12,12
ENSG00000152558,TMEM123,403.5,180.2,223.2,1.237,0.3,4.4e-02,1.0e+00,0.2383,403,166,178,187,190,180,232,217,264
ENSG00000189319,FAM53B,29.5,19,10.5,0.566,-0.8,4.4e-02,1.0e+00,0.2384,403,23,20,12,21,17,13,6,6
ENSG00000111077,TNS2,318.2,143,175.2,1.224,0.3,4.4e-02,1.0e+00,0.2385,404,146,152,146,128,180,179,144,198
ENSG00000177409,SAMD9L,71.2,43.8,27.5,0.635,-0.7,4.4e-02,1.0e+00,0.2389,405,43,62,34,36,36,28,32,14
ENSG00000160094,ZNF362,50.5,30,20.5,0.696,-0.5,4.4e-02,1.0e+00,0.239,405,23,40,27,30,24,19,16,23
ENSG00000185532,PRKG1,132,74.8,57.2,0.761,-0.4,4.4e-02,1.0e+00,0.239,405,72,54,86,87,54,57,52,66
ENSG00000135315,CEP162,23.8,14.8,9,0.615,-0.7,4.4e-02,1.0e+00,0.2396,407,16,16,19,8,9,8,8,11
ENSG00000275118,MBOAT7,43.2,9.5,33.8,3.446,1.8,4.4e-02,1.0e+00,0.2396,407,3,3,32,0,14,52,34,35
ENSG00000173611,SCAI,52,31.8,20.2,0.647,-0.6,4.5e-02,1.0e+00,0.2396,407,38,23,33,33,29,20,21,11
ENSG00000186812,ZNF397,51.5,29.8,21.8,0.746,-0.4,4.5e-02,1.0e+00,0.2396,407,25,33,26,35,23,24,20,20
ENSG00000205937,RNPS1,117.8,52,65.8,1.266,0.3,4.5e-02,1.0e+00,0.2396,408,49,51,64,44,74,63,65,61
ENSG00000160959,LRRC14,45.8,26.8,19,0.734,-0.4,4.5e-02,1.0e+00,0.2396,408,28,30,24,25,20,14,22,20
ENSG00000158793,NIT1,31,19.5,11.5,0.603,-0.7,4.5e-02,1.0e+00,0.2397,408,19,28,16,15,12,12,6,16
ENSG00000114742,WDR48,93.2,51.8,41.5,0.806,-0.3,4.5e-02,1.0e+00,0.2398,409,52,48,52,55,42,43,35,46
ENSG00000169714,CNBP,307.2,139.5,167.8,1.199,0.3,4.5e-02,1.0e+00,0.2398,409,138,133,140,147,163,159,154,195
ENSG00000143393,PI4KB,155.5,85.2,70.2,0.819,-0.3,4.5e-02,1.0e+00,0.2398,409,92,80,82,87,79,60,69,73
ENSG00000140326,CDAN1,27.8,17.2,10.5,0.615,-0.7,4.5e-02,1.0e+00,0.2398,409,21,14,14,20,10,6,10,16
ENSG00000122507,BBS9,47.5,27.8,19.8,0.725,-0.5,4.5e-02,1.0e+00,0.2403,410,23,31,24,33,22,17,22,18
ENSG00000147535,PLPP5,45.5,26.5,19,0.716,-0.5,4.5e-02,1.0e+00,0.2403,411,22,29,27,28,15,21,24,16
ENSG00000014919,COX15,47,28.5,18.5,0.66,-0.6,4.5e-02,1.0e+00,0.2403,411,42,25,27,20,19,21,14,20
ENSG00000130382,MLLT1,148,62.8,85.2,1.364,0.4,4.5e-02,1.0e+00,0.2409,412,69,59,73,50,102,63,103,73
ENSG00000135801,TAF5L,31.2,12,19.2,1.579,0.7,4.5e-02,1.0e+00,0.2409,412,15,10,16,7,16,17,24,20
ENSG00000103978,TMEM87A,83.5,33.2,50.2,1.512,0.6,4.5e-02,1.0e+00,0.2409,413,33,38,26,36,32,52,41,76
ENSG00000102780,DGKH,43.5,17,26.5,1.549,0.6,4.5e-02,1.0e+00,0.2411,413,13,17,12,26,20,26,25,35
ENSG00000213699,SLC35F6,87.8,38.8,49,1.266,0.3,4.5e-02,1.0e+00,0.2412,414,34,45,39,37,45,45,55,51
ENSG00000157625,TAB3,61.5,35.2,26.2,0.744,-0.4,4.5e-02,1.0e+00,0.2414,414,38,28,41,34,26,23,24,32
ENSG00000172331,BPGM,55.2,33.5,21.8,0.654,-0.6,4.5e-02,1.0e+00,0.2416,415,38,26,46,24,16,24,28,19
ENSG00000198954,KIFBP,58.5,25.5,33,1.295,0.4,4.5e-02,1.0e+00,0.2416,415,27,23,28,24,38,31,31,32
ENSG00000164877,MICALL2,72.2,41,31.2,0.762,-0.4,4.6e-02,1.0e+00,0.2426,417,46,43,43,32,36,32,27,30
ENSG00000119681,LTBP2,2538.2,1403,1135.2,0.809,-0.3,4.6e-02,1.0e+00,0.2426,417,1520,1559,1116,1417,1213,1071,1154,1103
ENSG00000126391,FRMD8,53.8,21,32.8,1.576,0.7,4.6e-02,1.0e+00,0.2427,418,21,24,10,29,25,32,33,41
ENSG00000204977,TRIM13,42.5,18,24.5,1.368,0.5,4.6e-02,1.0e+00,0.2429,418,17,15,17,23,21,28,26,23
ENSG00000126581,BECN1,124.8,54.8,70,1.281,0.4,4.6e-02,1.0e+00,0.2438,420,61,55,59,44,55,75,74,76
ENSG00000119771,KLHL29,77.8,33.5,44.2,1.318,0.4,4.6e-02,1.0e+00,0.2438,420,29,38,34,33,44,36,56,41
ENSG00000156928,MALSU1,26,10,16,1.627,0.7,4.6e-02,1.0e+00,0.2438,421,13,4,11,12,16,13,17,18
ENSG00000131462,TUBG1,42.8,25.8,17,0.677,-0.6,4.6e-02,1.0e+00,0.2438,421,29,24,29,21,23,13,20,12
ENSG00000111911,HINT3,28.8,18,10.8,0.619,-0.7,4.6e-02,1.0e+00,0.2439,421,13,20,14,25,11,9,15,8
ENSG00000116133,DHCR24,429.2,164,265.2,1.617,0.7,4.6e-02,1.0e+00,0.2442,422,184,236,152,84,368,282,242,169
ENSG00000108312,UBTF,194.5,107.5,87,0.809,-0.3,4.6e-02,1.0e+00,0.2442,422,102,103,115,110,107,81,76,84
ENSG00000133687,TMTC1,477.8,183,294.8,1.611,0.7,4.6e-02,1.0e+00,0.2442,423,108,196,271,157,173,324,408,274
ENSG00000205302,SNX2,151.8,85.8,66,0.766,-0.4,4.6e-02,1.0e+00,0.2444,423,95,92,81,75,60,86,67,51
ENSG00000128602,SMO,21,15,6,0.405,-1.3,4.6e-02,1.0e+00,0.2445,423,17,16,3,24,10,4,2,8
ENSG00000131634,TMEM204,31,11,20,1.782,0.8,4.6e-02,1.0e+00,0.2448,424,14,13,4,13,19,21,12,28
ENSG00000137449,CPEB2,44,17.8,26.2,1.503,0.6,4.6e-02,1.0e+00,0.2448,424,12,15,24,20,30,30,27,18
ENSG00000065559,MAP2K4,55,23.5,31.5,1.354,0.4,4.6e-02,1.0e+00,0.2448,425,19,20,25,30,33,28,30,35
ENSG00000075539,FRYL,93.5,41,52.5,1.273,0.3,4.6e-02,1.0e+00,0.2448,425,49,41,39,35,51,51,48,60
ENSG00000070495,JMJD6,21.8,8.5,13.2,1.585,0.7,4.6e-02,1.0e+00,0.2448,425,11,5,11,7,11,13,15,14
ENSG00000221838,AP4M1,35,20.8,14.2,0.682,-0.6,4.7e-02,1.0e+00,0.2448,425,17,17,19,30,13,16,13,15
ENSG00000185900,POMK,23.2,8.5,14.8,1.734,0.8,4.7e-02,1.0e+00,0.2452,426,10,3,9,12,12,18,12,17
ENSG00000074621,SLC24A1,35.8,22,13.8,0.629,-0.7,4.7e-02,1.0e+00,0.2457,428,23,22,20,23,11,16,7,21
ENSG00000143067,ZNF697,22.5,14.2,8.2,0.584,-0.8,4.7e-02,1.0e+00,0.2461,428,16,7,18,16,11,6,10,6
ENSG00000166780,BMERB1,114.5,42.5,72,1.692,0.8,4.7e-02,1.0e+00,0.2461,429,51,54,14,51,88,82,58,60
ENSG00000134986,NREP,70,41.8,28.2,0.688,-0.5,4.7e-02,1.0e+00,0.2461,429,54,48,27,38,27,36,27,23
ENSG00000120370,GORAB,32.2,19,13.2,0.713,-0.5,4.7e-02,1.0e+00,0.2461,429,15,21,22,18,12,12,16,13
ENSG00000173744,AGFG1,157.2,70.2,87,1.243,0.3,4.7e-02,1.0e+00,0.2461,429,70,59,80,72,73,93,90,92
ENSG00000167110,GOLGA2,191.8,108.8,83,0.763,-0.4,4.7e-02,1.0e+00,0.2461,430,99,107,115,114,90,61,108,73
ENSG00000167106,EEIG1,75,47,28,0.595,-0.7,4.7e-02,1.0e+00,0.2463,430,48,40,45,55,49,26,11,26
ENSG00000285152,RNF31,28,20.5,7.5,0.362,-1.5,4.7e-02,1.0e+00,0.2463,430,31,5,20,26,11,16,2,1
ENSG00000176102,CSTF3,40.8,24.2,16.5,0.687,-0.5,4.7e-02,1.0e+00,0.2464,431,31,24,23,19,15,22,17,12
ENSG00000107338,SHB,32,19.8,12.2,0.629,-0.7,4.7e-02,1.0e+00,0.2466,432,29,13,21,16,13,9,11,16
ENSG00000165118,QNG1,30.5,11.2,19.2,1.732,0.8,4.7e-02,1.0e+00,0.2473,433,10,18,6,11,20,24,22,11
ENSG00000100711,ZFYVE21,106.8,59.2,47.5,0.802,-0.3,4.7e-02,1.0e+00,0.2474,434,57,55,56,69,52,44,42,52
ENSG00000133103,COG6,48.5,29.2,19.2,0.672,-0.6,4.7e-02,1.0e+00,0.2477,434,30,27,26,34,19,10,22,26
ENSG00000181481,RNF135,27.5,11,16.5,1.468,0.6,4.8e-02,1.0e+00,0.2477,435,13,12,7,12,16,18,16,16
ENSG00000165996,HACD1,22.8,8.5,14.2,1.699,0.8,4.8e-02,1.0e+00,0.248,435,9,9,11,5,15,14,20,8
ENSG00000179981,TSHZ1,54,35,19,0.55,-0.9,4.8e-02,1.0e+00,0.2481,436,40,40,12,48,24,18,12,22
ENSG00000182628,SKA2,30.8,18.8,12,0.653,-0.6,4.8e-02,1.0e+00,0.2481,436,16,28,16,15,14,12,13,9
ENSG00000139974,SLC38A6,42.8,26,16.8,0.658,-0.6,4.8e-02,1.0e+00,0.2481,436,24,28,18,34,19,22,11,15
ENSG00000025772,TOMM34,67,39.2,27.8,0.712,-0.5,4.8e-02,1.0e+00,0.2481,436,35,42,52,28,22,30,31,28
ENSG00000111596,CNOT2,85.2,47.2,38,0.801,-0.3,4.8e-02,1.0e+00,0.2481,437,46,44,45,54,40,39,40,33
ENSG00000126522,ASL,48.8,18.8,30,1.609,0.7,4.8e-02,1.0e+00,0.2481,437,24,22,13,16,42,20,21,37
ENSG00000166454,ATMIN,135.2,75,60.2,0.802,-0.3,4.8e-02,1.0e+00,0.2481,437,65,83,80,72,72,56,59,54
ENSG00000185585,OLFML2A,121.8,85.2,36.5,0.424,-1.2,4.8e-02,1.0e+00,0.2481,437,44,55,143,99,8,23,76,39
ENSG00000156467,UQCRB,195.2,109.5,85.8,0.784,-0.4,4.8e-02,1.0e+00,0.2481,438,94,100,135,109,101,71,88,83
ENSG00000143977,SNRPG,33.8,13.5,20.2,1.527,0.6,4.8e-02,1.0e+00,0.2484,438,13,7,19,15,20,21,23,17
ENSG00000148814,LRRC27,21.5,13,8.5,0.659,-0.6,4.8e-02,1.0e+00,0.2484,439,14,10,15,13,7,7,9,11
ENSG00000143740,SNAP47,49,28.5,20.5,0.713,-0.5,4.8e-02,1.0e+00,0.2484,439,36,22,27,29,17,18,22,25
ENSG00000203668,CHML,23,9,14,1.582,0.7,4.8e-02,1.0e+00,0.2484,439,13,5,8,10,13,13,13,17
ENSG00000173914,RBM4B,29,18,11,0.604,-0.7,4.8e-02,1.0e+00,0.2484,439,22,16,18,16,12,18,9,5
ENSG00000151090,THRB,37.2,15.2,22,1.465,0.6,4.8e-02,1.0e+00,0.2484,440,13,15,12,21,27,24,18,19
ENSG00000132535,DLG4,40.5,23.8,16.8,0.71,-0.5,4.8e-02,1.0e+00,0.2486,440,19,28,24,24,12,19,17,19
ENSG00000121073,SLC35B1,40.5,16.2,24.2,1.514,0.6,4.8e-02,1.0e+00,0.2486,441,13,20,11,21,27,27,27,16
ENSG00000104408,EIF3E,465.8,251.2,214.5,0.853,-0.2,4.8e-02,1.0e+00,0.2486,441,251,251,255,248,224,205,200,229
ENSG00000164465,DCBLD1,56.2,34,22.2,0.666,-0.6,4.8e-02,1.0e+00,0.2486,441,43,27,35,31,28,12,27,22
ENSG00000267858,MZF1-AS1,136.5,75.2,61.2,0.816,-0.3,4.8e-02,1.0e+00,0.2486,441,73,69,72,87,62,62,67,54
ENSG00000111450,STX2,98.5,42.2,56.2,1.325,0.4,4.8e-02,1.0e+00,0.2486,442,38,55,31,45,61,58,50,56
ENSG00000121753,ADGRB2,37.8,23.2,14.5,0.638,-0.6,4.8e-02,1.0e+00,0.2486,442,17,22,21,33,11,11,21,15
ENSG00000221978,CCNL2,340.8,155,185.8,1.199,0.3,4.8e-02,1.0e+00,0.249,443,180,145,147,148,190,181,172,200
ENSG00000164099,PRSS12,528.2,296.5,231.8,0.782,-0.4,4.9e-02,1.0e+00,0.2494,444,252,273,372,289,189,224,269,245
ENSG00000148908,RGS10,36.2,21.8,14.5,0.681,-0.6,4.9e-02,1.0e+00,0.2494,444,18,25,17,27,14,11,14,19
ENSG00000103994,ZNF106,937.2,400.5,536.8,1.34,0.4,4.9e-02,1.0e+00,0.2494,444,367,407,433,395,398,530,459,760
ENSG00000105426,PTPRS,315,126.8,188.2,1.484,0.6,4.9e-02,1.0e+00,0.2494,445,116,138,115,138,163,207,103,280
ENSG00000124422,USP22,433.8,237.8,196,0.824,-0.3,4.9e-02,1.0e+00,0.2496,445,254,197,254,246,207,204,173,200
ENSG00000056586,RC3H2,110.8,47.5,63.2,1.341,0.4,4.9e-02,1.0e+00,0.2496,445,38,58,44,50,55,83,53,62
ENSG00000269858,EGLN2,138.2,61.2,77,1.259,0.3,4.9e-02,1.0e+00,0.2497,446,71,58,66,50,89,69,75,75
ENSG00000109016,DHRS7B,27.2,11,16.2,1.477,0.6,4.9e-02,1.0e+00,0.2497,446,8,14,12,10,15,18,14,18
ENSG00000182054,IDH2,68,28.2,39.8,1.399,0.5,4.9e-02,1.0e+00,0.2499,447,24,26,35,28,52,32,44,31
ENSG00000077147,TM9SF3,432.2,197.5,234.8,1.188,0.2,4.9e-02,1.0e+00,0.2501,447,183,183,200,224,224,241,240,234
ENSG00000131711,MAP1B,552.8,324,228.8,0.706,-0.5,4.9e-02,1.0e+00,0.2501,447,286,256,296,458,184,196,216,319
ENSG00000196576,PLXNB2,892.8,498.8,394,0.79,-0.3,4.9e-02,1.0e+00,0.2501,448,609,444,472,470,448,324,442,362
ENSG00000017260,ATP2C1,224,123.8,100.2,0.812,-0.3,4.9e-02,1.0e+00,0.2501,448,116,141,103,135,103,96,91,111
ENSG00000182957,SPATA13,60.8,36.5,24.2,0.662,-0.6,4.9e-02,1.0e+00,0.2501,448,34,23,39,50,18,21,28,30
ENSG00000081307,UBA5,82.5,47.8,34.8,0.728,-0.5,4.9e-02,1.0e+00,0.2501,448,53,53,39,46,47,37,26,29
ENSG00000169016,E2F6,19,7,12,1.739,0.8,4.9e-02,1.0e+00,0.2501,449,7,3,11,7,11,11,10,16
ENSG00000158828,PINK1,282.5,127.2,155.2,1.217,0.3,4.9e-02,1.0e+00,0.2504,449,120,120,145,124,169,155,130,167
ENSG00000103479,RBL2,218.8,98.8,120,1.217,0.3,4.9e-02,1.0e+00,0.2506,450,106,104,87,98,134,102,116,128
ENSG00000197555,SIPA1L1,191,108.8,82.2,0.756,-0.4,4.9e-02,1.0e+00,0.2511,451,105,90,119,121,79,61,109,80
ENSG00000155827,RNF20,114.2,64.2,50,0.778,-0.4,4.9e-02,1.0e+00,0.2511,451,74,56,68,59,55,44,60,41
ENSG00000237172,B3GNT9,69.2,40.8,28.5,0.701,-0.5,4.9e-02,1.0e+00,0.2515,452,39,31,55,38,26,23,26,39
ENSG00000105894,PTN,482.2,296.8,185.5,0.625,-0.7,4.9e-02,1.0e+00,0.2515,453,213,240,295,439,106,184,164,288
ENSG00000049239,H6PD,524.5,235.8,288.8,1.224,0.3,5.0e-02,1.0e+00,0.2516,453,241,260,198,244,268,333,259,295
ENSG00000165516,KLHDC2,109.8,47.2,62.5,1.324,0.4,5.0e-02,1.0e+00,0.2516,453,45,61,43,40,59,80,56,55
ENSG00000151012,SLC7A11,75.5,52.8,22.8,0.436,-1.2,5.0e-02,1.0e+00,0.2517,454,43,22,112,34,23,11,43,14
ENSG00000206527,HACD2,54.2,21.8,32.5,1.501,0.6,5.0e-02,1.0e+00,0.2522,455,25,23,25,14,29,48,25,28
ENSG00000157796,WDR19,139.8,61,78.8,1.296,0.4,5.0e-02,1.0e+00,0.2522,455,57,64,55,68,61,87,69,98
ENSG00000145494,NDUFS6,38,15,23,1.535,0.6,5.0e-02,1.0e+00,0.2524,456,16,11,22,11,26,26,25,15
ENSG00000123353,ORMDL2,23.2,8,15.2,1.899,0.9,5.0e-02,1.0e+00,0.2524,456,10,12,8,2,12,17,21,11
ENSG00000100359,SGSM3,54.5,21.8,32.8,1.508,0.6,5.0e-02,1.0e+00,0.2524,456,21,26,21,19,28,25,52,26
ENSG00000168291,PDHB,72.5,31,41.5,1.339,0.4,5.0e-02,1.0e+00,0.2524,457,36,28,28,32,35,35,55,41
ENSG00000146416,AIG1,54.8,31.8,23,0.739,-0.4,5.0e-02,1.0e+00,0.2524,457,27,37,27,36,19,25,27,21
ENSG00000113407,TARS1,121.2,67.8,53.5,0.795,-0.3,5.0e-02,1.0e+00,0.2527,458,61,63,72,75,55,42,60,57
ENSG00000177868,SVBP,26.2,16.5,9.8,0.604,-0.7,5.0e-02,1.0e+00,0.2529,458,13,18,23,12,15,9,6,9
ENSG00000288427,CLSTN3,41.2,24.5,16.8,0.696,-0.5,5.0e-02,1.0e+00,0.2529,459,20,32,24,22,21,18,16,12
ENSG00000293490,SLC66A1LP,21.5,6.8,14.8,2.242,1.2,5.0e-02,1.0e+00,0.253,459,10,3,2,12,21,13,6,19
ENSG00000177548,RABEP2,37.2,16,21.2,1.35,0.4,5.0e-02,1.0e+00,0.2531,459,13,17,17,17,23,21,19,22
ENSG00000144736,SHQ1,32.2,19.8,12.5,0.641,-0.6,5.0e-02,1.0e+00,0.2531,460,23,13,24,19,11,8,18,13
ENSG00000079134,THOC1,29,17.8,11.2,0.647,-0.6,5.0e-02,1.0e+00,0.2534,460,19,21,11,20,16,10,10,9
ENSG00000144857,BOC,135.8,51,84.8,1.659,0.7,5.0e-02,1.0e+00,0.2536,461,39,69,27,69,67,115,52,105
ENSG00000102316,MAGED2,255,143.5,111.5,0.777,-0.4,5.0e-02,1.0e+00,0.2537,462,138,159,158,119,95,96,145,110
ENSG00000101460,MAP1LC3A,41.8,16,25.8,1.621,0.7,5.0e-02,1.0e+00,0.2537,462,10,15,16,23,21,30,16,36
ENSG00000106524,ANKMY2,25.8,16.8,9,0.543,-0.9,5.1e-02,1.0e+00,0.2537,462,23,13,13,18,16,5,4,11
ENSG00000184254,ALDH1A3,137.5,93.5,44,0.472,-1.1,5.1e-02,1.0e+00,0.2537,462,102,119,25,128,48,59,14,55
ENSG00000196678,ERI2,20.2,12.5,7.8,0.636,-0.7,5.1e-02,1.0e+00,0.2541,463,12,16,11,11,6,6,10,9
ENSG00000149262,INTS4,45.2,26.8,18.5,0.699,-0.5,5.1e-02,1.0e+00,0.255,465,30,20,26,31,16,24,14,20
ENSG00000148834,GSTO1,99,41.8,57.2,1.372,0.5,5.1e-02,1.0e+00,0.2553,466,33,46,36,52,41,70,62,56
ENSG00000105976,MET,73.2,29.8,43.5,1.45,0.5,5.1e-02,1.0e+00,0.2555,467,20,40,36,23,34,47,52,41
ENSG00000104219,ZDHHC2,122,52.8,69.2,1.314,0.4,5.1e-02,1.0e+00,0.2557,467,54,52,42,63,58,90,62,67
ENSG00000074416,MGLL,372.2,162.2,210,1.294,0.4,5.1e-02,1.0e+00,0.2557,467,150,192,156,151,201,189,280,170
ENSG00000174348,PODN,909.2,512.8,396.5,0.774,-0.4,5.1e-02,1.0e+00,0.2557,468,493,617,440,501,430,421,286,449
ENSG00000164938,TP53INP1,161.8,89.8,72,0.802,-0.3,5.1e-02,1.0e+00,0.2557,468,102,74,90,93,66,86,66,70
ENSG00000102218,RP2,36.5,14.2,22.2,1.583,0.7,5.1e-02,1.0e+00,0.2557,468,14,20,6,17,25,21,20,23
ENSG00000100307,CBX7,66,28.8,37.2,1.311,0.4,5.1e-02,1.0e+00,0.2557,468,31,34,23,27,34,34,38,43
ENSG00000170802,FOXN2,26.2,9,17.2,1.891,0.9,5.1e-02,1.0e+00,0.2557,469,15,6,9,6,24,18,7,20
ENSG00000120738,EGR1,63.8,41,22.8,0.553,-0.9,5.1e-02,1.0e+00,0.2557,469,38,32,37,57,8,19,42,22
ENSG00000124228,DDX27,76.5,42.5,34,0.801,-0.3,5.2e-02,1.0e+00,0.2569,471,38,39,44,49,32,35,35,34
ENSG00000288124,C1RL,162.5,71.5,91,1.273,0.3,5.2e-02,1.0e+00,0.257,472,76,75,71,64,82,112,71,99
ENSG00000243302,ENSG00000243302,43,25.8,17.2,0.673,-0.6,5.2e-02,1.0e+00,0.2573,473,18,36,23,26,18,18,21,12
ENSG00000148158,SNX30,70,43.2,26.8,0.621,-0.7,5.2e-02,1.0e+00,0.2574,473,45,28,43,57,20,20,21,46
ENSG00000162368,CMPK1,230.8,101.5,129.2,1.271,0.3,5.2e-02,1.0e+00,0.2575,474,98,95,117,96,118,149,99,151
ENSG00000272325,NUDT3,166.5,72.5,94,1.299,0.4,5.2e-02,1.0e+00,0.2575,474,61,91,67,71,75,115,92,94
ENSG00000113658,SMAD5,166.5,91.2,75.2,0.824,-0.3,5.2e-02,1.0e+00,0.2575,474,103,82,85,95,66,75,78,82
ENSG00000158467,AHCYL2,39.5,25,14.5,0.584,-0.8,5.2e-02,1.0e+00,0.2575,474,24,22,19,35,12,10,9,27
ENSG00000084636,COL16A1,263.2,154.5,108.8,0.705,-0.5,5.2e-02,1.0e+00,0.2575,475,197,126,134,161,154,70,112,99
ENSG00000001629,ANKIB1,153.2,85,68.2,0.804,-0.3,5.2e-02,1.0e+00,0.2575,475,87,85,89,79,61,67,86,59
ENSG00000185338,SOCS1,22.2,14.8,7.5,0.515,-1,5.2e-02,1.0e+00,0.2577,475,23,6,19,11,11,4,7,8
ENSG00000258366,RTEL1,27.2,17.2,10,0.587,-0.8,5.2e-02,1.0e+00,0.2577,476,22,16,12,19,6,14,14,6
ENSG00000101558,VAPA,215.8,96.5,119.2,1.234,0.3,5.2e-02,1.0e+00,0.2584,477,91,105,102,88,118,127,95,137
ENSG00000109736,MFSD10,90.8,37.8,53,1.42,0.5,5.2e-02,1.0e+00,0.2584,478,37,41,23,50,61,43,48,60
ENSG00000117592,PRDX6,310.5,140.5,170,1.209,0.3,5.2e-02,1.0e+00,0.2589,479,134,158,142,128,172,183,143,182
ENSG00000136048,DRAM1,511.2,295.2,216,0.733,-0.4,5.2e-02,1.0e+00,0.2595,480,238,344,278,321,140,280,234,210
ENSG00000122779,TRIM24,25.5,15.2,10.2,0.677,-0.6,5.3e-02,1.0e+00,0.2596,480,14,17,15,15,10,14,10,7
ENSG00000104361,NIPAL2,106,62,44,0.712,-0.5,5.3e-02,1.0e+00,0.2598,481,56,63,72,57,27,60,51,38
ENSG00000111647,BLTP3B,59.5,33.2,26.2,0.792,-0.3,5.3e-02,1.0e+00,0.2601,482,33,33,30,37,28,24,26,27
ENSG00000196843,ARID5A,35.8,13.5,22.2,1.628,0.7,5.3e-02,1.0e+00,0.2601,482,18,12,12,12,23,22,11,33
ENSG00000148688,RPP30,33.2,13.2,20,1.509,0.6,5.3e-02,1.0e+00,0.2601,482,20,12,8,13,18,21,22,19
ENSG00000176438,SYNE3,144.2,58.5,85.8,1.456,0.5,5.3e-02,1.0e+00,0.2604,483,47,55,53,79,64,85,66,128
ENSG00000250722,SELENOP,1454.5,625.8,828.8,1.324,0.4,5.3e-02,1.0e+00,0.2604,484,651,669,471,712,826,975,591,923
ENSG00000100129,EIF3L,570,310,260,0.839,-0.3,5.3e-02,1.0e+00,0.2604,484,337,313,292,298,290,264,259,227
ENSG00000145348,TBCK,106.5,59.8,46.8,0.777,-0.4,5.3e-02,1.0e+00,0.2612,486,56,51,57,75,38,49,48,52
ENSG00000166167,BTRC,39.8,23.8,16,0.672,-0.6,5.3e-02,1.0e+00,0.2627,489,21,22,35,17,14,16,19,15
ENSG00000127527,EPS15L1,52.5,30.2,22.2,0.751,-0.4,5.4e-02,1.0e+00,0.2627,489,35,34,24,28,22,25,23,19
ENSG00000110108,TMEM109,187.8,83.2,104.5,1.254,0.3,5.4e-02,1.0e+00,0.2627,489,94,85,67,87,100,101,91,126
ENSG00000152818,UTRN,349.5,150,199.5,1.331,0.4,5.4e-02,1.0e+00,0.2627,489,138,161,132,169,138,189,204,267
ENSG00000198826,ARHGAP11A,41.2,27.5,13.8,0.507,-1,5.4e-02,1.0e+00,0.2627,490,23,20,44,23,22,19,11,3
ENSG00000110841,PPFIBP1,134.2,75.8,58.5,0.77,-0.4,5.4e-02,1.0e+00,0.2627,490,81,87,57,78,51,51,71,61
ENSG00000145014,TMEM44,26,15.8,10.2,0.656,-0.6,5.4e-02,1.0e+00,0.2627,490,17,13,14,19,11,6,14,10
ENSG00000170242,USP47,247.5,110.5,137,1.238,0.3,5.4e-02,1.0e+00,0.2627,490,100,121,109,112,127,111,161,149
ENSG00000177732,SOX12,46.8,29.8,17,0.58,-0.8,5.4e-02,1.0e+00,0.2631,492,41,20,27,31,28,16,7,17
ENSG00000069329,VPS35,253,136.8,116.2,0.85,-0.2,5.4e-02,1.0e+00,0.2632,492,135,131,134,147,120,104,123,118
ENSG00000113460,BRIX1,40.8,15.5,25.2,1.645,0.7,5.4e-02,1.0e+00,0.2632,492,11,11,25,15,17,35,29,20
ENSG00000068885,IFT80,124,69.8,54.2,0.782,-0.4,5.4e-02,1.0e+00,0.2632,492,75,60,64,80,57,43,52,65
ENSG00000089006,SNX5,188.8,82.8,106,1.28,0.4,5.4e-02,1.0e+00,0.2632,493,72,92,64,103,104,117,95,108
ENSG00000148840,PPRC1,58.5,33.5,25,0.752,-0.4,5.4e-02,1.0e+00,0.2641,495,40,30,36,28,25,30,24,21
ENSG00000170832,USP32,150.2,66,84.2,1.277,0.4,5.4e-02,1.0e+00,0.2641,495,76,52,65,71,65,92,88,92
ENSG00000143569,UBAP2L,340.5,155,185.5,1.195,0.3,5.4e-02,1.0e+00,0.2641,495,170,143,166,141,189,171,205,177
ENSG00000146830,GIGYF1,134.5,57,77.5,1.354,0.4,5.4e-02,1.0e+00,0.2641,495,65,50,51,62,96,79,50,85
ENSG00000178971,CTC1,22.5,13.8,8.8,0.641,-0.6,5.4e-02,1.0e+00,0.2641,496,16,14,16,9,7,8,12,8
ENSG00000259956,RBM15B,152,85,67,0.787,-0.3,5.4e-02,1.0e+00,0.2646,497,90,82,97,71,66,80,53,69
ENSG00000074201,CLNS1A,97.5,56.2,41.2,0.736,-0.4,5.4e-02,1.0e+00,0.2646,497,51,62,45,67,42,48,27,48
ENSG00000104093,DMXL2,57,32.5,24.5,0.765,-0.4,5.4e-02,1.0e+00,0.2646,497,35,31,38,26,24,25,27,22
ENSG00000084764,MAPRE3,25.5,17.8,7.8,0.448,-1.2,5.4e-02,1.0e+00,0.2646,498,15,25,15,16,13,12,0,6
ENSG00000106100,NOD1,22.8,13.5,9.2,0.689,-0.5,5.4e-02,1.0e+00,0.2648,498,14,15,15,10,10,9,10,8
ENSG00000135842,NIBAN1,189.5,117.2,72.2,0.618,-0.7,5.5e-02,1.0e+00,0.2648,499,147,111,75,136,64,97,32,96
ENSG00000088325,TPX2,19.5,13.5,6,0.458,-1.1,5.5e-02,1.0e+00,0.2648,499,11,12,17,14,10,9,5,0
ENSG00000177694,NAALADL2,29.8,18.5,11.2,0.617,-0.7,5.5e-02,1.0e+00,0.2657,501,18,15,23,18,5,14,16,10
ENSG00000076242,MLH1,50,29,21,0.74,-0.4,5.5e-02,1.0e+00,0.2657,501,35,26,26,29,23,16,22,23
ENSG00000168310,IRF2,54.8,23.2,31.5,1.368,0.5,5.5e-02,1.0e+00,0.2666,503,19,21,27,26,38,35,23,30
ENSG00000148943,LIN7C,33.2,14.2,19,1.355,0.4,5.5e-02,1.0e+00,0.2667,503,13,15,14,15,20,21,20,15
ENSG00000136699,SMPD4,106.5,59,47.5,0.8,-0.3,5.5e-02,1.0e+00,0.2667,504,66,49,65,56,48,52,41,49
ENSG00000187244,BCAM,47.5,28,19.5,0.701,-0.5,5.5e-02,1.0e+00,0.2667,504,26,38,19,29,18,23,18,19
ENSG00000133597,ADCK2,21,7.5,13.5,1.793,0.8,5.5e-02,1.0e+00,0.2667,504,8,8,4,10,7,21,13,13
ENSG00000038274,MAT2B,141.8,60.2,81.5,1.35,0.4,5.5e-02,1.0e+00,0.2667,505,73,39,60,69,87,96,67,76
ENSG00000135424,ITGA7,204,120,84,0.7,-0.5,5.5e-02,1.0e+00,0.2667,505,93,141,82,164,83,101,61,91
ENSG00000156976,EIF4A2,545.2,294.2,251,0.852,-0.2,5.5e-02,1.0e+00,0.2667,505,283,315,301,278,266,241,234,263
ENSG00000175550,DRAP1,114.2,63.5,50.8,0.798,-0.3,5.5e-02,1.0e+00,0.2667,505,75,58,65,56,54,49,57,43
ENSG00000062716,VMP1,254,111.2,142.8,1.281,0.4,5.5e-02,1.0e+00,0.2667,506,91,136,125,93,146,168,136,121
ENSG00000130305,NSUN5,21.5,13.5,8,0.597,-0.7,5.5e-02,1.0e+00,0.2675,507,15,9,16,14,10,4,12,6
ENSG00000274675,GTF2H2C_2,17.8,13,4.8,0.371,-1.4,5.6e-02,1.0e+00,0.2677,508,17,15,5,15,10,1,0,8
ENSG00000122694,GLIPR2,94.2,55.2,39,0.708,-0.5,5.6e-02,1.0e+00,0.2679,509,66,35,52,68,44,44,28,40
ENSG00000286019,NOTCH2NLB,40.8,26,14.8,0.567,-0.8,5.6e-02,1.0e+00,0.268,509,30,27,29,18,7,8,17,27
ENSG00000130338,TULP4,43.2,25.5,17.8,0.703,-0.5,5.6e-02,1.0e+00,0.2682,510,24,20,27,31,12,21,20,18
ENSG00000072786,STK10,58.2,25.2,33,1.306,0.4,5.6e-02,1.0e+00,0.2682,510,19,30,27,25,31,31,35,35
ENSG00000140416,TPM1,411.2,171.2,240,1.403,0.5,5.6e-02,1.0e+00,0.2685,511,138,195,182,170,178,208,370,204
ENSG00000166165,CKB,37,13.5,23.5,1.764,0.8,5.6e-02,1.0e+00,0.2689,512,10,22,10,12,15,32,14,33
ENSG00000027847,B4GALT7,41.5,24.5,17,0.702,-0.5,5.6e-02,1.0e+00,0.2689,512,22,24,28,24,16,13,25,14
ENSG00000132475,H3-3B,282,152.5,129.5,0.849,-0.2,5.6e-02,1.0e+00,0.269,513,140,148,152,170,129,120,136,133
ENSG00000124193,SRSF6,224,123.5,100.5,0.814,-0.3,5.6e-02,1.0e+00,0.269,513,127,125,145,97,103,98,107,94
ENSG00000146242,TPBG,103.8,72.5,31.2,0.429,-1.2,5.6e-02,1.0e+00,0.269,513,72,59,73,86,0,37,48,40
ENSG00000187840,EIF4EBP1,20.5,13.2,7.2,0.56,-0.8,5.6e-02,1.0e+00,0.269,514,13,15,11,14,12,2,9,6
ENSG00000108262,GIT1,105,44.8,60.2,1.346,0.4,5.6e-02,1.0e+00,0.2693,514,45,30,52,52,75,53,54,59
ENSG00000204560,DHX16,58.8,22.8,36,1.59,0.7,5.6e-02,1.0e+00,0.2693,515,31,26,26,8,34,32,41,37
ENSG00000084652,TXLNA,330.2,145.8,184.5,1.266,0.3,5.6e-02,1.0e+00,0.2693,515,126,151,182,124,165,178,224,171
ENSG00000155090,KLF10,59,35.8,23.2,0.659,-0.6,5.6e-02,1.0e+00,0.2696,516,35,27,43,38,37,20,14,22
ENSG00000005469,CROT,39.5,25,14.5,0.592,-0.8,5.6e-02,1.0e+00,0.2697,516,26,14,30,30,21,6,13,18
ENSG00000089248,ERP29,181,98.2,82.8,0.84,-0.3,5.7e-02,1.0e+00,0.2697,516,107,106,95,85,82,81,84,84
ENSG00000136811,ODF2,46.8,27.2,19.5,0.723,-0.5,5.7e-02,1.0e+00,0.2697,517,20,34,32,23,21,18,20,19
ENSG00000123933,MXD4,298.5,168.8,129.8,0.771,-0.4,5.7e-02,1.0e+00,0.2697,517,182,158,179,156,181,103,114,121
ENSG00000160563,MED27,23.2,14.5,8.8,0.608,-0.7,5.7e-02,1.0e+00,0.2698,517,13,13,16,16,14,11,5,5
ENSG00000115183,TANC1,103.8,57.2,46.5,0.816,-0.3,5.7e-02,1.0e+00,0.27,518,62,61,56,50,50,40,47,49
ENSG00000174718,RESF1,32,19,13,0.7,-0.5,5.7e-02,1.0e+00,0.27,518,15,21,16,24,11,12,13,16
ENSG00000111321,LTBR,259.8,120,139.8,1.163,0.2,5.7e-02,1.0e+00,0.27,519,120,127,115,118,136,147,140,136
ENSG00000130725,UBE2M,60,25.5,34.5,1.366,0.5,5.7e-02,1.0e+00,0.2701,519,26,33,25,18,35,38,37,28
ENSG00000256683,ZNF350,19.5,12.2,7.2,0.607,-0.7,5.7e-02,1.0e+00,0.2701,519,9,15,13,12,8,11,5,5
ENSG00000111331,OAS3,22,14,8,0.577,-0.8,5.7e-02,1.0e+00,0.2703,520,14,11,11,20,5,6,7,14
ENSG00000105559,PLEKHA4,102,60.5,41.5,0.684,-0.5,5.7e-02,1.0e+00,0.2703,520,50,55,47,90,31,33,48,54
ENSG00000136731,UGGT1,230.2,126,104.2,0.829,-0.3,5.7e-02,1.0e+00,0.2706,521,116,145,115,128,107,97,117,96
ENSG00000083642,PDS5B,68.2,38.5,29.8,0.773,-0.4,5.7e-02,1.0e+00,0.2726,525,41,35,31,47,27,28,32,32
ENSG00000146648,EGFR,419,226.5,192.5,0.849,-0.2,5.7e-02,1.0e+00,0.2726,526,209,236,217,244,173,199,201,197
ENSG00000172053,QARS1,288.2,156.5,131.8,0.842,-0.2,5.8e-02,1.0e+00,0.2727,526,159,151,155,161,138,113,128,148
ENSG00000101236,RNF24,211.5,87.2,124.2,1.421,0.5,5.8e-02,1.0e+00,0.273,527,83,91,102,73,82,99,185,131
ENSG00000107282,APBA1,33.5,22.8,10.8,0.485,-1,5.8e-02,1.0e+00,0.2732,528,20,22,25,24,3,3,22,15
ENSG00000101782,RIOK3,113,49.8,63.2,1.265,0.3,5.8e-02,1.0e+00,0.2732,528,47,50,51,51,52,78,54,69
ENSG00000100644,HIF1A,591.2,246.2,345,1.402,0.5,5.8e-02,1.0e+00,0.2736,529,197,272,322,194,349,299,480,252
ENSG00000118804,STBD1,41.2,14.5,26.8,1.845,0.9,5.8e-02,1.0e+00,0.2736,529,19,8,5,26,30,33,26,18
ENSG00000162066,AMDHD2,48,30.8,17.2,0.56,-0.8,5.8e-02,1.0e+00,0.2736,529,43,12,24,44,15,26,13,15
ENSG00000141425,RPRD1A,54.2,23.2,31,1.344,0.4,5.8e-02,1.0e+00,0.2736,530,23,29,20,21,32,24,36,32
ENSG00000124570,SERPINB6,157,85.5,71.5,0.834,-0.3,5.8e-02,1.0e+00,0.2736,530,90,84,76,92,77,64,70,75
ENSG00000004534,RBM6,111.8,62,49.8,0.801,-0.3,5.8e-02,1.0e+00,0.2736,530,52,75,59,62,53,48,54,44
ENSG00000164305,CASP3,42.2,16.2,26,1.591,0.7,5.8e-02,1.0e+00,0.2736,531,19,11,27,8,25,25,26,28
ENSG00000221926,TRIM16,30.2,18,12.2,0.685,-0.5,5.8e-02,1.0e+00,0.2736,531,13,18,23,18,17,12,10,10
ENSG00000159063,ALG8,33,13.5,19.5,1.452,0.5,5.8e-02,1.0e+00,0.2736,531,13,8,17,16,18,20,23,17
ENSG00000143486,EIF2D,110.5,63,47.5,0.757,-0.4,5.8e-02,1.0e+00,0.2736,531,69,69,56,58,66,44,40,40
ENSG00000198814,GK,32.5,9.8,22.8,2.338,1.2,5.8e-02,1.0e+00,0.2739,532,11,8,16,4,16,9,52,14
ENSG00000071189,SNX13,98.8,55.5,43.2,0.783,-0.4,5.8e-02,1.0e+00,0.2739,533,52,50,54,66,52,38,35,48
ENSG00000141337,ARSG,58.5,22.8,35.8,1.557,0.6,5.8e-02,1.0e+00,0.2739,533,16,15,41,19,33,39,38,33
ENSG00000136935,GOLGA1,60,34,26,0.77,-0.4,5.8e-02,1.0e+00,0.2739,533,40,29,31,36,29,25,28,22
ENSG00000234545,FAM133B,36,21.2,14.8,0.709,-0.5,5.8e-02,1.0e+00,0.2739,533,19,24,26,16,17,14,17,11
ENSG00000158195,WASF2,358.2,165,193.2,1.171,0.2,5.8e-02,1.0e+00,0.2739,534,172,167,162,159,178,195,185,215
ENSG00000141867,BRD4,123.5,53.2,70.2,1.322,0.4,5.8e-02,1.0e+00,0.2744,535,40,64,52,57,88,53,70,70
ENSG00000170017,ALCAM,495.5,193.5,302,1.56,0.6,5.9e-02,1.0e+00,0.2744,535,151,167,257,199,140,291,431,346
ENSG00000253305,PCDHGB6,16.5,10.8,5.8,0.55,-0.9,5.9e-02,1.0e+00,0.275,537,13,11,8,11,11,3,3,6
ENSG00000005812,FBXL3,116.2,51,65.2,1.283,0.4,5.9e-02,1.0e+00,0.2751,537,61,49,39,55,67,74,53,67
ENSG00000131626,PPFIA1,106.5,44.8,61.8,1.384,0.5,5.9e-02,1.0e+00,0.2759,539,28,39,49,63,70,60,57,60
ENSG00000123104,ITPR2,23.5,8.5,15,1.759,0.8,5.9e-02,1.0e+00,0.276,539,4,10,9,11,10,16,11,23
ENSG00000203778,FAM229B,22,14,8,0.577,-0.8,5.9e-02,1.0e+00,0.2763,540,13,16,17,10,6,5,6,15
ENSG00000132199,ENOSF1,36.5,22.5,14,0.636,-0.7,5.9e-02,1.0e+00,0.2764,541,20,21,17,32,17,10,9,20
ENSG00000155158,TTC39B,28,16.8,11.2,0.677,-0.6,5.9e-02,1.0e+00,0.2764,541,18,15,18,16,16,7,9,13
ENSG00000132541,RIDA,35,23,12,0.53,-0.9,5.9e-02,1.0e+00,0.2764,541,38,18,13,23,13,9,5,21
ENSG00000000971,CFH,504.5,207,297.5,1.437,0.5,5.9e-02,1.0e+00,0.2765,542,131,214,263,220,186,294,347,363
ENSG00000137575,SDCBP,534.5,290,244.5,0.843,-0.2,5.9e-02,1.0e+00,0.2765,542,295,266,319,280,238,269,218,253
ENSG00000120860,WASHC3,68,38.8,29.2,0.756,-0.4,6.0e-02,1.0e+00,0.2776,544,42,35,42,36,27,39,23,28
ENSG00000196588,MRTFA,83.5,36.5,47,1.289,0.4,6.0e-02,1.0e+00,0.2776,545,31,34,45,36,49,45,55,39
ENSG00000139793,MBNL2,140.2,61.8,78.5,1.267,0.3,6.0e-02,1.0e+00,0.2776,545,74,53,61,59,82,84,60,88
ENSG00000144524,COPS7B,41,24.5,16.5,0.671,-0.6,6.0e-02,1.0e+00,0.2776,545,18,24,31,25,18,24,11,13
ENSG00000157224,CLDN12,62.2,26.2,36,1.377,0.5,6.0e-02,1.0e+00,0.2776,545,30,18,25,32,38,45,31,30
ENSG00000198925,ATG9A,170.5,75.5,95,1.258,0.3,6.0e-02,1.0e+00,0.2776,546,72,72,76,82,117,105,77,81
ENSG00000182551,ADI1,138,61.2,76.8,1.252,0.3,6.0e-02,1.0e+00,0.2784,548,64,70,61,50,64,87,84,72
ENSG00000196214,ZNF766,25.8,15.8,10,0.642,-0.6,6.0e-02,1.0e+00,0.2788,549,16,9,16,22,8,12,9,11
ENSG00000038427,VCAN,783,432.2,350.8,0.811,-0.3,6.0e-02,1.0e+00,0.2796,550,429,422,403,475,362,289,318,434
ENSG00000169857,AVEN,24,9.8,14.2,1.46,0.5,6.0e-02,1.0e+00,0.2796,551,13,8,9,9,15,18,13,11
ENSG00000247077,PGAM5,18.2,7,11.2,1.628,0.7,6.0e-02,1.0e+00,0.2799,552,10,7,5,6,12,7,11,15
ENSG00000163864,NMNAT3,65.2,36.8,28.5,0.776,-0.4,6.1e-02,1.0e+00,0.2805,553,38,30,39,40,25,26,34,29
ENSG00000150977,RILPL2,45.5,19,26.5,1.407,0.5,6.1e-02,1.0e+00,0.2805,553,17,23,15,21,23,32,19,32
ENSG00000155363,MOV10,70.2,39.5,30.8,0.78,-0.4,6.1e-02,1.0e+00,0.2805,554,40,37,40,41,24,35,36,28
ENSG00000178605,GTPBP6,44.5,17.8,26.8,1.512,0.6,6.1e-02,1.0e+00,0.2805,554,25,13,18,15,34,23,33,17
ENSG00000136051,WASHC4,181.5,81.5,100,1.226,0.3,6.1e-02,1.0e+00,0.2805,554,98,67,83,78,102,92,97,109
ENSG00000152219,ARL14EP,50,28.8,21.2,0.749,-0.4,6.1e-02,1.0e+00,0.2805,554,26,25,32,32,22,26,21,16
ENSG00000114021,NIT2,54.8,22.5,32.2,1.416,0.5,6.1e-02,1.0e+00,0.2805,555,18,17,33,22,37,26,30,36
ENSG00000123159,GIPC1,104.8,46.5,58.2,1.251,0.3,6.1e-02,1.0e+00,0.2805,555,49,48,37,52,59,49,65,60
ENSG00000162961,DPY30,35.2,14.2,21,1.474,0.6,6.1e-02,1.0e+00,0.2805,555,16,13,13,15,20,25,27,12
ENSG00000104884,ERCC2,31,12.2,18.8,1.533,0.6,6.1e-02,1.0e+00,0.2805,556,11,17,11,10,16,18,27,14
ENSG00000166289,PLEKHF1,47,18.5,28.5,1.536,0.6,6.1e-02,1.0e+00,0.2805,556,30,17,13,14,31,32,19,32
ENSG00000149100,EIF3M,165.2,75.8,89.5,1.186,0.2,6.1e-02,1.0e+00,0.2805,556,81,76,75,71,97,80,92,89
ENSG00000065485,PDIA5,60.8,35,25.8,0.738,-0.4,6.1e-02,1.0e+00,0.281,558,25,35,47,33,28,26,24,25
ENSG00000100664,EIF5,373,200.8,172.2,0.859,-0.2,6.1e-02,1.0e+00,0.2812,558,193,215,193,202,174,162,167,186
ENSG00000144048,DUSP11,32.5,19.8,12.8,0.665,-0.6,6.1e-02,1.0e+00,0.2812,558,25,15,21,18,18,11,8,14
ENSG00000159445,THEM4,30.5,19,11.5,0.6,-0.7,6.1e-02,1.0e+00,0.2812,559,16,12,25,23,12,18,11,5
ENSG00000117523,PRRC2C,462,255,207,0.811,-0.3,6.1e-02,1.0e+00,0.2812,559,234,254,247,285,157,223,232,216
ENSG00000184436,THAP7,23,14.2,8.8,0.628,-0.7,6.1e-02,1.0e+00,0.2816,560,8,17,14,18,8,7,9,11
ENSG00000037474,NSUN2,67.2,29.8,37.5,1.257,0.3,6.1e-02,1.0e+00,0.2816,560,30,29,31,29,34,33,45,38
ENSG00000166106,ADAMTS15,127,51,76,1.498,0.6,6.1e-02,1.0e+00,0.2816,561,38,71,45,50,105,70,43,86
ENSG00000166595,CIAO2B,55.8,23.8,32,1.36,0.4,6.1e-02,1.0e+00,0.2816,561,29,26,22,18,36,24,32,36
ENSG00000197045,GMFB,139,44,95,2.155,1.1,6.1e-02,1.0e+00,0.2816,561,66,59,49,2,91,109,106,74
ENSG00000074527,NTN4,349.2,122,227.2,1.862,0.9,6.1e-02,1.0e+00,0.2817,562,97,188,51,152,139,267,127,376
ENSG00000136813,ECPAS,234.8,108.2,126.5,1.167,0.2,6.1e-02,1.0e+00,0.2817,562,101,104,114,114,122,129,122,133
ENSG00000074410,CA12,256.2,161.2,95,0.589,-0.8,6.2e-02,1.0e+00,0.2818,562,141,97,277,130,69,57,149,105
ENSG00000164323,CFAP97,102.8,45.8,57,1.244,0.3,6.2e-02,1.0e+00,0.2818,563,40,42,43,58,57,54,62,55
ENSG00000163660,CCNL1,140,62.2,77.8,1.247,0.3,6.2e-02,1.0e+00,0.2818,563,49,58,69,73,70,79,76,86
ENSG00000110583,NAA40,28.8,17,11.8,0.698,-0.5,6.2e-02,1.0e+00,0.2818,563,21,12,17,18,12,9,12,14
ENSG00000091490,SEL1L3,144,85.8,58.2,0.683,-0.6,6.2e-02,1.0e+00,0.2818,564,59,98,75,111,34,71,73,55
ENSG00000185112,FAM43A,64,22,42,1.899,0.9,6.2e-02,1.0e+00,0.282,564,38,14,17,19,63,28,17,60
ENSG00000137941,TTLL7,44.8,26.5,18.2,0.704,-0.5,6.2e-02,1.0e+00,0.282,565,34,24,22,26,22,23,15,13
ENSG00000102445,RUBCNL,32.5,23.5,9,0.384,-1.4,6.2e-02,1.0e+00,0.2825,566,33,22,5,34,9,16,0,11
ENSG00000162729,IGSF8,33,12.2,20.8,1.711,0.8,6.2e-02,1.0e+00,0.2829,567,10,21,5,13,16,25,16,26
ENSG00000283589,GOLGA8N,24,17.8,6.2,0.364,-1.5,6.2e-02,1.0e+00,0.2829,567,6,14,25,26,2,0,8,15
ENSG00000131831,RAI2,85.2,21.5,63.8,2.971,1.6,6.2e-02,1.0e+00,0.2833,568,16,35,1,34,58,78,6,113
ENSG00000014216,CAPN1,306,140.2,165.8,1.182,0.2,6.2e-02,1.0e+00,0.2833,569,135,155,137,134,189,155,165,154
ENSG00000196914,ARHGEF12,516.5,238.5,278,1.164,0.2,6.2e-02,1.0e+00,0.2833,569,246,224,244,240,253,292,287,280
ENSG00000067141,NEO1,88.8,50,38.8,0.774,-0.4,6.2e-02,1.0e+00,0.2835,570,52,52,38,58,33,48,36,38
ENSG00000259660,DNM1P47,28.2,18.5,9.8,0.533,-0.9,6.3e-02,1.0e+00,0.2842,571,13,14,28,19,13,2,14,10
ENSG00000023697,DERA,41.2,16.5,24.8,1.501,0.6,6.3e-02,1.0e+00,0.2842,572,18,14,22,12,36,25,17,21
ENSG00000148672,GLUD1,249.5,113.8,135.8,1.191,0.3,6.3e-02,1.0e+00,0.2842,572,124,108,98,125,137,145,125,136
ENSG00000128708,HAT1,37.5,22.5,15,0.685,-0.5,6.3e-02,1.0e+00,0.285,574,19,20,30,21,18,10,13,19
ENSG00000130363,RSPH3,27.8,16.8,11,0.672,-0.6,6.3e-02,1.0e+00,0.285,574,14,20,20,13,11,14,7,12
ENSG00000197457,STMN3,38.2,24.8,13.5,0.548,-0.9,6.3e-02,1.0e+00,0.285,574,23,28,11,37,14,20,5,15
ENSG00000164494,PDSS2,28.5,11.8,16.8,1.427,0.5,6.3e-02,1.0e+00,0.285,575,9,10,15,13,18,17,19,13
ENSG00000169410,PTPN9,92.5,40.2,52.2,1.295,0.4,6.3e-02,1.0e+00,0.285,575,32,42,50,37,54,62,45,48
ENSG00000144848,ATG3,53.8,23.8,30,1.275,0.4,6.3e-02,1.0e+00,0.285,575,23,25,22,25,32,29,25,34
ENSG00000148082,SHC3,295.2,120.2,175,1.452,0.5,6.3e-02,1.0e+00,0.2851,576,114,79,167,121,112,156,231,201
ENSG00000271254,ENSG00000271254,74,44.8,29.2,0.652,-0.6,6.3e-02,1.0e+00,0.2853,576,26,46,49,58,20,23,45,29
ENSG00000184867,ARMCX2,124.8,71.8,53,0.739,-0.4,6.3e-02,1.0e+00,0.2855,577,66,75,74,72,72,45,61,34
ENSG00000103932,RPAP1,43.2,18.8,24.5,1.315,0.4,6.3e-02,1.0e+00,0.2857,578,19,14,23,19,24,26,25,23
ENSG00000100813,ACIN1,374.2,201.5,172.8,0.858,-0.2,6.3e-02,1.0e+00,0.2857,578,189,210,212,195,184,163,164,180
ENSG00000163902,RPN1,290.5,133.5,157,1.175,0.2,6.3e-02,1.0e+00,0.2858,578,142,131,127,134,157,158,174,139
ENSG00000197530,MIB2,73,40.8,32.2,0.791,-0.3,6.3e-02,1.0e+00,0.286,579,40,45,35,43,33,26,36,34
ENSG00000260914,ENSG00000260914,42.5,16.2,26.2,1.628,0.7,6.3e-02,1.0e+00,0.286,579,8,15,19,23,18,32,35,20
ENSG00000277791,PSMB3,67.5,38.8,28.8,0.745,-0.4,6.3e-02,1.0e+00,0.2865,581,36,51,38,30,26,26,35,28
ENSG00000285479,CACNA1C,118,66.5,51.5,0.779,-0.4,6.4e-02,1.0e+00,0.2869,582,49,62,80,75,56,44,52,54
ENSG00000116977,LGALS8,110,46.8,63.2,1.357,0.4,6.4e-02,1.0e+00,0.2875,583,47,40,68,32,57,65,62,69
ENSG00000073169,SELENOO,38.8,15.2,23.5,1.546,0.6,6.4e-02,1.0e+00,0.2876,584,18,20,10,13,32,18,16,28
ENSG00000139977,NAA30,44.5,18.8,25.8,1.37,0.5,6.4e-02,1.0e+00,0.2876,584,20,15,22,18,19,23,29,32
ENSG00000127774,EMC6,20.8,8.2,12.5,1.541,0.6,6.4e-02,1.0e+00,0.2878,585,12,5,9,7,11,13,11,15
ENSG00000196781,TLE1,92.2,38.2,54,1.403,0.5,6.4e-02,1.0e+00,0.288,586,39,33,33,48,47,53,37,79
ENSG00000178127,NDUFV2,66.2,28.5,37.8,1.337,0.4,6.4e-02,1.0e+00,0.288,586,30,32,27,25,50,40,31,30
ENSG00000089220,PEBP1,322.2,149.2,173,1.159,0.2,6.4e-02,1.0e+00,0.2881,586,148,152,149,148,172,182,157,181
ENSG00000133606,MKRN1,163,72.8,90.2,1.239,0.3,6.4e-02,1.0e+00,0.2881,587,73,66,80,72,88,78,81,114
ENSG00000143382,ADAMTSL4,311,117.5,193.5,1.646,0.7,6.4e-02,1.0e+00,0.2881,587,88,165,63,154,180,219,101,274
ENSG00000196591,HDAC2,111.5,63.8,47.8,0.751,-0.4,6.4e-02,1.0e+00,0.2881,587,67,49,70,69,63,45,49,34
ENSG00000007541,PIGQ,51.5,21.2,30.2,1.42,0.5,6.4e-02,1.0e+00,0.2881,587,24,14,24,23,39,24,23,35
ENSG00000010404,IDS,227,101.2,125.8,1.242,0.3,6.4e-02,1.0e+00,0.2881,588,80,113,109,103,103,122,142,136
ENSG00000055332,EIF2AK2,161.8,88.5,73.2,0.827,-0.3,6.4e-02,1.0e+00,0.2885,589,82,84,85,103,67,66,78,82
ENSG00000106638,TBL2,64,36.8,27.2,0.747,-0.4,6.4e-02,1.0e+00,0.2885,589,46,34,31,36,34,24,30,21
ENSG00000139112,GABARAPL1,539.5,232,307.5,1.323,0.4,6.4e-02,1.0e+00,0.2887,590,167,313,221,227,237,352,325,316
ENSG00000011405,PIK3C2A,125,54.2,70.8,1.299,0.4,6.5e-02,1.0e+00,0.2888,590,38,51,59,69,59,79,71,74
ENSG00000177303,CASKIN2,36,15,21,1.423,0.5,6.5e-02,1.0e+00,0.2888,591,12,11,17,20,26,20,18,20
ENSG00000283009,ZNF436,65.8,38,27.8,0.732,-0.5,6.5e-02,1.0e+00,0.2893,592,41,34,36,41,22,36,19,34
ENSG00000131149,GSE1,79.2,45.5,33.8,0.738,-0.4,6.5e-02,1.0e+00,0.2898,593,40,43,47,52,27,26,49,33
ENSG00000125347,IRF1,59,35.8,23.2,0.647,-0.6,6.5e-02,1.0e+00,0.2902,594,34,48,29,32,14,32,15,32
ENSG00000244694,PTCHD4,26.5,17.5,9,0.522,-0.9,6.5e-02,1.0e+00,0.2902,595,34,11,14,11,15,5,8,8
ENSG00000162694,EXTL2,70.5,40.2,30.2,0.753,-0.4,6.5e-02,1.0e+00,0.2905,596,54,32,35,40,29,27,35,30
ENSG00000173482,PTPRM,262.8,119.2,143.5,1.204,0.3,6.5e-02,1.0e+00,0.2909,597,106,137,120,114,123,141,149,161
ENSG00000153066,TXNDC11,59.8,25.8,34,1.339,0.4,6.5e-02,1.0e+00,0.2912,598,34,21,27,21,32,32,31,41
ENSG00000033627,ATP6V0A1,84.8,36.5,48.2,1.334,0.4,6.5e-02,1.0e+00,0.2913,598,38,38,27,43,44,56,36,57
ENSG00000132109,TRIM21,37.8,22.8,15,0.684,-0.5,6.5e-02,1.0e+00,0.2913,598,27,24,21,19,19,8,18,15
ENSG00000050426,LETMD1,77,43.2,33.8,0.782,-0.4,6.6e-02,1.0e+00,0.2917,600,43,49,41,40,28,43,31,33
ENSG00000079102,RUNX1T1,82.8,46.2,36.5,0.791,-0.3,6.6e-02,1.0e+00,0.2926,602,55,49,39,42,42,38,33,33
ENSG00000114767,RRP9,17.2,6.2,11,1.782,0.8,6.6e-02,1.0e+00,0.2943,605,10,2,8,5,13,11,13,7
ENSG00000172379,ARNT2,133,55.5,77.5,1.404,0.5,6.6e-02,1.0e+00,0.2943,606,38,83,56,45,68,83,94,65
ENSG00000019485,PRDM11,27,11.5,15.5,1.392,0.5,6.6e-02,1.0e+00,0.2943,606,13,10,11,12,18,12,14,18
ENSG00000143314,MRPL24,38,15,23,1.548,0.6,6.6e-02,1.0e+00,0.2943,606,21,11,11,17,32,14,26,20
ENSG00000104412,EMC2,53.5,21.8,31.8,1.459,0.5,6.6e-02,1.0e+00,0.2945,607,19,13,26,29,33,24,28,42
ENSG00000164220,F2RL2,187.5,112.5,75,0.667,-0.6,6.6e-02,1.0e+00,0.2946,608,100,113,155,82,58,62,125,55
ENSG00000064012,CASP8,29.8,18.2,11.5,0.646,-0.6,6.6e-02,1.0e+00,0.2946,608,15,21,22,15,6,11,17,12
ENSG00000181523,SGSH,114.8,64,50.8,0.793,-0.3,6.6e-02,1.0e+00,0.2947,608,46,68,74,68,54,53,46,50
ENSG00000147854,UHRF2,97.8,54.2,43.5,0.804,-0.3,6.7e-02,1.0e+00,0.2948,609,62,45,57,53,37,43,44,50
ENSG00000088205,DDX18,84.5,38.2,46.2,1.21,0.3,6.7e-02,1.0e+00,0.2948,609,37,42,37,37,46,43,51,45
ENSG00000105327,BBC3,21,12.8,8.2,0.651,-0.6,6.7e-02,1.0e+00,0.2948,609,14,12,14,11,10,10,9,4
ENSG00000141510,TP53,67.5,40.2,27.2,0.678,-0.6,6.7e-02,1.0e+00,0.2948,610,52,38,49,22,26,22,35,26
ENSG00000177932,ZNF354C,25,15.2,9.8,0.645,-0.6,6.7e-02,1.0e+00,0.2948,610,15,16,21,9,7,10,10,12
ENSG00000099256,PRTFDC1,32,18.8,13.2,0.702,-0.5,6.7e-02,1.0e+00,0.2948,610,21,12,23,19,12,16,11,14
ENSG00000166263,STXBP4,40.5,15.2,25.2,1.629,0.7,6.7e-02,1.0e+00,0.2948,611,14,11,17,19,18,32,13,38
ENSG00000168297,PXK,143.5,81.5,62,0.762,-0.4,6.7e-02,1.0e+00,0.2948,611,83,80,84,79,75,39,76,58
ENSG00000153993,SEMA3D,62,40.8,21.2,0.526,-0.9,6.7e-02,1.0e+00,0.2949,611,26,69,39,29,9,35,30,11
ENSG00000050393,MCUR1,49.8,21,28.8,1.38,0.5,6.7e-02,1.0e+00,0.2949,612,21,24,14,25,32,26,23,34
ENSG00000110811,P3H3,117,65.8,51.2,0.783,-0.4,6.7e-02,1.0e+00,0.2952,612,59,60,75,69,38,62,57,48
ENSG00000177683,THAP5,33.5,19.5,14,0.72,-0.5,6.7e-02,1.0e+00,0.2953,613,15,24,20,19,15,17,10,14
ENSG00000148690,FRA10AC1,31.2,18.8,12.5,0.681,-0.6,6.7e-02,1.0e+00,0.2953,613,15,20,21,19,16,11,7,16
ENSG00000215883,CYB5RL,42.2,24.5,17.8,0.726,-0.5,6.7e-02,1.0e+00,0.2953,614,24,16,30,28,18,16,18,19
ENSG00000075568,TMEM131,162.5,90.5,72,0.791,-0.3,6.7e-02,1.0e+00,0.2953,614,80,93,96,93,52,88,70,78
ENSG00000115944,COX7A2L,124.2,69,55.2,0.807,-0.3,6.7e-02,1.0e+00,0.2953,614,81,64,66,65,64,44,58,55
ENSG00000105058,FAM32A,130,59,71,1.2,0.3,6.7e-02,1.0e+00,0.2953,614,66,53,58,59,67,64,78,75
ENSG00000111674,ENO2,98.2,58.5,39.8,0.675,-0.6,6.7e-02,1.0e+00,0.2953,615,76,50,38,70,55,24,44,36
ENSG00000133027,PEMT,19.8,7.2,12.5,1.741,0.8,6.7e-02,1.0e+00,0.2959,616,9,11,5,4,18,12,7,13
ENSG00000204308,RNF5,30.5,18.5,12,0.665,-0.6,6.7e-02,1.0e+00,0.2959,617,13,18,23,20,7,13,14,14
ENSG00000178988,MRFAP1L1,75.8,33.5,42.2,1.268,0.3,6.7e-02,1.0e+00,0.2961,617,30,30,35,39,43,38,37,51
ENSG00000102900,NUP93,57.8,25.8,32,1.256,0.3,6.8e-02,1.0e+00,0.2964,618,29,25,26,23,36,30,30,32
ENSG00000103888,CEMIP,10398.2,3572,6826.2,1.911,0.9,6.8e-02,1.0e+00,0.2968,619,1728,6192,2382,3986,2445,9256,8981,6623
ENSG00000167182,SP2,30,17.8,12.2,0.698,-0.5,6.8e-02,1.0e+00,0.2968,620,22,14,14,21,10,11,14,14
ENSG00000153944,MSI2,52.8,30.5,22.2,0.738,-0.4,6.8e-02,1.0e+00,0.2976,622,31,32,31,28,27,27,21,14
ENSG00000168079,SCARA5,37.8,9.2,28.5,3.166,1.7,6.8e-02,1.0e+00,0.2976,622,1,20,2,14,20,43,2,49
ENSG00000198833,UBE2J1,112.2,49.8,62.5,1.256,0.3,6.8e-02,1.0e+00,0.2976,622,54,46,43,56,77,56,53,64
ENSG00000090863,GLG1,482.2,262.5,219.8,0.837,-0.3,6.8e-02,1.0e+00,0.2976,623,258,284,243,265,217,232,181,249
ENSG00000282880,B3GALNT2,54.8,32.5,22.2,0.68,-0.6,6.8e-02,1.0e+00,0.2976,623,29,38,33,30,11,27,21,30
ENSG00000159658,EFCAB14,299.5,138,161.5,1.171,0.2,6.8e-02,1.0e+00,0.2976,623,145,137,127,143,145,158,164,179
ENSG00000146278,PNRC1,177.8,76.8,101,1.315,0.4,6.8e-02,1.0e+00,0.2976,624,84,73,77,73,101,120,63,120
ENSG00000113369,ARRDC3,85.8,51.2,34.5,0.676,-0.6,6.8e-02,1.0e+00,0.2976,624,46,60,50,49,18,53,26,41
ENSG00000001167,NFYA,38.5,23.2,15.2,0.68,-0.6,6.8e-02,1.0e+00,0.2981,625,18,27,26,22,18,10,22,11
ENSG00000168884,TNIP2,46.2,18.2,28,1.534,0.6,6.8e-02,1.0e+00,0.2982,626,13,15,16,29,42,24,24,22
ENSG00000101473,ACOT8,33,20.2,12.8,0.637,-0.6,6.8e-02,1.0e+00,0.2982,626,23,18,16,24,10,7,13,21
ENSG00000057608,GDI2,290.8,155.5,135.2,0.869,-0.2,6.9e-02,1.0e+00,0.2985,627,161,149,162,150,137,138,133,133
ENSG00000155660,PDIA4,325.8,181,144.8,0.802,-0.3,6.9e-02,1.0e+00,0.2991,628,205,185,171,163,152,132,182,113
ENSG00000115841,RMDN2,19.5,7.8,11.8,1.538,0.6,6.9e-02,1.0e+00,0.2992,629,8,8,11,4,12,12,11,12
ENSG00000117411,B4GALT2,93.2,53.8,39.5,0.73,-0.5,6.9e-02,1.0e+00,0.2992,629,69,54,39,53,40,27,51,40
ENSG00000163161,ERCC3,73.2,40.5,32.8,0.809,-0.3,6.9e-02,1.0e+00,0.2992,630,43,39,34,46,32,31,34,34
ENSG00000151332,MBIP,24.2,15,9.2,0.63,-0.7,6.9e-02,1.0e+00,0.2992,630,12,15,16,17,14,4,11,8
ENSG00000153250,RBMS1,319.5,143.5,176,1.227,0.3,6.9e-02,1.0e+00,0.2994,631,179,114,141,140,168,163,193,180
ENSG00000131504,DIAPH1,140,60.8,79.2,1.311,0.4,6.9e-02,1.0e+00,0.2994,631,52,65,61,65,55,99,69,94
ENSG00000213859,KCTD11,66.5,28.2,38.2,1.355,0.4,6.9e-02,1.0e+00,0.2994,631,24,30,34,25,50,41,34,28
ENSG00000112531,QKI,255,118,137,1.16,0.2,6.9e-02,1.0e+00,0.2997,632,109,124,121,118,145,139,129,135
ENSG00000083535,PIBF1,29.2,12.5,16.8,1.343,0.4,6.9e-02,1.0e+00,0.2997,632,13,12,15,10,17,17,17,16
ENSG00000111229,ARPC3,200.2,87.8,112.5,1.282,0.4,6.9e-02,1.0e+00,0.2997,633,90,108,88,65,101,128,128,93
ENSG00000197122,SRC,105.2,47.5,57.8,1.218,0.3,6.9e-02,1.0e+00,0.3003,634,52,38,53,47,56,58,60,57
ENSG00000278644,PCGF2,62,36.8,25.2,0.685,-0.5,6.9e-02,1.0e+00,0.3004,635,32,41,38,36,14,36,20,31
ENSG00000173193,PARP14,116.2,63.2,53,0.837,-0.3,6.9e-02,1.0e+00,0.3005,635,69,64,64,56,52,50,58,52
ENSG00000106443,PHF14,58.8,35.2,23.5,0.676,-0.6,7.0e-02,1.0e+00,0.3005,636,32,30,55,24,28,21,27,18
ENSG00000071205,ARHGAP10,65,28.5,36.5,1.284,0.4,7.0e-02,1.0e+00,0.3005,636,24,32,30,28,37,40,28,41
ENSG00000099341,PSMD8,157,70.2,86.8,1.238,0.3,7.0e-02,1.0e+00,0.3006,636,58,84,80,59,88,91,86,82
ENSG00000196177,ACADSB,54.5,22.5,32,1.437,0.5,7.0e-02,1.0e+00,0.3008,637,19,30,19,22,25,41,22,40
ENSG00000131503,ANKHD1,77,50.8,26.2,0.523,-0.9,7.0e-02,1.0e+00,0.3012,638,49,30,92,32,33,41,23,8
ENSG00000116678,LEPR,71.2,29,42.2,1.459,0.5,7.0e-02,1.0e+00,0.3015,639,24,20,39,33,27,41,57,44
ENSG00000284980,AGPAT5,22.8,9,13.8,1.551,0.6,7.0e-02,1.0e+00,0.3018,640,11,10,9,6,11,10,20,14
ENSG00000112414,ADGRG6,64.8,23,41.8,1.828,0.9,7.0e-02,1.0e+00,0.3019,641,38,17,15,22,57,32,15,63
ENSG00000148341,SH3GLB2,95.5,52.5,43,0.819,-0.3,7.0e-02,1.0e+00,0.3019,641,51,46,51,62,39,45,46,42
ENSG00000118058,KMT2A,245,135,110,0.815,-0.3,7.0e-02,1.0e+00,0.3019,641,141,128,116,155,103,104,97,136
ENSG00000135932,CAB39,145,64,81,1.267,0.3,7.0e-02,1.0e+00,0.3019,642,77,70,51,58,96,85,68,75
ENSG00000134255,CEPT1,78.2,43.2,35,0.815,-0.3,7.0e-02,1.0e+00,0.3019,642,38,44,44,47,32,39,33,36
ENSG00000188153,COL4A5,41.8,25.8,16,0.629,-0.7,7.0e-02,1.0e+00,0.302,642,39,25,16,23,22,16,17,9
ENSG00000105402,NAPA,171.5,77,94.5,1.227,0.3,7.0e-02,1.0e+00,0.3023,643,71,94,81,62,96,100,87,95
ENSG00000148411,NACC2,111.5,50,61.5,1.23,0.3,7.0e-02,1.0e+00,0.3024,644,42,45,54,59,69,57,62,58
ENSG00000124181,PLCG1,126.2,70.5,55.8,0.793,-0.3,7.1e-02,1.0e+00,0.3028,645,71,66,72,73,67,40,64,52
ENSG00000164742,ADCY1,30.5,23.2,7.2,0.325,-1.6,7.1e-02,1.0e+00,0.303,646,50,16,6,21,23,2,2,2
ENSG00000158161,EYA3,48,27.8,20.2,0.739,-0.4,7.1e-02,1.0e+00,0.3034,647,29,29,27,26,20,27,21,13
ENSG00000266472,MRPS21,63,27.2,35.8,1.323,0.4,7.1e-02,1.0e+00,0.3034,647,24,31,26,28,46,39,27,31
ENSG00000082516,GEMIN5,39.8,16.8,23,1.367,0.5,7.1e-02,1.0e+00,0.3038,648,20,12,19,16,18,26,25,23
ENSG00000120278,PLEKHG1,41.2,24.2,17,0.725,-0.5,7.1e-02,1.0e+00,0.3039,649,23,29,24,21,23,12,15,18
ENSG00000116667,C1orf21,225.2,80,145.2,1.808,0.9,7.1e-02,1.0e+00,0.3042,650,91,105,44,80,160,152,42,227
ENSG00000068001,HYAL2,57,33,24,0.73,-0.5,7.1e-02,1.0e+00,0.3042,650,32,31,46,23,25,21,25,25
ENSG00000185630,PBX1,320.5,176.2,144.2,0.818,-0.3,7.1e-02,1.0e+00,0.3042,650,210,171,140,184,157,135,129,156
ENSG00000053372,MRTO4,31.2,13,18.2,1.424,0.5,7.1e-02,1.0e+00,0.3044,651,13,18,9,12,20,19,19,15
ENSG00000122884,P4HA1,232.8,128.5,104.2,0.809,-0.3,7.1e-02,1.0e+00,0.3044,651,151,131,107,125,93,110,125,89
ENSG00000107897,ACBD5,61,34.2,26.8,0.786,-0.3,7.1e-02,1.0e+00,0.3044,652,38,27,37,35,24,28,25,30
ENSG00000173852,DPY19L1,131.5,74.8,56.8,0.762,-0.4,7.1e-02,1.0e+00,0.3044,652,59,85,79,76,55,74,58,40
ENSG00000084674,APOB,16.2,4.8,11.5,2.424,1.3,7.1e-02,1.0e+00,0.3049,653,2,13,0,4,10,14,9,13
ENSG00000107862,GBF1,224.5,122.5,102,0.834,-0.3,7.2e-02,1.0e+00,0.3057,655,139,107,132,112,94,115,95,104
ENSG00000166685,COG1,55.2,31.5,23.8,0.762,-0.4,7.2e-02,1.0e+00,0.3057,656,30,40,27,29,23,21,29,22
ENSG00000117298,ECE1,615.8,283.2,332.5,1.174,0.2,7.2e-02,1.0e+00,0.3057,656,297,256,304,276,363,313,304,350
ENSG00000265808,SEC22B,371.5,166.8,204.8,1.228,0.3,7.2e-02,1.0e+00,0.306,657,158,140,190,179,163,214,233,209
ENSG00000166123,GPT2,25.5,15.2,10.2,0.678,-0.6,7.2e-02,1.0e+00,0.3061,657,21,13,11,16,10,12,11,8
ENSG00000136158,SPRY2,24.2,9,15.2,1.691,0.8,7.2e-02,1.0e+00,0.3064,658,9,5,11,11,17,9,10,25
ENSG00000120265,PCMT1,88.2,39.2,49,1.239,0.3,7.2e-02,1.0e+00,0.3064,659,39,32,40,46,51,54,44,47
ENSG00000008513,ST3GAL1,125,75.5,49.5,0.657,-0.6,7.2e-02,1.0e+00,0.3064,659,106,66,86,44,65,32,63,38
ENSG00000130402,ACTN4,954,380,574,1.509,0.6,7.2e-02,1.0e+00,0.3065,660,373,437,346,364,241,560,786,709
ENSG00000196704,AMZ2,92.8,51.2,41.5,0.813,-0.3,7.2e-02,1.0e+00,0.3065,660,48,52,53,52,43,45,32,46
ENSG00000127603,MACF1,1022.2,449,573.2,1.277,0.4,7.2e-02,1.0e+00,0.3065,660,446,470,423,457,439,519,799,536
ENSG00000162924,REL,33.5,19.8,13.8,0.711,-0.5,7.2e-02,1.0e+00,0.3065,661,17,23,24,15,16,11,17,11
ENSG00000168303,MPLKIP,35.8,14.5,21.2,1.433,0.5,7.2e-02,1.0e+00,0.3065,661,14,14,17,13,18,18,17,32
ENSG00000158555,GDPD5,51.2,17.8,33.5,1.892,0.9,7.2e-02,1.0e+00,0.3068,662,15,25,5,26,23,53,17,41
ENSG00000275885,PRPF31,18,14.8,3.2,0.228,-2.1,7.2e-02,1.0e+00,0.3072,663,25,18,16,0,0,0,13,0
ENSG00000167378,IRGQ,46.2,27,19.2,0.722,-0.5,7.3e-02,1.0e+00,0.3076,664,21,22,34,31,22,22,19,14
ENSG00000113558,SKP1,345.5,190.8,154.8,0.811,-0.3,7.3e-02,1.0e+00,0.308,665,195,215,206,147,151,171,169,128
ENSG00000179262,RAD23A,109,46.8,62.2,1.334,0.4,7.3e-02,1.0e+00,0.308,666,51,48,60,28,62,69,58,60
ENSG00000143761,ARF1,478.8,217.2,261.5,1.204,0.3,7.3e-02,1.0e+00,0.308,666,218,265,195,191,254,244,257,291
ENSG00000151292,CSNK1G3,64,35.8,28.2,0.789,-0.3,7.3e-02,1.0e+00,0.3081,666,38,32,42,31,31,28,29,25
ENSG00000108846,ABCC3,36.5,13.2,23.2,1.762,0.8,7.3e-02,1.0e+00,0.3085,668,6,12,18,17,16,14,41,22
ENSG00000182492,BGN,766,437.8,328.2,0.749,-0.4,7.3e-02,1.0e+00,0.3087,668,346,362,488,555,225,323,372,393
ENSG00000196369,SRGAP2B,78.5,44,34.5,0.784,-0.4,7.3e-02,1.0e+00,0.309,669,49,46,36,45,43,33,34,28
ENSG00000183624,HMCES,30.5,12,18.5,1.514,0.6,7.3e-02,1.0e+00,0.309,670,13,16,12,7,18,23,12,21
ENSG00000108557,RAI1,62.8,35.8,27,0.76,-0.4,7.3e-02,1.0e+00,0.309,670,43,34,27,39,22,26,28,32
ENSG00000187051,RPS19BP1,59,25.5,33.5,1.314,0.4,7.3e-02,1.0e+00,0.3097,672,29,23,27,23,43,30,26,35
ENSG00000114982,KANSL3,181.2,78.5,102.8,1.304,0.4,7.4e-02,1.0e+00,0.3102,673,63,86,72,93,99,112,72,128
ENSG00000075945,KIFAP3,73.5,41.5,32,0.771,-0.4,7.4e-02,1.0e+00,0.3103,674,43,39,45,39,42,34,24,28
ENSG00000189159,JPT1,39.2,16.8,22.5,1.366,0.5,7.4e-02,1.0e+00,0.3103,674,15,21,20,11,22,24,24,20
ENSG00000127863,TNFRSF19,170,107,63,0.589,-0.8,7.4e-02,1.0e+00,0.3107,675,92,70,114,152,33,34,112,73
ENSG00000171943,SRGAP2C,60.5,34,26.5,0.782,-0.4,7.4e-02,1.0e+00,0.3107,676,32,41,35,28,24,26,25,31
ENSG00000115020,PIKFYVE,115.8,52,63.8,1.226,0.3,7.4e-02,1.0e+00,0.3109,676,54,46,57,51,56,66,56,77
ENSG00000135540,NHSL1,54,21.2,32.8,1.532,0.6,7.4e-02,1.0e+00,0.3109,677,18,17,36,14,41,37,31,22
ENSG00000187446,CHP1,201.5,91,110.5,1.211,0.3,7.4e-02,1.0e+00,0.3109,677,91,90,93,90,90,136,107,109
ENSG00000119900,OGFRL1,75.5,32.8,42.8,1.3,0.4,7.4e-02,1.0e+00,0.311,677,33,26,29,43,35,47,42,47
ENSG00000152457,DCLRE1C,35,21,14,0.669,-0.6,7.4e-02,1.0e+00,0.3113,678,22,24,15,23,18,18,7,13
ENSG00000162627,SNX7,63,35.8,27.2,0.764,-0.4,7.4e-02,1.0e+00,0.3116,679,31,37,33,42,32,25,20,32
ENSG00000157216,SSBP3,135,56.2,78.8,1.405,0.5,7.4e-02,1.0e+00,0.3117,680,70,59,47,49,97,104,48,66
ENSG00000143995,MEIS1,150.5,84.2,66.2,0.785,-0.3,7.4e-02,1.0e+00,0.312,681,99,74,86,78,74,57,83,51
ENSG00000125430,HS3ST3B1,24.8,9,15.8,1.772,0.8,7.5e-02,1.0e+00,0.3126,682,2,9,10,15,13,13,19,18
ENSG00000185049,NELFA,27.2,16.5,10.8,0.659,-0.6,7.5e-02,1.0e+00,0.3126,683,24,13,11,18,8,11,12,12
ENSG00000145349,CAMK2D,380,172.8,207.2,1.2,0.3,7.5e-02,1.0e+00,0.3128,684,169,147,167,208,194,219,190,226
ENSG00000106366,SERPINE1,544.8,213,331.8,1.559,0.6,7.5e-02,1.0e+00,0.3128,684,150,292,186,224,185,338,556,248
ENSG00000013523,ANGEL1,34.8,20,14.8,0.753,-0.4,7.5e-02,1.0e+00,0.3128,684,16,23,18,23,16,13,14,16
ENSG00000178035,IMPDH2,241.8,136.2,105.5,0.776,-0.4,7.5e-02,1.0e+00,0.313,685,174,122,126,123,141,103,90,88
ENSG00000124702,KLHDC3,81.8,32.8,49,1.489,0.6,7.5e-02,1.0e+00,0.3132,686,38,36,13,44,49,53,49,45
ENSG00000197265,GTF2E2,49,21,28,1.342,0.4,7.5e-02,1.0e+00,0.3138,687,24,17,25,18,35,28,28,21
ENSG00000181163,NPM1,853.2,459.5,393.8,0.857,-0.2,7.5e-02,1.0e+00,0.3138,688,416,491,508,423,385,403,397,390
ENSG00000111816,FRK,24.5,15.5,9,0.587,-0.8,7.5e-02,1.0e+00,0.3138,688,14,7,18,23,7,6,14,9
ENSG00000114770,ABCC5,95.5,41.5,54,1.293,0.4,7.5e-02,1.0e+00,0.3141,689,34,46,43,43,46,48,49,73
ENSG00000103496,STX4,50.5,28.8,21.8,0.764,-0.4,7.5e-02,1.0e+00,0.3141,689,26,32,28,29,26,17,25,19
ENSG00000196405,EVL,72.8,41.5,31.2,0.754,-0.4,7.5e-02,1.0e+00,0.3141,690,38,41,39,48,32,42,21,30
ENSG00000168874,ATOH8,52.5,21,31.5,1.498,0.6,7.5e-02,1.0e+00,0.3141,690,21,12,23,28,36,25,21,44
ENSG00000161677,JOSD2,41,16.5,24.5,1.474,0.6,7.6e-02,1.0e+00,0.3141,690,26,13,12,15,30,21,19,28
ENSG00000154309,DISP1,42.2,25.8,16.5,0.645,-0.6,7.6e-02,1.0e+00,0.3141,690,20,36,19,28,10,26,14,16
ENSG00000146426,TIAM2,22.2,13.5,8.8,0.653,-0.6,7.6e-02,1.0e+00,0.3141,691,16,10,17,11,9,11,10,5
ENSG00000166347,CYB5A,83.8,36.5,47.2,1.298,0.4,7.6e-02,1.0e+00,0.3147,692,33,40,29,44,60,39,43,47
ENSG00000138834,MAPK8IP3,117.5,65.2,52.2,0.798,-0.3,7.6e-02,1.0e+00,0.3147,693,60,77,50,74,50,47,55,57
ENSG00000204138,PHACTR4,48,27.2,20.8,0.771,-0.4,7.6e-02,1.0e+00,0.3149,693,29,21,31,28,22,19,21,21
ENSG00000164463,CREBRF,130,55.8,74.2,1.33,0.4,7.6e-02,1.0e+00,0.316,696,64,42,62,55,77,75,50,95
ENSG00000185201,IFITM2,239,107.8,131.2,1.217,0.3,7.6e-02,1.0e+00,0.316,696,91,97,113,130,120,119,145,141
ENSG00000184047,DIABLO,59,34,25,0.736,-0.4,7.6e-02,1.0e+00,0.316,697,26,38,36,36,31,28,16,25
ENSG00000164889,SLC4A2,176.5,80.2,96.2,1.202,0.3,7.6e-02,1.0e+00,0.3167,699,77,80,75,89,92,85,92,116
ENSG00000154001,PPP2R5E,95,42,53,1.263,0.3,7.6e-02,1.0e+00,0.3167,699,48,43,44,33,65,45,50,52
ENSG00000230124,ACBD6,64,36.2,27.8,0.774,-0.4,7.6e-02,1.0e+00,0.3167,699,36,46,31,32,29,27,32,23
ENSG00000065413,ANKRD44,21,12.8,8.2,0.662,-0.6,7.6e-02,1.0e+00,0.3167,700,11,18,10,12,9,6,10,8
ENSG00000125843,AP5S1,22.5,13.8,8.8,0.642,-0.6,7.7e-02,1.0e+00,0.3174,701,18,10,13,14,8,13,9,5
ENSG00000131174,COX7B,67,38.2,28.8,0.754,-0.4,7.7e-02,1.0e+00,0.3176,702,32,47,46,28,30,26,31,28
ENSG00000101856,PGRMC1,293.8,161.8,132,0.816,-0.3,7.7e-02,1.0e+00,0.3176,703,129,150,201,167,124,130,149,125
ENSG00000145916,RMND5B,41.8,24,17.8,0.755,-0.4,7.7e-02,1.0e+00,0.3179,703,27,25,17,27,18,18,18,17
ENSG00000170876,TMEM43,316.5,143,173.5,1.213,0.3,7.7e-02,1.0e+00,0.3179,704,150,169,113,140,185,158,162,189
ENSG00000180628,PCGF5,80,33.5,46.5,1.398,0.5,7.7e-02,1.0e+00,0.3179,704,31,21,34,48,47,43,37,59
ENSG00000171862,PTEN,96,65.5,30.5,0.462,-1.1,7.7e-02,1.0e+00,0.3183,705,91,76,55,40,2,21,60,39
ENSG00000105404,RABAC1,155.8,69.5,86.2,1.238,0.3,7.7e-02,1.0e+00,0.3183,706,82,54,62,80,92,79,92,82
ENSG00000062194,GPBP1,88,48,40,0.83,-0.3,7.7e-02,1.0e+00,0.3185,706,44,55,48,45,41,39,42,38
ENSG00000184083,FAM120C,32.2,13.5,18.8,1.369,0.5,7.7e-02,1.0e+00,0.3185,707,15,14,9,16,18,21,19,17
ENSG00000145779,TNFAIP8,123.8,55.2,68.5,1.243,0.3,7.8e-02,1.0e+00,0.3194,709,53,65,52,51,72,83,65,54
ENSG00000182534,MXRA7,613,280.8,332.2,1.183,0.2,7.8e-02,1.0e+00,0.3194,709,263,283,315,262,313,314,390,312
ENSG00000145734,BDP1,49.2,36,13.2,0.372,-1.4,7.8e-02,1.0e+00,0.3194,710,39,26,37,42,28,25,0,0
ENSG00000081803,CADPS2,100.8,30.5,70.2,2.312,1.2,7.8e-02,1.0e+00,0.3197,711,37,39,6,40,72,118,10,81
ENSG00000008710,PKD1,452,198,254,1.284,0.4,7.8e-02,1.0e+00,0.3198,711,221,201,158,212,238,190,247,341
ENSG00000167797,CDK2AP2,29.2,10.5,18.8,1.768,0.8,7.8e-02,1.0e+00,0.3198,711,16,17,4,5,18,18,24,15
ENSG00000071655,MBD3,94.8,54.5,40.2,0.744,-0.4,7.8e-02,1.0e+00,0.3203,713,59,52,52,55,61,34,29,37
ENSG00000120992,LYPLA1,43.5,18.2,25.2,1.388,0.5,7.8e-02,1.0e+00,0.3205,714,19,15,16,23,33,29,20,19
ENSG00000281221,PSMC4,79.2,35.5,43.8,1.231,0.3,7.8e-02,1.0e+00,0.3205,714,35,39,32,36,45,39,52,39
ENSG00000103202,NME4,126.8,72.2,54.5,0.756,-0.4,7.8e-02,1.0e+00,0.321,715,64,63,75,87,68,37,66,47
ENSG00000107937,GTPBP4,72.5,31.2,41.2,1.315,0.4,7.8e-02,1.0e+00,0.321,716,23,33,38,31,45,41,48,31
ENSG00000183955,KMT5A,95.8,54.5,41.2,0.756,-0.4,7.8e-02,1.0e+00,0.3212,717,57,56,43,62,44,55,28,38
ENSG00000106809,OGN,223.8,150,73.8,0.49,-1,7.8e-02,1.0e+00,0.3213,717,167,127,56,250,76,77,16,126
ENSG00000097007,ABL1,518.8,283,235.8,0.834,-0.3,7.8e-02,1.0e+00,0.3214,718,312,251,295,274,267,191,252,233
ENSG00000135070,ISCA1,57,24.5,32.5,1.338,0.4,7.9e-02,1.0e+00,0.3217,719,28,25,18,27,40,27,36,27
ENSG00000118418,HMGN3,46.2,27.5,18.8,0.687,-0.5,7.9e-02,1.0e+00,0.3217,719,27,28,22,33,19,18,10,28
ENSG00000134324,LPIN1,405.5,173.8,231.8,1.334,0.4,7.9e-02,1.0e+00,0.3217,719,211,173,156,155,196,289,152,290
ENSG00000123989,CHPF,251.2,112.2,139,1.24,0.3,7.9e-02,1.0e+00,0.3217,720,82,135,121,111,128,127,148,153
ENSG00000197498,RPF2,29.5,12,17.5,1.463,0.5,7.9e-02,1.0e+00,0.3217,720,10,10,11,17,13,19,23,15
ENSG00000258818,RNASE4,94.2,34.5,59.8,1.739,0.8,7.9e-02,1.0e+00,0.3217,720,42,44,20,32,97,33,28,81
ENSG00000132688,NES,57.8,35.2,22.5,0.647,-0.6,7.9e-02,1.0e+00,0.3221,721,36,30,27,48,26,11,17,36
ENSG00000132170,PPARG,43.8,17.8,26,1.485,0.6,7.9e-02,1.0e+00,0.3221,722,16,22,22,11,35,17,30,22
ENSG00000142327,RNPEPL1,89.8,39.5,50.2,1.264,0.3,7.9e-02,1.0e+00,0.3223,723,39,31,50,38,45,47,52,57
ENSG00000075651,PLD1,68.2,41,27.2,0.663,-0.6,7.9e-02,1.0e+00,0.3223,723,39,48,57,20,36,21,24,28
ENSG00000116704,SLC35D1,52.8,21.5,31.2,1.47,0.6,7.9e-02,1.0e+00,0.3223,723,24,25,19,18,26,31,19,49
ENSG00000168394,TAP1,46.8,32,14.8,0.478,-1.1,7.9e-02,1.0e+00,0.3231,725,35,30,25,38,23,0,25,11
ENSG00000113013,HSPA9,263,144.2,118.8,0.822,-0.3,8.0e-02,1.0e+00,0.3237,727,132,151,161,133,127,108,143,97
ENSG00000102034,ELF4,46,26,20,0.786,-0.3,8.0e-02,1.0e+00,0.3237,727,26,22,26,30,19,20,22,19
ENSG00000124942,AHNAK,8039.2,3655.2,4384,1.199,0.3,8.0e-02,1.0e+00,0.324,728,3766,3814,3157,3884,3885,4326,4282,5043
ENSG00000162402,USP24,206,117.5,88.5,0.752,-0.4,8.0e-02,1.0e+00,0.3243,729,119,84,102,165,84,78,80,112
ENSG00000170775,GPR37,18,5.2,12.8,2.397,1.3,8.0e-02,1.0e+00,0.3243,730,6,5,0,10,10,11,5,25
ENSG00000119688,ABCD4,50,28,22,0.787,-0.3,8.0e-02,1.0e+00,0.3243,730,31,25,27,29,20,19,23,26
ENSG00000136802,LRRC8A,119.8,67.5,52.2,0.776,-0.4,8.0e-02,1.0e+00,0.3243,730,62,74,56,78,46,42,51,70
ENSG00000172216,CEBPB,88.2,37.2,51,1.377,0.5,8.0e-02,1.0e+00,0.3243,731,37,28,36,48,65,36,41,62
ENSG00000164983,TMEM65,52.8,31.2,21.5,0.698,-0.5,8.0e-02,1.0e+00,0.3243,731,31,30,45,19,21,17,25,23
ENSG00000140299,BNIP2,152.2,67.5,84.8,1.253,0.3,8.0e-02,1.0e+00,0.3243,731,78,52,73,67,76,107,79,77
ENSG00000164022,AIMP1,96.8,53.5,43.2,0.805,-0.3,8.0e-02,1.0e+00,0.3244,732,43,62,48,61,44,48,43,38
ENSG00000175482,POLD4,65.8,25.8,40,1.556,0.6,8.0e-02,1.0e+00,0.3244,732,36,17,15,35,55,43,37,25
ENSG00000161513,FDXR,49.8,32.2,17.5,0.552,-0.9,8.0e-02,1.0e+00,0.3251,734,45,32,35,17,37,9,10,14
ENSG00000168938,PPIC,93,51.8,41.2,0.801,-0.3,8.0e-02,1.0e+00,0.3251,734,57,50,40,60,45,45,35,40
ENSG00000241644,INMT,83,26.5,56.5,2.139,1.1,8.0e-02,1.0e+00,0.3251,735,9,54,22,21,18,90,81,37
ENSG00000167635,ZNF146,83.5,46.2,37.2,0.801,-0.3,8.0e-02,1.0e+00,0.3251,735,43,43,41,58,41,34,41,33
ENSG00000145687,SSBP2,64.8,38.2,26.5,0.695,-0.5,8.0e-02,1.0e+00,0.3251,735,29,41,51,32,31,23,16,36
ENSG00000110330,BIRC2,115.2,49.2,66,1.34,0.4,8.1e-02,1.0e+00,0.3253,736,42,47,41,67,76,75,44,69
ENSG00000102710,SUPT20H,63,35.2,27.8,0.785,-0.3,8.1e-02,1.0e+00,0.3253,736,38,41,35,27,25,26,29,31
ENSG00000246705,H2AJ,59.2,23.2,36,1.566,0.6,8.1e-02,1.0e+00,0.3253,737,24,25,12,32,31,35,22,56
ENSG00000106049,HIBADH,132.8,77.8,55,0.709,-0.5,8.1e-02,1.0e+00,0.3253,737,49,120,77,65,47,65,49,59
ENSG00000160007,ARHGAP35,247.5,135.8,111.8,0.82,-0.3,8.1e-02,1.0e+00,0.3253,737,144,121,139,139,109,85,120,133
ENSG00000135093,USP30,27.5,16,11.5,0.724,-0.5,8.1e-02,1.0e+00,0.3253,738,13,14,22,15,13,12,10,11
ENSG00000166387,PPFIBP2,41.8,16.8,25,1.49,0.6,8.1e-02,1.0e+00,0.3253,738,17,23,15,12,16,23,24,37
ENSG00000167925,GHDC,31.8,12.8,19,1.51,0.6,8.1e-02,1.0e+00,0.3253,738,12,12,16,11,30,19,15,12
ENSG00000282417,HERC2P9,26.5,15.8,10.8,0.687,-0.5,8.1e-02,1.0e+00,0.3253,739,14,16,16,17,10,8,17,8
ENSG00000138688,BLTP1,350,191.2,158.8,0.831,-0.3,8.1e-02,1.0e+00,0.3253,739,199,183,183,200,133,142,164,196
ENSG00000214575,CPEB1,25,16.8,8.2,0.505,-1,8.1e-02,1.0e+00,0.3253,740,22,22,12,11,17,8,1,7
ENSG00000144744,UBA3,85,37.5,47.5,1.265,0.3,8.1e-02,1.0e+00,0.3253,740,39,40,41,30,57,38,45,50
ENSG00000159363,ATP13A2,30,12.2,17.8,1.472,0.6,8.1e-02,1.0e+00,0.3253,740,10,15,13,11,13,14,26,18
ENSG00000180011,PTGR3,56.8,33.5,23.2,0.698,-0.5,8.1e-02,1.0e+00,0.3255,741,43,27,21,43,20,25,19,29
ENSG00000196968,FUT11,65.8,28.2,37.5,1.325,0.4,8.1e-02,1.0e+00,0.3255,741,29,32,27,25,25,37,49,39
ENSG00000181788,SIAH2,33,13.2,19.8,1.505,0.6,8.1e-02,1.0e+00,0.3255,742,14,7,18,14,27,13,21,18
ENSG00000146540,CHLSN,24.2,15,9.2,0.642,-0.6,8.1e-02,1.0e+00,0.3257,742,11,20,19,10,6,9,11,11
ENSG00000171105,INSR,52.8,22,30.8,1.409,0.5,8.1e-02,1.0e+00,0.3257,743,20,23,18,27,37,29,18,39
ENSG00000105647,PIK3R2,163.2,91.2,72,0.787,-0.3,8.1e-02,1.0e+00,0.3257,743,72,83,120,90,73,58,83,74
ENSG00000148344,PTGES,34.5,22,12.5,0.578,-0.8,8.2e-02,1.0e+00,0.3271,747,19,17,31,21,26,6,9,9
ENSG00000145431,PDGFC,84.2,48.5,35.8,0.74,-0.4,8.2e-02,1.0e+00,0.3271,747,60,35,59,40,45,29,38,31
ENSG00000065802,ASB1,101.2,45,56.2,1.243,0.3,8.2e-02,1.0e+00,0.3271,747,47,49,33,51,51,53,59,62
ENSG00000006282,SPATA20,114,64,50,0.778,-0.4,8.2e-02,1.0e+00,0.3271,748,78,52,51,75,50,44,61,45
ENSG00000136636,KCTD3,131.2,73.5,57.8,0.785,-0.3,8.2e-02,1.0e+00,0.328,750,53,75,83,83,62,66,46,57
ENSG00000197119,SLC25A29,39.8,24.8,15,0.606,-0.7,8.2e-02,1.0e+00,0.328,750,33,15,24,27,15,17,5,23
ENSG00000119318,RAD23B,720,303.8,416.2,1.371,0.5,8.2e-02,1.0e+00,0.3282,751,261,419,308,227,327,484,546,308
ENSG00000054983,GALC,47,19.8,27.2,1.376,0.5,8.2e-02,1.0e+00,0.3282,751,28,18,20,13,30,23,29,27
ENSG00000133026,MYH10,1307.2,533.2,774,1.451,0.5,8.2e-02,1.0e+00,0.3282,752,433,695,335,670,500,1072,685,839
ENSG00000136869,TLR4,29.5,10,19.5,1.933,1,8.2e-02,1.0e+00,0.3285,753,6,13,14,7,5,31,17,25
ENSG00000073050,XRCC1,36.5,22,14.5,0.685,-0.5,8.2e-02,1.0e+00,0.3285,753,26,22,19,21,19,9,10,20
ENSG00000119977,TCTN3,198.2,110.2,88,0.798,-0.3,8.3e-02,1.0e+00,0.3292,755,115,122,80,124,84,101,73,94
ENSG00000101160,CTSZ,194,89.5,104.5,1.166,0.2,8.3e-02,1.0e+00,0.3292,755,87,92,90,89,97,99,121,101
ENSG00000155545,MIER3,36.2,21.2,15,0.715,-0.5,8.3e-02,1.0e+00,0.3292,756,23,15,23,24,12,12,21,15
ENSG00000115827,DCAF17,36.8,15.2,21.5,1.432,0.5,8.3e-02,1.0e+00,0.3294,756,12,17,10,22,20,21,26,19
ENSG00000095321,CRAT,139.5,62.5,77,1.232,0.3,8.3e-02,1.0e+00,0.3304,759,56,77,60,57,79,80,62,87
ENSG00000013375,PGM3,123.2,68.5,54.8,0.797,-0.3,8.3e-02,1.0e+00,0.3304,759,65,65,84,60,45,49,67,58
ENSG00000066136,NFYC,36.8,21.5,15.2,0.736,-0.4,8.3e-02,1.0e+00,0.3305,760,21,25,24,16,18,13,18,12
ENSG00000148498,PARD3,76,42.8,33.2,0.78,-0.4,8.3e-02,1.0e+00,0.3305,760,45,49,39,38,26,40,28,39
ENSG00000088833,NSFL1C,83.2,47.2,36,0.765,-0.4,8.3e-02,1.0e+00,0.3307,761,56,37,48,48,44,28,29,43
ENSG00000112624,BICRAL,42.2,24.2,18,0.759,-0.4,8.3e-02,1.0e+00,0.3308,762,29,23,18,27,18,19,16,19
ENSG00000133812,SBF2,297,132.2,164.8,1.244,0.3,8.3e-02,1.0e+00,0.3308,762,130,143,133,123,117,170,207,165
ENSG00000293241,GTF2IP4,402.5,171,231.5,1.356,0.4,8.3e-02,1.0e+00,0.3308,762,137,236,178,133,167,306,250,203
ENSG00000180914,OXTR,48.8,11.2,37.5,3.359,1.7,8.3e-02,1.0e+00,0.3309,763,0,33,9,3,6,86,41,17
ENSG00000132002,DNAJB1,122,69.2,52.8,0.76,-0.4,8.3e-02,1.0e+00,0.3309,763,72,75,56,74,66,65,42,38
ENSG00000086061,DNAJA1,314.2,171.2,143,0.834,-0.3,8.4e-02,1.0e+00,0.3315,765,142,173,197,173,158,156,132,126
ENSG00000122203,KIAA1191,212.5,96.2,116.2,1.207,0.3,8.4e-02,1.0e+00,0.3315,765,88,103,109,85,94,127,130,114
ENSG00000129473,BCL2L2,152,67.5,84.5,1.249,0.3,8.4e-02,1.0e+00,0.3317,766,82,59,52,77,89,94,80,75
ENSG00000169231,THBS3,116,66.5,49.5,0.749,-0.4,8.4e-02,1.0e+00,0.3332,770,60,89,54,63,64,56,37,41
ENSG00000174238,PITPNA,135.2,62.2,73,1.175,0.2,8.4e-02,1.0e+00,0.3332,770,63,63,60,63,67,82,77,66
ENSG00000285248,IPO4,44,26.5,17.5,0.684,-0.5,8.4e-02,1.0e+00,0.3332,770,27,20,25,34,23,14,23,10
ENSG00000068028,RASSF1,59,25.8,33.2,1.304,0.4,8.4e-02,1.0e+00,0.3332,771,21,27,22,33,36,34,26,37
ENSG00000188428,BLOC1S5,22.5,13.8,8.8,0.651,-0.6,8.4e-02,1.0e+00,0.3332,771,11,18,9,17,8,7,12,8
ENSG00000135919,SERPINE2,780.5,477.8,302.8,0.634,-0.7,8.4e-02,1.0e+00,0.3336,772,358,787,394,372,168,497,278,268
ENSG00000157600,TMEM164,23.8,14.2,9.5,0.672,-0.6,8.4e-02,1.0e+00,0.3336,773,15,9,16,17,10,9,13,6
ENSG00000113810,SMC4,79.8,45.8,34,0.747,-0.4,8.5e-02,1.0e+00,0.334,774,55,29,41,58,34,35,37,30
ENSG00000185189,NRBP2,128.2,55.8,72.5,1.311,0.4,8.5e-02,1.0e+00,0.3343,775,35,58,67,63,59,70,76,85
ENSG00000172164,SNTB1,55.8,23,32.8,1.428,0.5,8.5e-02,1.0e+00,0.3343,775,17,30,20,25,19,32,44,36
ENSG00000222009,BTBD19,24.2,15.8,8.5,0.561,-0.8,8.5e-02,1.0e+00,0.3343,775,13,26,13,11,6,4,16,8
ENSG00000146143,PRIM2,31.8,18.2,13.5,0.755,-0.4,8.5e-02,1.0e+00,0.3345,776,16,22,19,16,14,12,16,12
ENSG00000204842,ATXN2,104.5,45.8,58.8,1.281,0.4,8.5e-02,1.0e+00,0.3346,777,51,50,33,49,44,65,60,66
ENSG00000151502,VPS26B,112.5,62.8,49.8,0.79,-0.3,8.5e-02,1.0e+00,0.3346,777,80,46,61,64,54,50,42,53
ENSG00000148339,SLC25A25,33.5,14.2,19.2,1.349,0.4,8.5e-02,1.0e+00,0.3346,778,16,15,12,14,23,19,21,14
ENSG00000176410,DNAJC30,22,13,9,0.709,-0.5,8.5e-02,1.0e+00,0.3346,778,12,13,12,15,10,10,6,10
ENSG00000119986,AVPI1,51,21.5,29.5,1.409,0.5,8.5e-02,1.0e+00,0.3346,778,12,26,27,21,35,32,28,23
ENSG00000108582,CPD,654.2,268.8,385.5,1.435,0.5,8.5e-02,1.0e+00,0.3352,780,175,319,228,353,220,495,396,431
ENSG00000076604,TRAF4,23.2,15.5,7.8,0.512,-1,8.5e-02,1.0e+00,0.3352,780,13,13,16,20,16,2,11,2
ENSG00000172086,KRCC1,75,32.5,42.5,1.304,0.4,8.5e-02,1.0e+00,0.3357,782,36,28,35,31,31,57,42,40
ENSG00000070785,EIF2B3,23.5,14.2,9.2,0.653,-0.6,8.6e-02,1.0e+00,0.3374,786,13,13,17,14,13,6,5,13
ENSG00000164932,CTHRC1,203.2,69,134.2,1.942,1,8.6e-02,1.0e+00,0.3375,787,43,46,122,65,50,93,284,110
ENSG00000103855,CD276,222.2,122.2,100,0.82,-0.3,8.6e-02,1.0e+00,0.3375,787,135,106,109,139,111,83,92,114
ENSG00000157916,RER1,207.2,94.5,112.8,1.188,0.2,8.6e-02,1.0e+00,0.3377,788,101,90,103,84,121,111,94,125
ENSG00000158985,CDC42SE2,33.8,13.5,20.2,1.463,0.5,8.6e-02,1.0e+00,0.3377,788,16,15,12,11,17,25,12,27
ENSG00000144567,RETREG2,213.5,116.2,97.2,0.84,-0.3,8.6e-02,1.0e+00,0.3377,788,130,103,120,112,91,88,94,116
ENSG00000124343,XG,89.8,39.8,50,1.256,0.3,8.6e-02,1.0e+00,0.338,789,44,36,41,38,42,41,55,62
ENSG00000198258,UBL5,103.2,46,57.2,1.242,0.3,8.6e-02,1.0e+00,0.338,790,47,48,43,46,70,64,49,46
ENSG00000132879,FBXO44,33.2,19.2,14,0.723,-0.5,8.7e-02,1.0e+00,0.338,790,23,15,22,17,10,16,13,17
ENSG00000205726,ITSN1,127.5,54.8,72.8,1.329,0.4,8.7e-02,1.0e+00,0.338,791,45,68,58,48,52,60,85,94
ENSG00000177463,NR2C2,50,36.8,13.2,0.365,-1.5,8.7e-02,1.0e+00,0.338,791,38,4,53,52,5,1,35,12
ENSG00000142303,ADAMTS10,31.5,18.5,13,0.706,-0.5,8.7e-02,1.0e+00,0.338,791,19,20,21,14,10,17,16,9
ENSG00000187325,TAF9B,36.8,21.5,15.2,0.725,-0.5,8.7e-02,1.0e+00,0.338,792,23,28,17,18,12,14,19,16
ENSG00000101335,MYL9,1378.5,579.8,798.8,1.379,0.5,8.7e-02,1.0e+00,0.338,792,405,790,596,528,539,923,1046,687
ENSG00000262599,DENND11,33.8,23,10.8,0.467,-1.1,8.7e-02,1.0e+00,0.338,792,26,12,22,32,0,19,8,16
ENSG00000027001,MIPEP,49,29,20,0.696,-0.5,8.7e-02,1.0e+00,0.338,793,28,28,20,40,16,24,26,14
ENSG00000148484,RSU1,220,99,121,1.221,0.3,8.7e-02,1.0e+00,0.3384,794,89,115,99,93,137,142,100,105
ENSG00000131943,C19orf12,59.5,24.2,35.2,1.456,0.5,8.7e-02,1.0e+00,0.3384,794,30,17,15,35,42,40,25,34
ENSG00000110888,CAPRIN2,59.5,34.2,25.2,0.732,-0.4,8.7e-02,1.0e+00,0.3384,795,26,38,30,43,18,22,30,31
ENSG00000125733,TRIP10,149.2,66.5,82.8,1.245,0.3,8.7e-02,1.0e+00,0.3384,795,64,72,61,69,97,86,58,90
ENSG00000168924,LETM1,60.2,26.5,33.8,1.264,0.3,8.7e-02,1.0e+00,0.3384,795,22,28,28,28,35,30,41,29
ENSG00000138380,CARF,22.8,13.8,9,0.659,-0.6,8.7e-02,1.0e+00,0.339,797,15,17,14,9,8,13,6,9
ENSG00000115484,CCT4,157.2,86.2,71,0.819,-0.3,8.7e-02,1.0e+00,0.3392,798,78,92,91,84,81,53,71,79
ENSG00000119899,SLC17A5,131.5,56.2,75.2,1.338,0.4,8.7e-02,1.0e+00,0.3394,799,42,61,68,54,48,94,86,73
ENSG00000138430,OLA1,79.2,44.5,34.8,0.782,-0.4,8.7e-02,1.0e+00,0.3398,800,46,52,40,40,35,43,25,36
ENSG00000244509,APOBEC3C,137.5,80.5,57,0.71,-0.5,8.8e-02,1.0e+00,0.3401,801,116,64,73,69,83,37,55,53
ENSG00000163297,ANTXR2,485.5,215,270.5,1.258,0.3,8.8e-02,1.0e+00,0.3402,802,179,227,229,225,224,297,212,349
ENSG00000168701,TMEM208,22,9.2,12.8,1.4,0.5,8.8e-02,1.0e+00,0.3402,802,10,8,9,10,15,9,12,15
ENSG00000125386,FAM193A,57.2,32,25.2,0.79,-0.3,8.8e-02,1.0e+00,0.3402,802,30,36,33,29,26,21,23,31
ENSG00000143842,SOX13,22,9.2,12.8,1.401,0.5,8.8e-02,1.0e+00,0.3408,804,8,9,9,11,11,13,16,11
ENSG00000149187,CELF1,114.2,52,62.2,1.198,0.3,8.8e-02,1.0e+00,0.3414,806,47,48,51,62,68,57,65,59
ENSG00000242732,RTL5,57,22.8,34.2,1.523,0.6,8.8e-02,1.0e+00,0.3414,806,14,23,22,32,25,39,21,52
ENSG00000123342,MMP19,58.5,25.5,33,1.296,0.4,8.8e-02,1.0e+00,0.3414,806,22,23,28,29,33,35,24,40
ENSG00000142459,EVI5L,47,26.8,20.2,0.772,-0.4,8.8e-02,1.0e+00,0.3415,807,22,34,24,27,19,21,23,18
ENSG00000162032,SPSB3,51,21.5,29.5,1.381,0.5,8.8e-02,1.0e+00,0.3422,809,22,27,14,23,38,29,21,30
ENSG00000285070,ADIPOR2,90,40.5,49.5,1.211,0.3,8.9e-02,1.0e+00,0.3425,810,42,46,39,35,54,51,50,43
ENSG00000172531,PPP1CA,102.8,45.5,57.2,1.255,0.3,8.9e-02,1.0e+00,0.3425,810,52,52,36,42,68,52,61,48
ENSG00000196739,COL27A1,40,26.2,13.8,0.532,-0.9,8.9e-02,1.0e+00,0.3425,811,26,28,36,15,8,4,30,13
ENSG00000119953,SMNDC1,56,24.5,31.5,1.298,0.4,8.9e-02,1.0e+00,0.3425,811,23,23,24,28,38,31,22,35
ENSG00000133872,SARAF,253.2,136.8,116.5,0.851,-0.2,8.9e-02,1.0e+00,0.3425,811,144,148,138,117,101,121,126,118
ENSG00000178927,CYBC1,94.5,52.2,42.2,0.814,-0.3,8.9e-02,1.0e+00,0.3425,812,53,59,46,51,52,43,38,36
ENSG00000165632,TAF3,28.2,16.5,11.8,0.717,-0.5,8.9e-02,1.0e+00,0.3425,812,19,17,12,18,13,8,14,12
ENSG00000173905,GOLIM4,212.2,120.2,92,0.766,-0.4,8.9e-02,1.0e+00,0.343,814,101,87,128,165,74,101,105,88
ENSG00000029725,RABEP1,125.2,69,56.2,0.816,-0.3,8.9e-02,1.0e+00,0.3433,815,65,66,71,74,49,45,63,68
ENSG00000166783,MARF1,85.2,63.5,21.8,0.341,-1.6,8.9e-02,1.0e+00,0.3433,815,60,25,93,76,0,7,7,73
ENSG00000196371,FUT4,24.5,9.8,14.8,1.478,0.6,8.9e-02,1.0e+00,0.3433,815,13,7,8,11,10,19,14,16
ENSG00000073464,CLCN4,56,23.2,32.8,1.423,0.5,8.9e-02,1.0e+00,0.3433,816,23,32,18,20,27,33,23,48
ENSG00000196937,FAM3C,114.2,46.8,67.5,1.442,0.5,8.9e-02,1.0e+00,0.3433,816,34,45,51,57,32,82,76,80
ENSG00000094880,CDC23,52.2,30,22.2,0.746,-0.4,8.9e-02,1.0e+00,0.3437,817,32,27,34,27,15,30,22,22
ENSG00000073910,FRY,124,48.5,75.5,1.558,0.6,8.9e-02,1.0e+00,0.3437,818,29,68,42,55,42,83,121,56
ENSG00000143420,ENSA,118.5,65,53.5,0.826,-0.3,8.9e-02,1.0e+00,0.3437,818,77,61,58,64,62,54,47,51
ENSG00000160408,ST6GALNAC6,299.2,136.2,163,1.195,0.3,9.0e-02,1.0e+00,0.3437,818,147,140,106,152,146,178,161,167
ENSG00000160991,ORAI2,81.5,47,34.5,0.732,-0.5,9.0e-02,1.0e+00,0.3437,819,38,47,51,52,22,40,49,27
ENSG00000058799,YIPF1,45.5,19.5,26,1.331,0.4,9.0e-02,1.0e+00,0.3437,819,23,17,16,22,18,28,28,30
ENSG00000105971,CAV2,115.8,47.8,68,1.414,0.5,9.0e-02,1.0e+00,0.3437,819,41,56,65,29,46,86,62,78
ENSG00000157680,DGKI,61.2,20.8,40.5,1.956,1,9.0e-02,1.0e+00,0.3446,822,13,20,31,19,9,30,74,49
ENSG00000180354,MTURN,127.2,53,74.2,1.403,0.5,9.0e-02,1.0e+00,0.3457,825,37,36,75,64,55,84,68,90
ENSG00000160712,IL6R,63.2,27.5,35.8,1.305,0.4,9.0e-02,1.0e+00,0.3463,827,30,26,29,25,38,45,24,36
ENSG00000168958,MFF,153.2,70.8,82.5,1.17,0.2,9.0e-02,1.0e+00,0.3463,827,74,65,73,71,86,71,89,84
ENSG00000137337,MDC1,37,16,21,1.333,0.4,9.1e-02,1.0e+00,0.3466,828,14,20,18,12,24,19,23,18
ENSG00000144357,UBR3,91,40.5,50.5,1.243,0.3,9.1e-02,1.0e+00,0.3466,828,31,40,51,40,52,51,46,53
ENSG00000184702,SEPTIN5,23.5,15,8.5,0.572,-0.8,9.1e-02,1.0e+00,0.3467,829,21,12,6,21,12,9,9,4
ENSG00000100997,ABHD12,107.2,48.2,59,1.223,0.3,9.1e-02,1.0e+00,0.3468,830,48,51,48,46,59,63,45,69
ENSG00000074181,NOTCH3,79.2,33.8,45.5,1.34,0.4,9.1e-02,1.0e+00,0.3468,830,19,39,39,38,37,49,50,46
ENSG00000104321,TRPA1,74.5,51,23.5,0.466,-1.1,9.1e-02,1.0e+00,0.3468,830,48,21,111,24,20,11,49,14
ENSG00000128591,FLNC,1037.2,566.8,470.5,0.831,-0.3,9.1e-02,1.0e+00,0.3468,831,611,570,537,549,533,377,551,421
ENSG00000197872,CYRIA,23.5,14,9.5,0.684,-0.5,9.1e-02,1.0e+00,0.3468,831,19,12,11,14,10,8,7,13
ENSG00000085982,USP40,100,55.2,44.8,0.81,-0.3,9.1e-02,1.0e+00,0.3468,831,67,59,49,46,51,42,40,46
ENSG00000149541,B3GAT3,35.8,15.2,20.5,1.361,0.4,9.1e-02,1.0e+00,0.3468,832,14,12,15,20,23,14,22,23
ENSG00000131408,NR1H2,135.8,60.8,75,1.238,0.3,9.1e-02,1.0e+00,0.3468,832,76,59,62,46,81,82,70,67
ENSG00000283447,NDUFS1,156.2,70.8,85.5,1.206,0.3,9.1e-02,1.0e+00,0.3468,832,63,73,81,66,74,94,76,98
ENSG00000120725,SIL1,95.5,53.8,41.8,0.777,-0.4,9.1e-02,1.0e+00,0.3468,833,49,55,65,46,32,44,55,36
ENSG00000134186,PRPF38B,98.2,44.2,54,1.222,0.3,9.1e-02,1.0e+00,0.3468,833,40,48,43,46,59,43,51,63
ENSG00000100097,LGALS1,1462.8,782.8,680,0.868,-0.2,9.1e-02,1.0e+00,0.3468,833,793,776,727,835,737,666,684,633
ENSG00000116106,EPHA4,23.5,7.5,16,2.123,1.1,9.1e-02,1.0e+00,0.347,834,8,3,8,11,18,3,11,32
ENSG00000197892,KIF13B,68.5,29.5,39,1.326,0.4,9.1e-02,1.0e+00,0.3475,836,23,29,28,38,38,32,33,53
ENSG00000147010,SH3KBP1,134.5,75.2,59.2,0.792,-0.3,9.2e-02,1.0e+00,0.3484,838,70,90,72,69,68,45,74,50
ENSG00000125505,MBOAT7,56.5,38,18.5,0.5,-1,9.2e-02,1.0e+00,0.3484,839,37,32,38,45,28,0,29,17
ENSG00000173992,CCS,40,24,16,0.673,-0.6,9.2e-02,1.0e+00,0.3488,840,38,21,22,15,17,21,12,14
ENSG00000135372,NAT10,62.8,28,34.8,1.247,0.3,9.2e-02,1.0e+00,0.349,841,32,31,26,23,32,34,40,33
ENSG00000072832,CRMP1,42.5,24,18.5,0.777,-0.4,9.2e-02,1.0e+00,0.3491,841,22,28,25,21,16,18,18,22
ENSG00000115109,EPB41L5,60.8,26.5,34.2,1.289,0.4,9.2e-02,1.0e+00,0.3491,842,27,20,32,27,28,34,41,34
ENSG00000120008,WDR11,171.8,77.8,94,1.214,0.3,9.2e-02,1.0e+00,0.3491,842,74,99,74,64,86,98,90,102
ENSG00000133321,PLAAT4,32.5,20.2,12.2,0.629,-0.7,9.2e-02,1.0e+00,0.3491,842,14,28,21,18,19,8,6,16
ENSG00000105879,CBLL1,38.2,22,16.2,0.743,-0.4,9.2e-02,1.0e+00,0.3491,843,16,26,24,22,15,19,12,19
ENSG00000075618,FSCN1,229.5,132.5,97,0.731,-0.5,9.2e-02,1.0e+00,0.3491,843,169,91,131,139,115,70,131,72
ENSG00000116954,RRAGC,111,49,62,1.264,0.3,9.2e-02,1.0e+00,0.3491,843,43,45,58,50,79,62,46,61
ENSG00000074755,ZZEF1,168.8,92.2,76.5,0.829,-0.3,9.2e-02,1.0e+00,0.3491,844,92,100,90,87,64,68,96,78
ENSG00000119699,TGFB3,19.2,7.8,11.5,1.507,0.6,9.2e-02,1.0e+00,0.3491,844,6,5,10,10,10,14,13,9
ENSG00000196365,LONP1,95.8,53.8,42,0.782,-0.4,9.2e-02,1.0e+00,0.3493,845,59,61,41,54,49,37,50,32
ENSG00000130309,COLGALT1,157,71.2,85.8,1.211,0.3,9.2e-02,1.0e+00,0.3493,845,79,66,68,72,98,88,92,65
ENSG00000073008,PVR,196.5,115.5,81,0.701,-0.5,9.3e-02,1.0e+00,0.3497,847,74,191,113,84,68,85,96,75
ENSG00000132256,TRIM5,45.2,26,19.2,0.732,-0.5,9.3e-02,1.0e+00,0.3497,847,25,21,33,25,14,17,20,26
ENSG00000173212,MAB21L3,54,32,22,0.688,-0.5,9.3e-02,1.0e+00,0.3498,848,19,35,32,42,17,19,33,19
ENSG00000072415,PALS1,73,40.5,32.5,0.803,-0.3,9.3e-02,1.0e+00,0.3499,848,39,47,44,32,28,34,32,36
ENSG00000069998,HDHD5,38.2,15.2,23,1.509,0.6,9.3e-02,1.0e+00,0.3499,848,15,11,18,17,24,17,37,14
ENSG00000186814,ZSCAN30,39.8,23.2,16.5,0.725,-0.5,9.3e-02,1.0e+00,0.35,849,16,27,24,26,13,13,22,18
ENSG00000155008,APOOL,46.2,18.8,27.5,1.481,0.6,9.3e-02,1.0e+00,0.3502,850,18,26,12,19,19,38,19,34
ENSG00000131100,ATP6V1E1,185.2,84.2,101,1.196,0.3,9.3e-02,1.0e+00,0.3503,851,75,89,100,73,95,114,103,92
ENSG00000122515,ZMIZ2,90.5,40.8,49.8,1.212,0.3,9.3e-02,1.0e+00,0.3509,852,45,44,36,38,47,56,53,43
ENSG00000110002,VWA5A,85,50,35,0.698,-0.5,9.3e-02,1.0e+00,0.3509,853,45,41,71,43,34,26,55,25
ENSG00000157538,VPS26C,147.2,66,81.2,1.234,0.3,9.3e-02,1.0e+00,0.3511,853,69,59,77,59,70,91,67,97
ENSG00000167987,VPS37C,27.2,16,11.2,0.718,-0.5,9.3e-02,1.0e+00,0.3511,854,13,20,12,19,13,10,13,9
ENSG00000124164,VAPB,99,44,55,1.246,0.3,9.3e-02,1.0e+00,0.3512,854,51,38,52,35,52,64,53,51
ENSG00000257365,FNTB,35.8,21.8,14,0.66,-0.6,9.3e-02,1.0e+00,0.3512,855,25,20,23,19,10,7,16,23
ENSG00000168917,SLC35G2,21.5,8.8,12.8,1.475,0.6,9.3e-02,1.0e+00,0.3512,855,8,13,6,8,16,12,13,10
ENSG00000151233,GXYLT1,55.5,25,30.5,1.233,0.3,9.4e-02,1.0e+00,0.3512,855,28,23,26,23,34,31,28,29
ENSG00000174405,LIG4,29.8,12.8,17,1.356,0.4,9.4e-02,1.0e+00,0.3512,856,11,13,17,10,18,19,17,14
ENSG00000096968,JAK2,59.8,24.8,35,1.416,0.5,9.4e-02,1.0e+00,0.3512,856,26,18,21,34,43,36,20,41
ENSG00000128656,CHN1,165.2,99,66.2,0.671,-0.6,9.4e-02,1.0e+00,0.3519,858,88,128,122,58,66,59,102,38
ENSG00000146414,SHPRH,43.8,24.5,19.2,0.802,-0.3,9.4e-02,1.0e+00,0.3519,859,22,25,24,27,19,21,20,17
ENSG00000167881,SRP68,107.5,59.8,47.8,0.8,-0.3,9.4e-02,1.0e+00,0.3519,859,66,61,47,65,46,37,59,49
ENSG00000176046,NUPR1,247.5,139,108.5,0.782,-0.4,9.4e-02,1.0e+00,0.3519,859,110,160,175,111,91,136,106,101
ENSG00000159216,RUNX1,280,121.5,158.5,1.303,0.4,9.4e-02,1.0e+00,0.3519,860,111,128,150,97,103,195,156,180
ENSG00000138071,ACTR2,452,208.5,243.5,1.168,0.2,9.4e-02,1.0e+00,0.3519,860,221,224,172,217,259,248,227,240
ENSG00000157911,PEX10,34,20.8,13.2,0.653,-0.6,9.4e-02,1.0e+00,0.3524,862,26,30,15,12,13,14,17,9
ENSG00000108848,LUC7L3,240.2,129.5,110.8,0.857,-0.2,9.4e-02,1.0e+00,0.3525,862,130,119,126,143,109,127,99,108
ENSG00000197747,S100A10,208.2,115.8,92.5,0.797,-0.3,9.4e-02,1.0e+00,0.3525,863,138,119,90,116,117,96,73,84
ENSG00000198018,ENTPD7,37,22.2,14.8,0.665,-0.6,9.5e-02,1.0e+00,0.3538,866,23,18,31,17,11,14,24,10
ENSG00000082898,XPO1,238,130.5,107.5,0.822,-0.3,9.5e-02,1.0e+00,0.3538,866,120,122,141,139,116,84,133,97
ENSG00000058063,ATP11B,143.8,63.5,80.2,1.267,0.3,9.5e-02,1.0e+00,0.3538,867,62,67,54,71,82,80,56,103
ENSG00000085365,SCAMP1,89.5,49.2,40.2,0.817,-0.3,9.5e-02,1.0e+00,0.3538,867,44,47,51,55,31,41,43,46
ENSG00000133131,MORC4,90.5,51.2,39.2,0.771,-0.4,9.5e-02,1.0e+00,0.3538,868,43,47,67,48,30,41,35,51
ENSG00000089050,RBBP9,32.5,19.2,13.2,0.689,-0.5,9.5e-02,1.0e+00,0.3538,868,16,26,12,23,15,16,9,13
ENSG00000113732,ATP6V0E1,307.2,139.8,167.5,1.198,0.3,9.5e-02,1.0e+00,0.3544,870,152,153,142,112,179,187,164,140
ENSG00000205352,PRR13,150.8,69,81.8,1.188,0.2,9.5e-02,1.0e+00,0.3544,870,63,80,74,59,74,85,84,84
ENSG00000183291,SELENOF,261.5,122,139.5,1.144,0.2,9.5e-02,1.0e+00,0.3544,870,131,120,110,127,138,135,142,143
ENSG00000155957,TMBIM4,82.5,35.8,46.8,1.315,0.4,9.5e-02,1.0e+00,0.3544,871,37,34,27,45,33,59,48,47
ENSG00000177971,IMP3,38.2,15.8,22.5,1.417,0.5,9.5e-02,1.0e+00,0.3548,872,20,10,12,21,22,19,20,29
ENSG00000136381,IREB2,90.8,41,49.8,1.204,0.3,9.5e-02,1.0e+00,0.3552,873,42,40,45,37,53,52,53,41
ENSG00000206562,METTL6,26.5,15.5,11,0.715,-0.5,9.6e-02,1.0e+00,0.3556,875,14,17,13,18,9,14,13,8
ENSG00000284161,EEF2K,94.2,42.5,51.8,1.21,0.3,9.6e-02,1.0e+00,0.3556,875,52,41,36,41,54,48,50,55
ENSG00000134762,DSC3,26.8,7.8,19,2.453,1.3,9.6e-02,1.0e+00,0.3556,875,0,6,16,9,3,23,29,21
ENSG00000127580,WDR24,22.5,13.2,9.2,0.702,-0.5,9.6e-02,1.0e+00,0.3558,876,19,12,10,12,10,9,9,9
ENSG00000160271,RALGDS,57.8,33.8,24,0.721,-0.5,9.6e-02,1.0e+00,0.3561,877,36,36,29,34,22,14,22,38
ENSG00000141101,NOB1,57.2,32,25.2,0.79,-0.3,9.6e-02,1.0e+00,0.3564,879,28,32,37,31,30,22,21,28
ENSG00000121297,TSHZ3,73.2,41,32.2,0.786,-0.3,9.6e-02,1.0e+00,0.3564,879,44,49,32,39,32,25,34,38
ENSG00000076248,UNG,27.8,16.5,11.2,0.698,-0.5,9.6e-02,1.0e+00,0.3576,882,12,12,23,19,12,11,9,13
ENSG00000074054,CLASP1,135.8,62.5,73.2,1.175,0.2,9.7e-02,1.0e+00,0.3577,883,58,55,69,68,67,72,77,77
ENSG00000117594,HSD11B1,66.8,21,45.8,2.167,1.1,9.7e-02,1.0e+00,0.3577,883,4,17,55,8,62,30,62,29
ENSG00000065308,TRAM2,808.2,377,431.2,1.144,0.2,9.7e-02,1.0e+00,0.3577,883,392,344,376,396,462,426,416,421
ENSG00000103024,NME3,18.5,7,11.5,1.662,0.7,9.7e-02,1.0e+00,0.3577,884,5,5,4,14,14,11,9,12
ENSG00000136643,RPS6KC1,57.2,32.5,24.8,0.758,-0.4,9.7e-02,1.0e+00,0.3577,884,40,31,31,28,31,17,24,27
ENSG00000115839,RAB3GAP1,227.5,123.8,103.8,0.84,-0.3,9.7e-02,1.0e+00,0.3579,885,110,121,115,149,109,114,88,104
ENSG00000169251,NMD3,73.2,40.5,32.8,0.814,-0.3,9.7e-02,1.0e+00,0.3579,885,38,40,45,39,33,31,27,40
ENSG00000078018,MAP2,157,45.8,111.2,2.446,1.3,9.7e-02,1.0e+00,0.3579,886,26,101,15,41,26,273,66,80
ENSG00000068079,IFI35,35,14.5,20.5,1.401,0.5,9.7e-02,1.0e+00,0.3579,886,19,13,17,9,16,23,24,19
ENSG00000090238,YPEL3,77.2,33,44.2,1.345,0.4,9.7e-02,1.0e+00,0.3586,888,28,26,42,36,31,44,42,60
ENSG00000156030,MIDEAS,61.8,35.2,26.5,0.76,-0.4,9.7e-02,1.0e+00,0.3586,889,29,38,32,42,35,29,19,23
ENSG00000188647,PTAR1,141.2,65.2,76,1.17,0.2,9.7e-02,1.0e+00,0.359,890,62,76,60,63,76,75,80,73
ENSG00000137942,FNBP1L,47.2,19.2,28,1.469,0.6,9.7e-02,1.0e+00,0.3591,891,18,25,12,22,18,33,21,40
ENSG00000092964,DPYSL2,317.2,174.2,143,0.821,-0.3,9.7e-02,1.0e+00,0.3591,891,176,190,186,145,105,157,155,155
ENSG00000133110,POSTN,340.2,237.5,102.8,0.432,-1.2,9.7e-02,1.0e+00,0.3591,891,70,467,157,256,23,204,45,139
ENSG00000136111,TBC1D4,54.2,23,31.2,1.363,0.4,9.7e-02,1.0e+00,0.3591,892,22,14,26,30,22,35,34,34
ENSG00000136146,MED4,51.5,22,29.5,1.356,0.4,9.8e-02,1.0e+00,0.3593,892,20,25,20,23,23,38,20,37
ENSG00000117280,RAB29,100.2,44.8,55.5,1.235,0.3,9.8e-02,1.0e+00,0.3594,893,40,43,45,51,42,59,67,54
ENSG00000122420,PTGFR,155.8,91.8,64,0.702,-0.5,9.8e-02,1.0e+00,0.3594,893,88,79,133,67,63,41,98,54
ENSG00000115504,EHBP1,414.5,230.2,184.2,0.8,-0.3,9.8e-02,1.0e+00,0.3594,894,214,304,226,177,200,212,154,171
ENSG00000104866,PPP1R37,47.5,27.2,20.2,0.759,-0.4,9.8e-02,1.0e+00,0.3594,894,29,20,26,34,23,17,19,22
ENSG00000188612,SUMO2,226.8,123.5,103.2,0.836,-0.3,9.8e-02,1.0e+00,0.3594,895,138,109,107,140,104,120,95,94
ENSG00000067208,EVI5,63.2,27.2,36,1.323,0.4,9.8e-02,1.0e+00,0.3598,896,31,28,31,19,44,38,36,26
ENSG00000159346,ADIPOR1,137.8,62.2,75.5,1.213,0.3,9.8e-02,1.0e+00,0.3598,896,50,78,57,64,70,82,73,77
ENSG00000163637,PRICKLE2,58.8,25.2,33.5,1.319,0.4,9.8e-02,1.0e+00,0.3598,897,26,25,29,21,30,26,47,31
ENSG00000116266,STXBP3,72,32.2,39.8,1.247,0.3,9.8e-02,1.0e+00,0.3601,898,37,37,27,28,46,41,36,36
ENSG00000173171,MTX1,106.2,57.5,48.8,0.845,-0.2,9.8e-02,1.0e+00,0.3604,899,58,54,64,54,50,48,43,54
ENSG00000115275,MOGS,69,31.2,37.8,1.214,0.3,9.8e-02,1.0e+00,0.3604,899,38,31,27,29,38,37,37,39
ENSG00000100575,TIMM9,24,14.8,9.2,0.643,-0.6,9.8e-02,1.0e+00,0.3604,900,13,14,19,13,5,9,16,7
ENSG00000139154,AEBP2,55.5,31,24.5,0.798,-0.3,9.8e-02,1.0e+00,0.3605,900,30,31,26,37,24,25,21,28
ENSG00000166579,NDEL1,123.8,56.8,67,1.18,0.2,9.8e-02,1.0e+00,0.3605,900,56,54,64,53,66,58,70,74
ENSG00000181704,YIPF6,83.5,37.2,46.2,1.228,0.3,9.9e-02,1.0e+00,0.3612,903,38,39,28,44,45,47,51,42
ENSG00000196547,MAN2A2,90.8,51,39.8,0.779,-0.4,9.9e-02,1.0e+00,0.3618,904,51,53,41,59,34,55,38,32
ENSG00000138496,PARP9,80.8,47.2,33.5,0.707,-0.5,9.9e-02,1.0e+00,0.362,905,68,47,31,43,47,36,23,28
ENSG00000105447,GRWD1,33.5,14,19.5,1.398,0.5,9.9e-02,1.0e+00,0.362,906,10,14,18,14,18,13,22,25
ENSG00000111652,COPS7A,160.5,87,73.5,0.844,-0.2,9.9e-02,1.0e+00,0.362,906,81,101,83,83,83,72,62,77
ENSG00000198663,C6orf89,392,209.2,182.8,0.874,-0.2,9.9e-02,1.0e+00,0.362,906,189,216,228,204,187,176,191,177
ENSG00000110711,AIP,58.2,25.5,32.8,1.295,0.4,9.9e-02,1.0e+00,0.362,907,26,34,20,22,37,34,27,33
ENSG00000121310,ECHDC2,79.2,45.5,33.8,0.748,-0.4,9.9e-02,1.0e+00,0.362,907,29,66,41,46,33,35,35,32
ENSG00000139718,SETD1B,73.5,40,33.5,0.839,-0.3,9.9e-02,1.0e+00,0.3625,909,44,37,38,41,32,35,32,35
ENSG00000136261,BZW2,33.5,19.2,14.2,0.746,-0.4,9.9e-02,1.0e+00,0.3625,909,17,17,26,17,18,12,15,12
ENSG00000114446,IFT57,70.2,40.5,29.8,0.73,-0.5,9.9e-02,1.0e+00,0.3625,910,27,48,35,52,29,22,40,28
ENSG00000119723,COQ6,24.8,14.8,10,0.683,-0.5,1.0e-01,1.0e+00,0.3625,910,22,14,11,12,11,7,10,12
ENSG00000234851,RPL23AP42,268.5,151.8,116.8,0.769,-0.4,1.0e-01,1.0e+00,0.3625,910,114,180,184,129,88,100,149,130
ENSG00000080815,PSEN1,152.5,68.8,83.8,1.225,0.3,1.0e-01,1.0e+00,0.3628,911,56,70,79,70,64,97,86,88
ENSG00000167566,NCKAP5L,67.2,37.8,29.5,0.788,-0.3,1.0e-01,1.0e+00,0.363,912,38,34,43,36,30,30,37,21
ENSG00000165997,ARL5B,31,17.8,13.2,0.738,-0.4,1.0e-01,1.0e+00,0.363,913,13,15,20,23,14,16,12,11
ENSG00000120832,MTERF2,32.5,13.5,19,1.422,0.5,1.0e-01,1.0e+00,0.363,913,17,16,11,10,24,14,15,23
ENSG00000138279,ANXA7,198,108.8,89.2,0.82,-0.3,1.0e-01,1.0e+00,0.363,913,112,121,102,100,73,114,76,94
ENSG00000103591,AAGAB,65.8,38,27.8,0.74,-0.4,1.0e-01,1.0e+00,0.3636,915,29,33,51,39,36,32,22,21
ENSG00000023041,ZDHHC6,66.8,29.8,37,1.249,0.3,1.0e-01,1.0e+00,0.3638,916,36,28,27,28,43,36,29,40
ENSG00000115561,CHMP3,253.5,139,114.5,0.825,-0.3,1.0e-01,1.0e+00,0.3638,916,168,144,109,135,133,117,102,106
ENSG00000154978,VOPP1,184.8,82,102.8,1.251,0.3,1.0e-01,1.0e+00,0.3639,917,91,68,70,99,85,100,95,131
ENSG00000005020,SKAP2,69,29.5,39.5,1.344,0.4,1.0e-01,1.0e+00,0.3639,917,39,29,18,32,48,39,32,39
ENSG00000197841,ZNF181,18.5,11.5,7,0.625,-0.7,1.0e-01,1.0e+00,0.3639,918,8,14,10,14,5,11,4,8
ENSG00000161091,MFSD12,69.8,28,41.8,1.491,0.6,1.0e-01,1.0e+00,0.3639,918,36,30,30,16,61,22,41,43
ENSG00000168758,SEMA4C,60.5,26,34.5,1.342,0.4,1.0e-01,1.0e+00,0.3639,919,33,28,26,17,40,36,24,38
ENSG00000104904,OAZ1,874.2,406.2,468,1.153,0.2,1.0e-01,1.0e+00,0.3641,919,410,423,393,399,459,433,541,439
ENSG00000160310,PRMT2,181.2,100.5,80.8,0.803,-0.3,1.0e-01,1.0e+00,0.3641,920,111,125,95,71,86,87,71,79
ENSG00000170855,TRIAP1,27,16,11,0.693,-0.5,1.0e-01,1.0e+00,0.3641,920,19,13,14,18,15,14,8,7
ENSG00000152217,SETBP1,106.5,59.2,47.2,0.797,-0.3,1.0e-01,1.0e+00,0.3642,921,56,70,43,68,41,47,45,56
ENSG00000169692,AGPAT2,34.8,10.5,24.2,2.383,1.3,1.0e-01,1.0e+00,0.3642,921,13,24,5,0,34,32,25,6
ENSG00000108100,CCNY,165.2,75.8,89.5,1.178,0.2,1.0e-01,1.0e+00,0.3647,923,77,69,84,73,86,105,80,87
ENSG00000104852,SNRNP70,342.8,157.5,185.2,1.175,0.2,1.0e-01,1.0e+00,0.3649,924,155,167,162,146,186,148,202,205
ENSG00000135503,ACVR1B,62.8,27.5,35.2,1.277,0.4,1.0e-01,1.0e+00,0.3649,924,25,23,31,31,31,31,46,33
ENSG00000166439,RNF169,71.5,39.8,31.8,0.8,-0.3,1.0e-01,1.0e+00,0.365,924,45,32,36,46,32,26,34,35
ENSG00000221963,APOL6,96.2,56.5,39.8,0.705,-0.5,1.0e-01,1.0e+00,0.365,925,62,74,47,43,43,55,20,41
ENSG00000126777,KTN1,616.5,269.5,347,1.288,0.4,1.0e-01,1.0e+00,0.3652,926,211,308,302,257,228,426,336,398
ENSG00000164031,DNAJB14,93.5,41.2,52.2,1.266,0.3,1.0e-01,1.0e+00,0.3657,927,36,44,43,42,42,66,60,41
ENSG00000100023,PPIL2,84,47.2,36.8,0.779,-0.4,1.0e-01,1.0e+00,0.3657,928,45,53,34,57,34,31,35,47
ENSG00000181722,ZBTB20,86.8,49.5,37.2,0.748,-0.4,1.0e-01,1.0e+00,0.3657,928,61,50,40,47,51,23,40,35
ENSG00000168434,COG7,24,14.5,9.5,0.66,-0.6,1.0e-01,1.0e+00,0.3657,928,13,13,11,21,11,14,6,7
ENSG00000152661,GJA1,217,120.5,96.5,0.802,-0.3,1.0e-01,1.0e+00,0.3657,929,107,143,125,107,71,117,111,87
ENSG00000182636,NDN,129,73.8,55.2,0.752,-0.4,1.0e-01,1.0e+00,0.3657,929,94,69,64,68,78,37,46,60
ENSG00000130150,MOSPD2,66.5,26.2,40.2,1.536,0.6,1.0e-01,1.0e+00,0.3657,930,12,45,29,19,30,39,47,45
ENSG00000105419,MEIS3,89,39,50,1.285,0.4,1.0e-01,1.0e+00,0.3657,930,34,42,48,32,45,42,67,46
ENSG00000177125,ZBTB34,35.5,14.8,20.8,1.417,0.5,1.0e-01,1.0e+00,0.3657,930,13,12,14,20,16,29,23,15
ENSG00000198382,UVRAG,37.8,21.8,16,0.752,-0.4,1.0e-01,1.0e+00,0.3661,932,23,23,22,19,18,17,10,19
ENSG00000143321,HDGF,269.2,148.5,120.8,0.811,-0.3,1.0e-01,1.0e+00,0.3662,932,169,149,136,140,127,116,153,87
ENSG00000108592,FTSJ3,113.2,49.5,63.8,1.291,0.4,1.0e-01,1.0e+00,0.3663,933,44,68,45,41,76,64,47,68
ENSG00000118503,TNFAIP3,30.8,12.2,18.5,1.492,0.6,1.0e-01,1.0e+00,0.3663,933,9,17,10,13,17,19,11,27
ENSG00000275851,MLLT6,199.8,108,91.8,0.851,-0.2,1.0e-01,1.0e+00,0.3668,935,110,91,128,103,98,94,89,86
ENSG00000140157,NIPA2,71,31,40,1.286,0.4,1.0e-01,1.0e+00,0.3669,936,29,35,27,33,41,43,49,27
ENSG00000119185,ITGB1BP1,160.8,70.8,90,1.267,0.3,1.0e-01,1.0e+00,0.367,936,92,47,70,74,103,82,92,83
ENSG00000120820,GLT8D2,74.8,42.2,32.5,0.776,-0.4,1.0e-01,1.0e+00,0.3677,938,35,41,50,43,22,35,32,41
ENSG00000176105,YES1,107.2,59.5,47.8,0.803,-0.3,1.0e-01,1.0e+00,0.3677,939,64,52,63,59,34,45,59,53
ENSG00000101974,ATP11C,109,48.2,60.8,1.254,0.3,1.0e-01,1.0e+00,0.3677,939,41,64,42,46,53,56,59,75
ENSG00000103326,CAPN15,48.8,21.8,27,1.251,0.3,1.0e-01,1.0e+00,0.3677,940,23,23,19,22,32,24,27,25
ENSG00000184470,TXNRD2,29.8,12.8,17,1.335,0.4,1.0e-01,1.0e+00,0.3681,941,10,14,14,13,18,17,20,13
ENSG00000066322,ELOVL1,94,41.8,52.2,1.247,0.3,1.0e-01,1.0e+00,0.3681,941,54,35,35,43,44,56,51,58
ENSG00000100554,ATP6V1D,85.8,38.8,47,1.202,0.3,1.0e-01,1.0e+00,0.3686,943,42,34,41,38,52,50,46,40
ENSG00000203880,PCMTD2,62.2,26.8,35.5,1.331,0.4,1.0e-01,1.0e+00,0.3691,944,19,27,27,34,33,26,47,36
ENSG00000127884,ECHS1,91.8,50.2,41.5,0.822,-0.3,1.0e-01,1.0e+00,0.3693,945,58,40,51,52,37,48,42,39
ENSG00000087470,DNM1L,93.8,41.2,52.5,1.262,0.3,1.0e-01,1.0e+00,0.3696,946,40,53,31,41,49,59,59,43
ENSG00000171421,MRPL36,21.5,8,13.5,1.705,0.8,1.0e-01,1.0e+00,0.3696,947,5,9,8,10,16,4,20,14
ENSG00000164024,METAP1,55,31,24,0.776,-0.4,1.0e-01,1.0e+00,0.3696,947,28,37,31,28,18,22,31,25
ENSG00000131876,SNRPA1,21,8.2,12.8,1.566,0.6,1.0e-01,1.0e+00,0.3697,948,10,13,4,6,14,14,9,14
ENSG00000108395,TRIM37,62,34.8,27.2,0.795,-0.3,1.0e-01,1.0e+00,0.3697,948,33,28,41,37,33,27,26,23
ENSG00000135766,EGLN1,130.8,58.8,72,1.231,0.3,1.0e-01,1.0e+00,0.37,949,61,49,53,72,70,66,90,62
ENSG00000112659,CUL9,60.5,35,25.5,0.73,-0.5,1.0e-01,1.0e+00,0.3701,950,31,31,44,34,34,22,15,31
ENSG00000126218,F10,26.5,10,16.5,1.65,0.7,1.0e-01,1.0e+00,0.3702,951,7,16,8,9,7,20,16,23
ENSG00000100105,PATZ1,36,21,15,0.74,-0.4,1.0e-01,1.0e+00,0.3702,951,21,23,18,22,22,11,14,13
ENSG00000132361,CLUH,79,34,45,1.322,0.4,1.0e-01,1.0e+00,0.3702,952,32,30,36,38,50,28,42,60
ENSG00000152700,SAR1B,86.5,37.5,49,1.304,0.4,1.0e-01,1.0e+00,0.3703,952,25,37,44,44,36,52,58,50
ENSG00000182916,TCEAL7,36.5,20.5,16,0.784,-0.4,1.0e-01,1.0e+00,0.3703,952,17,23,21,21,17,16,18,13
ENSG00000164346,NSA2,143,78.8,64.2,0.815,-0.3,1.0e-01,1.0e+00,0.3704,953,64,86,74,91,59,77,52,69
ENSG00000288243,STING1,112.2,49.5,62.8,1.262,0.3,1.0e-01,1.0e+00,0.3708,954,49,51,43,55,43,80,67,61
ENSG00000142279,WTIP,53.2,21.5,31.8,1.482,0.6,1.0e-01,1.0e+00,0.371,955,22,29,12,23,17,34,35,41
ENSG00000223547,ZNF844,21.2,13,8.2,0.638,-0.6,1.0e-01,1.0e+00,0.3712,956,16,17,11,8,9,9,4,11
ENSG00000170955,CAVIN3,83.8,36,47.8,1.334,0.4,1.0e-01,1.0e+00,0.3713,957,45,41,21,37,55,50,37,49
ENSG00000149716,LTO1,31.5,13.2,18.2,1.358,0.4,1.0e-01,1.0e+00,0.3713,957,15,15,14,9,15,20,22,16
ENSG00000215252,GOLGA8B,121.8,71.5,50.2,0.705,-0.5,1.0e-01,1.0e+00,0.3722,960,77,58,88,63,66,23,63,49
ENSG00000086544,ITPKC,83,33.5,49.5,1.491,0.6,1.1e-01,1.0e+00,0.3724,961,31,29,47,27,68,39,24,67
ENSG00000144306,SCRN3,46,27.2,18.8,0.682,-0.6,1.1e-01,1.0e+00,0.3724,961,27,20,33,29,8,21,21,25
ENSG00000198952,SMG5,200.5,91.8,108.8,1.182,0.2,1.1e-01,1.0e+00,0.3724,961,100,76,98,93,125,111,104,95
ENSG00000111581,NUP107,39,16.8,22.2,1.333,0.4,1.1e-01,1.0e+00,0.3724,962,16,13,22,16,21,18,29,21
ENSG00000166479,TMX3,163.8,87.5,76.2,0.867,-0.2,1.1e-01,1.0e+00,0.3724,962,88,88,81,93,81,82,73,69
ENSG00000141232,TOB1,75,32.8,42.2,1.297,0.4,1.1e-01,1.0e+00,0.3724,963,29,33,29,40,41,39,31,58
ENSG00000146433,TMEM181,132,61,71,1.169,0.2,1.1e-01,1.0e+00,0.3724,963,53,63,59,69,65,71,73,75
ENSG00000126088,UROD,102,56,46,0.819,-0.3,1.1e-01,1.0e+00,0.3724,963,56,54,53,61,35,57,44,48
ENSG00000276293,PIP4K2B,169.8,93,76.8,0.825,-0.3,1.1e-01,1.0e+00,0.3732,966,96,101,83,92,62,65,88,92
ENSG00000168209,DDIT4,162,62.5,99.5,1.599,0.7,1.1e-01,1.0e+00,0.3734,967,87,60,45,58,183,60,50,105
ENSG00000105137,SYDE1,112,51,61,1.195,0.3,1.1e-01,1.0e+00,0.3734,967,44,51,51,58,69,56,66,53
ENSG00000108639,SYNGR2,31.2,11.8,19.5,1.617,0.7,1.1e-01,1.0e+00,0.3743,970,13,9,13,12,6,24,21,27
ENSG00000205765,RIMOC1,102.8,46.8,56,1.195,0.3,1.1e-01,1.0e+00,0.3746,971,41,49,53,44,65,51,53,55
ENSG00000135404,CD63,1953.2,1053.2,900,0.855,-0.2,1.1e-01,1.0e+00,0.3746,971,998,985,1187,1043,860,892,1048,800
ENSG00000028528,SNX1,297.8,161,136.8,0.85,-0.2,1.1e-01,1.0e+00,0.3746,972,150,156,161,177,131,116,166,134
ENSG00000021574,SPAST,46.8,20.5,26.2,1.293,0.4,1.1e-01,1.0e+00,0.3746,972,18,20,21,23,24,33,19,29
ENSG00000185651,UBE2L3,137,62.8,74.2,1.193,0.3,1.1e-01,1.0e+00,0.3747,973,63,59,73,56,80,68,85,64
ENSG00000089693,MLF2,202.2,112,90.2,0.808,-0.3,1.1e-01,1.0e+00,0.3754,975,112,111,133,92,114,72,98,77
ENSG00000166436,TRIM66,24,14.5,9.5,0.671,-0.6,1.1e-01,1.0e+00,0.3755,976,11,18,16,13,5,13,11,9
ENSG00000241506,PSMC1P1,25.2,19.2,6,0.33,-1.6,1.1e-01,1.0e+00,0.3755,976,29,11,22,15,24,0,0,0
ENSG00000124212,PTGIS,888.5,557.8,330.8,0.593,-0.8,1.1e-01,1.0e+00,0.3755,976,487,779,217,748,320,461,134,408
ENSG00000170027,YWHAG,260.5,121.2,139.2,1.149,0.2,1.1e-01,1.0e+00,0.3757,977,126,108,125,126,149,124,143,141
ENSG00000115421,PAPOLG,25.2,10.8,14.5,1.372,0.5,1.1e-01,1.0e+00,0.3757,978,10,10,11,12,12,12,14,20
ENSG00000115252,PDE1A,31,11.5,19.5,1.68,0.7,1.1e-01,1.0e+00,0.3758,978,5,12,10,19,9,25,17,27
ENSG00000109189,USP46,47.8,20.5,27.2,1.344,0.4,1.1e-01,1.0e+00,0.3758,979,28,21,21,12,24,29,29,27
ENSG00000136152,COG3,49,27.2,21.8,0.808,-0.3,1.1e-01,1.0e+00,0.376,979,30,27,29,23,22,24,22,19
ENSG00000087303,NID2,625.5,261.2,364.2,1.394,0.5,1.1e-01,1.0e+00,0.376,980,197,345,307,196,219,456,470,312
ENSG00000134109,EDEM1,107.8,45.2,62.5,1.375,0.5,1.1e-01,1.0e+00,0.376,980,41,44,47,49,32,56,83,79
ENSG00000105810,CDK6,122.8,71.5,51.2,0.718,-0.5,1.1e-01,1.0e+00,0.3762,981,44,76,101,65,46,43,75,41
ENSG00000011105,TSPAN9,298.8,133.8,165,1.234,0.3,1.1e-01,1.0e+00,0.3762,982,154,118,107,156,141,143,172,204
ENSG00000104907,TRMT1,31.8,13.2,18.5,1.438,0.5,1.1e-01,1.0e+00,0.3767,983,13,7,17,16,25,13,18,18
ENSG00000088970,KIZ,55.5,31.2,24.2,0.777,-0.4,1.1e-01,1.0e+00,0.3769,984,21,32,39,33,25,23,23,26
ENSG00000180008,SOCS4,57,24,33,1.379,0.5,1.1e-01,1.0e+00,0.3771,985,29,14,18,35,31,30,35,36
ENSG00000165661,QSOX2,35,14.5,20.5,1.42,0.5,1.1e-01,1.0e+00,0.3773,986,8,13,18,19,17,20,26,19
ENSG00000022840,RNF10,230.2,107,123.2,1.149,0.2,1.1e-01,1.0e+00,0.3778,988,121,104,106,97,114,128,126,125
ENSG00000112139,MDGA1,78.5,44.8,33.8,0.759,-0.4,1.1e-01,1.0e+00,0.378,988,46,62,35,36,30,43,27,35
ENSG00000122490,SLC66A2,65.2,27.8,37.5,1.366,0.4,1.1e-01,1.0e+00,0.378,989,25,33,15,38,35,40,33,42
ENSG00000065548,ZC3H15,81.5,45.2,36.2,0.799,-0.3,1.1e-01,1.0e+00,0.378,989,44,38,57,42,31,31,44,39
ENSG00000119471,HSDL2,148.8,66.8,82,1.229,0.3,1.1e-01,1.0e+00,0.3781,990,58,62,73,74,78,97,61,92
ENSG00000169682,SPNS1,83,45.5,37.5,0.826,-0.3,1.1e-01,1.0e+00,0.3781,990,47,54,41,40,37,34,36,43
ENSG00000198408,OGA,264,119.8,144.2,1.202,0.3,1.1e-01,1.0e+00,0.3781,991,126,129,122,102,118,179,149,131
ENSG00000137727,ARHGAP20,95.2,53,42.2,0.803,-0.3,1.1e-01,1.0e+00,0.3782,991,46,59,62,45,47,36,35,51
ENSG00000166037,CEP57,61,34.8,26.2,0.762,-0.4,1.1e-01,1.0e+00,0.379,994,39,23,39,38,29,25,31,20
ENSG00000198832,SELENOM,168.5,78.2,90.2,1.153,0.2,1.1e-01,1.0e+00,0.379,994,78,79,72,84,81,91,97,92
ENSG00000071889,FAM3A,57.8,25.5,32.2,1.276,0.4,1.1e-01,1.0e+00,0.379,995,20,35,22,25,30,33,34,32
ENSG00000077549,CAPZB,448,209.8,238.2,1.134,0.2,1.1e-01,1.0e+00,0.3791,995,221,204,197,217,235,254,228,236
ENSG00000167258,CDK12,100.5,54.8,45.8,0.829,-0.3,1.1e-01,1.0e+00,0.3796,997,68,48,50,53,47,50,41,45
ENSG00000115170,ACVR1,133.8,72.5,61.2,0.848,-0.2,1.1e-01,1.0e+00,0.3798,998,77,82,63,68,61,66,64,54
ENSG00000143499,SMYD2,31.2,13.2,18,1.339,0.4,1.1e-01,1.0e+00,0.3799,998,14,10,13,16,18,17,23,14
ENSG00000111696,NT5DC3,30.5,10.8,19.8,1.847,0.9,1.1e-01,1.0e+00,0.3799,999,11,14,7,11,10,41,8,20
ENSG00000092201,SUPT16H,224.2,119.2,105,0.88,-0.2,1.1e-01,1.0e+00,0.3801,1000,126,123,114,114,107,107,98,108
ENSG00000177383,MAGEF1,37.5,21.5,16,0.763,-0.4,1.1e-01,1.0e+00,0.3801,1000,24,17,18,27,18,13,16,17
ENSG00000168538,TRAPPC11,96.2,42.8,53.5,1.243,0.3,1.1e-01,1.0e+00,0.3801,1000,38,45,37,51,49,58,42,65
ENSG00000126756,UXT,55.2,24,31.2,1.324,0.4,1.1e-01,1.0e+00,0.3805,1002,30,21,20,25,43,28,31,23
ENSG00000144827,ABHD10,30,17.8,12.2,0.705,-0.5,1.1e-01,1.0e+00,0.3805,1002,13,18,24,16,15,7,13,14
ENSG00000160113,NR2F6,33.8,13.8,20,1.438,0.5,1.1e-01,1.0e+00,0.3805,1003,16,16,10,13,11,24,25,20
ENSG00000100796,PPP4R3A,90.8,49.8,41,0.825,-0.3,1.1e-01,1.0e+00,0.381,1004,51,55,47,46,52,36,37,39
ENSG00000180694,TMEM64,66.8,27,39.8,1.474,0.6,1.1e-01,1.0e+00,0.381,1005,31,24,33,20,61,48,23,27
ENSG00000126062,TMEM115,105.5,47.8,57.8,1.204,0.3,1.1e-01,1.0e+00,0.381,1005,50,56,40,45,54,57,53,67
ENSG00000253710,ALG11,86,38.5,47.5,1.229,0.3,1.1e-01,1.0e+00,0.381,1005,45,40,41,28,49,44,52,45
ENSG00000169499,PLEKHA2,83,36.2,46.8,1.302,0.4,1.1e-01,1.0e+00,0.381,1006,35,35,38,37,61,38,31,57
ENSG00000176542,USF3,72.2,40.8,31.5,0.777,-0.4,1.1e-01,1.0e+00,0.381,1006,33,46,54,30,31,32,33,30
ENSG00000188976,NOC2L,90.8,50,40.8,0.814,-0.3,1.1e-01,1.0e+00,0.381,1007,42,60,46,52,48,39,43,33
ENSG00000198830,HMGN2,56,31.8,24.2,0.771,-0.4,1.1e-01,1.0e+00,0.381,1007,26,39,34,28,29,18,27,23
ENSG00000145715,RASA1,122.5,66.2,56.2,0.85,-0.2,1.1e-01,1.0e+00,0.381,1007,70,59,71,65,50,53,64,58
ENSG00000112679,DUSP22,52,22,30,1.364,0.4,1.1e-01,1.0e+00,0.381,1008,25,13,25,25,32,26,22,40
ENSG00000188157,AGRN,177.8,100.5,77.2,0.767,-0.4,1.1e-01,1.0e+00,0.381,1008,126,98,100,78,85,49,100,75
ENSG00000157741,UBN2,55,30.8,24.2,0.79,-0.3,1.1e-01,1.0e+00,0.381,1009,33,35,27,28,18,26,27,26
ENSG00000020256,ZFP64,25.2,14.5,10.8,0.747,-0.4,1.1e-01,1.0e+00,0.3814,1010,15,11,19,13,11,11,10,11
ENSG00000178449,COX14,28.2,12,16.2,1.349,0.4,1.1e-01,1.0e+00,0.3824,1013,14,11,10,13,19,20,13,13
ENSG00000106123,EPHB6,57.8,19,38.8,2.057,1,1.1e-01,1.0e+00,0.3827,1014,31,28,17,0,51,38,18,48
ENSG00000072201,LNX1,17.2,6.2,11,1.783,0.8,1.1e-01,1.0e+00,0.3828,1015,9,4,11,1,10,13,13,8
ENSG00000110075,PPP6R3,113.5,62.2,51.2,0.825,-0.3,1.1e-01,1.0e+00,0.3829,1015,75,65,60,49,54,44,56,51
ENSG00000237403,PPP1R11,37,29.5,7.5,0.26,-1.9,1.1e-01,1.0e+00,0.3834,1017,38,37,0,43,0,0,30,0
ENSG00000072110,ACTN1,1075.2,477.2,598,1.254,0.3,1.1e-01,1.0e+00,0.3841,1019,430,481,493,505,490,512,867,523
ENSG00000176809,LRRC37A3,21,12.8,8.2,0.663,-0.6,1.1e-01,1.0e+00,0.3841,1020,13,15,11,12,5,6,14,8
ENSG00000225989,ABCF1,79.5,53,26.5,0.503,-1,1.1e-01,1.0e+00,0.3843,1021,56,43,50,63,23,47,36,0
ENSG00000172469,MANEA,43.2,17.5,25.8,1.453,0.5,1.1e-01,1.0e+00,0.3843,1021,18,10,15,27,16,29,29,29
ENSG00000144036,EXOC6B,124.2,67.8,56.5,0.836,-0.3,1.1e-01,1.0e+00,0.3843,1021,71,80,53,67,61,57,53,55
ENSG00000124459,ZNF45,21.2,12.8,8.5,0.668,-0.6,1.1e-01,1.0e+00,0.3843,1022,13,16,9,13,12,6,11,5
ENSG00000033030,ZCCHC8,29.8,18.5,11.2,0.615,-0.7,1.1e-01,1.0e+00,0.3843,1022,21,14,20,19,13,2,13,17
ENSG00000159899,NPR2,136.5,60.8,75.8,1.242,0.3,1.1e-01,1.0e+00,0.3849,1024,49,62,58,74,83,85,55,80
ENSG00000010803,SCMH1,66.5,37,29.5,0.801,-0.3,1.1e-01,1.0e+00,0.3849,1025,34,34,34,46,32,35,25,26
ENSG00000185787,MORF4L1,622,286.5,335.5,1.172,0.2,1.1e-01,1.0e+00,0.3852,1026,282,292,256,316,293,395,304,350
ENSG00000081913,PHLPP1,19.8,12.5,7.2,0.595,-0.7,1.1e-01,1.0e+00,0.3852,1026,10,11,8,21,9,6,3,11
ENSG00000136824,SMC2,44.2,25.2,19,0.769,-0.4,1.1e-01,1.0e+00,0.3852,1027,30,25,21,25,22,20,13,21
ENSG00000104870,FCGRT,244.2,113.5,130.8,1.152,0.2,1.1e-01,1.0e+00,0.3852,1027,113,120,114,107,134,112,131,146
ENSG00000134419,RPS15A,701,378.2,322.8,0.854,-0.2,1.1e-01,1.0e+00,0.3854,1028,415,388,363,347,394,300,301,296
ENSG00000085721,RRN3,41.5,12,29.5,2.449,1.3,1.1e-01,1.0e+00,0.3858,1029,24,0,0,24,38,35,28,17
ENSG00000257524,ENSG00000257524,47.5,14,33.5,2.362,1.2,1.1e-01,1.0e+00,0.3858,1030,16,17,14,9,48,25,0,61
ENSG00000047578,KATNIP,68.8,39.2,29.5,0.761,-0.4,1.1e-01,1.0e+00,0.3858,1030,49,33,45,30,24,35,36,23
ENSG00000197694,SPTAN1,951.2,441.8,509.5,1.153,0.2,1.1e-01,1.0e+00,0.3859,1031,425,461,430,451,487,489,462,600
ENSG00000167004,PDIA3,870.8,472.5,398.2,0.843,-0.2,1.1e-01,1.0e+00,0.3859,1031,516,492,437,445,351,421,485,336
ENSG00000169740,ZNF32,31.2,18,13.2,0.742,-0.4,1.1e-01,1.0e+00,0.3859,1032,24,17,15,16,17,13,10,13
ENSG00000228623,ZNF883,25,15,10,0.683,-0.5,1.1e-01,1.0e+00,0.3859,1032,12,11,23,14,9,11,13,7
ENSG00000164112,SMIM43,35.2,11.8,23.5,2.005,1,1.1e-01,1.0e+00,0.386,1033,4,10,24,9,18,11,51,14
ENSG00000149177,PTPRJ,36,15,21,1.388,0.5,1.1e-01,1.0e+00,0.386,1033,14,12,13,21,14,25,26,19
ENSG00000205730,ITPRIPL2,194,86.8,107.2,1.24,0.3,1.1e-01,1.0e+00,0.386,1033,109,68,80,90,136,99,104,90
ENSG00000130244,FAM98C,20.8,12.5,8.2,0.664,-0.6,1.1e-01,1.0e+00,0.386,1034,15,6,17,12,11,7,8,7
ENSG00000135597,REPS1,32,18.2,13.8,0.759,-0.4,1.1e-01,1.0e+00,0.3862,1035,15,18,18,22,13,13,18,11
ENSG00000155621,C9orf85,21.8,13.5,8.2,0.627,-0.7,1.1e-01,1.0e+00,0.3862,1035,11,10,20,13,7,5,6,15
ENSG00000085511,MAP3K4,72,42.2,29.8,0.705,-0.5,1.1e-01,1.0e+00,0.3865,1036,50,35,52,32,35,17,44,23
ENSG00000103540,CCP110,26.5,15.5,11,0.713,-0.5,1.1e-01,1.0e+00,0.3866,1037,15,18,16,13,15,6,13,10
ENSG00000166477,LEO1,31.5,18.2,13.2,0.738,-0.4,1.1e-01,1.0e+00,0.387,1038,13,21,22,17,10,16,13,14
ENSG00000124608,AARS2,34.2,20.8,13.5,0.669,-0.6,1.1e-01,1.0e+00,0.387,1039,26,17,20,20,21,5,14,14
ENSG00000143771,CNIH4,85.2,38.5,46.8,1.21,0.3,1.1e-01,1.0e+00,0.3871,1039,38,41,32,43,43,52,40,52
ENSG00000163322,ABRAXAS1,38.2,22.5,15.8,0.713,-0.5,1.1e-01,1.0e+00,0.3872,1040,15,32,27,16,18,18,14,13
ENSG00000166839,ANKDD1A,43,25,18,0.718,-0.5,1.1e-01,1.0e+00,0.3875,1041,14,27,31,28,16,25,16,15
ENSG00000254986,DPP3,61.8,27.2,34.5,1.277,0.4,1.1e-01,1.0e+00,0.3885,1044,26,28,24,31,46,36,28,28
ENSG00000172037,LAMB2,1022.5,564.8,457.8,0.81,-0.3,1.1e-01,1.0e+00,0.3885,1045,505,649,589,516,309,513,502,507
ENSG00000140474,ULK3,31.5,18.2,13.2,0.745,-0.4,1.1e-01,1.0e+00,0.3885,1045,21,16,17,19,18,9,12,14
ENSG00000060762,MPC1,17.5,5.2,12.2,2.307,1.2,1.1e-01,1.0e+00,0.3889,1047,9,0,0,12,11,17,10,11
ENSG00000043514,TRIT1,20.5,12.2,8.2,0.69,-0.5,1.1e-01,1.0e+00,0.3891,1047,12,11,15,11,9,4,9,11
ENSG00000177963,RIC8A,162.2,86.8,75.5,0.867,-0.2,1.1e-01,1.0e+00,0.3893,1048,98,90,81,78,78,75,71,78
ENSG00000081870,IFT25,25,10.8,14.2,1.347,0.4,1.1e-01,1.0e+00,0.3893,1049,13,9,9,12,18,11,13,15
ENSG00000109171,SLAIN2,85.5,38.5,47,1.214,0.3,1.1e-01,1.0e+00,0.3894,1049,42,40,35,37,56,50,44,38
ENSG00000143850,PLEKHA6,58.5,37.8,20.8,0.55,-0.9,1.1e-01,1.0e+00,0.3894,1050,15,46,58,32,15,14,45,9
ENSG00000087077,TRIP6,147,82,65,0.793,-0.3,1.1e-01,1.0e+00,0.3896,1051,94,64,66,104,76,52,67,65
ENSG00000242802,AP5Z1,82,36.8,45.2,1.225,0.3,1.2e-01,1.0e+00,0.3899,1052,40,43,28,36,39,44,47,51
ENSG00000164010,ERMAP,74.5,42.8,31.8,0.747,-0.4,1.2e-01,1.0e+00,0.3899,1052,37,53,27,54,29,41,26,31
ENSG00000115268,RPS15,408.8,219,189.8,0.868,-0.2,1.2e-01,1.0e+00,0.3899,1053,239,213,227,197,212,176,173,198
ENSG00000079931,MOXD1,478.2,265,213.2,0.804,-0.3,1.2e-01,1.0e+00,0.3902,1054,270,255,203,332,161,251,203,238
ENSG00000106829,TLE4,73.5,41.2,32.2,0.782,-0.4,1.2e-01,1.0e+00,0.3902,1054,44,36,49,36,44,31,29,25
ENSG00000124795,DEK,225.8,104.5,121.2,1.159,0.2,1.2e-01,1.0e+00,0.3902,1055,95,110,116,97,104,129,125,127
ENSG00000106571,GLI3,65.2,36.8,28.5,0.775,-0.4,1.2e-01,1.0e+00,0.3904,1056,38,28,44,37,28,21,28,37
ENSG00000136861,CDK5RAP2,156,85.8,70.2,0.817,-0.3,1.2e-01,1.0e+00,0.3905,1056,81,102,90,70,53,81,72,75
ENSG00000148143,ZNF462,21.5,13.2,8.2,0.64,-0.6,1.2e-01,1.0e+00,0.3906,1057,13,7,18,15,6,5,13,9
ENSG00000113387,SUB1,179,97.2,81.8,0.836,-0.3,1.2e-01,1.0e+00,0.3906,1057,118,80,105,86,85,88,82,72
ENSG00000068971,PPP2R5B,37.8,16.5,21.2,1.292,0.4,1.2e-01,1.0e+00,0.3907,1058,20,13,17,16,26,18,20,21
ENSG00000167220,HDHD2,30.5,13.5,17,1.258,0.3,1.2e-01,1.0e+00,0.391,1059,13,12,15,14,18,17,17,16
ENSG00000078674,PCM1,236,125.5,110.5,0.881,-0.2,1.2e-01,1.0e+00,0.3914,1061,126,131,115,130,113,113,102,114
ENSG00000013573,DDX11,20,12.2,7.8,0.647,-0.6,1.2e-01,1.0e+00,0.3914,1061,13,14,11,11,13,3,6,9
ENSG00000033327,GAB2,108.8,48.2,60.5,1.244,0.3,1.2e-01,1.0e+00,0.3914,1062,49,47,39,58,55,48,61,78
ENSG00000163214,DHX57,48.8,27.2,21.5,0.789,-0.3,1.2e-01,1.0e+00,0.3914,1062,27,30,31,21,19,19,22,26
ENSG00000048471,SNX29,176.2,74,102.2,1.38,0.5,1.2e-01,1.0e+00,0.3914,1062,71,67,59,99,71,129,67,142
ENSG00000185499,MUC1,36.8,14.8,22,1.494,0.6,1.2e-01,1.0e+00,0.3917,1063,21,18,7,13,20,31,15,22
ENSG00000155097,ATP6V1C1,136,62.5,73.5,1.172,0.2,1.2e-01,1.0e+00,0.3917,1064,59,56,60,75,78,68,76,72
ENSG00000127870,RNF6,63.5,27.8,35.8,1.283,0.4,1.2e-01,1.0e+00,0.392,1065,24,26,37,24,33,33,46,31
ENSG00000112118,MCM3,43.2,25.2,18,0.737,-0.4,1.2e-01,1.0e+00,0.392,1066,29,30,16,26,19,13,17,23
ENSG00000166848,TERF2IP,104.2,58.2,46,0.793,-0.3,1.2e-01,1.0e+00,0.3924,1067,57,45,78,53,37,43,55,49
ENSG00000116560,SFPQ,279.2,129.5,149.8,1.159,0.2,1.2e-01,1.0e+00,0.3924,1067,135,118,129,136,173,135,158,133
ENSG00000010818,HIVEP2,132.8,73.8,59,0.802,-0.3,1.2e-01,1.0e+00,0.393,1069,77,63,87,68,57,50,80,49
ENSG00000186417,GLDN,74.8,45.2,29.5,0.651,-0.6,1.2e-01,1.0e+00,0.393,1070,45,30,83,23,35,25,30,28
ENSG00000171163,ZNF692,24.8,14.5,10.2,0.711,-0.5,1.2e-01,1.0e+00,0.3935,1071,17,15,13,13,9,6,14,12
ENSG00000138398,PPIG,107.5,58.2,49.2,0.846,-0.2,1.2e-01,1.0e+00,0.394,1073,49,58,60,66,47,56,46,48
ENSG00000181220,ZNF746,40.8,17,23.8,1.374,0.5,1.2e-01,1.0e+00,0.3944,1075,13,15,21,19,17,19,25,34
ENSG00000143013,LMO4,127.8,70,57.8,0.829,-0.3,1.2e-01,1.0e+00,0.3951,1077,72,71,65,72,62,71,44,54
ENSG00000179115,FARSA,44.5,19.5,25,1.302,0.4,1.2e-01,1.0e+00,0.3953,1078,18,22,20,18,30,19,31,20
ENSG00000198722,UNC13B,95,51.8,43.2,0.837,-0.3,1.2e-01,1.0e+00,0.3953,1078,45,60,58,44,45,41,44,43
ENSG00000243279,PRAF2,51.2,29.5,21.8,0.747,-0.4,1.2e-01,1.0e+00,0.3957,1080,21,30,43,24,18,25,22,22
ENSG00000164953,TMEM67,26.5,15.2,11.2,0.743,-0.4,1.2e-01,1.0e+00,0.3957,1080,14,16,18,13,9,14,13,9
ENSG00000164172,MOCS2,78.8,43.2,35.5,0.815,-0.3,1.2e-01,1.0e+00,0.3957,1081,38,49,48,38,38,33,42,29
ENSG00000150093,ITGB1,4383.2,1972.5,2410.8,1.222,0.3,1.2e-01,1.0e+00,0.3957,1081,1592,2180,1919,2199,1805,2804,2397,2637
ENSG00000124574,ABCC10,43.8,25.2,18.5,0.748,-0.4,1.2e-01,1.0e+00,0.3957,1081,32,27,21,21,23,19,12,20
ENSG00000178028,DMAP1,37.8,22,15.8,0.722,-0.5,1.2e-01,1.0e+00,0.3961,1083,18,24,31,15,20,16,15,12
ENSG00000060237,WNK1,441.8,235.5,206.2,0.875,-0.2,1.2e-01,1.0e+00,0.3961,1083,218,223,262,239,201,189,222,213
ENSG00000198843,SELENOT,102.2,46.2,56,1.206,0.3,1.2e-01,1.0e+00,0.3966,1085,42,51,49,43,43,64,59,58
ENSG00000163319,MRPS18C,23,13.8,9.2,0.677,-0.6,1.2e-01,1.0e+00,0.3966,1085,16,14,12,13,12,13,8,4
ENSG00000126214,KLC1,217,96.2,120.8,1.252,0.3,1.2e-01,1.0e+00,0.3966,1086,106,86,64,129,115,124,122,122
ENSG00000103351,CLUAP1,60.8,34.5,26.2,0.759,-0.4,1.2e-01,1.0e+00,0.3966,1086,32,31,35,40,16,25,29,35
ENSG00000155506,LARP1,357.8,162.5,195.2,1.201,0.3,1.2e-01,1.0e+00,0.3966,1087,142,142,216,150,192,176,208,205
ENSG00000175387,SMAD2,144,77.5,66.5,0.862,-0.2,1.2e-01,1.0e+00,0.3966,1087,78,69,78,85,60,74,68,64
ENSG00000148634,HERC4,129,69.8,59.2,0.853,-0.2,1.2e-01,1.0e+00,0.3966,1087,71,68,79,61,60,57,67,53
ENSG00000073578,SDHA,200.5,107.5,93,0.866,-0.2,1.2e-01,1.0e+00,0.3966,1088,110,109,101,110,108,84,96,84
ENSG00000171109,MFN1,81.5,37.5,44,1.173,0.2,1.2e-01,1.0e+00,0.3966,1088,37,37,37,39,49,39,43,45
ENSG00000104341,LAPTM4B,108.8,59.8,49,0.82,-0.3,1.2e-01,1.0e+00,0.3966,1089,61,68,55,55,48,54,58,36
ENSG00000274780,PHRF1,51.2,16,35.2,2.18,1.1,1.2e-01,1.0e+00,0.3974,1091,14,14,16,20,50,40,51,0
ENSG00000121064,SCPEP1,217.8,117,100.8,0.862,-0.2,1.2e-01,1.0e+00,0.3983,1094,110,119,124,115,85,117,96,105
ENSG00000188938,FAM120AOS,69,31,38,1.242,0.3,1.2e-01,1.0e+00,0.3983,1094,29,33,26,36,31,41,34,46
ENSG00000078804,TP53INP2,65,28.5,36.5,1.284,0.4,1.2e-01,1.0e+00,0.3983,1095,24,27,35,28,41,40,24,41
ENSG00000159873,CCDC117,47.8,27.5,20.2,0.735,-0.4,1.2e-01,1.0e+00,0.3985,1096,27,22,26,35,18,24,12,27
ENSG00000152284,TCF7L1,37,21.5,15.5,0.736,-0.4,1.2e-01,1.0e+00,0.3988,1097,19,23,15,29,18,13,12,19
ENSG00000116273,PHF13,58.8,26.2,32.5,1.252,0.3,1.2e-01,1.0e+00,0.3989,1098,30,25,24,26,33,25,31,41
ENSG00000198824,CHAMP1,60.8,26.8,34,1.278,0.4,1.2e-01,1.0e+00,0.3989,1098,31,29,26,21,27,34,45,30
ENSG00000204381,LAYN,171.8,93,78.8,0.844,-0.2,1.2e-01,1.0e+00,0.3989,1099,88,107,86,91,65,86,92,72
ENSG00000155561,NUP205,68,38.2,29.8,0.773,-0.4,1.2e-01,1.0e+00,0.3989,1099,39,34,42,38,19,30,42,28
ENSG00000278053,DDX52,38,15.2,22.8,1.486,0.6,1.2e-01,1.0e+00,0.3989,1099,17,23,14,7,14,25,25,27
ENSG00000206384,COL6A6,113.2,75.8,37.5,0.496,-1,1.2e-01,1.0e+00,0.399,1100,155,40,17,91,48,40,12,50
ENSG00000116478,HDAC1,122.5,56.2,66.2,1.186,0.2,1.2e-01,1.0e+00,0.399,1100,49,66,53,57,57,75,63,70
ENSG00000109103,UNC119,40.8,23.2,17.5,0.759,-0.4,1.2e-01,1.0e+00,0.399,1101,22,21,25,25,12,18,24,16
ENSG00000100084,HIRA,66,27,39,1.458,0.5,1.2e-01,1.0e+00,0.399,1101,10,29,35,34,39,41,30,46
ENSG00000119596,YLPM1,185.8,98.8,87,0.879,-0.2,1.2e-01,1.0e+00,0.399,1102,102,91,106,96,81,90,87,90
ENSG00000136238,RAC1,432.2,202.2,230,1.138,0.2,1.2e-01,1.0e+00,0.399,1102,206,217,208,178,220,247,224,229
ENSG00000142046,TMEM91,22,9.2,12.8,1.398,0.5,1.2e-01,1.0e+00,0.399,1102,11,12,6,8,16,12,11,12
ENSG00000173681,BCLAF3,24.8,10,14.8,1.477,0.6,1.2e-01,1.0e+00,0.399,1103,13,7,15,5,12,16,17,14
ENSG00000010219,DYRK4,21.5,12.5,9,0.737,-0.4,1.2e-01,1.0e+00,0.399,1103,12,11,13,14,11,10,9,6
ENSG00000041982,TNC,319.5,204.2,115.2,0.565,-0.8,1.2e-01,1.0e+00,0.399,1104,122,291,102,302,37,180,82,162
ENSG00000084207,GSTP1,276.5,149.8,126.8,0.847,-0.2,1.2e-01,1.0e+00,0.399,1104,157,179,135,128,142,116,136,113
ENSG00000121989,ACVR2A,21.8,13,8.8,0.676,-0.6,1.2e-01,1.0e+00,0.399,1104,13,17,7,15,8,8,7,12
ENSG00000163683,SMIM14,202,91.2,110.8,1.214,0.3,1.2e-01,1.0e+00,0.399,1105,99,110,88,68,126,117,93,107
ENSG00000064652,SNX24,19.8,7.8,12,1.54,0.6,1.2e-01,1.0e+00,0.399,1105,9,8,11,3,11,17,9,11
ENSG00000132383,RPA1,107,58.2,48.8,0.831,-0.3,1.2e-01,1.0e+00,0.3998,1108,64,43,60,66,52,49,49,45
ENSG00000126461,SCAF1,110.8,50.2,60.5,1.205,0.3,1.2e-01,1.0e+00,0.4,1109,57,49,42,53,61,59,73,49
ENSG00000128989,ARPP19,179.5,82.5,97,1.173,0.2,1.2e-01,1.0e+00,0.4,1109,75,81,80,94,107,81,93,107
ENSG00000135541,AHI1,49.5,28.2,21.2,0.746,-0.4,1.2e-01,1.0e+00,0.4,1110,25,27,32,29,12,22,22,29
ENSG00000120256,LRP11,88.8,50.5,38.2,0.76,-0.4,1.2e-01,1.0e+00,0.4,1110,44,64,46,48,23,50,34,46
ENSG00000128463,EMC4,75.8,42,33.8,0.804,-0.3,1.2e-01,1.0e+00,0.4002,1111,48,43,33,44,38,40,30,27
ENSG00000136243,NUP42,27.5,11.5,16,1.366,0.4,1.2e-01,1.0e+00,0.4002,1111,13,10,12,11,15,20,10,19
ENSG00000163755,HPS3,61.2,34.8,26.5,0.765,-0.4,1.2e-01,1.0e+00,0.4007,1113,35,28,34,42,35,25,17,29
ENSG00000166401,SERPINB8,28.2,10.5,17.8,1.639,0.7,1.2e-01,1.0e+00,0.4016,1116,16,5,12,9,8,18,16,29
ENSG00000125772,GPCPD1,26.2,15.5,10.8,0.698,-0.5,1.2e-01,1.0e+00,0.4016,1116,16,18,9,19,8,9,14,12
ENSG00000066739,ATG2B,117.2,64,53.2,0.826,-0.3,1.2e-01,1.0e+00,0.4018,1117,63,64,49,80,55,48,53,57
ENSG00000183762,KREMEN1,206.5,113.2,93.2,0.821,-0.3,1.2e-01,1.0e+00,0.4018,1118,119,147,96,91,86,109,86,92
ENSG00000177663,IL17RA,82,35.5,46.5,1.305,0.4,1.2e-01,1.0e+00,0.4018,1118,28,44,35,35,29,53,58,46
ENSG00000105221,AKT2,232,124.8,107.2,0.86,-0.2,1.2e-01,1.0e+00,0.4018,1119,126,132,104,137,121,96,106,106
ENSG00000136875,PRPF4,44,19,25,1.34,0.4,1.2e-01,1.0e+00,0.4018,1119,21,20,24,11,26,26,29,19
ENSG00000093010,COMT,247.8,112,135.8,1.21,0.3,1.2e-01,1.0e+00,0.4018,1119,103,132,113,100,120,119,178,126
ENSG00000167721,TSR1,98,43.8,54.2,1.242,0.3,1.2e-01,1.0e+00,0.4018,1120,46,41,42,46,65,43,67,42
ENSG00000135002,RFK,56.8,25.2,31.5,1.26,0.3,1.2e-01,1.0e+00,0.402,1121,22,30,19,30,29,36,29,32
ENSG00000175066,GK5,74.2,32.5,41.8,1.284,0.4,1.2e-01,1.0e+00,0.4028,1123,27,25,31,47,42,48,35,42
ENSG00000085832,EPS15,167.2,76,91.2,1.199,0.3,1.2e-01,1.0e+00,0.4031,1125,79,73,80,72,79,110,72,104
ENSG00000132952,USPL1,26.5,15.2,11.2,0.727,-0.5,1.2e-01,1.0e+00,0.4031,1125,14,14,18,15,11,17,10,7
ENSG00000124067,SLC12A4,162,88.2,73.8,0.833,-0.3,1.2e-01,1.0e+00,0.4044,1129,91,84,82,96,92,56,72,75
ENSG00000143970,ASXL2,125,67.8,57.2,0.848,-0.2,1.2e-01,1.0e+00,0.4044,1129,62,67,61,81,58,53,54,64
ENSG00000125834,STK35,43.8,24.5,19.2,0.785,-0.3,1.2e-01,1.0e+00,0.4047,1131,22,24,27,25,14,19,23,21
ENSG00000163818,LZTFL1,38,21.5,16.5,0.772,-0.4,1.2e-01,1.0e+00,0.4058,1134,25,27,18,16,17,17,16,16
ENSG00000111275,ALDH2,255.8,111.8,144,1.289,0.4,1.2e-01,1.0e+00,0.4068,1137,107,72,147,121,165,124,114,173
ENSG00000183576,SETD3,74.5,33.5,41,1.233,0.3,1.2e-01,1.0e+00,0.4068,1138,35,25,33,41,40,45,35,44
ENSG00000152642,GPD1L,20.8,7.8,13,1.667,0.7,1.2e-01,1.0e+00,0.4071,1139,9,7,4,11,15,16,4,17
ENSG00000134697,GNL2,77.2,34.5,42.8,1.237,0.3,1.2e-01,1.0e+00,0.4076,1141,34,30,38,36,53,34,48,36
ENSG00000165912,PACSIN3,39.2,22.5,16.8,0.743,-0.4,1.2e-01,1.0e+00,0.408,1142,29,18,21,22,15,23,11,18
ENSG00000143819,EPHX1,205.8,113.2,92.5,0.817,-0.3,1.2e-01,1.0e+00,0.408,1143,112,93,152,96,96,100,97,77
ENSG00000147251,DOCK11,174.5,77.2,97.2,1.253,0.3,1.3e-01,1.0e+00,0.408,1143,68,86,74,81,74,107,76,132
ENSG00000170322,NFRKB,42.5,23.8,18.8,0.806,-0.3,1.3e-01,1.0e+00,0.408,1144,27,24,24,20,21,20,17,17
ENSG00000154945,ANKRD40,97,43.5,53.5,1.231,0.3,1.3e-01,1.0e+00,0.408,1144,47,40,36,51,65,40,55,54
ENSG00000117394,SLC2A1,207.5,88.2,119.2,1.347,0.4,1.3e-01,1.0e+00,0.4081,1145,90,98,84,81,103,98,198,78
ENSG00000175220,ARHGAP1,416,189.8,226.2,1.192,0.3,1.3e-01,1.0e+00,0.4081,1145,219,206,174,160,249,248,177,231
ENSG00000072274,TFRC,377,170.5,206.5,1.208,0.3,1.3e-01,1.0e+00,0.4081,1145,163,161,194,164,185,188,279,174
ENSG00000214717,ZBED1,56.8,24.2,32.5,1.344,0.4,1.3e-01,1.0e+00,0.4081,1146,19,23,35,20,26,40,25,39
ENSG00000181991,MRPS11,43.2,17.8,25.5,1.46,0.5,1.3e-01,1.0e+00,0.4081,1146,16,23,22,10,24,13,32,33
ENSG00000121957,GPSM2,52,21,31,1.47,0.6,1.3e-01,1.0e+00,0.4081,1147,20,14,17,33,40,16,30,38
ENSG00000180817,PPA1,124.8,69.5,55.2,0.795,-0.3,1.3e-01,1.0e+00,0.4081,1147,78,65,83,52,67,55,59,40
ENSG00000160752,FDPS,73.8,40.5,33.2,0.822,-0.3,1.3e-01,1.0e+00,0.4086,1149,41,46,42,33,30,40,32,31
ENSG00000196072,BLOC1S2,39.8,22.2,17.5,0.803,-0.3,1.3e-01,1.0e+00,0.4086,1149,22,23,24,20,18,18,14,20
ENSG00000068912,ERLEC1,171.2,79.2,92,1.157,0.2,1.3e-01,1.0e+00,0.4086,1150,70,77,89,81,86,98,84,100
ENSG00000008952,SEC62,436.5,200,236.5,1.181,0.2,1.3e-01,1.0e+00,0.409,1151,163,194,210,233,228,219,282,217
ENSG00000150990,DHX37,27.2,11,16.2,1.491,0.6,1.3e-01,1.0e+00,0.4095,1153,18,10,10,6,20,10,17,18
ENSG00000143799,PARP1,137.8,73.5,64.2,0.875,-0.2,1.3e-01,1.0e+00,0.4099,1155,69,72,75,78,69,65,64,59
ENSG00000173546,CSPG4,94.5,54,40.5,0.752,-0.4,1.3e-01,1.0e+00,0.4103,1156,52,71,37,56,34,52,27,49
ENSG00000124222,STX16,146.2,79.2,67,0.846,-0.2,1.3e-01,1.0e+00,0.4104,1157,76,84,66,91,76,58,70,64
ENSG00000179941,BBS10,53.2,24,29.2,1.232,0.3,1.3e-01,1.0e+00,0.4104,1157,24,25,20,27,26,30,26,35
ENSG00000075415,SLC25A3,575.2,269,306.2,1.137,0.2,1.3e-01,1.0e+00,0.4104,1158,296,244,268,268,321,326,282,296
ENSG00000006062,MAP3K14,21.5,14,7.5,0.547,-0.9,1.3e-01,1.0e+00,0.4104,1158,14,20,10,12,18,3,7,2
ENSG00000136715,SAP130,57.8,32,25.8,0.807,-0.3,1.3e-01,1.0e+00,0.4104,1159,35,36,27,30,24,24,22,33
ENSG00000183354,BRD10,61.8,35.2,26.5,0.756,-0.4,1.3e-01,1.0e+00,0.4104,1159,35,22,49,35,28,22,29,27
ENSG00000160783,PMF1,24.8,15,9.8,0.664,-0.6,1.3e-01,1.0e+00,0.4104,1159,13,18,10,19,13,10,12,4
ENSG00000149115,TNKS1BP1,654.5,304.8,349.8,1.148,0.2,1.3e-01,1.0e+00,0.4104,1160,333,296,302,288,409,324,342,324
ENSG00000100528,CNIH1,186.2,82.5,103.8,1.257,0.3,1.3e-01,1.0e+00,0.4106,1161,70,99,78,83,75,138,115,87
ENSG00000197380,DACT3,24,14,10,0.718,-0.5,1.3e-01,1.0e+00,0.411,1162,17,15,9,15,11,12,10,7
ENSG00000153147,SMARCA5,226,123.5,102.5,0.83,-0.3,1.3e-01,1.0e+00,0.4111,1163,124,99,152,119,108,115,106,81
ENSG00000127481,UBR4,725.2,388,337.2,0.87,-0.2,1.3e-01,1.0e+00,0.4111,1163,365,373,415,399,329,307,315,398
ENSG00000167157,PRRX2,47.8,26.5,21.2,0.819,-0.3,1.3e-01,1.0e+00,0.4111,1164,26,26,25,29,20,24,18,23
ENSG00000196531,NACA,725.8,385.2,340.5,0.884,-0.2,1.3e-01,1.0e+00,0.4111,1164,398,394,397,352,345,359,348,310
ENSG00000285426,RNF187,149.2,80.5,68.8,0.856,-0.2,1.3e-01,1.0e+00,0.4116,1166,88,77,71,86,79,59,70,67
ENSG00000197102,DYNC1H1,1530.5,822.2,708.2,0.862,-0.2,1.3e-01,1.0e+00,0.4116,1166,916,751,790,832,771,584,717,761
ENSG00000114423,CBLB,54.2,23.5,30.8,1.307,0.4,1.3e-01,1.0e+00,0.4116,1167,14,22,32,26,32,30,28,33
ENSG00000151748,SAV1,114.5,63.2,51.2,0.804,-0.3,1.3e-01,1.0e+00,0.4116,1167,65,47,86,55,49,47,54,55
ENSG00000160870,CYP3A7,19.2,13.2,6,0.458,-1.1,1.3e-01,1.0e+00,0.4116,1168,25,8,10,10,16,0,4,4
ENSG00000119048,UBE2B,114.8,51,63.8,1.25,0.3,1.3e-01,1.0e+00,0.4117,1168,62,50,43,49,63,82,45,65
ENSG00000118246,FASTKD2,50.2,22.5,27.8,1.246,0.3,1.3e-01,1.0e+00,0.4117,1169,26,23,17,24,26,31,29,25
ENSG00000039319,ZFYVE16,103.2,56.5,46.8,0.829,-0.3,1.3e-01,1.0e+00,0.4117,1169,59,59,54,54,35,50,58,44
ENSG00000152234,ATP5F1A,442,234.8,207.2,0.882,-0.2,1.3e-01,1.0e+00,0.412,1170,214,244,244,237,229,193,211,196
ENSG00000171552,BCL2L1,165.5,76,89.5,1.178,0.2,1.3e-01,1.0e+00,0.412,1171,88,77,65,74,79,101,80,98
ENSG00000072364,AFF4,288.5,154.5,134,0.867,-0.2,1.3e-01,1.0e+00,0.412,1171,139,156,173,150,119,123,145,149
ENSG00000115295,CLIP4,159.5,70,89.5,1.277,0.4,1.3e-01,1.0e+00,0.4123,1173,64,58,69,89,57,113,97,91
ENSG00000087502,ERGIC2,97.2,42.8,54.5,1.272,0.3,1.3e-01,1.0e+00,0.4126,1174,45,28,56,42,46,58,64,50
ENSG00000116698,SMG7,83.5,45.8,37.8,0.822,-0.3,1.3e-01,1.0e+00,0.4127,1175,48,53,48,34,33,38,40,40
ENSG00000069431,ABCC9,96.2,39.2,57,1.455,0.5,1.3e-01,1.0e+00,0.4128,1175,32,36,30,59,37,68,35,88
ENSG00000221914,PPP2R2A,58.5,24.8,33.8,1.363,0.4,1.3e-01,1.0e+00,0.4128,1176,26,20,36,17,46,29,33,27
ENSG00000163704,PRRT3,21.2,8.2,13,1.595,0.7,1.3e-01,1.0e+00,0.4131,1177,6,6,5,16,18,13,13,8
ENSG00000198720,ANKRD13B,28.8,12,16.8,1.418,0.5,1.3e-01,1.0e+00,0.4131,1177,13,9,14,12,24,17,9,17
ENSG00000103249,CLCN7,160,85.8,74.2,0.864,-0.2,1.3e-01,1.0e+00,0.4131,1178,78,92,91,82,71,80,82,64
ENSG00000063854,HAGH,32.5,14,18.5,1.322,0.4,1.3e-01,1.0e+00,0.4132,1179,16,9,14,17,22,16,17,19
ENSG00000078618,NRDC,282.2,150.2,132,0.879,-0.2,1.3e-01,1.0e+00,0.4134,1180,137,143,165,156,124,127,144,133
ENSG00000110455,ACCS,36.5,21.5,15,0.7,-0.5,1.3e-01,1.0e+00,0.4139,1181,13,26,24,23,13,18,21,8
ENSG00000141971,MVB12A,36,20.5,15.5,0.772,-0.4,1.3e-01,1.0e+00,0.4139,1182,20,20,17,25,16,12,20,14
ENSG00000087245,MMP2,11027,5965,5062,0.849,-0.2,1.3e-01,1.0e+00,0.4142,1183,5609,5401,6997,5853,4755,4502,5891,5100
ENSG00000171867,PRNP,720.2,391.8,328.5,0.838,-0.3,1.3e-01,1.0e+00,0.4142,1183,360,372,466,369,263,366,388,297
ENSG00000196730,DAPK1,185.5,81.2,104.2,1.28,0.4,1.3e-01,1.0e+00,0.4142,1184,102,86,52,85,114,119,74,110
ENSG00000184271,POU6F1,25.8,16,9.8,0.623,-0.7,1.3e-01,1.0e+00,0.4142,1184,16,20,23,5,14,7,8,10
ENSG00000187736,NHEJ1,34.8,15.2,19.5,1.265,0.3,1.3e-01,1.0e+00,0.4145,1186,16,15,14,16,18,17,18,25
ENSG00000156508,EEF1A1,21803.5,11852.8,9950.8,0.84,-0.3,1.3e-01,1.0e+00,0.4149,1187,12590,12228,10428,12165,11811,10153,7961,9878
ENSG00000118046,STK11,97.8,53.8,44,0.817,-0.3,1.3e-01,1.0e+00,0.4149,1187,66,42,60,47,44,39,42,51
ENSG00000169599,NFU1,35.2,20.2,15,0.749,-0.4,1.3e-01,1.0e+00,0.4149,1188,22,16,18,25,16,14,10,20
ENSG00000152620,NADK2,24,13.8,10.2,0.749,-0.4,1.3e-01,1.0e+00,0.4149,1188,13,10,15,17,13,10,9,9
ENSG00000130119,GNL3L,44,19,25,1.308,0.4,1.3e-01,1.0e+00,0.4152,1190,13,17,18,28,27,26,22,25
ENSG00000176108,CHMP6,23,13.2,9.8,0.752,-0.4,1.3e-01,1.0e+00,0.4152,1190,13,15,12,13,10,7,12,10
ENSG00000112977,DAP,312,166.2,145.8,0.878,-0.2,1.3e-01,1.0e+00,0.4152,1190,156,184,161,164,132,162,148,141
ENSG00000100034,PPM1F,96.2,53.8,42.5,0.791,-0.3,1.3e-01,1.0e+00,0.4154,1191,55,42,51,67,43,31,40,56
ENSG00000143319,ISG20L2,36,20,16,0.796,-0.3,1.3e-01,1.0e+00,0.4154,1192,22,15,22,21,15,17,17,15
ENSG00000139641,ESYT1,286,153.8,132.2,0.859,-0.2,1.3e-01,1.0e+00,0.4154,1192,166,155,148,146,146,148,131,104
ENSG00000168393,DTYMK,21,12.5,8.5,0.696,-0.5,1.3e-01,1.0e+00,0.4161,1195,12,8,15,15,12,5,9,8
ENSG00000090263,MRPS33,36.8,21,15.8,0.776,-0.4,1.3e-01,1.0e+00,0.4161,1195,18,28,19,19,19,14,16,14
ENSG00000134287,ARF3,256.5,120,136.5,1.135,0.2,1.3e-01,1.0e+00,0.4162,1196,125,127,105,123,134,146,137,129
ENSG00000164603,SAMTOR,31.2,17.5,13.8,0.778,-0.4,1.3e-01,1.0e+00,0.4164,1197,17,17,19,17,10,16,16,13
ENSG00000276802,HERC2,55.8,22,33.8,1.556,0.6,1.3e-01,1.0e+00,0.4172,1199,36,20,6,26,27,42,28,38
ENSG00000172345,STARD5,41.2,25.8,15.5,0.606,-0.7,1.3e-01,1.0e+00,0.4172,1200,24,33,28,18,31,18,7,6
ENSG00000162236,STX5,68,38.5,29.5,0.766,-0.4,1.3e-01,1.0e+00,0.4172,1200,42,30,37,45,35,33,17,33
ENSG00000184216,IRAK1,209.8,94.5,115.2,1.216,0.3,1.3e-01,1.0e+00,0.4174,1201,126,78,92,82,127,98,129,107
ENSG00000215251,FASTKD5,21,8,13,1.646,0.7,1.3e-01,1.0e+00,0.4175,1202,8,6,13,5,16,4,16,16
ENSG00000169217,CD2BP2,92.2,42.2,50,1.18,0.2,1.3e-01,1.0e+00,0.4175,1202,47,39,39,44,54,42,56,48
ENSG00000223532,HLA-B,28.5,20.8,7.8,0.378,-1.4,1.3e-01,1.0e+00,0.4175,1203,34,0,27,22,4,0,19,8
ENSG00000176386,CDC26,23.5,10.2,13.2,1.313,0.4,1.3e-01,1.0e+00,0.4175,1203,9,10,10,12,16,14,11,12
ENSG00000136147,PHF11,39.5,17.2,22.2,1.298,0.4,1.3e-01,1.0e+00,0.4175,1204,20,12,22,15,22,27,19,21
ENSG00000104365,IKBKB,94,42.2,51.8,1.22,0.3,1.3e-01,1.0e+00,0.4175,1204,50,33,38,48,49,59,44,55
ENSG00000204237,OXLD1,19.8,12,7.8,0.649,-0.6,1.3e-01,1.0e+00,0.4178,1205,16,7,13,12,13,8,4,6
ENSG00000141013,GAS8,22.2,13,9.2,0.727,-0.5,1.3e-01,1.0e+00,0.418,1206,10,17,11,14,10,10,10,7
ENSG00000198042,MAK16,28.5,10.8,17.8,1.652,0.7,1.3e-01,1.0e+00,0.4181,1207,5,15,12,11,9,17,32,13
ENSG00000026297,RNASET2,24.5,14.8,9.8,0.678,-0.6,1.3e-01,1.0e+00,0.4181,1207,10,13,15,21,5,12,10,12
ENSG00000100503,NIN,138.8,64.8,74,1.141,0.2,1.3e-01,1.0e+00,0.4181,1208,63,64,60,72,73,78,70,75
ENSG00000117569,PTBP2,32.2,18.5,13.8,0.768,-0.4,1.3e-01,1.0e+00,0.4181,1208,13,21,18,22,16,13,13,13
ENSG00000156110,ADK,40.2,23.2,17,0.735,-0.4,1.3e-01,1.0e+00,0.4181,1209,15,24,19,35,16,18,15,19
ENSG00000183431,SF3A3,91.5,41,50.5,1.23,0.3,1.3e-01,1.0e+00,0.4181,1209,34,36,49,45,51,61,40,50
ENSG00000091656,ZFHX4,71.5,40,31.5,0.782,-0.4,1.3e-01,1.0e+00,0.4188,1212,38,42,44,36,22,29,46,29
ENSG00000144228,SPOPL,40.5,16.8,23.8,1.44,0.5,1.3e-01,1.0e+00,0.4191,1213,9,12,25,21,29,19,28,19
ENSG00000134201,GSTM5,36.5,22.8,13.8,0.623,-0.7,1.3e-01,1.0e+00,0.4192,1214,33,10,16,32,23,10,9,13
ENSG00000118961,LDAH,25.5,14.5,11,0.763,-0.4,1.3e-01,1.0e+00,0.4192,1214,16,12,18,12,13,10,10,11
ENSG00000155850,SLC26A2,53.8,23.8,30,1.266,0.3,1.3e-01,1.0e+00,0.4192,1215,25,16,24,30,25,30,34,31
ENSG00000169905,TOR1AIP2,140.8,64.8,76,1.172,0.2,1.3e-01,1.0e+00,0.4192,1215,70,74,52,63,72,83,77,72
ENSG00000168246,UBTD2,62.5,34.2,28.2,0.828,-0.3,1.3e-01,1.0e+00,0.4195,1216,35,38,30,34,27,32,23,31
ENSG00000125835,SNRPB,67.2,28.8,38.5,1.335,0.4,1.3e-01,1.0e+00,0.4197,1217,39,17,23,36,45,42,34,33
ENSG00000180340,FZD2,142.8,65.5,77.2,1.177,0.2,1.3e-01,1.0e+00,0.4197,1217,65,78,53,66,71,81,72,85
ENSG00000135899,SP110,62.2,27,35.2,1.324,0.4,1.3e-01,1.0e+00,0.4197,1218,36,27,24,21,33,38,23,47
ENSG00000077157,PPP1R12B,148.2,53.8,94.5,1.759,0.8,1.3e-01,1.0e+00,0.4197,1219,24,94,25,72,53,172,56,97
ENSG00000155760,FZD7,163,91,72,0.788,-0.3,1.3e-01,1.0e+00,0.4199,1219,79,107,90,88,42,82,84,80
ENSG00000062582,MRPS24,53.2,30.2,23,0.769,-0.4,1.3e-01,1.0e+00,0.4199,1220,35,29,27,30,29,13,23,27
ENSG00000146574,CCZ1B,89.8,40,49.8,1.238,0.3,1.3e-01,1.0e+00,0.4199,1220,51,36,39,34,37,51,54,57
ENSG00000093000,NUP50,122,55.8,66.2,1.186,0.2,1.3e-01,1.0e+00,0.4199,1221,63,54,49,57,73,58,77,57
ENSG00000134285,FKBP11,30,12.8,17.2,1.332,0.4,1.3e-01,1.0e+00,0.4209,1224,16,11,12,12,16,19,22,12
ENSG00000138771,SHROOM3,95.8,40.5,55.2,1.358,0.4,1.3e-01,1.0e+00,0.421,1225,39,34,40,49,36,36,75,74
ENSG00000100348,TXN2,88.8,49,39.8,0.809,-0.3,1.3e-01,1.0e+00,0.421,1225,49,50,40,57,33,39,53,34
ENSG00000141526,SLC16A3,177,66.2,110.8,1.677,0.7,1.3e-01,1.0e+00,0.421,1225,71,64,78,52,73,53,254,63
ENSG00000109814,UGDH,167.8,77.5,90.2,1.171,0.2,1.3e-01,1.0e+00,0.421,1226,70,97,74,69,92,87,97,85
ENSG00000168101,NUDT16L1,20,8.5,11.5,1.374,0.5,1.3e-01,1.0e+00,0.421,1226,6,10,8,10,11,14,10,11
ENSG00000135124,P2RX4,36.5,21,15.5,0.742,-0.4,1.3e-01,1.0e+00,0.421,1227,21,28,20,15,16,20,10,16
ENSG00000273594,EEF1D,240,145,95,0.657,-0.6,1.3e-01,1.0e+00,0.421,1227,128,212,172,68,150,52,104,74
ENSG00000259171,ENSG00000259171,37.2,9,28.2,3.118,1.6,1.3e-01,1.0e+00,0.4212,1228,0,0,21,15,0,63,24,26
ENSG00000171488,LRRC8C,21.2,12.5,8.8,0.703,-0.5,1.3e-01,1.0e+00,0.4214,1229,13,10,14,13,12,9,10,4
ENSG00000178307,TMEM11,37,16,21,1.319,0.4,1.3e-01,1.0e+00,0.4219,1231,11,17,15,21,18,18,23,25
ENSG00000134575,ACP2,48.5,20.8,27.8,1.342,0.4,1.3e-01,1.0e+00,0.4219,1232,21,21,17,24,16,36,31,28
ENSG00000007237,GAS7,32.5,23.5,9,0.393,-1.3,1.3e-01,1.0e+00,0.422,1232,13,13,7,61,7,0,7,22
ENSG00000118454,ANKRD13C,71,32.5,38.5,1.183,0.2,1.3e-01,1.0e+00,0.422,1233,36,34,32,28,40,38,41,35
ENSG00000180155,LYNX1,101.2,59,42.2,0.716,-0.5,1.3e-01,1.0e+00,0.422,1233,79,69,32,56,52,54,25,38
ENSG00000171992,SYNPO,407.8,227.2,180.5,0.794,-0.3,1.3e-01,1.0e+00,0.422,1234,214,261,149,285,182,162,153,225
ENSG00000174996,KLC2,40.2,17.5,22.8,1.322,0.4,1.3e-01,1.0e+00,0.4221,1234,13,21,21,15,21,24,30,16
ENSG00000134049,IER3IP1,45,25,20,0.81,-0.3,1.3e-01,1.0e+00,0.4221,1235,25,21,30,24,20,22,18,20
ENSG00000171865,RNASEH1,100.5,46,54.5,1.18,0.2,1.4e-01,1.0e+00,0.4221,1235,46,39,53,46,51,50,63,54
ENSG00000112367,FIG4,46,26.2,19.8,0.767,-0.4,1.4e-01,1.0e+00,0.4222,1236,25,34,22,24,20,24,13,22
ENSG00000213672,NCKIPSD,37.8,21.2,16.5,0.781,-0.4,1.4e-01,1.0e+00,0.4222,1236,16,25,21,23,14,20,14,18
ENSG00000108506,INTS2,14.2,3.8,10.5,2.794,1.5,1.4e-01,1.0e+00,0.4222,1237,1,0,12,2,13,0,12,17
ENSG00000144136,SLC20A1,59.8,33.5,26.2,0.795,-0.3,1.4e-01,1.0e+00,0.4224,1238,32,35,31,36,18,31,33,23
ENSG00000100650,SRSF5,425,199.2,225.8,1.135,0.2,1.4e-01,1.0e+00,0.4224,1238,183,215,206,193,223,251,223,206
ENSG00000102312,PORCN,20.2,12,8.2,0.691,-0.5,1.4e-01,1.0e+00,0.4229,1240,15,13,7,13,7,11,9,6
ENSG00000181804,SLC9A9,83.2,36.5,46.8,1.287,0.4,1.4e-01,1.0e+00,0.423,1241,31,36,37,42,58,56,28,45
ENSG00000103266,STUB1,111.2,51.5,59.8,1.165,0.2,1.4e-01,1.0e+00,0.423,1241,51,60,46,49,65,56,63,55
ENSG00000067365,METTL22,29.5,13,16.5,1.266,0.3,1.4e-01,1.0e+00,0.4232,1242,14,14,12,12,18,16,18,14
ENSG00000113522,RAD50,114.5,64.5,50,0.777,-0.4,1.4e-01,1.0e+00,0.4236,1244,48,64,80,66,71,36,48,45
ENSG00000030582,GRN,910.8,492,418.8,0.851,-0.2,1.4e-01,1.0e+00,0.4238,1245,436,483,487,562,342,423,404,506
ENSG00000083168,KAT6A,110.5,60.5,50,0.831,-0.3,1.4e-01,1.0e+00,0.4238,1245,64,62,58,58,57,41,41,61
ENSG00000138594,TMOD3,139.8,75.2,64.5,0.861,-0.2,1.4e-01,1.0e+00,0.4238,1246,82,80,72,67,70,61,71,56
ENSG00000134330,IAH1,78.8,35.5,43.2,1.212,0.3,1.4e-01,1.0e+00,0.4238,1246,32,39,37,34,41,55,41,36
ENSG00000011009,LYPLA2,40.2,17.5,22.8,1.322,0.4,1.4e-01,1.0e+00,0.4239,1247,12,16,25,17,23,19,27,22
ENSG00000157827,FMNL2,133.2,59.8,73.5,1.235,0.3,1.4e-01,1.0e+00,0.4239,1247,53,61,58,67,69,58,64,103
ENSG00000283868,ZBTB4,347.8,184.5,163.2,0.885,-0.2,1.4e-01,1.0e+00,0.4239,1247,180,187,188,183,172,141,167,173
ENSG00000013561,RNF14,78.8,36,42.8,1.189,0.2,1.4e-01,1.0e+00,0.424,1248,33,36,43,32,41,43,40,47
ENSG00000110080,ST3GAL4,54.2,23.5,30.8,1.324,0.4,1.4e-01,1.0e+00,0.424,1249,33,23,16,22,34,37,22,30
ENSG00000088038,CNOT3,66.5,25,41.5,1.667,0.7,1.4e-01,1.0e+00,0.424,1249,26,33,3,38,33,36,45,52
ENSG00000154380,ENAH,407.5,184.8,222.8,1.206,0.3,1.4e-01,1.0e+00,0.424,1250,166,154,215,204,246,208,265,172
ENSG00000130811,EIF3G,168.5,78.5,90,1.147,0.2,1.4e-01,1.0e+00,0.4241,1250,78,81,85,70,95,79,92,94
ENSG00000166503,HDGFL3,107.8,59,48.8,0.822,-0.3,1.4e-01,1.0e+00,0.4243,1251,63,54,69,50,38,55,58,44
ENSG00000088854,DNAAF9,129,59.5,69.5,1.167,0.2,1.4e-01,1.0e+00,0.4243,1252,66,54,57,61,75,58,78,67
ENSG00000087053,MTMR2,69.2,30.5,38.8,1.267,0.3,1.4e-01,1.0e+00,0.4245,1253,26,29,43,24,42,35,44,34
ENSG00000117697,NSL1,37,21.5,15.5,0.745,-0.4,1.4e-01,1.0e+00,0.4247,1254,13,20,27,26,15,13,17,17
ENSG00000105698,USF2,96.5,51.8,44.8,0.86,-0.2,1.4e-01,1.0e+00,0.4247,1254,55,51,55,46,40,47,44,48
ENSG00000284501,MGAT4B,537.2,246.8,290.5,1.176,0.2,1.4e-01,1.0e+00,0.4247,1255,224,226,306,231,266,276,346,274
ENSG00000172007,RAB33B,19.5,8.2,11.2,1.383,0.5,1.4e-01,1.0e+00,0.4247,1255,7,8,7,11,12,8,14,11
ENSG00000108946,PRKAR1A,806.8,377.8,429,1.135,0.2,1.4e-01,1.0e+00,0.4248,1256,355,379,408,369,390,474,447,405
ENSG00000015171,ZMYND11,208.5,112.5,96,0.853,-0.2,1.4e-01,1.0e+00,0.4251,1257,118,97,127,108,79,109,105,91
ENSG00000134909,ARHGAP32,36.2,20.8,15.5,0.774,-0.4,1.4e-01,1.0e+00,0.4252,1258,17,20,24,22,20,11,17,14
ENSG00000108984,MAP2K6,22.5,14,8.5,0.622,-0.7,1.4e-01,1.0e+00,0.4252,1258,18,21,10,7,11,12,7,4
ENSG00000050748,MAPK9,75,41.8,33.2,0.797,-0.3,1.4e-01,1.0e+00,0.4254,1259,37,33,43,54,27,30,42,34
ENSG00000141552,ANAPC11,53.5,23.5,30,1.29,0.4,1.4e-01,1.0e+00,0.4256,1260,26,27,21,20,32,37,19,32
ENSG00000196562,SULF2,222,139.8,82.2,0.59,-0.8,1.4e-01,1.0e+00,0.4258,1261,264,138,94,63,158,62,62,47
ENSG00000159784,FAM131B,18.8,11.5,7.2,0.647,-0.6,1.4e-01,1.0e+00,0.4259,1262,10,11,8,17,5,9,4,11
ENSG00000170961,HAS2,36.2,21.5,14.8,0.7,-0.5,1.4e-01,1.0e+00,0.4259,1262,20,31,16,19,12,10,24,13
ENSG00000197415,VEPH1,52.5,21.2,31.2,1.492,0.6,1.4e-01,1.0e+00,0.4262,1264,10,25,26,24,17,32,28,48
ENSG00000170854,RIOX2,44,24.8,19.2,0.777,-0.4,1.4e-01,1.0e+00,0.4262,1264,22,22,29,26,18,22,24,13
ENSG00000159792,PSKH1,96,43.5,52.5,1.206,0.3,1.4e-01,1.0e+00,0.4262,1265,56,43,38,37,55,45,52,58
ENSG00000143889,HNRNPLL,53,30.5,22.5,0.747,-0.4,1.4e-01,1.0e+00,0.4262,1265,38,27,21,36,26,19,29,16
ENSG00000258311,ENSG00000258311,18.5,13.2,5.2,0.402,-1.3,1.4e-01,1.0e+00,0.4262,1265,0,12,27,14,3,6,11,1
ENSG00000134107,BHLHE40,29,19.2,9.8,0.514,-1,1.4e-01,1.0e+00,0.4262,1266,29,12,26,10,11,5,22,1
ENSG00000176915,ANKLE2,132.5,59.8,72.8,1.222,0.3,1.4e-01,1.0e+00,0.4273,1270,70,66,60,43,82,74,78,57
ENSG00000285246,NEDD8,146,67.5,78.5,1.166,0.2,1.4e-01,1.0e+00,0.4282,1273,73,61,77,59,89,78,77,70
ENSG00000177119,ANO6,303.5,141.5,162,1.143,0.2,1.4e-01,1.0e+00,0.4284,1274,142,138,138,148,144,182,144,178
ENSG00000170004,CHD3,768.5,406.8,361.8,0.89,-0.2,1.4e-01,1.0e+00,0.429,1276,407,413,413,394,359,377,326,385
ENSG00000196458,ZNF605,39.5,22.2,17.2,0.802,-0.3,1.4e-01,1.0e+00,0.4292,1277,19,24,26,20,20,14,18,17
ENSG00000168487,BMP1,205.5,96,109.5,1.143,0.2,1.4e-01,1.0e+00,0.4297,1279,87,102,100,95,127,104,106,101
ENSG00000132963,POMP,88.2,39.2,49,1.246,0.3,1.4e-01,1.0e+00,0.4306,1282,52,32,33,40,55,55,48,38
ENSG00000130024,PHF10,108,48,60,1.247,0.3,1.4e-01,1.0e+00,0.4308,1283,43,45,62,42,51,69,74,46
ENSG00000169919,GUSB,67.8,30.2,37.5,1.238,0.3,1.4e-01,1.0e+00,0.4308,1283,26,28,28,39,31,45,40,34
ENSG00000100075,SLC25A1,91.2,40.5,50.8,1.253,0.3,1.4e-01,1.0e+00,0.4308,1284,38,33,53,38,67,41,46,49
ENSG00000213782,DDX47,61.5,33.8,27.8,0.826,-0.3,1.4e-01,1.0e+00,0.4308,1284,33,32,38,32,27,22,31,31
ENSG00000267023,LRRC37A16P,38.2,21.8,16.5,0.764,-0.4,1.4e-01,1.0e+00,0.4308,1285,20,28,21,18,11,20,17,18
ENSG00000100227,POLDIP3,133.8,72.5,61.2,0.849,-0.2,1.4e-01,1.0e+00,0.4313,1287,87,69,67,67,67,52,58,68
ENSG00000150403,TMCO3,305,142.5,162.5,1.138,0.2,1.4e-01,1.0e+00,0.4317,1288,140,135,151,144,154,184,142,170
ENSG00000100697,DICER1,138.2,64.2,74,1.156,0.2,1.4e-01,1.0e+00,0.4317,1289,57,75,60,65,70,69,77,80
ENSG00000204681,GABBR1,29.2,9.8,19.5,1.972,1,1.4e-01,1.0e+00,0.4317,1289,13,13,12,1,29,26,20,3
ENSG00000100243,CYB5R3,1160.2,537.2,623,1.16,0.2,1.4e-01,1.0e+00,0.4317,1289,482,597,617,453,608,610,685,589
ENSG00000147852,VLDLR,130.8,74.5,56.2,0.754,-0.4,1.4e-01,1.0e+00,0.4317,1290,60,114,44,80,50,58,58,59
ENSG00000282725,CORO7,18,10.5,7.5,0.731,-0.5,1.4e-01,1.0e+00,0.4319,1291,10,11,10,11,10,8,5,7
ENSG00000077585,GPR137B,54.8,23.2,31.5,1.362,0.4,1.4e-01,1.0e+00,0.4319,1291,30,17,26,20,18,43,36,29
ENSG00000166575,TMEM135,32,17.8,14.2,0.796,-0.3,1.4e-01,1.0e+00,0.4319,1292,17,14,21,19,13,16,14,14
ENSG00000106070,GRB10,58.8,24.8,34,1.358,0.4,1.4e-01,1.0e+00,0.4319,1292,25,17,33,24,50,22,33,31
ENSG00000116473,RAP1A,87.2,40,47.2,1.179,0.2,1.4e-01,1.0e+00,0.4322,1293,38,35,46,41,45,52,42,50
ENSG00000280858,RPL7A,1776,954.5,821.5,0.86,-0.2,1.4e-01,1.0e+00,0.4322,1294,1012,969,1022,815,967,748,847,724
ENSG00000117118,SDHB,69.5,31,38.5,1.239,0.3,1.4e-01,1.0e+00,0.4322,1294,29,27,30,38,39,28,41,46
ENSG00000061794,MRPS35,45.2,20,25.2,1.282,0.4,1.4e-01,1.0e+00,0.4322,1295,14,25,22,19,27,21,31,22
ENSG00000136160,EDNRB,49.8,17.2,32.5,1.858,0.9,1.4e-01,1.0e+00,0.4324,1296,22,7,30,10,51,9,52,18
ENSG00000048649,RSF1,130.5,70.2,60.2,0.86,-0.2,1.4e-01,1.0e+00,0.4327,1297,59,73,71,78,60,53,65,63
ENSG00000121903,ZSCAN20,23.8,13.8,10,0.731,-0.5,1.4e-01,1.0e+00,0.4328,1298,15,16,10,14,7,9,11,13
ENSG00000116128,BCL9,34,19.5,14.5,0.746,-0.4,1.4e-01,1.0e+00,0.4328,1298,17,20,15,26,18,16,9,15
ENSG00000180488,MIGA1,46.5,19.8,26.8,1.368,0.5,1.4e-01,1.0e+00,0.4328,1299,13,21,29,16,18,28,32,29
ENSG00000119906,SLF2,68.5,38,30.5,0.808,-0.3,1.4e-01,1.0e+00,0.4328,1299,33,32,44,43,27,25,32,38
ENSG00000278211,TRIM69,33.2,21.8,11.5,0.551,-0.9,1.4e-01,1.0e+00,0.4328,1300,26,22,15,24,22,1,5,18
ENSG00000180992,MRPL14,25,14.2,10.8,0.758,-0.4,1.4e-01,1.0e+00,0.4328,1300,17,13,13,14,14,9,12,8
ENSG00000143390,RFX5,56.2,33,23.2,0.713,-0.5,1.4e-01,1.0e+00,0.4328,1301,47,21,40,24,21,30,27,15
ENSG00000197780,TAF13,46.5,21,25.5,1.236,0.3,1.4e-01,1.0e+00,0.4328,1301,16,24,23,21,25,28,28,21
ENSG00000173418,NAA20,53,22.2,30.8,1.396,0.5,1.4e-01,1.0e+00,0.4328,1301,28,24,13,24,36,37,16,34
ENSG00000157693,TMEM268,19,11.5,7.5,0.669,-0.6,1.4e-01,1.0e+00,0.4328,1302,11,12,14,9,4,7,13,6
ENSG00000117620,SLC35A3,50.2,22.2,28,1.271,0.3,1.4e-01,1.0e+00,0.4328,1302,17,26,20,26,21,35,27,29
ENSG00000108559,NUP88,60,25.8,34.2,1.331,0.4,1.4e-01,1.0e+00,0.4328,1303,24,30,31,18,39,36,20,42
ENSG00000099968,BCL2L13,100.2,55.2,45,0.816,-0.3,1.4e-01,1.0e+00,0.4328,1303,52,50,66,53,36,44,40,60
ENSG00000170035,UBE2E3,122,66.2,55.8,0.84,-0.3,1.4e-01,1.0e+00,0.4328,1304,72,53,79,61,49,60,62,52
ENSG00000254122,PCDHGB7,164.5,98.5,66,0.671,-0.6,1.4e-01,1.0e+00,0.4328,1304,83,77,168,66,55,54,113,42
ENSG00000125651,GTF2F1,128,69.8,58.2,0.839,-0.3,1.4e-01,1.0e+00,0.4328,1304,82,72,56,69,59,54,70,50
ENSG00000155463,OXA1L,158.5,86,72.5,0.84,-0.3,1.4e-01,1.0e+00,0.4331,1306,71,83,107,83,78,59,73,80
ENSG00000263956,NBPF11,27.5,16.2,11.2,0.711,-0.5,1.4e-01,1.0e+00,0.4331,1306,16,18,12,19,18,10,10,7
ENSG00000183853,KIRREL1,577.8,311,266.8,0.858,-0.2,1.4e-01,1.0e+00,0.4334,1308,271,294,345,334,228,239,298,302
ENSG00000176890,TYMS,31.5,19.5,12,0.634,-0.7,1.4e-01,1.0e+00,0.4334,1308,23,10,24,21,20,5,16,7
ENSG00000144026,ZNF514,34.2,19.5,14.8,0.772,-0.4,1.4e-01,1.0e+00,0.4336,1309,17,25,21,15,16,12,13,18
ENSG00000099377,HSD3B7,34,13.8,20.2,1.457,0.5,1.4e-01,1.0e+00,0.4352,1314,17,7,10,21,18,25,13,25
ENSG00000288198,PPFIA1,17.5,13.5,4,0.308,-1.7,1.4e-01,1.0e+00,0.4352,1315,14,22,18,0,0,0,16,0
ENSG00000100764,PSMC1,100,43.8,56.2,1.281,0.4,1.4e-01,1.0e+00,0.4352,1315,45,48,30,52,36,62,60,67
ENSG00000291237,SOD2,1321.2,568.2,753,1.324,0.4,1.4e-01,1.0e+00,0.4352,1316,490,512,897,374,658,930,822,602
ENSG00000126790,L3HYPDH,38.2,16.8,21.5,1.287,0.4,1.4e-01,1.0e+00,0.4352,1316,20,14,13,20,25,17,22,22
ENSG00000134574,DDB2,90.5,50.2,40.2,0.8,-0.3,1.4e-01,1.0e+00,0.4352,1317,66,51,42,42,52,39,32,38
ENSG00000160058,BSDC1,149.8,80.5,69.2,0.861,-0.2,1.4e-01,1.0e+00,0.4358,1319,83,75,93,71,68,60,72,77
ENSG00000036054,TBC1D23,104.5,48.2,56.2,1.167,0.2,1.4e-01,1.0e+00,0.4358,1319,53,43,45,52,56,63,58,48
ENSG00000105514,RAB3D,25.2,10.2,15,1.466,0.6,1.4e-01,1.0e+00,0.4358,1320,11,6,9,15,10,18,11,21
ENSG00000277140,MARF1,79,25,54,2.181,1.1,1.4e-01,1.0e+00,0.4363,1321,19,61,0,20,55,79,66,16
ENSG00000139921,TMX1,97.8,43.5,54.2,1.246,0.3,1.4e-01,1.0e+00,0.4369,1324,54,37,31,52,62,58,44,53
ENSG00000133935,ERG28,31.8,19,12.8,0.674,-0.6,1.4e-01,1.0e+00,0.4369,1324,20,25,13,18,9,23,12,7
ENSG00000159176,CSRP1,307.5,130,177.5,1.366,0.4,1.4e-01,1.0e+00,0.4369,1325,103,132,117,168,141,124,304,141
ENSG00000165572,KBTBD6,23.2,14,9.2,0.667,-0.6,1.4e-01,1.0e+00,0.4369,1325,25,8,13,10,10,8,10,9
ENSG00000126773,PCNX4,120.2,65.5,54.8,0.834,-0.3,1.4e-01,1.0e+00,0.4369,1326,70,75,63,54,55,55,66,43
ENSG00000112419,PHACTR2,147,63.5,83.5,1.314,0.4,1.5e-01,1.0e+00,0.438,1329,49,65,57,83,47,95,88,104
ENSG00000100983,GSS,51.8,29.5,22.2,0.772,-0.4,1.5e-01,1.0e+00,0.438,1330,31,26,32,29,23,14,32,20
ENSG00000197081,IGF2R,1021.2,544.8,476.5,0.874,-0.2,1.5e-01,1.0e+00,0.438,1330,578,477,583,541,544,427,469,466
ENSG00000100888,CHD8,157.5,84.2,73.2,0.869,-0.2,1.5e-01,1.0e+00,0.4382,1331,82,98,74,83,66,79,75,73
ENSG00000011028,MRC2,1446.5,773,673.5,0.871,-0.2,1.5e-01,1.0e+00,0.4383,1332,749,874,647,822,661,711,623,699
ENSG00000061676,NCKAP1,486.5,227,259.5,1.142,0.2,1.5e-01,1.0e+00,0.4385,1333,206,208,248,246,229,284,262,263
ENSG00000140941,MAP1LC3B,301.8,161.5,140.2,0.87,-0.2,1.5e-01,1.0e+00,0.4385,1333,153,143,170,180,140,134,125,162
ENSG00000253304,TMEM200B,48.2,20,28.2,1.412,0.5,1.5e-01,1.0e+00,0.4385,1334,23,13,16,28,27,38,15,33
ENSG00000108256,NUFIP2,195.8,90.8,105,1.152,0.2,1.5e-01,1.0e+00,0.4385,1334,89,94,106,74,108,108,106,98
ENSG00000198162,MAN1A2,189.5,102.8,86.8,0.845,-0.2,1.5e-01,1.0e+00,0.4385,1335,83,104,93,131,78,86,91,92
ENSG00000142892,PIGK,102.2,46.5,55.8,1.196,0.3,1.5e-01,1.0e+00,0.4385,1335,49,43,47,47,51,72,46,54
ENSG00000140836,ZFHX3,111.2,51.2,60,1.172,0.2,1.5e-01,1.0e+00,0.4397,1339,42,52,53,58,56,70,58,56
ENSG00000130818,ZNF426,45,25.8,19.2,0.762,-0.4,1.5e-01,1.0e+00,0.4397,1340,23,28,21,31,23,22,21,11
ENSG00000111605,CPSF6,109.8,50,59.8,1.193,0.3,1.5e-01,1.0e+00,0.4397,1340,41,50,47,62,68,55,52,64
ENSG00000172081,MOB3A,86.8,38.2,48.5,1.265,0.3,1.5e-01,1.0e+00,0.4397,1341,37,38,53,25,50,56,44,44
ENSG00000168286,THAP11,39,22.2,16.8,0.763,-0.4,1.5e-01,1.0e+00,0.4401,1342,32,17,20,20,16,14,16,21
ENSG00000184205,TSPYL2,58.8,33.8,25,0.739,-0.4,1.5e-01,1.0e+00,0.4401,1343,28,39,29,39,39,20,15,26
ENSG00000103222,ABCC1,222.8,145.2,77.5,0.537,-0.9,1.5e-01,1.0e+00,0.4401,1343,227,129,155,70,172,87,32,19
ENSG00000122678,POLM,38.8,16.5,22.2,1.352,0.4,1.5e-01,1.0e+00,0.4401,1344,16,18,10,22,21,30,22,16
ENSG00000161057,PSMC2,117,62.8,54.2,0.864,-0.2,1.5e-01,1.0e+00,0.4401,1344,66,62,61,62,46,51,60,60
ENSG00000166750,SLFN5,413.2,221,192.2,0.87,-0.2,1.5e-01,1.0e+00,0.4401,1345,258,208,227,191,187,194,214,174
ENSG00000116898,MRPS15,54,30.5,23.5,0.782,-0.4,1.5e-01,1.0e+00,0.4403,1346,36,20,35,31,24,23,28,19
ENSG00000131069,ACSS2,59.2,26.8,32.5,1.219,0.3,1.5e-01,1.0e+00,0.4403,1346,25,23,34,25,31,36,29,34
ENSG00000185917,SETD4,27,15.5,11.5,0.746,-0.4,1.5e-01,1.0e+00,0.4403,1347,16,16,14,16,12,8,9,17
ENSG00000167380,ZNF226,25.8,15.2,10.5,0.694,-0.5,1.5e-01,1.0e+00,0.4403,1347,20,18,15,8,7,10,14,11
ENSG00000143815,LBR,48,19.8,28.2,1.428,0.5,1.5e-01,1.0e+00,0.4405,1348,32,14,19,14,35,26,16,36
ENSG00000197601,FAR1,101.8,45,56.8,1.256,0.3,1.5e-01,1.0e+00,0.4407,1349,55,50,37,38,57,77,44,49
ENSG00000128284,APOL3,36.2,14.5,21.8,1.551,0.6,1.5e-01,1.0e+00,0.4407,1349,13,21,10,14,22,40,13,12
ENSG00000089902,RCOR1,42.8,18.8,24,1.273,0.3,1.5e-01,1.0e+00,0.4407,1350,17,15,25,18,25,18,26,27
ENSG00000066422,ZBTB11,49.8,28,21.8,0.778,-0.4,1.5e-01,1.0e+00,0.4407,1350,25,22,29,36,18,17,25,27
ENSG00000171467,ZNF318,63.8,35.5,28.2,0.806,-0.3,1.5e-01,1.0e+00,0.4408,1351,33,34,40,35,35,32,27,19
ENSG00000119705,SLIRP,24.8,14.2,10.5,0.753,-0.4,1.5e-01,1.0e+00,0.4408,1352,11,12,16,18,13,11,9,9
ENSG00000106608,URGCP,48,21.5,26.5,1.245,0.3,1.5e-01,1.0e+00,0.441,1353,16,20,24,26,22,29,29,26
ENSG00000108854,SMURF2,275.2,152,123.2,0.81,-0.3,1.5e-01,1.0e+00,0.441,1353,109,199,177,123,115,112,127,139
ENSG00000124641,MED20,32,18.2,13.8,0.76,-0.4,1.5e-01,1.0e+00,0.441,1354,22,17,21,13,18,13,10,14
ENSG00000158623,COPG2,51.5,29.2,22.2,0.778,-0.4,1.5e-01,1.0e+00,0.4415,1355,36,28,27,26,22,32,18,17
ENSG00000137821,LRRC49,22.8,14,8.8,0.624,-0.7,1.5e-01,1.0e+00,0.4416,1356,11,16,12,17,3,17,10,5
ENSG00000196652,ZKSCAN5,36,20,16,0.817,-0.3,1.5e-01,1.0e+00,0.4416,1357,19,20,19,22,17,14,15,18
ENSG00000102125,TAFAZZIN,29.2,12,17.2,1.434,0.5,1.5e-01,1.0e+00,0.4417,1357,15,6,19,8,20,17,18,14
ENSG00000123200,ZC3H13,243,131.5,111.5,0.849,-0.2,1.5e-01,1.0e+00,0.4422,1359,132,139,133,122,123,80,117,126
ENSG00000183779,ZNF703,106.5,44,62.5,1.418,0.5,1.5e-01,1.0e+00,0.4422,1360,43,55,34,44,93,57,26,74
ENSG00000145214,DGKQ,38.5,16.8,21.8,1.3,0.4,1.5e-01,1.0e+00,0.4422,1360,16,18,21,12,28,17,22,20
ENSG00000171914,TLN2,118.2,67.2,51,0.759,-0.4,1.5e-01,1.0e+00,0.4422,1361,73,74,40,82,42,59,36,67
ENSG00000100393,EP300,197.8,92,105.8,1.148,0.2,1.5e-01,1.0e+00,0.4436,1365,93,92,108,75,109,105,105,104
ENSG00000110025,SNX15,25.2,10,15.2,1.514,0.6,1.5e-01,1.0e+00,0.4436,1366,16,8,13,3,17,13,14,17
ENSG00000170860,LSM3,37,21.2,15.8,0.755,-0.4,1.5e-01,1.0e+00,0.4436,1366,16,30,20,19,17,11,20,15
ENSG00000198898,CAPZA2,217.2,101.5,115.8,1.141,0.2,1.5e-01,1.0e+00,0.4437,1367,104,104,92,106,103,133,119,108
ENSG00000171792,RHNO1,30,17,13,0.77,-0.4,1.5e-01,1.0e+00,0.444,1369,15,14,22,17,16,9,13,14
ENSG00000066044,ELAVL1,97.8,44.8,53,1.184,0.2,1.5e-01,1.0e+00,0.4444,1370,47,37,54,41,56,49,58,49
ENSG00000123636,BAZ2B,62.2,34.2,28,0.823,-0.3,1.5e-01,1.0e+00,0.4445,1371,34,27,40,36,24,30,26,32
ENSG00000159596,TMEM69,31.5,18.2,13.2,0.745,-0.4,1.5e-01,1.0e+00,0.4446,1372,17,15,23,18,19,9,15,10
ENSG00000187147,RNF220,92.2,42.5,49.8,1.177,0.2,1.5e-01,1.0e+00,0.4446,1372,38,48,42,42,59,45,50,45
ENSG00000196776,CD47,177.5,96,81.5,0.848,-0.2,1.5e-01,1.0e+00,0.4446,1373,77,111,96,100,66,89,90,81
ENSG00000157873,TNFRSF14,18.2,12.5,5.8,0.473,-1.1,1.5e-01,1.0e+00,0.4447,1373,12,13,15,10,11,0,12,0
ENSG00000100836,PABPN1,155,83.2,71.8,0.862,-0.2,1.5e-01,1.0e+00,0.4447,1374,85,74,81,93,84,71,72,60
ENSG00000198791,CNOT7,95.5,52.8,42.8,0.814,-0.3,1.5e-01,1.0e+00,0.4449,1375,40,47,61,63,41,40,36,54
ENSG00000006534,ALDH3B1,100.8,43.2,57.5,1.332,0.4,1.5e-01,1.0e+00,0.4449,1375,37,49,58,29,67,61,68,34
ENSG00000186432,KPNA4,159.8,73.5,86.2,1.175,0.2,1.5e-01,1.0e+00,0.4449,1376,89,64,73,68,75,100,89,81
ENSG00000198276,UCKL1,33.5,15,18.5,1.271,0.3,1.5e-01,1.0e+00,0.4449,1376,13,13,18,16,22,14,20,18
ENSG00000187866,PABIR1,34.2,19.2,15,0.774,-0.4,1.5e-01,1.0e+00,0.445,1377,18,14,25,20,16,18,11,15
ENSG00000213445,SIPA1,49.5,22.2,27.2,1.244,0.3,1.5e-01,1.0e+00,0.4451,1377,20,28,18,23,31,26,30,22
ENSG00000123297,TSFM,21.5,12.5,9,0.737,-0.4,1.5e-01,1.0e+00,0.4454,1379,13,15,12,10,7,11,11,7
ENSG00000198464,ZNF480,25.8,14.8,11,0.75,-0.4,1.5e-01,1.0e+00,0.4454,1380,14,12,19,14,11,7,14,12
ENSG00000135316,SYNCRIP,162.8,73,89.8,1.232,0.3,1.5e-01,1.0e+00,0.4455,1380,89,70,78,55,119,72,85,83
ENSG00000117713,ARID1A,134.2,72.8,61.5,0.85,-0.2,1.5e-01,1.0e+00,0.4455,1381,84,76,67,64,67,71,56,52
ENSG00000109436,TBC1D9,67,37,30,0.812,-0.3,1.5e-01,1.0e+00,0.4457,1382,33,41,32,42,39,25,30,26
ENSG00000064490,RFXANK,34,19.5,14.5,0.759,-0.4,1.5e-01,1.0e+00,0.4461,1383,15,26,22,15,13,13,19,13
ENSG00000013016,EHD3,169.5,69.5,100,1.45,0.5,1.5e-01,1.0e+00,0.4462,1384,86,61,73,58,178,49,105,68
ENSG00000281813,KAT6B,160,85.5,74.5,0.869,-0.2,1.5e-01,1.0e+00,0.4462,1384,71,83,98,90,75,69,76,78
ENSG00000116017,ARID3A,41.8,17.2,24.5,1.443,0.5,1.5e-01,1.0e+00,0.4466,1386,17,20,22,10,28,22,36,12
ENSG00000133639,BTG1,119.5,54.2,65.2,1.203,0.3,1.5e-01,1.0e+00,0.4466,1387,58,41,69,49,67,57,64,73
ENSG00000133773,CCDC59,21.8,12.5,9.2,0.744,-0.4,1.5e-01,1.0e+00,0.4469,1388,13,11,14,12,7,11,7,12
ENSG00000160867,FGFR4,28,16.5,11.5,0.716,-0.5,1.5e-01,1.0e+00,0.4472,1389,19,15,12,20,18,7,11,10
ENSG00000147133,TAF1,98.8,53.2,45.5,0.854,-0.2,1.5e-01,1.0e+00,0.4472,1390,47,54,53,59,48,50,36,48
ENSG00000187240,DYNC2H1,147,78.5,68.5,0.873,-0.2,1.5e-01,1.0e+00,0.4473,1391,75,71,85,83,65,62,77,70
ENSG00000074319,TSG101,93,41.2,51.8,1.251,0.3,1.5e-01,1.0e+00,0.4475,1392,34,51,52,28,49,58,50,50
ENSG00000176407,KCMF1,77.5,35.2,42.2,1.207,0.3,1.5e-01,1.0e+00,0.4478,1393,30,36,41,34,36,44,37,52
ENSG00000111540,RAB5B,334.8,157.5,177.2,1.127,0.2,1.5e-01,1.0e+00,0.4478,1393,158,177,153,142,179,189,167,174
ENSG00000136848,DAB2IP,130.2,70.5,59.8,0.85,-0.2,1.5e-01,1.0e+00,0.4478,1394,74,68,69,71,47,54,68,70
ENSG00000129422,MTUS1,46.8,20,26.8,1.315,0.4,1.5e-01,1.0e+00,0.4483,1396,19,16,28,17,32,18,26,31
ENSG00000137265,IRF4,21,7.2,13.8,1.883,0.9,1.5e-01,1.0e+00,0.4485,1397,6,3,2,18,18,18,5,14
ENSG00000101109,STK4,65.5,36,29.5,0.819,-0.3,1.5e-01,1.0e+00,0.4485,1397,46,31,30,37,30,25,31,32
ENSG00000102547,CAB39L,50.2,21.2,29,1.38,0.5,1.5e-01,1.0e+00,0.4485,1398,26,29,18,12,18,28,34,36
ENSG00000099953,MMP11,19,13.2,5.8,0.439,-1.2,1.5e-01,1.0e+00,0.4485,1398,21,11,14,7,17,6,0,0
ENSG00000182372,CLN8,41.8,24,17.8,0.756,-0.4,1.5e-01,1.0e+00,0.4486,1399,25,22,18,31,14,13,21,23
ENSG00000122687,MRM2,26,15,11,0.749,-0.4,1.5e-01,1.0e+00,0.449,1401,10,16,18,16,11,9,10,14
ENSG00000189266,PNRC2,157.8,73.5,84.2,1.15,0.2,1.5e-01,1.0e+00,0.449,1401,84,75,72,63,94,83,78,82
ENSG00000213918,DNASE1,47,26.2,20.8,0.791,-0.3,1.5e-01,1.0e+00,0.4492,1402,21,25,28,31,16,26,18,23
ENSG00000163249,CCNYL1,42.8,19,23.8,1.245,0.3,1.5e-01,1.0e+00,0.4492,1403,19,14,20,23,21,21,27,26
ENSG00000064933,PMS1,42.2,17.8,24.5,1.386,0.5,1.5e-01,1.0e+00,0.4492,1403,16,8,26,21,32,22,21,23
ENSG00000005007,UPF1,180.2,81.5,98.8,1.213,0.3,1.5e-01,1.0e+00,0.4494,1404,87,92,56,91,100,79,107,109
ENSG00000152193,OBI1,27.2,11.5,15.8,1.373,0.5,1.5e-01,1.0e+00,0.4502,1407,9,11,13,13,9,21,18,15
ENSG00000184277,TM2D3,46.8,26.2,20.5,0.797,-0.3,1.5e-01,1.0e+00,0.4502,1408,28,32,19,26,18,25,19,20
ENSG00000033050,ABCF2,66.5,29.2,37.2,1.27,0.3,1.5e-01,1.0e+00,0.4502,1408,33,23,34,27,39,27,50,33
ENSG00000153140,CETN3,20.8,12.2,8.5,0.71,-0.5,1.5e-01,1.0e+00,0.4502,1409,11,12,17,9,10,8,5,11
ENSG00000162910,MRPL55,23.5,13.8,9.8,0.712,-0.5,1.5e-01,1.0e+00,0.4502,1409,14,16,7,18,9,9,12,9
ENSG00000176531,PHLDB3,20.8,12,8.8,0.745,-0.4,1.5e-01,1.0e+00,0.4503,1410,10,13,11,14,11,6,10,8
ENSG00000153006,SREK1IP1,39.2,17.2,22,1.265,0.3,1.5e-01,1.0e+00,0.4503,1410,17,18,19,15,20,16,26,26
ENSG00000065060,BLTP3A,40,22.8,17.2,0.767,-0.4,1.5e-01,1.0e+00,0.4508,1412,26,14,25,26,20,16,20,13
ENSG00000178761,FAM219B,90,49,41,0.839,-0.3,1.5e-01,1.0e+00,0.4508,1413,45,47,53,51,50,44,31,39
ENSG00000028839,TBPL1,26.8,15.8,11,0.703,-0.5,1.5e-01,1.0e+00,0.4516,1416,18,15,16,14,16,12,4,12
ENSG00000126368,NR1D1,34.5,19.8,14.8,0.743,-0.4,1.5e-01,1.0e+00,0.4516,1416,30,15,15,19,15,18,15,11
ENSG00000111424,VDR,87.5,48,39.5,0.819,-0.3,1.5e-01,1.0e+00,0.4516,1417,50,48,47,47,45,33,51,29
ENSG00000143845,ETNK2,22,9,13,1.468,0.6,1.6e-01,1.0e+00,0.4519,1418,11,8,7,10,14,12,6,20
ENSG00000089234,BRAP,42,18.2,23.8,1.298,0.4,1.6e-01,1.0e+00,0.4519,1419,18,13,21,21,18,32,25,20
ENSG00000125166,GOT2,67.5,30.8,36.8,1.193,0.3,1.6e-01,1.0e+00,0.4525,1421,29,28,31,35,34,41,41,31
ENSG00000112146,FBXO9,114,52.5,61.5,1.173,0.2,1.6e-01,1.0e+00,0.453,1423,48,54,48,60,60,70,50,66
ENSG00000198919,DZIP3,60.5,33.2,27.2,0.823,-0.3,1.6e-01,1.0e+00,0.4532,1424,39,34,25,35,27,30,25,27
ENSG00000168137,SETD5,200.5,106.8,93.8,0.879,-0.2,1.6e-01,1.0e+00,0.4532,1425,103,111,118,95,101,88,100,86
ENSG00000164535,DAGLB,28.8,12.2,16.5,1.324,0.4,1.6e-01,1.0e+00,0.4532,1425,16,12,10,11,15,16,13,22
ENSG00000289027,ENSG00000289027,21.5,16.2,5.2,0.312,-1.7,1.6e-01,1.0e+00,0.4532,1425,14,0,29,22,0,21,0,0
ENSG00000125875,TBC1D20,136,73.2,62.8,0.857,-0.2,1.6e-01,1.0e+00,0.4532,1426,78,68,74,73,75,51,58,67
ENSG00000079150,FKBP7,59.5,33.2,26.2,0.794,-0.3,1.6e-01,1.0e+00,0.4548,1431,44,27,27,35,27,22,24,32
ENSG00000271383,NBPF19,46,27,19,0.707,-0.5,1.6e-01,1.0e+00,0.4548,1432,21,17,38,32,16,11,28,21
ENSG00000100364,KIAA0930,156,86.8,69.2,0.799,-0.3,1.6e-01,1.0e+00,0.4554,1434,108,75,103,61,90,57,66,64
ENSG00000123130,ACOT9,89,41,48,1.165,0.2,1.6e-01,1.0e+00,0.4556,1435,38,46,42,38,52,43,44,53
ENSG00000113597,TRAPPC13,25.2,14.5,10.8,0.757,-0.4,1.6e-01,1.0e+00,0.4557,1436,13,17,17,11,13,12,10,8
ENSG00000198900,TOP1,118.5,64.8,53.8,0.828,-0.3,1.6e-01,1.0e+00,0.4557,1436,49,66,71,73,50,48,69,48
ENSG00000004975,DVL2,83.2,46,37.2,0.814,-0.3,1.6e-01,1.0e+00,0.4557,1437,57,35,50,42,42,35,29,43
ENSG00000213614,HEXA,345,185,160,0.866,-0.2,1.6e-01,1.0e+00,0.4559,1438,186,200,209,145,152,162,176,150
ENSG00000138381,ASNSD1,81.2,35.2,46,1.298,0.4,1.6e-01,1.0e+00,0.4559,1438,19,39,41,42,38,58,41,47
ENSG00000086015,MAST2,151.5,82.2,69.2,0.839,-0.3,1.6e-01,1.0e+00,0.4561,1439,64,100,90,75,80,67,58,72
ENSG00000137500,CCDC90B,73.5,40.2,33.2,0.828,-0.3,1.6e-01,1.0e+00,0.4562,1440,47,34,36,44,31,27,38,37
ENSG00000060971,ACAA1,63.8,28.2,35.5,1.266,0.3,1.6e-01,1.0e+00,0.4562,1441,22,33,23,35,46,31,36,29
ENSG00000116604,MEF2D,154.2,71,83.2,1.169,0.2,1.6e-01,1.0e+00,0.4565,1442,65,65,68,86,87,81,70,95
ENSG00000276111,SDCCAG8,26.8,16.2,10.5,0.651,-0.6,1.6e-01,1.0e+00,0.4567,1443,15,16,16,18,10,2,13,17
ENSG00000163517,HDAC11,33,19,14,0.732,-0.4,1.6e-01,1.0e+00,0.4574,1446,18,11,25,22,13,20,10,13
ENSG00000105819,PMPCB,85.8,39.5,46.2,1.168,0.2,1.6e-01,1.0e+00,0.4574,1446,45,38,42,33,44,45,50,46
ENSG00000085644,ZNF213,27.2,17.5,9.8,0.563,-0.8,1.6e-01,1.0e+00,0.4574,1447,24,13,15,18,17,9,0,13
ENSG00000167232,ZNF91,29,17.2,11.8,0.697,-0.5,1.6e-01,1.0e+00,0.4574,1447,10,15,25,19,8,14,16,9
ENSG00000171490,RSL1D1,171.2,78.8,92.5,1.169,0.2,1.6e-01,1.0e+00,0.4576,1448,72,84,87,72,114,78,93,85
ENSG00000164897,TMUB1,26.5,15,11.5,0.772,-0.4,1.6e-01,1.0e+00,0.4577,1449,17,11,14,18,13,9,11,13
ENSG00000141084,RANBP10,42.5,18.8,23.8,1.278,0.4,1.6e-01,1.0e+00,0.4577,1449,21,21,17,16,18,24,32,21
ENSG00000234616,JRK,41.2,23.2,18,0.782,-0.4,1.6e-01,1.0e+00,0.4578,1450,27,23,20,23,12,18,23,19
ENSG00000054148,PHPT1,74.8,42.5,32.2,0.755,-0.4,1.6e-01,1.0e+00,0.4578,1451,64,41,34,31,44,30,30,25
ENSG00000124299,PEPD,131,71.2,59.8,0.838,-0.3,1.6e-01,1.0e+00,0.4578,1451,80,58,75,72,51,55,56,77
ENSG00000139174,PRICKLE1,51,29.2,21.8,0.747,-0.4,1.6e-01,1.0e+00,0.4578,1452,33,30,27,27,13,35,21,18
ENSG00000173915,ATP5MK,50.5,22,28.5,1.307,0.4,1.6e-01,1.0e+00,0.4578,1452,34,17,19,18,31,26,34,23
ENSG00000169241,SLC50A1,28.8,17.5,11.2,0.661,-0.6,1.6e-01,1.0e+00,0.4581,1453,18,17,18,17,20,9,13,3
ENSG00000130479,MAP1S,52.5,23.5,29,1.246,0.3,1.6e-01,1.0e+00,0.4581,1454,28,25,17,24,30,23,29,34
ENSG00000136068,FLNB,185.5,81.2,104.2,1.278,0.4,1.6e-01,1.0e+00,0.4583,1455,83,92,48,102,77,96,121,123
ENSG00000274047,SYNRG,37.2,22.2,15,0.675,-0.6,1.6e-01,1.0e+00,0.4583,1456,36,10,27,16,10,19,16,15
ENSG00000119760,SUPT7L,72.5,40.2,32.2,0.799,-0.3,1.6e-01,1.0e+00,0.4583,1456,38,47,37,39,38,20,38,33
ENSG00000091436,MAP3K20,403.2,213.8,189.5,0.888,-0.2,1.6e-01,1.0e+00,0.4596,1461,227,203,235,190,202,179,190,187
ENSG00000100934,SEC23A,319.5,150.2,169.2,1.128,0.2,1.6e-01,1.0e+00,0.4596,1461,164,142,135,160,167,166,186,158
ENSG00000118596,SLC16A7,94.8,41.8,53,1.27,0.3,1.6e-01,1.0e+00,0.4598,1462,42,38,41,46,46,65,32,69
ENSG00000110713,NUP98,191,88.2,102.8,1.163,0.2,1.6e-01,1.0e+00,0.4599,1463,72,89,102,90,87,105,116,103
ENSG00000158552,ZFAND2B,32.5,19.2,13.2,0.708,-0.5,1.6e-01,1.0e+00,0.46,1464,28,15,17,17,18,8,9,18
ENSG00000112062,MAPK14,103.2,47.8,55.5,1.157,0.2,1.6e-01,1.0e+00,0.46,1464,48,53,44,46,49,56,64,53
ENSG00000118363,SPCS2,99.8,45.2,54.5,1.205,0.3,1.6e-01,1.0e+00,0.46,1464,46,47,40,48,69,45,61,43
ENSG00000160299,PCNT,88.2,49,39.2,0.797,-0.3,1.6e-01,1.0e+00,0.46,1465,42,39,49,66,51,30,41,35
ENSG00000124788,ATXN1,107.8,60.2,47.5,0.789,-0.3,1.6e-01,1.0e+00,0.46,1465,65,64,37,75,57,48,35,50
ENSG00000113649,TCERG1,69,38.8,30.2,0.773,-0.4,1.6e-01,1.0e+00,0.4607,1468,41,43,41,30,27,21,46,27
ENSG00000171723,GPHN,19.8,11.8,8,0.696,-0.5,1.6e-01,1.0e+00,0.4607,1469,12,10,14,11,14,5,5,8
ENSG00000122359,ANXA11,667.8,303.2,364.5,1.202,0.3,1.6e-01,1.0e+00,0.4607,1469,324,375,233,281,311,413,309,425
ENSG00000139826,ABHD13,36,15,21,1.387,0.5,1.6e-01,1.0e+00,0.4607,1470,16,16,10,18,17,34,15,18
ENSG00000117543,DPH5,37,21.2,15.8,0.756,-0.4,1.6e-01,1.0e+00,0.4607,1470,24,21,19,21,23,18,12,10
ENSG00000067829,IDH3G,62,34,28,0.821,-0.3,1.6e-01,1.0e+00,0.4607,1471,39,29,32,36,32,21,30,29
ENSG00000110492,MDK,127.8,71,56.8,0.804,-0.3,1.6e-01,1.0e+00,0.4607,1471,90,58,76,60,71,40,64,52
ENSG00000174891,RSRC1,33.8,19.2,14.5,0.752,-0.4,1.6e-01,1.0e+00,0.4619,1475,16,12,28,21,14,13,15,16
ENSG00000003756,RBM5,257.2,135.5,121.8,0.898,-0.2,1.6e-01,1.0e+00,0.4619,1476,138,137,140,127,119,121,116,131
ENSG00000111252,SH2B3,101.5,43.5,58,1.329,0.4,1.6e-01,1.0e+00,0.4622,1477,37,46,29,62,46,70,40,76
ENSG00000127419,TMEM175,33.8,19,14.8,0.779,-0.4,1.6e-01,1.0e+00,0.4624,1478,19,21,20,16,18,16,9,16
ENSG00000122545,SEPTIN7,765.2,349.2,416,1.191,0.3,1.6e-01,1.0e+00,0.4624,1479,326,435,268,368,367,499,381,417
ENSG00000117020,AKT3,97.2,41.5,55.8,1.346,0.4,1.6e-01,1.0e+00,0.4626,1480,37,52,32,45,64,81,29,49
ENSG00000175105,ZNF654,47,21,26,1.249,0.3,1.6e-01,1.0e+00,0.4626,1480,24,24,19,17,23,21,32,28
ENSG00000105732,ZNF574,23,13.8,9.2,0.675,-0.6,1.6e-01,1.0e+00,0.4629,1482,18,14,12,11,16,5,11,5
ENSG00000197712,FAM114A1,353.8,186.5,167.2,0.898,-0.2,1.6e-01,1.0e+00,0.463,1482,176,187,186,197,179,156,166,168
ENSG00000150459,SAP18,175.8,82,93.8,1.142,0.2,1.6e-01,1.0e+00,0.463,1483,81,74,92,81,81,95,95,104
ENSG00000113811,SELENOK,30.2,13.5,16.8,1.244,0.3,1.6e-01,1.0e+00,0.4631,1484,13,11,15,15,18,17,18,14
ENSG00000106546,AHR,154.8,86.2,68.5,0.793,-0.3,1.6e-01,1.0e+00,0.4631,1484,62,112,81,90,45,73,82,74
ENSG00000132424,PNISR,290.2,154.8,135.5,0.876,-0.2,1.6e-01,1.0e+00,0.4631,1485,138,143,185,153,124,144,131,143
ENSG00000183255,PTTG1IP,593.2,274.2,319,1.163,0.2,1.6e-01,1.0e+00,0.4631,1485,228,290,305,274,255,367,320,334
ENSG00000100441,KHNYN,146.8,67.8,79,1.169,0.2,1.6e-01,1.0e+00,0.4633,1486,68,68,69,66,58,91,83,84
ENSG00000280663,PCMTD2,30.5,18.8,11.8,0.624,-0.7,1.6e-01,1.0e+00,0.4635,1487,29,11,21,14,7,23,12,5
ENSG00000136522,MRPL47,28,15.8,12.2,0.781,-0.4,1.6e-01,1.0e+00,0.4635,1488,16,17,15,15,17,9,12,11
ENSG00000151239,TWF1,250.8,135,115.8,0.857,-0.2,1.6e-01,1.0e+00,0.4641,1490,129,137,153,121,139,111,122,91
ENSG00000136630,HLX,31,13.5,17.5,1.28,0.4,1.6e-01,1.0e+00,0.4642,1491,13,11,14,16,14,23,18,15
ENSG00000103653,CSK,43.2,24.5,18.8,0.782,-0.4,1.6e-01,1.0e+00,0.4642,1492,23,28,28,19,23,14,23,15
ENSG00000128272,ATF4,495.8,266.5,229.2,0.86,-0.2,1.6e-01,1.0e+00,0.4642,1492,257,245,275,289,190,221,215,291
ENSG00000165684,SNAPC4,24.2,13.8,10.5,0.768,-0.4,1.6e-01,1.0e+00,0.4644,1493,14,13,16,12,9,13,8,12
ENSG00000148481,MINDY3,46.2,26.5,19.8,0.754,-0.4,1.6e-01,1.0e+00,0.4644,1494,28,26,27,25,24,25,9,21
ENSG00000163348,PYGO2,55,30.5,24.5,0.812,-0.3,1.6e-01,1.0e+00,0.4644,1494,25,30,33,34,32,25,20,21
ENSG00000117481,NSUN4,25.5,11.2,14.2,1.288,0.4,1.6e-01,1.0e+00,0.4644,1495,10,9,11,15,15,12,16,14
ENSG00000113594,LIFR,48,21.2,26.8,1.257,0.3,1.6e-01,1.0e+00,0.4645,1495,21,18,22,24,27,27,18,35
ENSG00000139613,SMARCC2,247.2,132.8,114.5,0.861,-0.2,1.6e-01,1.0e+00,0.4646,1496,132,129,145,125,103,91,132,132
ENSG00000163605,PPP4R2,95.5,51.8,43.8,0.846,-0.2,1.6e-01,1.0e+00,0.4654,1499,59,42,51,55,42,36,51,46
ENSG00000197956,S100A6,1875,1015.8,859.2,0.846,-0.2,1.6e-01,1.0e+00,0.4658,1501,1118,1051,769,1125,1002,900,701,834
ENSG00000155816,FMN2,32.2,13,19.2,1.463,0.5,1.6e-01,1.0e+00,0.4658,1501,16,14,14,8,11,27,27,12
ENSG00000176903,PNMA1,84.5,46,38.5,0.838,-0.3,1.6e-01,1.0e+00,0.4658,1502,38,44,53,49,43,32,34,45
ENSG00000138640,FAM13A,80.2,36.5,43.8,1.193,0.3,1.6e-01,1.0e+00,0.466,1503,38,33,44,31,42,37,51,45
ENSG00000135185,TMEM243,20.8,8.2,12.5,1.511,0.6,1.6e-01,1.0e+00,0.466,1503,11,5,11,6,13,20,6,11
ENSG00000166847,DCTN5,166.8,91.2,75.5,0.829,-0.3,1.6e-01,1.0e+00,0.466,1504,82,94,117,72,76,93,70,63
ENSG00000176171,BNIP3,214.5,91.5,123,1.346,0.4,1.6e-01,1.0e+00,0.4663,1505,109,98,79,80,99,95,215,83
ENSG00000052749,RRP12,29.8,17,12.8,0.757,-0.4,1.6e-01,1.0e+00,0.4664,1506,18,17,19,14,9,12,19,11
ENSG00000100442,FKBP3,56.8,32,24.8,0.785,-0.3,1.6e-01,1.0e+00,0.4664,1506,33,22,40,33,26,24,31,18
ENSG00000173812,EIF1,547,254,293,1.155,0.2,1.6e-01,1.0e+00,0.4664,1507,230,264,230,292,277,342,246,307
ENSG00000108064,TFAM,30.5,17.8,12.8,0.725,-0.5,1.7e-01,1.0e+00,0.4671,1510,16,13,15,27,12,10,19,10
ENSG00000179152,TCAIM,40.2,18,22.2,1.245,0.3,1.7e-01,1.0e+00,0.4674,1511,20,21,13,18,21,23,19,26
ENSG00000198087,CD2AP,52.2,29.2,23,0.802,-0.3,1.7e-01,1.0e+00,0.4674,1512,34,35,23,25,27,25,18,22
ENSG00000147905,ZCCHC7,30.8,17.2,13.5,0.788,-0.3,1.7e-01,1.0e+00,0.4674,1512,15,15,20,19,13,10,14,17
ENSG00000108465,CDK5RAP3,136.5,63,73.5,1.17,0.2,1.7e-01,1.0e+00,0.4677,1513,56,60,72,64,90,64,64,76
ENSG00000130803,ZNF317,51,28.5,22.5,0.797,-0.3,1.7e-01,1.0e+00,0.4677,1514,19,38,27,30,22,25,22,21
ENSG00000177565,TBL1XR1,187.8,100,87.8,0.877,-0.2,1.7e-01,1.0e+00,0.4678,1515,88,106,98,108,89,99,85,78
ENSG00000280495,TRAPPC4,47,21.5,25.5,1.196,0.3,1.7e-01,1.0e+00,0.4678,1515,19,24,20,23,23,25,25,29
ENSG00000198740,ZNF652,32.2,18.5,13.8,0.736,-0.4,1.7e-01,1.0e+00,0.4682,1517,14,16,26,18,15,17,16,7
ENSG00000175893,ZDHHC21,35.8,15.2,20.5,1.331,0.4,1.7e-01,1.0e+00,0.4683,1518,17,18,9,17,14,22,23,23
ENSG00000141098,GFOD2,29.8,17.5,12.2,0.707,-0.5,1.7e-01,1.0e+00,0.4683,1518,17,10,20,23,12,7,11,19
ENSG00000103168,TAF1C,55.8,25,30.8,1.229,0.3,1.7e-01,1.0e+00,0.4683,1519,24,26,30,20,39,28,27,29
ENSG00000143457,GOLPH3L,50,27.5,22.5,0.811,-0.3,1.7e-01,1.0e+00,0.4683,1519,25,25,30,30,17,26,20,27
ENSG00000129003,VPS13C,216.5,117.5,99,0.843,-0.2,1.7e-01,1.0e+00,0.4685,1520,122,93,105,150,101,84,98,113
ENSG00000084731,KIF3C,58.2,32,26.2,0.822,-0.3,1.7e-01,1.0e+00,0.4685,1521,27,34,35,32,28,27,19,31
ENSG00000150995,ITPR1,217.5,98,119.5,1.22,0.3,1.7e-01,1.0e+00,0.4685,1521,130,100,80,82,128,123,88,139
ENSG00000173457,PPP1R14B,64.2,35.5,28.8,0.811,-0.3,1.7e-01,1.0e+00,0.4685,1522,28,40,33,41,30,23,36,26
ENSG00000119280,C1orf198,240.5,102,138.5,1.357,0.4,1.7e-01,1.0e+00,0.4685,1522,64,139,91,114,81,175,188,110
ENSG00000058453,CROCC,47.5,20.8,26.8,1.287,0.4,1.7e-01,1.0e+00,0.4687,1523,28,15,17,23,28,20,26,33
ENSG00000196154,S100A4,301.2,167.8,133.5,0.798,-0.3,1.7e-01,1.0e+00,0.4691,1525,175,205,115,176,128,164,89,153
ENSG00000143164,DCAF6,249,111.8,137.2,1.227,0.3,1.7e-01,1.0e+00,0.4692,1526,85,109,153,100,107,131,143,168
ENSG00000122912,SLC25A16,30,16.8,13.2,0.796,-0.3,1.7e-01,1.0e+00,0.4692,1526,14,17,17,19,12,12,17,12
ENSG00000175104,TRAF6,34.2,15.5,18.8,1.231,0.3,1.7e-01,1.0e+00,0.4693,1527,13,15,19,15,20,18,18,19
ENSG00000139990,DCAF5,106.5,56.5,50,0.882,-0.2,1.7e-01,1.0e+00,0.4693,1528,55,56,59,56,45,52,53,50
ENSG00000141429,GALNT1,150.8,81.2,69.5,0.853,-0.2,1.7e-01,1.0e+00,0.4694,1528,87,86,80,72,85,56,62,75
ENSG00000006744,ELAC2,80.8,36.8,44,1.197,0.3,1.7e-01,1.0e+00,0.4699,1531,34,35,45,33,52,37,48,39
ENSG00000133858,ZFC3H1,202.2,92.5,109.8,1.185,0.2,1.7e-01,1.0e+00,0.4705,1533,79,107,104,80,87,125,102,125
ENSG00000135269,TES,112.5,63,49.5,0.784,-0.4,1.7e-01,1.0e+00,0.4707,1534,44,74,83,51,60,51,52,35
ENSG00000089472,HEPH,249.8,139.5,110.2,0.787,-0.3,1.7e-01,1.0e+00,0.4708,1535,104,129,194,131,71,111,138,121
ENSG00000089916,GPATCH2L,95,51.5,43.5,0.845,-0.2,1.7e-01,1.0e+00,0.4708,1535,56,50,57,43,36,39,50,49
ENSG00000198642,KLHL9,108.2,50.2,58,1.154,0.2,1.7e-01,1.0e+00,0.4708,1536,50,49,43,59,61,52,58,61
ENSG00000174243,DDX23,126.2,69,57.2,0.829,-0.3,1.7e-01,1.0e+00,0.4708,1536,66,64,80,66,68,65,57,39
ENSG00000148154,UGCG,141.8,58.5,83.2,1.43,0.5,1.7e-01,1.0e+00,0.4708,1537,43,70,77,44,59,65,154,55
ENSG00000174307,PHLDA3,166,90.8,75.2,0.827,-0.3,1.7e-01,1.0e+00,0.471,1538,107,88,64,104,88,60,78,75
ENSG00000092148,HECTD1,545.2,297.2,248,0.835,-0.3,1.7e-01,1.0e+00,0.471,1538,270,329,237,353,232,256,194,310
ENSG00000173599,PC,53,22,31,1.417,0.5,1.7e-01,1.0e+00,0.471,1539,27,26,23,12,49,18,24,33
ENSG00000047346,ATOSA,64.5,36.8,27.8,0.762,-0.4,1.7e-01,1.0e+00,0.471,1539,42,36,27,42,18,37,20,36
ENSG00000143155,TIPRL,75.5,34.8,40.8,1.179,0.2,1.7e-01,1.0e+00,0.471,1540,37,34,37,31,47,34,37,45
ENSG00000069275,NUCKS1,472.5,254.5,218,0.857,-0.2,1.7e-01,1.0e+00,0.471,1540,262,239,286,231,214,217,270,171
ENSG00000137770,CTDSPL2,38.5,16.8,21.8,1.305,0.4,1.7e-01,1.0e+00,0.471,1541,15,9,23,20,21,22,24,20
ENSG00000181045,SLC26A11,28.8,17.2,11.5,0.676,-0.6,1.7e-01,1.0e+00,0.471,1541,10,20,23,16,14,16,4,12
ENSG00000173327,MAP3K11,44.5,19.5,25,1.276,0.4,1.7e-01,1.0e+00,0.471,1542,25,15,19,19,33,19,22,26
ENSG00000281490,CICP14,22.2,13,9.2,0.726,-0.5,1.7e-01,1.0e+00,0.471,1542,12,17,13,10,13,6,11,7
ENSG00000079785,DDX1,169.5,90,79.5,0.88,-0.2,1.7e-01,1.0e+00,0.471,1543,98,87,91,84,89,85,75,69
ENSG00000165886,UBTD1,37.2,21.5,15.8,0.733,-0.4,1.7e-01,1.0e+00,0.4711,1543,21,10,29,26,18,17,13,15
ENSG00000166402,TUB,57,31.5,25.5,0.812,-0.3,1.7e-01,1.0e+00,0.4711,1544,26,27,36,37,24,21,25,32
ENSG00000113319,RASGRF2,37,22.2,14.8,0.664,-0.6,1.7e-01,1.0e+00,0.4711,1544,18,13,39,19,16,9,24,10
ENSG00000114331,ACAP2,185.8,99.2,86.5,0.869,-0.2,1.7e-01,1.0e+00,0.4711,1545,90,81,113,113,86,83,90,87
ENSG00000163743,RCHY1,20,8.8,11.2,1.308,0.4,1.7e-01,1.0e+00,0.4711,1545,9,6,11,9,12,11,12,10
ENSG00000168522,FNTA,106.8,48.5,58.2,1.2,0.3,1.7e-01,1.0e+00,0.4711,1546,53,47,40,54,46,74,53,60
ENSG00000071575,TRIB2,32.5,18.5,14,0.751,-0.4,1.7e-01,1.0e+00,0.4711,1546,18,18,15,23,9,17,11,19
ENSG00000283510,INO80D,30.8,13.2,17.5,1.327,0.4,1.7e-01,1.0e+00,0.4711,1547,12,11,12,18,13,20,14,23
ENSG00000172932,ANKRD13D,31.2,13.2,18,1.376,0.5,1.7e-01,1.0e+00,0.4711,1547,19,8,11,15,23,11,19,19
ENSG00000102265,TIMP1,1348.8,748.8,600,0.801,-0.3,1.7e-01,1.0e+00,0.4711,1548,579,733,794,889,369,742,684,605
ENSG00000118965,WDR35,40.2,22.5,17.8,0.805,-0.3,1.7e-01,1.0e+00,0.4711,1548,20,25,21,24,18,13,23,17
ENSG00000047230,CTPS2,23.2,10,13.2,1.347,0.4,1.7e-01,1.0e+00,0.4716,1550,6,12,11,11,10,14,14,15
ENSG00000102030,NAA10,50.8,28,22.8,0.822,-0.3,1.7e-01,1.0e+00,0.4718,1551,25,25,35,27,23,20,26,22
ENSG00000003436,TFPI,404.5,220,184.5,0.84,-0.3,1.7e-01,1.0e+00,0.4718,1552,206,234,262,178,227,196,172,143
ENSG00000166033,HTRA1,247.2,136.5,110.8,0.809,-0.3,1.7e-01,1.0e+00,0.4718,1552,112,114,191,129,91,93,138,121
ENSG00000077458,FAM76B,26,11.2,14.8,1.312,0.4,1.7e-01,1.0e+00,0.4719,1553,11,14,11,9,11,17,13,18
ENSG00000132286,TIMM10B,40,22.5,17.5,0.783,-0.4,1.7e-01,1.0e+00,0.4719,1553,20,25,23,22,18,22,20,10
ENSG00000161547,SRSF2,151.8,83,68.8,0.83,-0.3,1.7e-01,1.0e+00,0.4719,1554,73,102,72,85,88,71,64,52
ENSG00000107521,HPS1,164,77,87,1.131,0.2,1.7e-01,1.0e+00,0.472,1555,86,75,75,72,97,81,87,83
ENSG00000114686,MRPL3,62.8,34,28.8,0.848,-0.2,1.7e-01,1.0e+00,0.472,1555,28,37,35,36,30,31,27,27
ENSG00000173621,LRFN4,23.5,9.2,14.2,1.548,0.6,1.7e-01,1.0e+00,0.4726,1558,13,8,11,5,20,5,13,19
ENSG00000115364,MRPL19,63.8,36,27.8,0.775,-0.4,1.7e-01,1.0e+00,0.4728,1559,38,34,29,43,22,23,44,22
ENSG00000032444,PNPLA6,120.2,56,64.2,1.148,0.2,1.7e-01,1.0e+00,0.4729,1560,66,50,58,50,62,63,68,64
ENSG00000143147,GPR161,118.2,53.8,64.5,1.198,0.3,1.7e-01,1.0e+00,0.4731,1561,55,45,54,61,76,61,47,74
ENSG00000120896,SORBS3,299,135.5,163.5,1.208,0.3,1.7e-01,1.0e+00,0.4732,1562,130,146,116,150,185,186,105,178
ENSG00000163623,NKX6-1,100,46,54,1.169,0.2,1.7e-01,1.0e+00,0.4732,1562,56,45,41,42,54,60,56,46
ENSG00000151917,BEND6,28.2,16.5,11.8,0.712,-0.5,1.7e-01,1.0e+00,0.4736,1564,13,25,12,16,12,18,10,7
ENSG00000181315,ZNF322,47.2,26.2,21,0.81,-0.3,1.7e-01,1.0e+00,0.4738,1565,29,23,31,22,20,17,24,23
ENSG00000072840,EVC,234,125.2,108.8,0.869,-0.2,1.7e-01,1.0e+00,0.4738,1566,148,115,106,132,122,101,100,112
ENSG00000127920,GNG11,77,33,44,1.332,0.4,1.7e-01,1.0e+00,0.4738,1566,31,32,40,29,39,27,72,38
ENSG00000165675,ENOX2,27.5,11.5,16,1.364,0.4,1.7e-01,1.0e+00,0.4738,1566,16,13,6,11,16,19,17,12
ENSG00000144455,SUMF1,151.2,81.5,69.8,0.854,-0.2,1.7e-01,1.0e+00,0.4738,1567,91,82,60,93,66,66,75,72
ENSG00000126464,PRR12,56.8,25.5,31.2,1.237,0.3,1.7e-01,1.0e+00,0.4738,1567,31,25,27,19,33,33,36,23
ENSG00000162944,RFTN2,23,13.8,9.2,0.688,-0.5,1.7e-01,1.0e+00,0.4739,1568,10,17,16,12,9,7,5,16
ENSG00000173402,DAG1,229.2,105.2,124,1.177,0.2,1.7e-01,1.0e+00,0.4739,1568,92,116,102,111,95,150,111,140
ENSG00000115540,MOB4,45.2,19.8,25.5,1.275,0.4,1.7e-01,1.0e+00,0.4739,1569,16,18,20,25,18,24,33,27
ENSG00000084112,SSH1,221.5,103.5,118,1.137,0.2,1.7e-01,1.0e+00,0.4742,1570,91,114,98,111,118,110,135,109
ENSG00000145391,SETD7,354.2,167,187.2,1.121,0.2,1.7e-01,1.0e+00,0.4743,1571,155,166,189,158,182,189,176,202
ENSG00000175745,NR2F1,326.5,179.8,146.8,0.815,-0.3,1.7e-01,1.0e+00,0.4743,1572,218,124,204,173,188,116,150,133
ENSG00000198105,ZNF248,23.2,13.5,9.8,0.739,-0.4,1.7e-01,1.0e+00,0.4743,1572,13,12,10,19,10,7,9,13
ENSG00000065150,IPO5,353.2,189,164.2,0.869,-0.2,1.7e-01,1.0e+00,0.4743,1573,205,177,154,220,148,166,161,182
ENSG00000013503,POLR3B,23.8,10.2,13.5,1.307,0.4,1.7e-01,1.0e+00,0.4743,1573,13,10,10,8,17,10,14,13
ENSG00000059378,PARP12,21,12.2,8.8,0.718,-0.5,1.7e-01,1.0e+00,0.4743,1574,13,13,11,12,7,14,5,9
ENSG00000108518,PFN1,518,237,281,1.185,0.2,1.7e-01,1.0e+00,0.4746,1575,242,257,200,249,306,273,343,202
ENSG00000187210,GCNT1,140,58.5,81.5,1.391,0.5,1.7e-01,1.0e+00,0.4752,1578,41,90,29,74,59,101,97,69
ENSG00000006712,PAF1,97.5,53,44.5,0.842,-0.2,1.7e-01,1.0e+00,0.4752,1578,38,60,58,56,44,48,38,48
ENSG00000225830,ERCC6,37,21,16,0.765,-0.4,1.7e-01,1.0e+00,0.4752,1579,13,27,19,25,14,21,15,14
ENSG00000132434,LANCL2,26.8,15.5,11.2,0.731,-0.5,1.7e-01,1.0e+00,0.4752,1579,13,12,16,21,12,11,16,6
ENSG00000143401,ANP32E,47.2,26.5,20.8,0.8,-0.3,1.7e-01,1.0e+00,0.4752,1580,26,25,23,32,21,26,14,22
ENSG00000204859,ZBTB48,18,10.8,7.2,0.675,-0.6,1.7e-01,1.0e+00,0.4752,1580,13,12,6,12,9,4,5,11
ENSG00000031081,ARHGAP31,31.8,19,12.8,0.688,-0.5,1.7e-01,1.0e+00,0.4752,1581,21,20,19,16,5,9,22,15
ENSG00000104885,DOT1L,30.5,13.2,17.2,1.284,0.4,1.7e-01,1.0e+00,0.4756,1582,16,10,17,10,18,20,15,16
ENSG00000198818,SFT2D1,38.2,15.5,22.8,1.49,0.6,1.7e-01,1.0e+00,0.4756,1583,17,21,3,21,24,21,23,23
ENSG00000130713,EXOSC2,23.5,13.8,9.8,0.727,-0.5,1.7e-01,1.0e+00,0.4756,1583,12,12,12,19,6,9,10,14
ENSG00000103342,GSPT1,205,95.2,109.8,1.152,0.2,1.7e-01,1.0e+00,0.4756,1584,104,103,82,92,113,127,109,90
ENSG00000062485,CS,161.8,86.2,75.5,0.871,-0.2,1.7e-01,1.0e+00,0.4756,1584,97,82,89,77,90,71,67,74
ENSG00000120063,GNA13,100.5,54.5,46,0.841,-0.2,1.7e-01,1.0e+00,0.4756,1585,68,45,46,59,53,43,42,46
ENSG00000105953,OGDH,102.5,54.5,48,0.88,-0.2,1.7e-01,1.0e+00,0.4756,1585,52,59,53,54,44,49,47,52
ENSG00000177951,BET1L,116,63.2,52.8,0.839,-0.3,1.7e-01,1.0e+00,0.4757,1586,74,58,54,67,67,45,45,54
ENSG00000166444,DENND2B,207.2,95,112.2,1.179,0.2,1.7e-01,1.0e+00,0.4757,1587,81,107,99,93,88,111,143,107
ENSG00000138942,RNF185,111.8,51.8,60,1.158,0.2,1.7e-01,1.0e+00,0.4758,1587,56,55,50,46,50,62,69,59
ENSG00000110435,PDHX,43,23.8,19.2,0.828,-0.3,1.7e-01,1.0e+00,0.4758,1588,29,23,22,21,20,19,18,20
ENSG00000126226,PCID2,70.5,39,31.5,0.804,-0.3,1.7e-01,1.0e+00,0.4758,1588,33,48,43,32,31,28,42,25
ENSG00000154640,BTG3,39.2,21.8,17.5,0.82,-0.3,1.7e-01,1.0e+00,0.4758,1589,20,25,24,18,20,17,16,17
ENSG00000159388,BTG2,80.8,44.8,36,0.804,-0.3,1.7e-01,1.0e+00,0.4758,1589,47,45,40,47,22,47,32,43
ENSG00000177200,CHD9,134,61.2,72.8,1.186,0.2,1.7e-01,1.0e+00,0.4758,1590,70,52,74,49,71,63,84,73
ENSG00000163939,PBRM1,134.5,73.2,61.2,0.834,-0.3,1.7e-01,1.0e+00,0.476,1591,89,53,66,85,66,58,54,67
ENSG00000050405,LIMA1,720.8,403,317.8,0.788,-0.3,1.7e-01,1.0e+00,0.4767,1594,263,478,470,401,238,317,448,268
ENSG00000143373,ZNF687,48.5,26.8,21.8,0.823,-0.3,1.7e-01,1.0e+00,0.4767,1594,29,26,28,24,18,19,27,23
ENSG00000148229,POLE3,38.2,17.2,21,1.225,0.3,1.7e-01,1.0e+00,0.4768,1595,18,15,19,17,18,27,20,19
ENSG00000198839,ZNF277,37.5,21,16.5,0.8,-0.3,1.7e-01,1.0e+00,0.4768,1595,18,27,19,20,20,17,16,13
ENSG00000274474,YWHAE,403.8,172.8,231,1.336,0.4,1.7e-01,1.0e+00,0.477,1597,88,241,209,153,160,273,274,217
ENSG00000236490,TAPBP,48.8,12.8,36,2.852,1.5,1.7e-01,1.0e+00,0.477,1597,0,51,0,0,57,49,12,26
ENSG00000182154,MRPL41,31.8,13.5,18.2,1.352,0.4,1.7e-01,1.0e+00,0.4771,1598,21,14,7,12,19,19,17,18
ENSG00000114054,PCCB,30.2,17.5,12.8,0.735,-0.4,1.7e-01,1.0e+00,0.4772,1599,16,18,22,14,9,11,21,10
ENSG00000125629,INSIG2,36.5,15.5,21,1.327,0.4,1.8e-01,1.0e+00,0.4779,1602,21,18,11,12,16,19,21,28
ENSG00000108641,B9D1,31.2,18.8,12.5,0.69,-0.5,1.8e-01,1.0e+00,0.4781,1603,9,24,18,24,8,9,17,16
ENSG00000170525,PFKFB3,225,95.2,129.8,1.36,0.4,1.8e-01,1.0e+00,0.4781,1603,140,51,120,70,174,120,133,92
ENSG00000173660,UQCRH,111.2,51.8,59.5,1.151,0.2,1.8e-01,1.0e+00,0.4781,1604,54,48,55,50,65,62,63,48
ENSG00000196459,TRAPPC2,24.2,14.8,9.5,0.65,-0.6,1.8e-01,1.0e+00,0.4781,1604,13,13,13,20,6,12,3,17
ENSG00000136527,TRA2B,105.8,57.8,48,0.833,-0.3,1.8e-01,1.0e+00,0.4781,1605,55,54,73,49,47,49,37,59
ENSG00000129235,TXNDC17,26.2,11.5,14.8,1.286,0.4,1.8e-01,1.0e+00,0.4781,1605,13,8,13,12,12,18,16,13
ENSG00000054965,FAM168A,147.5,79.2,68.2,0.861,-0.2,1.8e-01,1.0e+00,0.4781,1605,88,65,76,88,58,68,68,79
ENSG00000119328,ABITRAM,23.8,14,9.8,0.711,-0.5,1.8e-01,1.0e+00,0.4781,1606,7,15,21,13,11,8,11,9
ENSG00000116096,SPR,24,10.2,13.8,1.341,0.4,1.8e-01,1.0e+00,0.4781,1607,8,7,11,15,12,17,12,14
ENSG00000269713,NBPF9,366.5,196.2,170.2,0.868,-0.2,1.8e-01,1.0e+00,0.4781,1607,159,189,237,200,151,168,184,178
ENSG00000173113,TRMT112,84.5,37.5,47,1.25,0.3,1.8e-01,1.0e+00,0.4782,1608,43,37,39,31,67,33,43,45
ENSG00000185344,ATP6V0A2,50.5,22.8,27.8,1.234,0.3,1.8e-01,1.0e+00,0.4792,1612,24,22,24,21,24,35,20,32
ENSG00000219200,RNASEK,119.2,65.2,54,0.829,-0.3,1.8e-01,1.0e+00,0.4792,1612,55,78,76,52,47,66,56,47
ENSG00000106348,IMPDH1,71,30.8,40.2,1.301,0.4,1.8e-01,1.0e+00,0.4794,1613,30,38,27,28,50,21,49,41
ENSG00000072609,CHFR,35.5,16,19.5,1.223,0.3,1.8e-01,1.0e+00,0.48,1616,17,14,17,16,19,16,21,22
ENSG00000018625,ATP1A2,61.5,44,17.5,0.398,-1.3,1.8e-01,1.0e+00,0.48,1616,16,122,12,26,3,53,4,10
ENSG00000214013,GANC,39.2,16.2,23,1.418,0.5,1.8e-01,1.0e+00,0.48,1616,10,17,11,27,32,18,17,25
ENSG00000143324,XPR1,88,49,39,0.796,-0.3,1.8e-01,1.0e+00,0.48,1617,49,36,71,40,38,37,48,33
ENSG00000049167,ERCC8,25.5,14.8,10.8,0.746,-0.4,1.8e-01,1.0e+00,0.48,1617,11,14,20,14,9,8,11,15
ENSG00000177144,NUDT4B,30.8,9.2,21.5,2.314,1.2,1.8e-01,1.0e+00,0.48,1618,3,8,15,11,7,62,2,15
ENSG00000013619,MAMLD1,92.2,41.5,50.8,1.22,0.3,1.8e-01,1.0e+00,0.4804,1620,27,47,50,42,46,59,50,48
ENSG00000125257,ABCC4,115.5,51,64.5,1.271,0.3,1.8e-01,1.0e+00,0.4806,1621,63,33,70,38,65,60,77,56
ENSG00000166508,MCM7,55.5,31.2,24.2,0.791,-0.3,1.8e-01,1.0e+00,0.481,1623,33,32,24,36,33,25,16,23
ENSG00000156232,WHAMM,25.8,10.5,15.2,1.453,0.5,1.8e-01,1.0e+00,0.4811,1624,10,5,13,14,17,17,20,7
ENSG00000076928,ARHGEF1,96.5,43.5,53,1.218,0.3,1.8e-01,1.0e+00,0.4811,1624,54,34,43,43,55,52,66,39
ENSG00000069849,ATP1B3,140,63.8,76.2,1.206,0.3,1.8e-01,1.0e+00,0.483,1631,60,58,74,63,60,94,92,59
ENSG00000131725,WDR44,48.8,22,26.8,1.227,0.3,1.8e-01,1.0e+00,0.4834,1633,26,23,24,15,29,25,28,25
ENSG00000110104,CCDC86,28.8,12.2,16.5,1.343,0.4,1.8e-01,1.0e+00,0.4834,1633,15,12,13,9,16,13,25,12
ENSG00000161204,ABCF3,62.8,34.5,28.2,0.829,-0.3,1.8e-01,1.0e+00,0.4834,1634,35,35,30,38,30,25,36,22
ENSG00000198586,TLK1,140.5,76.2,64.2,0.845,-0.2,1.8e-01,1.0e+00,0.4834,1634,73,76,99,57,67,66,65,59
ENSG00000141736,ERBB2,139.2,58.5,80.8,1.383,0.5,1.8e-01,1.0e+00,0.4834,1635,77,22,80,55,69,85,68,101
ENSG00000266412,NCOA4,318.2,168.5,149.8,0.888,-0.2,1.8e-01,1.0e+00,0.4834,1635,188,170,151,165,160,160,132,147
ENSG00000047648,ARHGAP6,46.8,19.5,27.2,1.389,0.5,1.8e-01,1.0e+00,0.4834,1636,31,18,13,16,42,22,19,26
ENSG00000177556,ATOX1,60,34,26,0.768,-0.4,1.8e-01,1.0e+00,0.4834,1636,26,39,49,22,23,32,24,25
ENSG00000175595,ERCC4,39.5,22,17.5,0.801,-0.3,1.8e-01,1.0e+00,0.4835,1637,16,20,26,26,17,20,19,14
ENSG00000060688,SNRNP40,36.8,20,16.8,0.833,-0.3,1.8e-01,1.0e+00,0.4839,1639,20,18,23,19,16,17,18,16
ENSG00000134153,EMC7,89.2,41.2,48,1.161,0.2,1.8e-01,1.0e+00,0.484,1640,34,41,48,42,45,49,52,46
ENSG00000178802,MPI,49.5,28,21.5,0.777,-0.4,1.8e-01,1.0e+00,0.4841,1641,23,30,31,28,18,14,32,22
ENSG00000167461,RAB8A,82.8,44.5,38.2,0.856,-0.2,1.8e-01,1.0e+00,0.4841,1641,40,39,54,45,40,39,40,34
ENSG00000136010,ALDH1L2,176.5,96,80.5,0.841,-0.2,1.8e-01,1.0e+00,0.4844,1643,95,100,76,113,67,67,93,95
ENSG00000100300,TSPO,161,73.8,87.2,1.179,0.2,1.8e-01,1.0e+00,0.4848,1645,77,77,53,88,87,78,99,85
ENSG00000143479,DYRK3,44.5,24.8,19.8,0.797,-0.3,1.8e-01,1.0e+00,0.4848,1645,23,24,33,19,18,20,24,17
ENSG00000173960,UBXN2A,62.8,27.5,35.2,1.287,0.4,1.8e-01,1.0e+00,0.4851,1646,17,22,32,39,29,40,33,39
ENSG00000118508,RAB32,56.8,31.8,25,0.796,-0.3,1.8e-01,1.0e+00,0.4851,1647,38,30,32,27,33,18,29,20
ENSG00000182871,COL18A1,261,117.2,143.8,1.228,0.3,1.8e-01,1.0e+00,0.4853,1648,108,80,150,131,166,105,153,151
ENSG00000179833,SERTAD2,75.5,41.5,34,0.819,-0.3,1.8e-01,1.0e+00,0.4853,1649,40,32,42,52,42,27,30,37
ENSG00000100372,SLC25A17,23.5,10,13.5,1.318,0.4,1.8e-01,1.0e+00,0.4853,1649,13,7,11,9,10,16,14,14
ENSG00000131558,EXOC4,190,100.2,89.8,0.893,-0.2,1.8e-01,1.0e+00,0.4855,1650,105,92,100,104,90,96,80,93
ENSG00000069424,KCNAB2,18,7,11,1.587,0.7,1.8e-01,1.0e+00,0.4855,1651,3,12,3,10,13,14,7,10
ENSG00000105568,PPP2R1A,525.5,249,276.5,1.11,0.2,1.8e-01,1.0e+00,0.4856,1652,241,233,276,246,269,286,272,279
ENSG00000189001,SBSN,22,13.2,8.8,0.677,-0.6,1.8e-01,1.0e+00,0.4856,1652,6,14,18,15,5,8,9,13
ENSG00000082641,NFE2L1,982.5,453.8,528.8,1.165,0.2,1.8e-01,1.0e+00,0.4856,1653,379,505,422,509,487,604,431,593
ENSG00000103365,GGA2,104.8,58,46.8,0.808,-0.3,1.8e-01,1.0e+00,0.4856,1653,76,51,39,66,55,38,44,50
ENSG00000110931,CAMKK2,102.8,46.8,56,1.196,0.3,1.8e-01,1.0e+00,0.4856,1654,42,47,39,59,60,68,49,47
ENSG00000130224,LRCH2,31.5,12.5,19,1.507,0.6,1.8e-01,1.0e+00,0.4856,1654,7,7,26,10,15,16,20,25
ENSG00000124562,SNRPC,61.8,34,27.8,0.818,-0.3,1.8e-01,1.0e+00,0.4857,1655,40,35,26,35,35,23,26,27
ENSG00000115548,KDM3A,122.2,55.5,66.8,1.205,0.3,1.8e-01,1.0e+00,0.4857,1655,55,42,69,56,86,56,60,65
ENSG00000283391,EEF1B2,473.8,253.2,220.5,0.87,-0.2,1.8e-01,1.0e+00,0.4857,1656,275,242,243,253,280,203,209,190
ENSG00000114988,LMAN2L,33.8,14.8,19,1.29,0.4,1.8e-01,1.0e+00,0.4857,1656,16,14,13,16,20,23,11,22
ENSG00000175216,CKAP5,253,134.2,118.8,0.884,-0.2,1.8e-01,1.0e+00,0.4857,1657,126,132,145,134,102,130,110,133
ENSG00000110066,KMT5B,49.5,22.5,27,1.22,0.3,1.8e-01,1.0e+00,0.4857,1657,25,24,18,23,33,23,29,23
ENSG00000073711,PPP2R3A,55.2,31.5,23.8,0.765,-0.4,1.8e-01,1.0e+00,0.4857,1658,28,20,40,38,24,24,31,16
ENSG00000184349,EFNA5,22.8,9.5,13.2,1.414,0.5,1.8e-01,1.0e+00,0.4857,1658,6,15,6,11,11,12,13,17
ENSG00000114062,UBE3A,126.2,67.2,59,0.881,-0.2,1.8e-01,1.0e+00,0.4857,1659,77,63,65,64,63,55,62,56
ENSG00000167394,ZNF668,25.2,10.8,14.5,1.39,0.5,1.8e-01,1.0e+00,0.4857,1659,12,16,8,7,21,13,12,12
ENSG00000156521,TYSND1,25.5,10.5,15,1.42,0.5,1.8e-01,1.0e+00,0.4857,1660,14,4,11,13,19,17,10,14
ENSG00000105220,GPI,312.8,168,144.8,0.86,-0.2,1.8e-01,1.0e+00,0.4857,1660,191,200,134,147,144,150,157,128
ENSG00000198252,STYX,54.5,30.8,23.8,0.775,-0.4,1.8e-01,1.0e+00,0.4857,1661,22,31,40,30,21,30,15,29
ENSG00000152049,KCNE4,26.5,11.5,15,1.327,0.4,1.8e-01,1.0e+00,0.4857,1661,10,10,17,9,15,13,20,12
ENSG00000104723,TUSC3,104.2,58.2,46,0.789,-0.3,1.8e-01,1.0e+00,0.4863,1664,61,43,50,79,44,58,30,52
ENSG00000120727,PAIP2,95.8,43.8,52,1.185,0.2,1.8e-01,1.0e+00,0.4863,1664,52,33,51,39,48,55,54,51
ENSG00000155313,USP25,133.8,71.5,62.2,0.867,-0.2,1.8e-01,1.0e+00,0.4866,1666,65,65,80,76,52,71,65,61
ENSG00000174839,DENND6A,26.5,11,15.5,1.381,0.5,1.8e-01,1.0e+00,0.4866,1666,15,10,6,13,15,22,11,14
ENSG00000167553,TUBA1C,188,107.5,80.5,0.748,-0.4,1.8e-01,1.0e+00,0.4873,1669,124,115,123,68,79,79,122,42
ENSG00000125445,MRPS7,37.2,20.8,16.5,0.8,-0.3,1.8e-01,1.0e+00,0.4873,1669,26,22,18,17,18,20,15,13
ENSG00000156050,FAM161B,17.8,10.8,7,0.668,-0.6,1.8e-01,1.0e+00,0.4881,1673,10,13,14,6,6,3,8,11
ENSG00000198561,CTNND1,240.2,102,138.2,1.35,0.4,1.8e-01,1.0e+00,0.4882,1673,84,85,151,88,99,168,204,82
ENSG00000104299,INTS9,21.8,9,12.8,1.438,0.5,1.8e-01,1.0e+00,0.4886,1675,6,8,11,11,10,7,20,14
ENSG00000130684,ZNF337,39.2,17.8,21.5,1.218,0.3,1.8e-01,1.0e+00,0.4886,1676,19,15,18,19,20,20,27,19
ENSG00000153879,CEBPG,29.8,17,12.8,0.742,-0.4,1.8e-01,1.0e+00,0.4886,1676,17,17,12,22,8,19,11,13
ENSG00000166532,RIMKLB,59.2,33.5,25.8,0.77,-0.4,1.8e-01,1.0e+00,0.4886,1677,22,28,32,52,31,25,22,25
ENSG00000167088,SNRPD1,23.5,10.2,13.2,1.316,0.4,1.8e-01,1.0e+00,0.4886,1677,12,8,7,14,12,12,14,15
ENSG00000257594,GALNT4,27.8,12,15.8,1.308,0.4,1.8e-01,1.0e+00,0.4886,1678,14,15,10,9,15,13,14,21
ENSG00000133138,TBC1D8B,77,42.8,34.2,0.806,-0.3,1.8e-01,1.0e+00,0.4886,1678,32,44,37,58,28,30,37,42
ENSG00000123240,OPTN,418,224,194,0.866,-0.2,1.8e-01,1.0e+00,0.4886,1679,198,255,203,240,166,222,170,218
ENSG00000186815,TPCN1,155.2,69,86.2,1.252,0.3,1.8e-01,1.0e+00,0.4886,1679,58,59,76,83,51,90,101,103
ENSG00000198046,ZNF667,19.5,11.8,7.8,0.675,-0.6,1.8e-01,1.0e+00,0.4886,1680,7,12,11,17,7,7,13,4
ENSG00000150991,UBC,2768.2,1299.2,1469,1.131,0.2,1.8e-01,1.0e+00,0.4886,1680,1206,1178,1384,1429,1407,1579,1325,1565
ENSG00000116752,BCAS2,30.5,17,13.5,0.8,-0.3,1.8e-01,1.0e+00,0.4886,1681,18,13,20,17,17,11,12,14
ENSG00000173480,ZNF417,17.2,11,6.2,0.572,-0.8,1.8e-01,1.0e+00,0.4886,1681,15,6,13,10,8,0,6,11
ENSG00000136854,STXBP1,111.2,61.5,49.8,0.805,-0.3,1.8e-01,1.0e+00,0.4886,1682,49,49,84,64,45,65,40,49
ENSG00000121057,AKAP1,31.2,13.2,18,1.359,0.4,1.8e-01,1.0e+00,0.4886,1682,20,7,10,16,21,17,15,19
ENSG00000180182,MED14,71.5,33,38.5,1.175,0.2,1.8e-01,1.0e+00,0.4886,1683,38,26,34,34,38,38,35,43
ENSG00000163291,PAQR3,29,12.8,16.2,1.314,0.4,1.8e-01,1.0e+00,0.4886,1683,9,14,17,11,20,13,13,19
ENSG00000112297,CRYBG1,26.2,10.8,15.5,1.466,0.6,1.8e-01,1.0e+00,0.4886,1684,13,7,11,12,20,20,5,17
ENSG00000173218,VANGL1,56.8,25.2,31.5,1.26,0.3,1.8e-01,1.0e+00,0.4886,1684,23,29,19,30,32,40,21,33
ENSG00000148429,USP6NL,28,16,12,0.753,-0.4,1.8e-01,1.0e+00,0.4888,1685,13,18,16,17,17,7,15,9
ENSG00000041880,PARP3,31.5,17.5,14,0.793,-0.3,1.8e-01,1.0e+00,0.4889,1686,17,12,21,20,13,17,12,14
ENSG00000170899,GSTA4,36,20.5,15.5,0.763,-0.4,1.8e-01,1.0e+00,0.4895,1689,17,14,22,29,19,18,11,14
ENSG00000009844,VTA1,76,41.5,34.5,0.838,-0.3,1.8e-01,1.0e+00,0.4895,1689,35,44,50,37,30,41,36,31
ENSG00000173163,COMMD1,27.2,16.2,11,0.682,-0.6,1.8e-01,1.0e+00,0.4897,1690,28,16,11,10,17,8,11,8
ENSG00000114573,ATP6V1A,184.8,102.5,82.2,0.803,-0.3,1.9e-01,1.0e+00,0.4902,1693,85,88,149,88,76,94,99,60
ENSG00000155016,CYP2U1,92.5,41.8,50.8,1.213,0.3,1.9e-01,1.0e+00,0.4906,1694,28,45,45,49,42,57,57,47
ENSG00000089351,GRAMD1A,62.2,34.2,28,0.818,-0.3,1.9e-01,1.0e+00,0.4906,1695,43,33,31,30,21,29,26,36
ENSG00000169967,MAP3K2,101.5,55,46.5,0.84,-0.3,1.9e-01,1.0e+00,0.4906,1695,63,40,57,60,40,47,44,55
ENSG00000144895,EIF2A,104,55,49,0.886,-0.2,1.9e-01,1.0e+00,0.4906,1696,55,54,54,57,54,50,47,45
ENSG00000073331,ALPK1,47.2,26.2,21,0.816,-0.3,1.9e-01,1.0e+00,0.4906,1696,28,33,25,19,20,23,22,19
ENSG00000171530,TBCA,79.8,43,36.8,0.855,-0.2,1.9e-01,1.0e+00,0.4906,1697,35,45,45,47,32,38,42,35
ENSG00000107560,RAB11FIP2,59,26.8,32.2,1.217,0.3,1.9e-01,1.0e+00,0.4906,1697,19,30,27,31,35,37,30,27
ENSG00000102471,NDFIP2,49.8,27.8,22,0.802,-0.3,1.9e-01,1.0e+00,0.4912,1700,27,21,32,31,26,23,24,15
ENSG00000170085,SIMC1,22.8,9.8,13,1.355,0.4,1.9e-01,1.0e+00,0.4919,1703,7,13,8,11,9,12,15,16
ENSG00000285281,SGPP1,47,21.2,25.8,1.223,0.3,1.9e-01,1.0e+00,0.4919,1703,26,24,15,20,25,25,25,28
ENSG00000283741,SMCR8,92.8,49.2,43.5,0.882,-0.2,1.9e-01,1.0e+00,0.4919,1704,52,51,50,44,42,43,45,44
ENSG00000117751,PPP1R8,58.2,26.2,32,1.221,0.3,1.9e-01,1.0e+00,0.4919,1704,26,23,33,23,36,29,25,38
ENSG00000117614,SYF2,101,46.5,54.5,1.17,0.2,1.9e-01,1.0e+00,0.4919,1705,52,37,48,49,45,54,57,62
ENSG00000068308,OTUD5,109.5,49.8,59.8,1.202,0.3,1.9e-01,1.0e+00,0.492,1706,48,66,36,49,50,67,63,59
ENSG00000104611,SH2D4A,69,39.5,29.5,0.749,-0.4,1.9e-01,1.0e+00,0.492,1706,32,51,53,22,33,20,34,31
ENSG00000065923,SLC9A7,93.8,53.8,40,0.746,-0.4,1.9e-01,1.0e+00,0.492,1707,37,66,60,52,19,53,53,35
ENSG00000025156,HSF2,20,11.5,8.5,0.74,-0.4,1.9e-01,1.0e+00,0.4923,1708,13,15,10,8,10,8,6,10
ENSG00000168906,MAT2A,365.5,169.5,196,1.157,0.2,1.9e-01,1.0e+00,0.493,1711,193,147,157,181,231,194,155,204
ENSG00000141447,OSBPL1A,148.2,81.8,66.5,0.809,-0.3,1.9e-01,1.0e+00,0.493,1712,71,93,80,83,38,79,68,81
ENSG00000169902,TPST1,154.5,85.8,68.8,0.803,-0.3,1.9e-01,1.0e+00,0.493,1712,108,86,67,82,102,60,58,55
ENSG00000148572,NRBF2,47.8,26.8,21,0.792,-0.3,1.9e-01,1.0e+00,0.493,1713,18,30,35,24,24,17,22,21
ENSG00000283903,FGF11,27.8,16,11.8,0.76,-0.4,1.9e-01,1.0e+00,0.4933,1714,13,20,14,17,16,8,9,14
ENSG00000090316,MAEA,100,54,46,0.853,-0.2,1.9e-01,1.0e+00,0.4933,1715,58,50,50,58,44,58,36,46
ENSG00000145740,SLC30A5,102.5,47.2,55.2,1.168,0.2,1.9e-01,1.0e+00,0.4933,1715,56,46,42,45,63,52,61,45
ENSG00000132640,BTBD3,136.5,60.2,76.2,1.257,0.3,1.9e-01,1.0e+00,0.4933,1716,64,53,42,82,57,94,63,91
ENSG00000214706,IFRD2,29,12.5,16.5,1.297,0.4,1.9e-01,1.0e+00,0.4933,1716,15,12,10,13,17,16,22,11
ENSG00000102921,N4BP1,72,32.5,39.5,1.23,0.3,1.9e-01,1.0e+00,0.4933,1717,35,28,24,43,48,36,33,41
ENSG00000070814,TCOF1,68,38.2,29.8,0.783,-0.4,1.9e-01,1.0e+00,0.4933,1717,34,31,52,36,25,28,44,22
ENSG00000115677,HDLBP,2006.2,1059.5,946.8,0.894,-0.2,1.9e-01,1.0e+00,0.4936,1719,1122,1063,1020,1033,939,848,1066,934
ENSG00000160799,CCDC12,23.2,10.2,13,1.288,0.4,1.9e-01,1.0e+00,0.4937,1720,9,9,12,11,18,11,12,11
ENSG00000134291,TMEM106C,46.5,26.2,20.2,0.773,-0.4,1.9e-01,1.0e+00,0.4938,1720,29,22,30,24,14,14,27,26
ENSG00000197429,IPP,20,11.5,8.5,0.757,-0.4,1.9e-01,1.0e+00,0.4938,1721,13,11,10,12,9,7,6,12
ENSG00000284944,MED18,31,17.5,13.5,0.785,-0.3,1.9e-01,1.0e+00,0.4938,1721,12,20,19,19,11,17,13,13
ENSG00000185475,TMEM179B,47.2,21.2,26,1.233,0.3,1.9e-01,1.0e+00,0.4938,1722,23,15,25,22,30,30,24,20
ENSG00000179604,CDC42EP4,109.5,59.8,49.8,0.836,-0.3,1.9e-01,1.0e+00,0.4938,1722,54,72,54,59,50,53,35,61
ENSG00000167085,PHB1,90,42,48,1.138,0.2,1.9e-01,1.0e+00,0.4949,1727,40,41,43,44,55,45,45,47
ENSG00000257103,LSM14A,85.2,50,35.2,0.705,-0.5,1.9e-01,1.0e+00,0.495,1727,40,48,61,51,45,9,43,44
ENSG00000158604,TMED4,116.8,54.5,62.2,1.148,0.2,1.9e-01,1.0e+00,0.495,1728,49,66,47,56,57,63,66,63
ENSG00000060069,CTDP1,45,19.5,25.5,1.293,0.4,1.9e-01,1.0e+00,0.495,1728,18,18,26,16,15,29,27,31
ENSG00000283085,TPBG,41.8,14.2,27.5,1.923,0.9,1.9e-01,1.0e+00,0.495,1729,15,17,11,14,68,7,5,30
ENSG00000075413,MARK3,114,60.8,53.2,0.877,-0.2,1.9e-01,1.0e+00,0.495,1729,63,60,57,63,63,48,52,50
ENSG00000145241,CENPC,25.5,14.2,11.2,0.806,-0.3,1.9e-01,1.0e+00,0.4951,1730,12,14,16,15,12,10,11,12
ENSG00000080561,MID2,27.8,12.2,15.5,1.288,0.4,1.9e-01,1.0e+00,0.4953,1732,11,9,17,12,16,12,15,19
ENSG00000065615,CYB5R4,28.8,16.2,12.5,0.775,-0.4,1.9e-01,1.0e+00,0.4959,1734,22,16,16,11,15,10,12,13
ENSG00000076356,PLXNA2,21.8,12.8,9,0.722,-0.5,1.9e-01,1.0e+00,0.4959,1735,10,14,11,16,8,5,9,14
ENSG00000090006,LTBP4,2376,1258.8,1117.2,0.888,-0.2,1.9e-01,1.0e+00,0.4959,1735,1369,1310,1175,1181,1249,985,1149,1086
ENSG00000163041,H3-3A,264.8,140.2,124.5,0.888,-0.2,1.9e-01,1.0e+00,0.4959,1736,132,136,142,151,111,147,117,123
ENSG00000257218,GATC,56,25,31,1.251,0.3,1.9e-01,1.0e+00,0.4959,1736,30,31,16,23,36,32,30,26
ENSG00000137409,MTCH1,361.8,190.8,171,0.896,-0.2,1.9e-01,1.0e+00,0.4961,1737,181,192,208,182,186,169,151,178
ENSG00000179954,SSC5D,104.8,65.2,39.5,0.605,-0.7,1.9e-01,1.0e+00,0.4962,1738,28,61,62,110,12,32,32,82
ENSG00000117360,PRPF3,41.5,23,18.5,0.804,-0.3,1.9e-01,1.0e+00,0.4964,1740,21,17,29,25,20,21,19,14
ENSG00000275338,RAB11FIP3,145,65.5,79.5,1.214,0.3,1.9e-01,1.0e+00,0.4966,1741,64,67,84,47,64,85,99,70
ENSG00000100804,PSMB5,149.8,79.8,70,0.879,-0.2,1.9e-01,1.0e+00,0.4966,1741,75,93,81,70,75,74,66,65
ENSG00000100632,ERH,84,45,39,0.867,-0.2,1.9e-01,1.0e+00,0.4967,1742,38,49,49,44,39,37,43,37
ENSG00000265681,RPL17,1111.5,592.2,519.2,0.876,-0.2,1.9e-01,1.0e+00,0.4967,1742,649,576,626,518,624,514,487,452
ENSG00000196549,MME,849.8,453.5,396.2,0.874,-0.2,1.9e-01,1.0e+00,0.4967,1743,390,534,482,408,348,396,448,393
ENSG00000145996,CDKAL1,21.5,12.2,9.2,0.771,-0.4,1.9e-01,1.0e+00,0.4967,1743,11,13,12,13,12,7,11,7
ENSG00000166747,AP1G1,175.2,81.8,93.5,1.139,0.2,1.9e-01,1.0e+00,0.4967,1744,79,79,93,76,80,110,92,92
ENSG00000127445,PIN1,53.2,24.2,29,1.207,0.3,1.9e-01,1.0e+00,0.4969,1745,29,26,20,22,31,23,31,31
ENSG00000244405,ETV5,48.2,21.2,27,1.286,0.4,1.9e-01,1.0e+00,0.4969,1745,25,20,14,26,20,35,22,31
ENSG00000169122,FAM110B,38.5,22,16.5,0.766,-0.4,1.9e-01,1.0e+00,0.4973,1747,17,22,24,25,13,10,23,20
ENSG00000166997,CNPY4,41.8,24.5,17.2,0.718,-0.5,1.9e-01,1.0e+00,0.4974,1748,14,32,26,26,18,28,9,14
ENSG00000164307,ERAP1,128.2,69.5,58.8,0.85,-0.2,1.9e-01,1.0e+00,0.4974,1749,61,72,74,71,45,74,63,53
ENSG00000116251,RPL22,703.8,371,332.8,0.896,-0.2,1.9e-01,1.0e+00,0.498,1751,370,406,346,362,348,364,306,313
ENSG00000160014,CALM3,495,261.5,233.5,0.894,-0.2,1.9e-01,1.0e+00,0.498,1752,255,255,246,290,203,247,251,233
ENSG00000131373,HACL1,19.8,11.5,8.2,0.719,-0.5,1.9e-01,1.0e+00,0.498,1752,16,12,8,10,12,7,9,5
ENSG00000164715,LMTK2,28.5,16.8,11.8,0.718,-0.5,1.9e-01,1.0e+00,0.4981,1753,16,20,12,19,5,11,17,14
ENSG00000115159,GPD2,59.8,25.5,34.2,1.332,0.4,1.9e-01,1.0e+00,0.4985,1755,15,17,41,29,37,27,34,39
ENSG00000185104,FAF1,62.8,28.2,34.5,1.217,0.3,1.9e-01,1.0e+00,0.4994,1759,27,27,27,32,35,47,26,30
ENSG00000272047,GTF2H5,63,28.5,34.5,1.223,0.3,1.9e-01,1.0e+00,0.4994,1759,26,32,26,30,38,45,29,26
ENSG00000108774,RAB5C,272.2,128.8,143.5,1.115,0.2,1.9e-01,1.0e+00,0.4994,1760,119,141,130,125,144,148,154,128
ENSG00000221983,UBA52,558,300,258,0.86,-0.2,1.9e-01,1.0e+00,0.4994,1761,356,322,272,250,319,234,249,230
ENSG00000142396,ERVK3-1,48.2,26.5,21.8,0.83,-0.3,1.9e-01,1.0e+00,0.4997,1762,25,29,27,25,22,28,17,20
ENSG00000125871,MGME1,21.8,8.8,13,1.482,0.6,1.9e-01,1.0e+00,0.4999,1763,12,10,3,10,10,19,8,15
ENSG00000172922,RNASEH2C,37.2,16.8,20.5,1.231,0.3,1.9e-01,1.0e+00,0.4999,1764,14,20,17,16,18,22,16,26
ENSG00000145439,CBR4,22.8,12.8,10,0.801,-0.3,1.9e-01,1.0e+00,0.5001,1765,12,13,13,13,11,8,10,11
ENSG00000112186,CAP2,27,16.2,10.8,0.679,-0.6,1.9e-01,1.0e+00,0.5002,1766,11,17,22,15,3,13,12,15
ENSG00000129534,MIS18BP1,39.2,17.2,22,1.266,0.3,1.9e-01,1.0e+00,0.5002,1766,17,18,13,21,20,22,16,30
ENSG00000131378,RFTN1,144.5,66.8,77.8,1.163,0.2,1.9e-01,1.0e+00,0.5006,1768,67,61,83,56,65,82,83,81
ENSG00000155975,VPS37A,83,37.2,45.8,1.228,0.3,1.9e-01,1.0e+00,0.501,1770,38,42,37,32,55,56,42,30
ENSG00000139168,ZCRB1,65.5,35.5,30,0.849,-0.2,1.9e-01,1.0e+00,0.501,1770,37,31,37,37,37,28,25,30
ENSG00000168476,REEP4,16.8,6.8,10,1.504,0.6,1.9e-01,1.0e+00,0.501,1771,11,4,7,5,12,11,4,13
ENSG00000131043,AAR2,65.5,29.8,35.8,1.217,0.3,1.9e-01,1.0e+00,0.501,1771,35,31,20,33,34,41,30,38
ENSG00000077235,GTF3C1,206.2,111.5,94.8,0.852,-0.2,1.9e-01,1.0e+00,0.501,1772,105,131,109,101,106,98,108,67
ENSG00000160199,PKNOX1,29.8,17,12.8,0.779,-0.4,1.9e-01,1.0e+00,0.5019,1776,17,20,16,15,19,10,11,11
ENSG00000136052,SLC41A2,30,17.8,12.2,0.687,-0.5,1.9e-01,1.0e+00,0.502,1776,13,9,27,22,16,11,6,16
ENSG00000108963,DPH1,43,24.2,18.8,0.791,-0.3,1.9e-01,1.0e+00,0.502,1777,17,25,28,27,20,12,20,23
ENSG00000132386,SERPINF1,808.8,433.2,375.5,0.866,-0.2,1.9e-01,1.0e+00,0.5023,1779,438,383,465,447,347,297,395,463
ENSG00000029364,SLC39A9,119,64.2,54.8,0.856,-0.2,1.9e-01,1.0e+00,0.5027,1780,62,59,65,71,41,62,64,52
ENSG00000188997,KCTD21,55.2,25,30.2,1.213,0.3,1.9e-01,1.0e+00,0.5027,1781,26,21,28,25,25,25,33,38
ENSG00000026508,CD44,1883,1019.5,863.5,0.847,-0.2,2.0e-01,1.0e+00,0.5035,1785,876,1025,975,1202,611,984,876,983
ENSG00000140525,FANCI,25.2,15,10.2,0.704,-0.5,2.0e-01,1.0e+00,0.5035,1785,18,11,18,13,18,8,5,10
ENSG00000111817,DSE,388,182.5,205.5,1.126,0.2,2.0e-01,1.0e+00,0.5035,1786,175,181,197,177,191,218,176,237
ENSG00000169439,SDC2,122.5,55,67.5,1.217,0.3,2.0e-01,1.0e+00,0.5035,1786,43,51,52,74,50,65,82,73
ENSG00000185359,HGS,172.5,80,92.5,1.152,0.2,2.0e-01,1.0e+00,0.5045,1790,70,75,81,94,108,81,99,82
ENSG00000205189,ZBTB10,35.2,14.8,20.5,1.397,0.5,2.0e-01,1.0e+00,0.5047,1791,12,17,20,10,20,27,9,26
ENSG00000163788,SNRK,37,16.2,20.8,1.265,0.3,2.0e-01,1.0e+00,0.5047,1792,16,17,16,16,21,25,12,25
ENSG00000178607,ERN1,35.5,15.5,20,1.301,0.4,2.0e-01,1.0e+00,0.5047,1792,13,20,15,14,16,19,15,30
ENSG00000109111,SUPT6H,324.2,172.2,152,0.883,-0.2,2.0e-01,1.0e+00,0.5047,1793,179,169,179,162,163,127,179,139
ENSG00000114354,TFG,182,85,97,1.136,0.2,2.0e-01,1.0e+00,0.5049,1794,85,94,80,81,87,113,103,85
ENSG00000115641,FHL2,372.2,169.8,202.5,1.194,0.3,2.0e-01,1.0e+00,0.5051,1795,183,225,142,129,227,224,188,171
ENSG00000137288,UQCC2,25.2,14.2,11,0.776,-0.4,2.0e-01,1.0e+00,0.5054,1797,17,11,14,15,15,8,9,12
ENSG00000137776,SLTM,108.5,58.2,50.2,0.86,-0.2,2.0e-01,1.0e+00,0.5055,1798,57,48,57,71,50,55,54,42
ENSG00000206376,EHMT2,49.5,35,14.5,0.423,-1.2,2.0e-01,1.0e+00,0.5055,1798,60,18,62,0,30,0,16,12
ENSG00000142156,COL6A1,6401.5,3405.5,2996,0.88,-0.2,2.0e-01,1.0e+00,0.5056,1799,2905,3420,3495,3802,2743,2804,3077,3360
ENSG00000038210,PI4K2B,33.8,19.5,14.2,0.76,-0.4,2.0e-01,1.0e+00,0.5056,1799,27,20,15,16,18,13,9,17
ENSG00000103363,ELOB,140,75.8,64.2,0.85,-0.2,2.0e-01,1.0e+00,0.5058,1801,80,71,86,66,73,72,66,46
ENSG00000105552,BCAT2,42.5,19,23.5,1.229,0.3,2.0e-01,1.0e+00,0.5059,1802,18,18,22,18,25,17,22,30
ENSG00000104812,GYS1,138.2,58.5,79.8,1.37,0.5,2.0e-01,1.0e+00,0.5059,1802,53,80,45,56,64,44,142,69
ENSG00000167325,RRM1,70.8,38.5,32.2,0.839,-0.3,2.0e-01,1.0e+00,0.5064,1804,51,35,35,33,32,29,36,32
ENSG00000198736,MSRB1,23.5,9.5,14,1.435,0.5,2.0e-01,1.0e+00,0.5064,1805,13,8,7,10,12,10,9,25
ENSG00000010704,HFE,39,22.5,16.5,0.741,-0.4,2.0e-01,1.0e+00,0.5064,1805,31,21,16,22,10,26,15,15
ENSG00000100029,PES1,92.2,42,50.2,1.2,0.3,2.0e-01,1.0e+00,0.5066,1806,37,37,57,37,51,40,58,52
ENSG00000136144,RCBTB1,74,40.2,33.8,0.836,-0.3,2.0e-01,1.0e+00,0.5068,1808,34,40,39,48,35,29,43,28
ENSG00000215440,NPEPL1,53,23.2,29.8,1.291,0.4,2.0e-01,1.0e+00,0.5068,1808,32,20,15,26,41,25,26,27
ENSG00000147316,MCPH1,23.2,14,9.2,0.66,-0.6,2.0e-01,1.0e+00,0.507,1809,10,9,21,16,6,17,10,4
ENSG00000138639,ARHGAP24,39.5,22.5,17,0.756,-0.4,2.0e-01,1.0e+00,0.507,1810,20,13,27,30,18,12,15,23
ENSG00000273841,TAF9,46.2,20.2,26,1.293,0.4,2.0e-01,1.0e+00,0.5076,1813,14,26,26,15,22,21,35,26
ENSG00000176209,SMIM19,30.5,13,17.5,1.329,0.4,2.0e-01,1.0e+00,0.5081,1815,17,10,11,14,13,23,12,22
ENSG00000165733,BMS1,68.8,31,37.8,1.213,0.3,2.0e-01,1.0e+00,0.5081,1815,23,42,31,28,32,41,41,37
ENSG00000136870,ZNF189,25.8,14.8,11,0.751,-0.4,2.0e-01,1.0e+00,0.5081,1816,20,9,13,17,15,11,9,9
ENSG00000105176,URI1,115.8,62.5,53.2,0.853,-0.2,2.0e-01,1.0e+00,0.5084,1817,65,74,44,67,57,54,50,52
ENSG00000118260,CREB1,65.2,36.8,28.5,0.776,-0.4,2.0e-01,1.0e+00,0.5084,1818,44,27,42,34,25,23,45,21
ENSG00000273761,DDX24,291.5,154.5,137,0.887,-0.2,2.0e-01,1.0e+00,0.5084,1818,132,150,159,177,126,134,153,135
ENSG00000167785,ZNF558,46.2,21,25.2,1.212,0.3,2.0e-01,1.0e+00,0.5087,1820,22,24,16,22,26,21,24,30
ENSG00000180185,FAHD1,39.5,21.8,17.8,0.821,-0.3,2.0e-01,1.0e+00,0.5093,1823,20,24,17,26,18,18,20,15
ENSG00000122707,RECK,970.2,535.2,435,0.813,-0.3,2.0e-01,1.0e+00,0.5093,1823,492,561,381,707,304,530,415,491
ENSG00000126934,MAP2K2,224,103.5,120.5,1.164,0.2,2.0e-01,1.0e+00,0.5094,1824,116,108,103,87,103,132,99,148
ENSG00000072062,PRKACA,82.8,51.8,31,0.595,-0.7,2.0e-01,1.0e+00,0.5095,1825,70,50,51,36,41,51,1,31
ENSG00000254732,ENSG00000254732,29.5,8,21.5,2.674,1.4,2.0e-01,1.0e+00,0.5097,1826,0,0,26,6,0,29,14,43
ENSG00000293428,C22orf46P,57.8,35,22.8,0.659,-0.6,2.0e-01,1.0e+00,0.5098,1827,21,43,47,29,26,44,11,10
ENSG00000134882,UBAC2,101.8,54.8,47,0.856,-0.2,2.0e-01,1.0e+00,0.5098,1828,43,67,58,51,50,49,49,40
ENSG00000120675,DNAJC15,59.5,25,34.5,1.397,0.5,2.0e-01,1.0e+00,0.51,1829,22,23,27,28,61,18,22,37
ENSG00000100852,ARHGAP5,142.5,75.8,66.8,0.882,-0.2,2.0e-01,1.0e+00,0.51,1829,79,66,84,74,60,67,76,64
ENSG00000156017,CARNMT1,32.5,18.8,13.8,0.727,-0.5,2.0e-01,1.0e+00,0.51,1830,17,18,13,27,12,16,7,20
ENSG00000275779,NTAN1,81.5,35,46.5,1.323,0.4,2.0e-01,1.0e+00,0.5105,1832,17,41,44,38,29,49,48,60
ENSG00000090013,BLVRB,63.2,34.8,28.5,0.822,-0.3,2.0e-01,1.0e+00,0.5105,1833,31,36,31,41,35,21,24,34
ENSG00000136816,TOR1B,64.2,28.5,35.8,1.249,0.3,2.0e-01,1.0e+00,0.5107,1834,28,33,29,24,38,49,22,34
ENSG00000109220,CHIC2,18.5,7.5,11,1.486,0.6,2.0e-01,1.0e+00,0.511,1835,4,14,6,6,7,14,11,12
ENSG00000170348,TMED10,479,224.2,254.8,1.136,0.2,2.0e-01,1.0e+00,0.511,1836,214,251,221,211,209,302,243,265
ENSG00000198858,R3HDM4,51,23.5,27.5,1.181,0.2,2.0e-01,1.0e+00,0.511,1836,24,20,24,26,32,27,25,26
ENSG00000163125,RPRD2,90.8,50.2,40.5,0.807,-0.3,2.0e-01,1.0e+00,0.5113,1838,33,53,48,67,32,39,51,40
ENSG00000115232,ITGA4,273,117,156,1.329,0.4,2.0e-01,1.0e+00,0.5113,1839,189,79,73,127,194,113,134,183
ENSG00000173456,RNF26,78.5,36.2,42.2,1.164,0.2,2.0e-01,1.0e+00,0.5113,1839,33,44,35,33,44,44,45,36
ENSG00000114209,PDCD10,41.2,18.5,22.8,1.252,0.3,2.0e-01,1.0e+00,0.5113,1840,23,21,11,19,24,24,23,20
ENSG00000121058,COIL,20.8,12.2,8.5,0.699,-0.5,2.0e-01,1.0e+00,0.5113,1840,19,6,13,11,7,9,12,6
ENSG00000156990,RPUSD3,23.2,13.2,10,0.771,-0.4,2.0e-01,1.0e+00,0.5113,1841,11,16,13,13,9,8,9,14
ENSG00000155096,AZIN1,199.8,107,92.8,0.866,-0.2,2.0e-01,1.0e+00,0.5117,1843,106,93,96,133,92,108,78,93
ENSG00000110844,PRPF40B,24.5,14.5,10,0.694,-0.5,2.0e-01,1.0e+00,0.5117,1843,13,12,18,15,9,4,19,8
ENSG00000275832,ARHGAP23,216.2,86,130.2,1.516,0.6,2.0e-01,1.0e+00,0.5117,1844,15,118,91,120,111,131,115,164
ENSG00000153989,NUS1,91.2,41,50.2,1.22,0.3,2.0e-01,1.0e+00,0.5117,1844,43,48,41,32,52,44,68,37
ENSG00000121904,CSMD2,71.5,31,40.5,1.293,0.4,2.0e-01,1.0e+00,0.5119,1845,39,28,30,27,47,25,59,31
ENSG00000111052,LIN7A,35.8,15,20.8,1.376,0.5,2.0e-01,1.0e+00,0.5119,1846,11,18,15,16,9,24,21,29
ENSG00000089159,PXN,356,194.2,161.8,0.834,-0.3,2.0e-01,1.0e+00,0.5119,1847,183,207,162,225,175,160,107,205
ENSG00000160131,VMA21,66,30.8,35.2,1.16,0.2,2.0e-01,1.0e+00,0.5119,1847,32,33,27,31,32,33,35,41
ENSG00000107758,PPP3CB,126.5,57.8,68.8,1.196,0.3,2.0e-01,1.0e+00,0.5127,1850,45,64,55,67,59,93,61,62
ENSG00000134779,TPGS2,194,104.2,89.8,0.862,-0.2,2.0e-01,1.0e+00,0.5128,1851,85,138,96,98,85,91,87,96
ENSG00000134900,TPP2,161.8,76,85.8,1.133,0.2,2.0e-01,1.0e+00,0.5128,1852,87,68,77,72,93,75,94,81
ENSG00000189308,LIN54,31.2,17.5,13.8,0.792,-0.3,2.0e-01,1.0e+00,0.5129,1853,16,18,18,18,10,11,15,19
ENSG00000178105,DDX10,23.2,10.2,13,1.288,0.4,2.0e-01,1.0e+00,0.513,1853,9,10,12,10,16,11,16,9
ENSG00000181638,ZFP41,24,14,10,0.719,-0.5,2.0e-01,1.0e+00,0.513,1854,20,10,8,18,13,11,7,9
ENSG00000060656,PTPRU,27.2,11.5,15.8,1.363,0.4,2.0e-01,1.0e+00,0.513,1855,13,11,12,10,14,8,25,16
ENSG00000184007,PTP4A2,326,153.5,172.5,1.122,0.2,2.0e-01,1.0e+00,0.513,1855,140,170,158,146,196,175,169,150
ENSG00000106367,AP1S1,74.2,40.8,33.5,0.825,-0.3,2.0e-01,1.0e+00,0.513,1856,56,32,41,34,37,30,30,37
ENSG00000101146,RAE1,36,19.8,16.2,0.826,-0.3,2.0e-01,1.0e+00,0.513,1856,18,25,18,18,17,18,16,14
ENSG00000135241,PNPLA8,80,35.8,44.2,1.24,0.3,2.0e-01,1.0e+00,0.5131,1857,49,26,32,36,50,44,31,52
ENSG00000160218,TRAPPC10,75.8,33.5,42.2,1.257,0.3,2.0e-01,1.0e+00,0.5131,1857,42,24,40,28,32,39,58,40
ENSG00000115350,POLE4,21.5,8.8,12.8,1.414,0.5,2.0e-01,1.0e+00,0.5132,1858,14,9,8,4,12,18,11,10
ENSG00000115459,ELMOD3,33.2,19,14.2,0.765,-0.4,2.0e-01,1.0e+00,0.5132,1859,21,22,21,12,19,16,13,9
ENSG00000259431,THTPA,25.5,14.5,11,0.774,-0.4,2.0e-01,1.0e+00,0.5132,1859,13,14,13,18,15,10,12,7
ENSG00000177156,TALDO1,176.2,81.2,95,1.172,0.2,2.0e-01,1.0e+00,0.5133,1860,105,87,70,63,103,95,97,85
ENSG00000198718,TOGARAM1,48.2,27.2,21,0.764,-0.4,2.0e-01,1.0e+00,0.5133,1861,24,18,36,31,25,20,12,27
ENSG00000150753,CCT5,166.5,77.5,89,1.142,0.2,2.0e-01,1.0e+00,0.5136,1862,63,77,88,82,83,79,97,97
ENSG00000197062,ZSCAN26,33.2,19,14.2,0.766,-0.4,2.0e-01,1.0e+00,0.5138,1863,16,23,26,11,15,11,16,15
ENSG00000100221,JOSD1,103.5,47,56.5,1.207,0.3,2.0e-01,1.0e+00,0.5138,1864,33,43,59,53,60,61,44,61
ENSG00000182944,EWSR1,324.5,149.2,175.2,1.175,0.2,2.0e-01,1.0e+00,0.5139,1865,147,175,172,103,173,198,179,151
ENSG00000117906,RCN2,143.8,66.2,77.5,1.172,0.2,2.0e-01,1.0e+00,0.5139,1865,60,79,65,61,80,97,61,72
ENSG00000078967,UBE2D4,23.5,13.5,10,0.757,-0.4,2.0e-01,1.0e+00,0.5139,1866,10,17,13,14,8,14,10,8
ENSG00000174744,BRMS1,42.2,19,23.2,1.231,0.3,2.0e-01,1.0e+00,0.5139,1866,16,20,18,22,25,16,25,27
ENSG00000166913,YWHAB,453.5,214.5,239,1.115,0.2,2.0e-01,1.0e+00,0.514,1867,211,235,221,191,269,226,229,232
ENSG00000149131,SERPING1,1687.2,728,959.2,1.318,0.4,2.0e-01,1.0e+00,0.5147,1870,670,944,427,871,900,1161,536,1240
ENSG00000117153,KLHL12,62.2,33.8,28.5,0.848,-0.2,2.0e-01,1.0e+00,0.5147,1871,31,38,37,29,25,34,26,29
ENSG00000285121,MTCH2,109.2,50.2,59,1.172,0.2,2.0e-01,1.0e+00,0.5149,1872,47,49,60,45,51,64,72,49
ENSG00000106993,CDC37L1,36.8,16,20.8,1.304,0.4,2.0e-01,1.0e+00,0.5149,1873,16,12,19,17,18,33,15,17
ENSG00000197256,KANK2,1438.5,668,770.5,1.154,0.2,2.0e-01,1.0e+00,0.5149,1873,698,642,590,742,647,823,661,951
ENSG00000136240,KDELR2,400.8,211.8,189,0.891,-0.2,2.1e-01,1.0e+00,0.5152,1875,222,200,184,241,186,202,198,170
ENSG00000293477,CRYZL2P,32.5,18.5,14,0.761,-0.4,2.1e-01,1.0e+00,0.5152,1875,21,22,13,18,12,22,10,12
ENSG00000137177,KIF13A,361.8,165.8,196,1.18,0.2,2.1e-01,1.0e+00,0.5153,1876,142,166,138,217,178,203,164,239
ENSG00000109971,HSPA8,1675,919.5,755.5,0.822,-0.3,2.1e-01,1.0e+00,0.5153,1877,728,907,1250,793,655,824,963,580
ENSG00000169299,PGM2,21.5,9.2,12.2,1.312,0.4,2.1e-01,1.0e+00,0.5155,1878,13,10,7,7,11,11,13,14
ENSG00000160049,DFFA,85.8,47.2,38.5,0.816,-0.3,2.1e-01,1.0e+00,0.5155,1878,37,40,67,45,43,30,44,37
ENSG00000203879,GDI1,178.2,84.2,94,1.115,0.2,2.1e-01,1.0e+00,0.5155,1879,87,79,90,81,104,85,93,94
ENSG00000103174,NAGPA,31,17.5,13.5,0.772,-0.4,2.1e-01,1.0e+00,0.5155,1879,15,25,13,17,16,17,10,11
ENSG00000166548,TK2,116.8,54.2,62.5,1.153,0.2,2.1e-01,1.0e+00,0.5155,1880,45,54,53,65,65,66,52,67
ENSG00000000457,SCYL3,25,11,14,1.294,0.4,2.1e-01,1.0e+00,0.5155,1880,12,12,8,12,13,10,14,19
ENSG00000105755,ETHE1,58.2,33,25.2,0.773,-0.4,2.1e-01,1.0e+00,0.5158,1882,30,46,23,33,18,34,19,30
ENSG00000145216,FIP1L1,72.5,40.8,31.8,0.785,-0.3,2.1e-01,1.0e+00,0.5159,1883,36,27,47,53,31,25,26,45
ENSG00000179889,PDXDC1,78,52.5,25.5,0.489,-1,2.1e-01,1.0e+00,0.5159,1884,49,47,69,45,52,0,1,49
ENSG00000111364,DDX55,28.5,16.2,12.2,0.77,-0.4,2.1e-01,1.0e+00,0.5165,1886,13,20,16,16,11,7,15,16
ENSG00000106080,FKBP14,93.8,50.5,43.2,0.857,-0.2,2.1e-01,1.0e+00,0.5167,1887,50,52,50,50,31,45,52,45
ENSG00000111011,RSRC2,97,52.8,44.2,0.838,-0.3,2.1e-01,1.0e+00,0.5168,1889,52,50,70,39,50,43,46,38
ENSG00000160201,U2AF1,77.2,36,41.2,1.152,0.2,2.1e-01,1.0e+00,0.5169,1889,35,34,34,41,46,39,35,45
ENSG00000118518,RNF146,86,46.8,39.2,0.838,-0.3,2.1e-01,1.0e+00,0.5169,1890,48,50,44,45,37,52,27,41
ENSG00000132680,KHDC4,55.8,30.5,25.2,0.835,-0.3,2.1e-01,1.0e+00,0.5169,1890,28,34,26,34,30,26,19,26
ENSG00000064419,TNPO3,104.8,55.2,49.5,0.892,-0.2,2.1e-01,1.0e+00,0.517,1891,54,51,61,55,51,48,50,49
ENSG00000173575,CHD2,261,123.8,137.2,1.109,0.1,2.1e-01,1.0e+00,0.517,1892,137,114,120,124,140,142,125,142
ENSG00000134108,ARL8B,191.5,89,102.5,1.152,0.2,2.1e-01,1.0e+00,0.5176,1894,88,76,115,77,103,108,92,107
ENSG00000107201,RIGI,32,18.2,13.8,0.761,-0.4,2.1e-01,1.0e+00,0.518,1896,18,17,19,19,9,12,23,11
ENSG00000042753,AP2S1,104.5,48.5,56,1.153,0.2,2.1e-01,1.0e+00,0.5183,1898,57,51,45,41,65,51,56,52
ENSG00000167535,CACNB3,101,45.8,55.2,1.21,0.3,2.1e-01,1.0e+00,0.5183,1898,42,41,47,53,67,47,38,69
ENSG00000163001,CFAP36,61.2,34,27.2,0.804,-0.3,2.1e-01,1.0e+00,0.5185,1900,25,38,41,32,22,23,38,26
ENSG00000057935,MTA3,70,37.8,32.2,0.847,-0.2,2.1e-01,1.0e+00,0.519,1902,38,42,36,35,31,32,41,25
ENSG00000078177,N4BP2,34.5,15.5,19,1.213,0.3,2.1e-01,1.0e+00,0.5192,1903,17,16,15,14,17,17,19,23
ENSG00000066135,KDM4A,82,44.5,37.5,0.84,-0.3,2.1e-01,1.0e+00,0.5192,1904,50,35,54,39,43,30,40,37
ENSG00000135744,AGT,67,44.2,22.8,0.524,-0.9,2.1e-01,1.0e+00,0.5192,1905,10,58,80,29,2,40,36,13
ENSG00000234857,HNRNPUL2-BSCL2,167.2,78.8,88.5,1.123,0.2,2.1e-01,1.0e+00,0.5193,1905,76,87,75,77,98,85,77,94
ENSG00000167716,WDR81,77.8,34,43.8,1.28,0.4,2.1e-01,1.0e+00,0.52,1908,52,20,32,32,55,36,43,41
ENSG00000162434,JAK1,725.2,343.5,381.8,1.111,0.2,2.1e-01,1.0e+00,0.5207,1911,340,356,345,333,324,401,393,409
ENSG00000113384,GOLPH3,261,121,140,1.157,0.2,2.1e-01,1.0e+00,0.5209,1913,129,111,126,118,148,141,101,170
ENSG00000178573,MAF,123.5,71.8,51.8,0.723,-0.5,2.1e-01,1.0e+00,0.5209,1913,84,59,60,84,78,33,22,74
ENSG00000214078,CPNE1,142.2,75,67.2,0.899,-0.2,2.1e-01,1.0e+00,0.5211,1915,73,77,73,77,60,70,70,69
ENSG00000090060,PAPOLA,285.2,150.8,134.5,0.893,-0.2,2.1e-01,1.0e+00,0.5211,1915,153,141,174,135,121,135,147,135
ENSG00000112208,BAG2,161.2,88.8,72.5,0.819,-0.3,2.1e-01,1.0e+00,0.5211,1916,90,122,77,66,89,74,74,53
ENSG00000012983,MAP4K5,167.5,89,78.5,0.88,-0.2,2.1e-01,1.0e+00,0.5211,1916,87,93,89,87,60,83,88,83
ENSG00000004897,CDC27,131.5,69.2,62.2,0.9,-0.2,2.1e-01,1.0e+00,0.5216,1918,70,65,70,72,66,59,61,63
ENSG00000185963,BICD2,85.8,39.8,46,1.154,0.2,2.1e-01,1.0e+00,0.5216,1919,34,41,43,41,38,48,46,52
ENSG00000068366,ACSL4,312.2,180.2,132,0.731,-0.5,2.1e-01,1.0e+00,0.5216,1920,141,105,284,191,90,96,211,131
ENSG00000196263,ZNF471,26,14.8,11.2,0.763,-0.4,2.1e-01,1.0e+00,0.5218,1921,13,18,17,11,9,16,8,12
ENSG00000138080,EMILIN1,1087.5,496,591.5,1.192,0.3,2.1e-01,1.0e+00,0.5219,1922,608,463,403,510,816,518,514,518
ENSG00000181610,MRPS23,34.2,15.2,19,1.265,0.3,2.1e-01,1.0e+00,0.5221,1923,13,20,10,18,23,18,19,16
ENSG00000283918,MRNIP,70.5,39.5,31,0.792,-0.3,2.1e-01,1.0e+00,0.5224,1924,36,44,44,34,45,22,36,21
ENSG00000142686,C1orf216,60.8,33,27.8,0.844,-0.2,2.1e-01,1.0e+00,0.5226,1926,30,34,30,38,30,33,21,27
ENSG00000140521,POLG,82,38.2,43.8,1.143,0.2,2.1e-01,1.0e+00,0.5226,1926,35,41,38,39,50,38,45,42
ENSG00000164008,C1orf50,18.5,10.8,7.8,0.739,-0.4,2.1e-01,1.0e+00,0.5226,1927,11,8,10,14,7,6,6,12
ENSG00000104320,NBN,73,40.2,32.8,0.809,-0.3,2.1e-01,1.0e+00,0.5229,1928,36,48,42,35,40,22,42,27
ENSG00000134899,ERCC5,124.8,56.8,68,1.193,0.3,2.1e-01,1.0e+00,0.5232,1930,55,54,73,45,51,82,66,73
ENSG00000135018,UBQLN1,194.8,90.2,104.5,1.154,0.2,2.1e-01,1.0e+00,0.5232,1931,80,105,100,76,87,114,120,97
ENSG00000156642,NPTN,211.5,99,112.5,1.137,0.2,2.1e-01,1.0e+00,0.5234,1932,104,112,78,102,105,120,103,122
ENSG00000139180,NDUFA9,52.2,23.5,28.8,1.244,0.3,2.1e-01,1.0e+00,0.5234,1932,24,26,17,27,32,26,37,20
ENSG00000197448,GSTK1,163,86,77,0.896,-0.2,2.1e-01,1.0e+00,0.5235,1933,88,93,80,83,78,72,86,72
ENSG00000123739,PLA2G12A,49.5,27.2,22.2,0.825,-0.3,2.1e-01,1.0e+00,0.5235,1934,34,28,23,24,20,23,18,28
ENSG00000168710,AHCYL1,245.2,114.5,130.8,1.141,0.2,2.1e-01,1.0e+00,0.5235,1934,130,107,122,99,104,138,145,136
ENSG00000102189,EEA1,240.2,129.8,110.5,0.85,-0.2,2.1e-01,1.0e+00,0.5235,1935,130,127,99,163,121,109,85,127
ENSG00000075711,DLG1,111.5,59.2,52.2,0.882,-0.2,2.1e-01,1.0e+00,0.5238,1936,49,62,58,68,53,51,55,50
ENSG00000143458,GABPB2,35.8,15.5,20.2,1.309,0.4,2.1e-01,1.0e+00,0.524,1938,13,11,24,14,24,25,19,13
ENSG00000105875,WDR91,29.5,12.8,16.8,1.31,0.4,2.1e-01,1.0e+00,0.524,1938,13,13,16,9,18,16,23,10
ENSG00000107281,NPDC1,70.8,32,38.8,1.225,0.3,2.1e-01,1.0e+00,0.524,1939,34,31,25,38,44,36,26,49
ENSG00000136709,WDR33,83.2,38.5,44.8,1.159,0.2,2.1e-01,1.0e+00,0.524,1939,42,29,41,42,47,45,42,45
ENSG00000111802,TDP2,54.2,23.5,30.8,1.299,0.4,2.1e-01,1.0e+00,0.524,1940,28,11,34,21,31,34,31,27
ENSG00000182208,MOB2,30.8,13,17.8,1.35,0.4,2.1e-01,1.0e+00,0.524,1940,17,8,18,9,13,22,14,22
ENSG00000157933,SKI,188.8,101.5,87.2,0.858,-0.2,2.1e-01,1.0e+00,0.524,1941,92,93,89,132,91,69,98,91
ENSG00000141543,EIF4A3,95,43.2,51.8,1.201,0.3,2.1e-01,1.0e+00,0.524,1941,52,31,39,51,60,42,58,47
ENSG00000186660,ZFP91,198.8,106.2,92.5,0.87,-0.2,2.1e-01,1.0e+00,0.5246,1944,98,89,134,104,91,103,95,81
ENSG00000275052,PPP4R3B,147,69,78,1.133,0.2,2.1e-01,1.0e+00,0.5254,1948,81,62,65,68,71,86,83,72
ENSG00000129680,MAP7D3,71.2,31.8,39.5,1.245,0.3,2.1e-01,1.0e+00,0.5254,1948,31,33,31,32,29,51,26,52
ENSG00000101084,RAB5IF,42.5,24.5,18,0.743,-0.4,2.1e-01,1.0e+00,0.5255,1949,25,22,30,21,22,26,17,7
ENSG00000167985,SDHAF2,31.2,13.5,17.8,1.312,0.4,2.1e-01,1.0e+00,0.5258,1951,15,16,6,17,19,19,16,17
ENSG00000115216,NRBP1,186.8,86.5,100.2,1.157,0.2,2.1e-01,1.0e+00,0.5259,1952,89,76,91,90,132,88,88,93
ENSG00000131844,MCCC2,50.2,22.8,27.5,1.217,0.3,2.1e-01,1.0e+00,0.5264,1954,21,28,24,18,34,22,24,30
ENSG00000105223,PLD3,509,273.2,235.8,0.863,-0.2,2.1e-01,1.0e+00,0.5265,1955,237,318,254,284,172,261,258,252
ENSG00000167657,DAPK3,107.5,48.5,59,1.217,0.3,2.1e-01,1.0e+00,0.5266,1956,51,31,49,63,71,49,63,53
ENSG00000058729,RIOK2,30.2,17.5,12.8,0.747,-0.4,2.1e-01,1.0e+00,0.5268,1957,14,15,22,19,19,9,16,7
ENSG00000176973,FAM89B,39.8,17,22.8,1.343,0.4,2.1e-01,1.0e+00,0.5274,1960,26,15,8,19,29,24,21,17
ENSG00000197226,TBC1D9B,383.8,180,203.8,1.131,0.2,2.1e-01,1.0e+00,0.5274,1960,195,155,187,183,193,193,247,182
ENSG00000159496,RGL4,23.5,13.8,9.8,0.695,-0.5,2.1e-01,1.0e+00,0.5281,1963,17,13,8,17,11,17,5,6
ENSG00000283859,NLGN2,168.2,88.8,79.5,0.891,-0.2,2.1e-01,1.0e+00,0.5281,1964,90,81,83,101,77,90,77,74
ENSG00000152527,PLEKHH2,76.2,32.8,43.5,1.338,0.4,2.1e-01,1.0e+00,0.5281,1964,20,38,24,49,29,47,35,63
ENSG00000137819,PAQR5,18.8,7.8,11,1.439,0.5,2.1e-01,1.0e+00,0.5281,1965,3,12,8,8,7,11,13,13
ENSG00000066827,ZFAT,21.2,12.2,9,0.754,-0.4,2.2e-01,1.0e+00,0.5281,1965,11,10,16,12,5,11,10,10
ENSG00000141542,RAB40B,28,16,12,0.751,-0.4,2.2e-01,1.0e+00,0.5281,1966,10,18,15,21,8,17,11,12
ENSG00000165732,DDX21,114.2,51,63.2,1.245,0.3,2.2e-01,1.0e+00,0.5281,1967,44,50,60,50,63,38,93,59
ENSG00000111670,GNPTAB,281,154.5,126.5,0.817,-0.3,2.2e-01,1.0e+00,0.5281,1967,124,193,131,170,82,169,126,129
ENSG00000197912,SPG7,136,72.8,63.2,0.872,-0.2,2.2e-01,1.0e+00,0.5281,1968,66,82,77,66,71,69,63,50
ENSG00000130164,LDLR,89.5,36,53.5,1.49,0.6,2.2e-01,1.0e+00,0.5281,1968,48,62,19,15,51,74,61,28
ENSG00000179104,TMTC2,23.5,13.2,10.2,0.776,-0.4,2.2e-01,1.0e+00,0.5281,1969,13,15,14,11,13,10,6,12
ENSG00000165792,METTL17,39.2,21.8,17.5,0.803,-0.3,2.2e-01,1.0e+00,0.5281,1969,23,17,28,19,23,16,17,14
ENSG00000107959,PITRM1,142,64.8,77.2,1.19,0.3,2.2e-01,1.0e+00,0.5282,1970,47,77,82,53,68,82,75,84
ENSG00000105325,FZR1,59.2,33.2,26,0.791,-0.3,2.2e-01,1.0e+00,0.5282,1971,38,29,28,38,31,13,30,30
ENSG00000136274,NACAD,30.8,17,13.8,0.814,-0.3,2.2e-01,1.0e+00,0.5289,1974,14,17,21,16,14,13,17,11
ENSG00000140022,STON2,42.2,27,15.2,0.579,-0.8,2.2e-01,1.0e+00,0.5289,1974,45,34,10,19,35,12,3,11
ENSG00000173465,ZNRD2,25.5,16,9.5,0.609,-0.7,2.2e-01,1.0e+00,0.5289,1975,6,17,20,21,4,6,6,22
ENSG00000275837,SMARCB1,61.2,38.5,22.8,0.596,-0.7,2.2e-01,1.0e+00,0.529,1976,47,25,41,41,36,29,26,0
ENSG00000184900,SUMO3,138.2,64.8,73.5,1.137,0.2,2.2e-01,1.0e+00,0.5297,1979,64,72,65,58,71,89,70,64
ENSG00000161791,FMNL3,50.2,27.2,23,0.854,-0.2,2.2e-01,1.0e+00,0.5301,1981,27,29,29,24,20,26,25,21
ENSG00000106344,RBM28,43.2,18.2,25,1.364,0.4,2.2e-01,1.0e+00,0.5301,1981,25,18,19,11,19,19,43,19
ENSG00000066427,ATXN3,35,15.2,19.8,1.265,0.3,2.2e-01,1.0e+00,0.5301,1982,19,18,10,14,18,20,16,25
ENSG00000150768,DLAT,35,15.5,19.5,1.261,0.3,2.2e-01,1.0e+00,0.5301,1982,19,12,19,12,24,19,21,14
ENSG00000113758,DBN1,294.2,156.5,137.8,0.883,-0.2,2.2e-01,1.0e+00,0.5301,1983,138,165,170,153,131,136,167,117
ENSG00000122692,SMU1,111.2,59.2,52,0.876,-0.2,2.2e-01,1.0e+00,0.5301,1984,58,51,72,56,55,54,46,53
ENSG00000051523,CYBA,63,27.8,35.2,1.274,0.3,2.2e-01,1.0e+00,0.5301,1984,35,16,26,34,46,27,28,40
ENSG00000178057,NDUFAF3,59.5,33,26.5,0.805,-0.3,2.2e-01,1.0e+00,0.5301,1985,31,38,34,29,23,21,41,21
ENSG00000186566,GPATCH8,127,67.5,59.5,0.883,-0.2,2.2e-01,1.0e+00,0.5301,1985,72,67,65,66,48,66,62,62
ENSG00000015532,XYLT2,52,23.5,28.5,1.225,0.3,2.2e-01,1.0e+00,0.5301,1986,31,24,20,19,30,21,31,32
ENSG00000103005,USB1,61.5,27.8,33.8,1.212,0.3,2.2e-01,1.0e+00,0.5301,1986,32,17,27,35,33,35,31,36
ENSG00000149547,EI24,163.8,86.8,77,0.886,-0.2,2.2e-01,1.0e+00,0.5307,1989,78,79,102,88,77,73,86,72
ENSG00000132305,IMMT,101.5,47.2,54.2,1.149,0.2,2.2e-01,1.0e+00,0.531,1991,58,44,43,44,57,55,59,46
ENSG00000021776,AQR,106.2,49.8,56.5,1.137,0.2,2.2e-01,1.0e+00,0.5313,1992,55,50,49,45,57,62,47,60
ENSG00000155970,MICU3,17.5,7.5,10,1.354,0.4,2.2e-01,1.0e+00,0.5315,1994,10,8,4,8,10,12,11,7
ENSG00000242028,HYPK,22.2,14.2,8,0.567,-0.8,2.2e-01,1.0e+00,0.5316,1995,21,6,5,25,15,11,3,3
ENSG00000089876,DHX32,47,25.8,21.2,0.826,-0.3,2.2e-01,1.0e+00,0.5318,1996,23,25,28,27,16,26,25,18
ENSG00000136942,RPL35,425.8,229.8,196,0.855,-0.2,2.2e-01,1.0e+00,0.5318,1996,255,227,224,213,272,164,186,162
ENSG00000169071,ROR2,130.5,70.5,60,0.853,-0.2,2.2e-01,1.0e+00,0.532,1998,94,67,64,57,69,60,56,55
ENSG00000023902,PLEKHO1,57,25.5,31.5,1.236,0.3,2.2e-01,1.0e+00,0.532,1998,18,29,26,29,30,23,43,30
ENSG00000132300,PTCD3,80.5,43.2,37.2,0.863,-0.2,2.2e-01,1.0e+00,0.532,1999,43,43,47,40,39,39,28,43
ENSG00000142082,SIRT3,28.8,16.2,12.5,0.771,-0.4,2.2e-01,1.0e+00,0.532,1999,14,20,18,13,11,19,8,12
ENSG00000135521,LTV1,33.2,14.2,19,1.355,0.4,2.2e-01,1.0e+00,0.532,2000,11,13,25,8,23,20,19,14
ENSG00000198171,DDRGK1,49.5,22.2,27.2,1.235,0.3,2.2e-01,1.0e+00,0.5328,2003,15,23,25,26,25,22,36,26
ENSG00000070081,NUCB2,147.8,79.8,68,0.848,-0.2,2.2e-01,1.0e+00,0.5328,2004,70,86,87,76,45,72,76,79
ENSG00000160208,RRP1B,55.8,30.8,25,0.83,-0.3,2.2e-01,1.0e+00,0.533,2005,34,36,27,26,20,26,32,22
ENSG00000176853,FAM91A1,118.8,63.8,55,0.859,-0.2,2.2e-01,1.0e+00,0.533,2006,50,54,78,73,50,57,55,58
ENSG00000101400,SNTA1,32.2,14,18.2,1.308,0.4,2.2e-01,1.0e+00,0.5331,2006,11,17,18,10,15,13,19,26
ENSG00000125991,ERGIC3,324.5,170.8,153.8,0.902,-0.1,2.2e-01,1.0e+00,0.5331,2007,184,154,165,180,146,166,162,141
ENSG00000171451,DSEL,386.2,209.5,176.8,0.843,-0.2,2.2e-01,1.0e+00,0.5331,2008,193,187,290,168,145,183,212,167
ENSG00000150316,CWC15,56.8,31.2,25.5,0.823,-0.3,2.2e-01,1.0e+00,0.5345,2013,25,43,27,30,30,27,24,21
ENSG00000082153,BZW1,483.2,229.8,253.5,1.103,0.1,2.2e-01,1.0e+00,0.5345,2014,212,231,239,237,262,274,246,232
ENSG00000167775,CD320,25.8,15,10.8,0.722,-0.5,2.2e-01,1.0e+00,0.5345,2014,16,9,15,20,10,5,11,17
ENSG00000170145,SIK2,274.2,128,146.2,1.141,0.2,2.2e-01,1.0e+00,0.5345,2015,139,112,126,135,159,111,164,151
ENSG00000185019,UBOX5,20,11.2,8.8,0.779,-0.4,2.2e-01,1.0e+00,0.5357,2020,14,11,10,10,9,6,10,10
ENSG00000175548,ALG10B,21.2,12.2,9,0.738,-0.4,2.2e-01,1.0e+00,0.5359,2021,14,12,13,10,8,8,5,15
ENSG00000130176,CNN1,90.2,38.2,52,1.365,0.4,2.2e-01,1.0e+00,0.5362,2023,21,65,20,47,53,54,41,60
ENSG00000070778,PTPN21,142,67,75,1.122,0.2,2.2e-01,1.0e+00,0.5362,2024,61,62,68,77,70,75,73,82
ENSG00000154813,DPH3,76.5,35,41.5,1.18,0.2,2.2e-01,1.0e+00,0.5364,2025,42,26,36,36,39,39,50,38
ENSG00000213397,HAUS7,34.5,19.5,15,0.778,-0.4,2.2e-01,1.0e+00,0.5364,2026,27,14,19,18,13,10,19,18
ENSG00000165609,NUDT5,65.2,38.5,26.8,0.707,-0.5,2.2e-01,1.0e+00,0.5364,2026,53,24,48,29,43,10,31,23
ENSG00000171606,ZNF274,26.8,15,11.8,0.786,-0.3,2.2e-01,1.0e+00,0.5365,2027,14,18,15,13,15,12,7,13
ENSG00000110315,RNF141,121.5,55,66.5,1.214,0.3,2.2e-01,1.0e+00,0.5372,2030,50,67,55,48,46,74,90,56
ENSG00000034693,PEX3,28,15.5,12.5,0.812,-0.3,2.2e-01,1.0e+00,0.5372,2031,16,14,15,17,9,13,14,14
ENSG00000158710,TAGLN2,808.2,434.8,373.5,0.859,-0.2,2.2e-01,1.0e+00,0.5373,2031,466,409,455,409,502,283,349,360
ENSG00000142669,SH3BGRL3,210.5,112,98.5,0.879,-0.2,2.2e-01,1.0e+00,0.5373,2032,92,127,100,129,93,108,103,90
ENSG00000071462,BUD23,53.5,29.2,24.2,0.838,-0.3,2.2e-01,1.0e+00,0.5376,2034,34,31,29,23,29,24,25,19
ENSG00000117114,ADGRL2,178.5,102.8,75.8,0.741,-0.4,2.2e-01,1.0e+00,0.5385,2038,100,127,50,134,95,74,38,96
ENSG00000112200,ZNF451,73.5,40,33.5,0.838,-0.3,2.2e-01,1.0e+00,0.5388,2039,42,29,37,52,37,29,35,33
ENSG00000064607,SUGP2,143.8,77.2,66.5,0.86,-0.2,2.2e-01,1.0e+00,0.5389,2040,89,65,73,82,79,50,68,69
ENSG00000151694,ADAM17,119,55,64,1.165,0.2,2.2e-01,1.0e+00,0.5389,2041,57,60,55,48,49,69,58,80
ENSG00000066117,SMARCD1,63.8,34.8,29,0.834,-0.3,2.2e-01,1.0e+00,0.5389,2041,45,30,38,26,30,30,30,26
ENSG00000072518,MARK2,33.5,18.5,15,0.828,-0.3,2.2e-01,1.0e+00,0.539,2042,16,20,19,19,13,13,19,15
ENSG00000182973,CNOT10,30,17,13,0.781,-0.4,2.2e-01,1.0e+00,0.5393,2044,22,20,14,12,15,11,10,16
ENSG00000140937,CDH11,810.5,441.2,369.2,0.837,-0.3,2.2e-01,1.0e+00,0.5393,2044,481,501,294,489,297,432,318,430
ENSG00000144791,LIMD1,71,31.5,39.5,1.255,0.3,2.2e-01,1.0e+00,0.5393,2045,41,36,19,30,29,39,40,50
ENSG00000197982,C1orf122,60,26.2,33.8,1.297,0.4,2.2e-01,1.0e+00,0.5394,2046,32,21,21,31,50,22,38,25
ENSG00000185043,CIB1,64.5,35,29.5,0.842,-0.2,2.2e-01,1.0e+00,0.5394,2047,44,32,33,31,31,23,29,35
ENSG00000177479,ARIH2,131.5,60.8,70.8,1.166,0.2,2.2e-01,1.0e+00,0.5399,2049,52,69,48,74,78,65,78,62
ENSG00000172354,GNB2,221.2,103.5,117.8,1.136,0.2,2.2e-01,1.0e+00,0.5399,2050,103,89,119,103,126,97,137,111
ENSG00000163539,CLASP2,50.8,28.5,22.2,0.782,-0.4,2.2e-01,1.0e+00,0.54,2050,23,24,30,37,22,30,12,25
ENSG00000175575,PAAF1,23.8,14,9.8,0.713,-0.5,2.2e-01,1.0e+00,0.5401,2051,7,14,14,21,8,13,6,12
ENSG00000166004,CEP295,30.5,17.5,13,0.737,-0.4,2.2e-01,1.0e+00,0.5402,2052,22,9,18,21,12,19,14,7
ENSG00000240694,PNMA2,66.5,27,39.5,1.467,0.6,2.2e-01,1.0e+00,0.5402,2053,30,48,11,19,43,61,21,33
ENSG00000126524,SBDS,202.8,94.8,108,1.14,0.2,2.2e-01,1.0e+00,0.5402,2053,89,105,99,86,103,130,86,113
ENSG00000162144,CYB561A3,130.2,70.5,59.8,0.85,-0.2,2.2e-01,1.0e+00,0.5403,2054,71,68,84,59,74,43,59,63
ENSG00000171130,ATP6V0E2,25.5,14.8,10.8,0.735,-0.4,2.2e-01,1.0e+00,0.5403,2055,22,8,16,13,14,13,7,9
ENSG00000103152,MPG,79.8,36.5,43.2,1.176,0.2,2.2e-01,1.0e+00,0.5404,2056,40,36,28,42,54,37,40,42
ENSG00000140743,CDR2,66.8,30.2,36.5,1.201,0.3,2.2e-01,1.0e+00,0.5404,2056,25,29,35,32,41,25,43,37
ENSG00000068097,HEATR6,42.5,24.2,18.2,0.768,-0.4,2.2e-01,1.0e+00,0.5404,2057,18,31,30,18,24,14,23,12
ENSG00000144824,PHLDB2,149.2,81,68.2,0.845,-0.2,2.2e-01,1.0e+00,0.5404,2057,88,89,91,56,68,69,82,54
ENSG00000275031,METRNL,72,40.5,31.5,0.777,-0.4,2.3e-01,1.0e+00,0.5407,2059,47,34,29,52,43,23,20,40
ENSG00000162300,ZFPL1,47,25.8,21.2,0.823,-0.3,2.3e-01,1.0e+00,0.5407,2059,28,28,22,25,18,17,21,29
ENSG00000285390,ATP5IF1,56,31.5,24.5,0.784,-0.4,2.3e-01,1.0e+00,0.5407,2060,21,41,39,25,33,20,26,19
ENSG00000147454,SLC25A37,73.8,40.5,33.2,0.826,-0.3,2.3e-01,1.0e+00,0.5407,2061,44,40,34,44,43,31,38,21
ENSG00000136807,CDK9,71.5,33.5,38,1.139,0.2,2.3e-01,1.0e+00,0.5407,2061,35,36,33,30,42,37,34,39
ENSG00000225697,SLC26A6,31.8,14,17.8,1.286,0.4,2.3e-01,1.0e+00,0.5407,2062,19,10,13,14,22,11,21,17
ENSG00000163320,CGGBP1,198.8,91.8,107,1.16,0.2,2.3e-01,1.0e+00,0.5407,2062,96,89,87,95,115,113,73,127
ENSG00000128915,ICE2,62,27.8,34.2,1.238,0.3,2.3e-01,1.0e+00,0.5407,2063,39,24,24,24,43,28,27,39
ENSG00000126903,SLC10A3,67.8,30.8,37,1.209,0.3,2.3e-01,1.0e+00,0.541,2064,38,28,26,31,39,30,30,49
ENSG00000111731,C2CD5,60.8,33.5,27.2,0.813,-0.3,2.3e-01,1.0e+00,0.5413,2066,42,32,28,32,21,24,24,40
ENSG00000189403,HMGB1,320,169.8,150.2,0.886,-0.2,2.3e-01,1.0e+00,0.5413,2067,184,144,184,167,168,139,165,129
ENSG00000166441,RPL27A,1072.8,572.8,500,0.873,-0.2,2.3e-01,1.0e+00,0.5413,2067,634,634,571,452,588,483,513,416
ENSG00000108094,CUL2,70.2,32.8,37.5,1.151,0.2,2.3e-01,1.0e+00,0.5413,2068,28,35,37,31,35,42,36,37
ENSG00000161217,PCYT1A,187.8,98.8,89,0.901,-0.1,2.3e-01,1.0e+00,0.5423,2072,97,110,100,88,93,92,89,82
ENSG00000108010,GLRX3,60.2,33.5,26.8,0.802,-0.3,2.3e-01,1.0e+00,0.5423,2073,31,22,39,42,31,29,18,29
ENSG00000055917,PUM2,196.5,93,103.5,1.114,0.2,2.3e-01,1.0e+00,0.5423,2073,86,87,105,94,94,115,102,103
ENSG00000138119,MYOF,1333.2,609.2,724,1.188,0.2,2.3e-01,1.0e+00,0.5423,2074,497,562,684,694,520,631,835,910
ENSG00000091164,TXNL1,96.2,51.8,44.5,0.861,-0.2,2.3e-01,1.0e+00,0.5423,2074,60,51,52,44,43,55,35,45
ENSG00000172795,DCP2,32,13.8,18.2,1.327,0.4,2.3e-01,1.0e+00,0.5423,2075,14,11,17,13,23,23,8,19
ENSG00000150281,CTF1,23.2,13.2,10,0.758,-0.4,2.3e-01,1.0e+00,0.5423,2075,16,14,14,9,10,7,8,15
ENSG00000058668,ATP2B4,936.8,508,428.8,0.844,-0.2,2.3e-01,1.0e+00,0.5423,2076,403,646,483,500,323,428,554,410
ENSG00000119729,RHOQ,473,223.5,249.5,1.116,0.2,2.3e-01,1.0e+00,0.5428,2078,195,229,265,205,254,260,237,247
ENSG00000197070,ARRDC1,24.2,10,14.2,1.421,0.5,2.3e-01,1.0e+00,0.5437,2082,10,11,9,10,18,23,11,5
ENSG00000124789,NUP153,99.5,45.8,53.8,1.173,0.2,2.3e-01,1.0e+00,0.544,2084,48,42,39,54,62,55,59,39
ENSG00000115942,ORC2,24,13.8,10.2,0.751,-0.4,2.3e-01,1.0e+00,0.544,2085,16,12,16,11,5,10,12,14
ENSG00000156304,SCAF4,82.8,38.2,44.5,1.156,0.2,2.3e-01,1.0e+00,0.5445,2087,29,45,41,38,45,47,42,44
ENSG00000106538,RARRES2,198.5,113.5,85,0.751,-0.4,2.3e-01,1.0e+00,0.5452,2090,149,139,55,111,117,105,57,61
ENSG00000184677,ZBTB40,70,38,32,0.844,-0.2,2.3e-01,1.0e+00,0.5454,2091,30,43,39,40,41,27,32,28
ENSG00000171298,GAA,246.2,134,112.2,0.839,-0.3,2.3e-01,1.0e+00,0.5458,2094,138,118,162,118,100,99,161,89
ENSG00000169118,CSNK1G1,48.8,22.5,26.2,1.178,0.2,2.3e-01,1.0e+00,0.5458,2094,26,24,17,23,25,26,27,27
ENSG00000141965,FEM1A,43,23.8,19.2,0.837,-0.3,2.3e-01,1.0e+00,0.5458,2095,23,26,23,23,22,14,18,23
ENSG00000225553,PHF1,109.8,59.2,50.5,0.85,-0.2,2.3e-01,1.0e+00,0.5461,2097,66,53,59,59,63,59,40,40
ENSG00000163577,EIF5A2,46.5,20.8,25.8,1.257,0.3,2.3e-01,1.0e+00,0.5462,2097,25,20,19,19,16,35,29,23
ENSG00000078369,GNB1,604.2,286.5,317.8,1.108,0.1,2.3e-01,1.0e+00,0.5467,2100,270,280,296,300,290,310,370,301
ENSG00000107833,NPM3,18.8,11,7.8,0.722,-0.5,2.3e-01,1.0e+00,0.5467,2100,13,5,13,13,11,6,9,5
ENSG00000112697,TMEM30A,524.8,280.8,244,0.87,-0.2,2.3e-01,1.0e+00,0.5468,2101,328,238,230,327,281,241,211,243
ENSG00000113282,CLINT1,134.2,71.2,63,0.884,-0.2,2.3e-01,1.0e+00,0.5468,2102,73,66,65,81,53,64,71,64
ENSG00000081026,MAGI3,26.5,15.2,11.2,0.765,-0.4,2.3e-01,1.0e+00,0.5468,2102,12,21,14,14,14,13,12,6
ENSG00000205903,ZNF316,42.8,23.2,19.5,0.855,-0.2,2.3e-01,1.0e+00,0.5468,2103,20,26,25,22,19,19,19,21
ENSG00000058600,POLR3E,39.5,18,21.5,1.201,0.3,2.3e-01,1.0e+00,0.5469,2104,18,15,23,16,20,21,26,19
ENSG00000145050,MANF,61.8,27.8,34,1.228,0.3,2.3e-01,1.0e+00,0.5469,2105,31,32,22,26,35,24,47,30
ENSG00000074800,ENO1,1210.8,538,672.8,1.25,0.3,2.3e-01,1.0e+00,0.547,2105,710,538,470,434,726,483,1001,481
ENSG00000206418,RAB12,68.8,30.8,38,1.233,0.3,2.3e-01,1.0e+00,0.547,2106,41,27,33,22,45,42,26,39
ENSG00000104131,EIF3J,44.8,20,24.8,1.244,0.3,2.3e-01,1.0e+00,0.5476,2109,22,16,24,18,29,17,32,21
ENSG00000164924,YWHAZ,858,404,454,1.123,0.2,2.3e-01,1.0e+00,0.5477,2110,422,401,441,352,489,475,482,370
ENSG00000250317,SMIM20,31,14,17,1.235,0.3,2.3e-01,1.0e+00,0.5477,2110,13,16,15,12,20,20,12,16
ENSG00000103187,COTL1,192,88.8,103.2,1.16,0.2,2.3e-01,1.0e+00,0.5477,2111,83,86,91,95,106,93,136,78
ENSG00000136878,USP20,38,21,17,0.807,-0.3,2.3e-01,1.0e+00,0.548,2113,23,13,27,21,16,17,15,20
ENSG00000176485,PLAAT3,33,14,19,1.405,0.5,2.3e-01,1.0e+00,0.5487,2116,13,20,8,15,18,30,8,20
ENSG00000274811,CLPTM1L,58.8,38,20.8,0.547,-0.9,2.3e-01,1.0e+00,0.5487,2117,38,41,34,39,18,0,58,7
ENSG00000227345,PARG,48.2,27.2,21,0.787,-0.3,2.3e-01,1.0e+00,0.5489,2118,35,34,21,19,20,25,25,14
ENSG00000154265,ABCA5,32.2,19.2,13,0.678,-0.6,2.3e-01,1.0e+00,0.5493,2120,10,16,15,36,8,21,9,14
ENSG00000160226,CFAP410,49.2,27.2,22,0.823,-0.3,2.3e-01,1.0e+00,0.5493,2120,28,34,25,22,20,18,29,21
ENSG00000274334,VASN,338.5,183.5,155,0.843,-0.2,2.3e-01,1.0e+00,0.5493,2121,191,173,139,231,153,146,119,202
ENSG00000055211,GINM1,196.2,91.2,105,1.154,0.2,2.3e-01,1.0e+00,0.5504,2126,83,103,103,76,95,134,95,96
ENSG00000144535,DIS3L2,22,9.5,12.5,1.339,0.4,2.3e-01,1.0e+00,0.5504,2126,10,4,10,14,14,14,10,12
ENSG00000204070,SYS1,51,23.2,27.8,1.207,0.3,2.3e-01,1.0e+00,0.5505,2127,27,21,24,21,29,36,20,26
ENSG00000136108,CKAP2,35.5,19.5,16,0.816,-0.3,2.3e-01,1.0e+00,0.5505,2128,21,15,22,20,14,18,12,20
ENSG00000198727,MT-CYB,4922.5,2250.5,2672,1.187,0.2,2.3e-01,1.0e+00,0.5513,2131,1841,2354,2860,1947,2282,3362,2941,2103
ENSG00000186577,SMIM29,30.8,13.2,17.5,1.304,0.4,2.3e-01,1.0e+00,0.5513,2132,16,6,13,18,16,16,21,17
ENSG00000122970,IFT81,49.2,22.2,27,1.228,0.3,2.3e-01,1.0e+00,0.5517,2134,24,21,18,26,18,29,25,36
ENSG00000197563,PIGN,99,53.2,45.8,0.859,-0.2,2.3e-01,1.0e+00,0.5517,2134,49,56,61,47,47,54,33,49
ENSG00000095564,BTAF1,138.8,64,74.8,1.174,0.2,2.3e-01,1.0e+00,0.5517,2135,54,51,80,71,77,67,92,63
ENSG00000186073,CDIN1,24.5,14,10.5,0.753,-0.4,2.3e-01,1.0e+00,0.5517,2135,15,12,11,18,11,5,15,11
ENSG00000112159,MDN1,33.5,11.2,22.2,1.967,1,2.3e-01,1.0e+00,0.5517,2136,7,2,0,36,12,27,23,27
ENSG00000241489,ENSG00000241489,31.8,17.5,14.2,0.807,-0.3,2.3e-01,1.0e+00,0.5518,2137,17,12,18,23,15,17,14,11
ENSG00000115355,CCDC88A,120.5,65.5,55,0.839,-0.3,2.3e-01,1.0e+00,0.552,2138,64,61,79,58,50,49,78,43
ENSG00000125741,OPA3,54.5,25.2,29.2,1.161,0.2,2.3e-01,1.0e+00,0.552,2139,24,22,28,27,26,28,30,33
ENSG00000183765,CHEK2,21.8,13,8.8,0.687,-0.5,2.3e-01,1.0e+00,0.552,2139,11,15,13,13,14,6,13,2
ENSG00000273936,TNFRSF14,29.8,12.5,17.2,1.383,0.5,2.3e-01,1.0e+00,0.552,2140,12,9,10,19,18,12,10,29
ENSG00000163389,POGLUT1,20,8.5,11.5,1.373,0.5,2.3e-01,1.0e+00,0.5529,2144,5,6,10,13,15,12,7,12
ENSG00000163866,SMIM12,37.5,16.8,20.8,1.242,0.3,2.3e-01,1.0e+00,0.5535,2147,18,18,17,14,26,25,19,13
ENSG00000149639,MTCL2,110.8,59.2,51.5,0.87,-0.2,2.3e-01,1.0e+00,0.5535,2148,66,60,53,58,63,53,41,49
ENSG00000168216,LMBRD1,80.8,43.8,37,0.846,-0.2,2.3e-01,1.0e+00,0.5536,2149,38,54,40,43,28,41,45,34
ENSG00000137845,ADAM10,319.8,150.5,169.2,1.124,0.2,2.3e-01,1.0e+00,0.5536,2149,161,128,164,149,148,202,163,164
ENSG00000169020,ATP5ME,53.2,24.5,28.8,1.185,0.2,2.4e-01,1.0e+00,0.5544,2153,29,27,24,18,29,25,32,29
ENSG00000129625,REEP5,268.5,127,141.5,1.112,0.2,2.4e-01,1.0e+00,0.5545,2154,111,132,147,118,149,140,143,134
ENSG00000147044,CASK,83.5,45.8,37.8,0.824,-0.3,2.4e-01,1.0e+00,0.5547,2155,65,38,40,40,44,28,37,42
ENSG00000119777,TMEM214,170,79.2,90.8,1.149,0.2,2.4e-01,1.0e+00,0.5547,2156,87,65,79,86,91,94,108,70
ENSG00000173542,MOB1B,68.5,37.2,31.2,0.845,-0.2,2.4e-01,1.0e+00,0.5547,2156,34,36,32,47,23,35,35,32
ENSG00000136827,TOR1A,85.8,39.5,46.2,1.166,0.2,2.4e-01,1.0e+00,0.5551,2158,29,40,48,41,45,52,41,47
ENSG00000102802,MEDAG,128,56,72,1.293,0.4,2.4e-01,1.0e+00,0.5551,2159,37,97,34,56,80,77,62,69
ENSG00000136485,DCAF7,150.8,71,79.8,1.124,0.2,2.4e-01,1.0e+00,0.5551,2160,79,60,66,79,80,74,78,87
ENSG00000229253,ZBTB22,19.5,13.8,5.8,0.432,-1.2,2.4e-01,1.0e+00,0.5551,2160,26,20,0,9,10,13,0,0
ENSG00000090674,MCOLN1,47,20.8,26.2,1.261,0.3,2.4e-01,1.0e+00,0.5552,2161,22,13,23,25,35,22,18,30
ENSG00000111962,UST,65.2,29.5,35.8,1.214,0.3,2.4e-01,1.0e+00,0.5552,2161,22,40,29,27,31,30,36,46
ENSG00000288701,PRRC2B,453.2,214.5,238.8,1.115,0.2,2.4e-01,1.0e+00,0.5552,2162,220,204,226,208,205,218,274,258
ENSG00000196998,WDR45,92,42.8,49.2,1.144,0.2,2.4e-01,1.0e+00,0.5554,2163,40,40,45,46,49,60,41,47
ENSG00000116539,ASH1L,210.2,110.8,99.5,0.899,-0.2,2.4e-01,1.0e+00,0.5554,2164,122,94,109,118,93,97,100,108
ENSG00000153395,LPCAT1,50.2,14.8,35.5,2.395,1.3,2.4e-01,1.0e+00,0.5555,2165,57,0,0,2,61,43,28,10
ENSG00000008018,PSMB1,124.8,66.8,58,0.869,-0.2,2.4e-01,1.0e+00,0.5555,2166,77,63,54,73,65,63,57,47
ENSG00000087302,RTRAF,161.5,76.2,85.2,1.112,0.2,2.4e-01,1.0e+00,0.5557,2167,72,76,82,75,90,91,87,73
ENSG00000164828,SUN1,241,111.8,129.2,1.158,0.2,2.4e-01,1.0e+00,0.5558,2168,91,109,108,139,115,136,107,159
ENSG00000126216,TUBGCP3,44.2,24.2,20,0.831,-0.3,2.4e-01,1.0e+00,0.5558,2168,25,24,27,21,23,17,15,25
ENSG00000027697,IFNGR1,121.5,56.8,64.8,1.145,0.2,2.4e-01,1.0e+00,0.5558,2169,52,59,64,52,65,81,56,57
ENSG00000198646,NCOA6,94.8,51,43.8,0.859,-0.2,2.4e-01,1.0e+00,0.5559,2170,49,40,53,62,36,41,52,46
ENSG00000164823,OSGIN2,25,14,11,0.802,-0.3,2.4e-01,1.0e+00,0.5559,2170,10,14,16,16,13,10,12,9
ENSG00000114302,PRKAR2A,101.5,54.5,47,0.864,-0.2,2.4e-01,1.0e+00,0.5559,2171,55,54,49,60,39,57,38,54
ENSG00000077454,LRCH4,54.5,30.2,24.2,0.801,-0.3,2.4e-01,1.0e+00,0.5562,2172,29,30,30,32,35,16,17,29
ENSG00000106665,CLIP2,171.8,93,78.8,0.844,-0.2,2.4e-01,1.0e+00,0.5573,2177,91,90,92,99,69,54,110,82
ENSG00000101367,MAPRE1,145,68.2,76.8,1.127,0.2,2.4e-01,1.0e+00,0.5573,2178,78,59,71,65,65,78,82,82
ENSG00000170584,NUDCD2,36,15.5,20.5,1.326,0.4,2.4e-01,1.0e+00,0.5575,2179,11,17,15,19,27,18,10,27
ENSG00000119616,FCF1,71.8,38,33.8,0.888,-0.2,2.4e-01,1.0e+00,0.5575,2180,38,38,35,41,34,33,32,36
ENSG00000075856,SART3,73.5,39.2,34.2,0.873,-0.2,2.4e-01,1.0e+00,0.5577,2181,40,33,44,40,39,33,34,31
ENSG00000066084,DIP2B,77.5,42.5,35,0.825,-0.3,2.4e-01,1.0e+00,0.5577,2182,39,34,45,52,37,23,34,46
ENSG00000119725,ZNF410,53.5,29.2,24.2,0.833,-0.3,2.4e-01,1.0e+00,0.558,2183,38,22,27,30,26,21,27,23
ENSG00000147421,HMBOX1,22,12.5,9.5,0.763,-0.4,2.4e-01,1.0e+00,0.558,2184,13,9,13,15,9,5,13,11
ENSG00000122482,ZNF644,51,28.2,22.8,0.814,-0.3,2.4e-01,1.0e+00,0.558,2185,35,32,29,17,27,21,21,22
ENSG00000290318,ENSG00000290318,24,6.5,17.5,2.656,1.4,2.4e-01,1.0e+00,0.558,2185,0,0,26,0,0,21,15,34
ENSG00000088812,ATRN,254.5,121,133.5,1.102,0.1,2.4e-01,1.0e+00,0.5582,2186,121,123,125,115,120,125,145,144
ENSG00000102178,UBL4A,48,22,26,1.192,0.3,2.4e-01,1.0e+00,0.5583,2188,23,23,26,16,31,25,23,25
ENSG00000136153,LMO7,305.5,131.8,173.8,1.321,0.4,2.4e-01,1.0e+00,0.5583,2188,88,183,116,140,85,215,250,145
ENSG00000168591,TMUB2,80.2,43,37.2,0.869,-0.2,2.4e-01,1.0e+00,0.5586,2190,39,41,54,38,33,38,38,40
ENSG00000089060,SLC8B1,75.2,33.8,41.5,1.245,0.3,2.4e-01,1.0e+00,0.559,2192,29,43,27,36,36,44,27,59
ENSG00000105849,POLR1F,24.2,14,10.2,0.736,-0.4,2.4e-01,1.0e+00,0.559,2192,14,13,12,17,7,8,19,7
ENSG00000185483,ROR1,102.8,47,55.8,1.179,0.2,2.4e-01,1.0e+00,0.559,2193,42,54,40,52,56,54,41,72
ENSG00000006194,ZNF263,46.2,25.2,21,0.849,-0.2,2.4e-01,1.0e+00,0.559,2193,21,24,27,29,19,25,22,18
ENSG00000075223,SEMA3C,263.8,148.8,115,0.773,-0.4,2.4e-01,1.0e+00,0.559,2194,109,203,91,192,104,107,79,170
ENSG00000168894,RNF181,68.8,37,31.8,0.861,-0.2,2.4e-01,1.0e+00,0.559,2194,32,43,33,40,34,30,36,27
ENSG00000076003,MCM6,46,26.8,19.2,0.717,-0.5,2.4e-01,1.0e+00,0.559,2195,19,25,21,42,15,23,8,31
ENSG00000168477,TNXB,267,169.8,97.2,0.573,-0.8,2.4e-01,1.0e+00,0.559,2196,97,417,27,138,60,171,81,77
ENSG00000140386,SCAPER,26.2,11.5,14.8,1.257,0.3,2.4e-01,1.0e+00,0.559,2196,16,11,10,9,16,18,12,13
ENSG00000105229,PIAS4,22.5,13,9.5,0.746,-0.4,2.4e-01,1.0e+00,0.559,2197,8,14,17,13,11,5,13,9
ENSG00000166557,TMED3,129.5,70,59.5,0.852,-0.2,2.4e-01,1.0e+00,0.559,2197,51,83,79,67,52,67,69,50
ENSG00000177981,ASB8,48.5,26.8,21.8,0.812,-0.3,2.4e-01,1.0e+00,0.559,2198,17,29,32,29,20,26,16,25
ENSG00000140259,MFAP1,70.8,37.8,33,0.868,-0.2,2.4e-01,1.0e+00,0.559,2198,38,34,40,39,30,28,41,33
ENSG00000136738,STAM,78.5,42.5,36,0.85,-0.2,2.4e-01,1.0e+00,0.559,2199,39,36,49,46,33,39,27,45
ENSG00000172888,ZNF621,89.5,48.2,41.2,0.856,-0.2,2.4e-01,1.0e+00,0.5591,2200,53,35,53,52,35,37,48,45
ENSG00000262826,INTS3,217.8,115,102.8,0.893,-0.2,2.4e-01,1.0e+00,0.5597,2203,116,127,119,98,116,88,101,106
ENSG00000132549,VPS13B,248.5,134.5,114,0.847,-0.2,2.4e-01,1.0e+00,0.5601,2205,137,137,143,121,72,111,125,148
ENSG00000151553,FHIP2A,109.2,58.8,50.5,0.859,-0.2,2.4e-01,1.0e+00,0.5601,2206,62,49,53,71,41,55,45,61
ENSG00000102781,KATNAL1,56.8,25.5,31.2,1.242,0.3,2.4e-01,1.0e+00,0.5602,2207,36,23,21,22,29,28,24,44
ENSG00000188739,RBM34,45,25,20,0.807,-0.3,2.4e-01,1.0e+00,0.5602,2207,17,30,30,23,18,14,23,25
ENSG00000172432,GTPBP2,71,32.5,38.5,1.191,0.3,2.4e-01,1.0e+00,0.5602,2208,30,23,37,40,43,43,35,33
ENSG00000174032,SLC25A30,21.5,12,9.5,0.793,-0.3,2.4e-01,1.0e+00,0.5602,2208,13,14,10,11,9,10,12,7
ENSG00000134717,BTF3L4,63.2,33.8,29.5,0.872,-0.2,2.4e-01,1.0e+00,0.5602,2209,38,34,28,35,30,30,31,27
ENSG00000110013,SIAE,151.8,82.2,69.5,0.839,-0.3,2.4e-01,1.0e+00,0.5602,2209,65,83,95,86,44,86,74,74
ENSG00000119509,INVS,34,18.8,15.2,0.83,-0.3,2.4e-01,1.0e+00,0.5602,2210,19,21,18,17,19,17,12,13
ENSG00000179134,SAMD4B,209,97.2,111.8,1.149,0.2,2.4e-01,1.0e+00,0.5604,2212,99,107,100,83,132,90,94,131
ENSG00000122026,RPL21,936.5,494.5,442,0.894,-0.2,2.4e-01,1.0e+00,0.5605,2212,535,509,481,453,531,447,396,394
ENSG00000161544,CYGB,110.5,59.8,50.8,0.852,-0.2,2.4e-01,1.0e+00,0.5605,2213,62,44,55,78,56,42,52,53
ENSG00000135090,TAOK3,104.2,48.5,55.8,1.152,0.2,2.4e-01,1.0e+00,0.5608,2215,43,60,47,44,64,53,46,60
ENSG00000085662,AKR1B1,201.5,113.5,88,0.774,-0.4,2.4e-01,1.0e+00,0.5614,2217,98,80,197,79,90,67,114,81
ENSG00000243716,NPIPB5,60.5,25.2,35.2,1.405,0.5,2.4e-01,1.0e+00,0.5617,2219,23,44,13,21,31,28,60,22
ENSG00000166710,B2M,2161.2,1136.8,1024.5,0.901,-0.2,2.4e-01,1.0e+00,0.5617,2220,1046,1140,1171,1190,933,1192,984,989
ENSG00000152944,MED21,38.2,21.8,16.5,0.784,-0.4,2.4e-01,1.0e+00,0.562,2221,24,24,17,22,26,12,17,11
ENSG00000065978,YBX1,863,453.2,409.8,0.904,-0.1,2.4e-01,1.0e+00,0.562,2222,490,476,421,426,461,415,371,392
ENSG00000177105,RHOG,51,23.5,27.5,1.18,0.2,2.4e-01,1.0e+00,0.562,2223,26,24,18,26,32,24,28,26
ENSG00000267534,S1PR2,147.2,77.8,69.5,0.892,-0.2,2.4e-01,1.0e+00,0.562,2223,81,67,89,74,73,72,61,72
ENSG00000086189,DIMT1,32,18.2,13.8,0.773,-0.4,2.4e-01,1.0e+00,0.562,2224,25,13,16,19,20,9,15,11
ENSG00000176014,TUBB6,297.5,132,165.5,1.256,0.3,2.4e-01,1.0e+00,0.5621,2225,143,146,125,114,168,104,269,121
ENSG00000136888,ATP6V1G1,96.8,52.5,44.2,0.843,-0.2,2.4e-01,1.0e+00,0.5623,2226,57,38,64,51,48,32,47,50
ENSG00000176678,FOXL1,55.5,24.5,31,1.272,0.3,2.4e-01,1.0e+00,0.5623,2227,38,20,22,18,26,24,43,31
ENSG00000155903,RASA2,69,30.5,38.5,1.253,0.3,2.4e-01,1.0e+00,0.5623,2227,41,22,37,22,38,38,50,28
ENSG00000102144,PGK1,679.5,299.2,380.2,1.271,0.3,2.4e-01,1.0e+00,0.5623,2228,338,337,261,261,301,296,661,263
ENSG00000180875,GREM2,31,18.5,12.5,0.691,-0.5,2.4e-01,1.0e+00,0.5628,2230,16,23,6,29,9,14,9,18
ENSG00000176731,RBIS,31.5,14.2,17.2,1.232,0.3,2.4e-01,1.0e+00,0.5631,2232,13,14,19,11,18,16,21,14
ENSG00000283649,ZDBF2,25.2,16.2,9,0.558,-0.8,2.4e-01,1.0e+00,0.5633,2233,19,16,19,11,18,0,1,17
ENSG00000100731,PCNX1,194.8,103.5,91.2,0.879,-0.2,2.4e-01,1.0e+00,0.5633,2234,92,92,105,125,86,77,107,95
ENSG00000130508,PXDN,1005.2,465,540.2,1.162,0.2,2.4e-01,1.0e+00,0.5633,2235,395,490,549,426,458,437,705,561
ENSG00000170265,ZNF282,47.8,26.2,21.5,0.829,-0.3,2.4e-01,1.0e+00,0.5633,2235,26,20,31,28,26,24,16,20
ENSG00000253953,PCDHGB4,40.8,25.2,15.5,0.617,-0.7,2.4e-01,1.0e+00,0.5637,2238,24,27,6,44,15,14,4,29
ENSG00000130005,GAMT,30.8,17.2,13.5,0.799,-0.3,2.4e-01,1.0e+00,0.5638,2238,19,21,12,17,15,14,9,16
ENSG00000275835,TUBGCP5,26,15.2,10.8,0.704,-0.5,2.5e-01,1.0e+00,0.5644,2241,9,17,16,19,11,17,3,12
ENSG00000117155,SSX2IP,53,30.8,22.2,0.738,-0.4,2.5e-01,1.0e+00,0.5646,2242,24,35,14,50,20,31,20,18
ENSG00000066855,MTFR1,22.8,9.5,13.2,1.394,0.5,2.5e-01,1.0e+00,0.5646,2243,13,11,4,10,8,18,10,17
ENSG00000283630,FRG1,26.8,15.2,11.5,0.744,-0.4,2.5e-01,1.0e+00,0.5647,2244,15,17,20,9,8,19,11,8
ENSG00000197603,CPLANE1,65,35,30,0.862,-0.2,2.5e-01,1.0e+00,0.5647,2245,32,34,37,37,23,30,36,31
ENSG00000139651,ZNF740,72.5,33.2,39.2,1.176,0.2,2.5e-01,1.0e+00,0.565,2246,32,39,30,32,47,42,40,28
ENSG00000124659,TBCC,43.2,19.2,24,1.252,0.3,2.5e-01,1.0e+00,0.5651,2247,22,14,16,25,30,16,27,23
ENSG00000115762,PLEKHB2,116.5,54.5,62,1.141,0.2,2.5e-01,1.0e+00,0.5654,2249,47,62,58,51,53,75,59,61
ENSG00000149260,CAPN5,122.8,67.8,55,0.81,-0.3,2.5e-01,1.0e+00,0.5656,2250,64,47,106,54,61,47,63,49
ENSG00000270231,NBPF8,94.2,39.5,54.8,1.383,0.5,2.5e-01,1.0e+00,0.566,2253,66,27,34,31,96,31,42,50
ENSG00000154447,SH3RF1,45.8,25.8,20,0.793,-0.3,2.5e-01,1.0e+00,0.566,2253,29,22,18,34,22,16,27,15
ENSG00000105808,RASA4,43.8,27.2,16.5,0.604,-0.7,2.5e-01,1.0e+00,0.5662,2255,22,30,24,33,0,28,10,28
ENSG00000185567,AHNAK2,356.2,219.2,137,0.625,-0.7,2.5e-01,1.0e+00,0.5664,2256,233,216,56,372,99,122,53,274
ENSG00000182986,ZNF320,30.5,17,13.5,0.801,-0.3,2.5e-01,1.0e+00,0.5664,2257,13,13,21,21,10,13,16,15
ENSG00000183340,JRKL,33,18.2,14.8,0.814,-0.3,2.5e-01,1.0e+00,0.5666,2258,21,18,14,20,15,10,18,16
ENSG00000054118,THRAP3,239.8,127.2,112.5,0.883,-0.2,2.5e-01,1.0e+00,0.5666,2259,126,133,119,131,108,119,137,86
ENSG00000167283,ATP5MG,133.2,63,70.2,1.121,0.2,2.5e-01,1.0e+00,0.5669,2260,72,60,65,55,72,70,77,62
ENSG00000107779,BMPR1A,82.5,44.5,38,0.856,-0.2,2.5e-01,1.0e+00,0.5673,2262,51,33,47,47,46,32,35,39
ENSG00000170734,POLH,104.2,56.2,48,0.857,-0.2,2.5e-01,1.0e+00,0.5673,2263,57,66,54,48,45,40,43,64
ENSG00000113712,CSNK1A1,496.5,260,236.5,0.91,-0.1,2.5e-01,1.0e+00,0.5676,2265,259,257,258,266,270,218,241,217
ENSG00000049245,VAMP3,285.2,136,149.2,1.097,0.1,2.5e-01,1.0e+00,0.5676,2265,139,139,144,122,138,148,160,151
ENSG00000273749,CYFIP1,143,64.5,78.5,1.223,0.3,2.5e-01,1.0e+00,0.5676,2266,81,65,56,56,71,73,53,117
ENSG00000213366,GSTM2,109.2,58.2,51,0.877,-0.2,2.5e-01,1.0e+00,0.5677,2267,50,61,62,60,46,63,44,51
ENSG00000198682,PAPSS2,336.8,157.2,179.5,1.142,0.2,2.5e-01,1.0e+00,0.5677,2267,119,187,142,181,184,190,158,186
ENSG00000173559,NABP1,235.2,105,130.2,1.245,0.3,2.5e-01,1.0e+00,0.5677,2268,79,140,133,68,97,174,132,118
ENSG00000188559,RALGAPA2,25,14,11,0.789,-0.3,2.5e-01,1.0e+00,0.5677,2269,17,16,12,11,11,8,10,15
ENSG00000077312,SNRPA,41.8,23.2,18.5,0.813,-0.3,2.5e-01,1.0e+00,0.5678,2269,31,21,18,23,22,21,13,18
ENSG00000109743,BST1,38.5,22.2,16.2,0.735,-0.4,2.5e-01,1.0e+00,0.5678,2270,14,31,23,21,7,24,21,13
ENSG00000066557,LRRC40,29.5,16.5,13,0.794,-0.3,2.5e-01,1.0e+00,0.5678,2271,24,15,13,14,16,14,10,12
ENSG00000071859,FAM50A,123.8,57,66.8,1.174,0.2,2.5e-01,1.0e+00,0.568,2272,46,74,59,49,80,54,73,60
ENSG00000106266,SNX8,66.2,30,36.2,1.198,0.3,2.5e-01,1.0e+00,0.568,2272,42,22,27,29,36,31,40,38
ENSG00000198888,MT-ND1,2663,1250.8,1412.2,1.129,0.2,2.5e-01,1.0e+00,0.568,2273,1042,1301,1373,1287,1357,1695,1227,1370
ENSG00000213741,RPS29,267.2,146,121.2,0.832,-0.3,2.5e-01,1.0e+00,0.568,2274,202,127,124,131,168,118,104,95
ENSG00000181381,DDX60L,57.2,24.5,32.8,1.327,0.4,2.5e-01,1.0e+00,0.568,2274,14,30,28,26,18,28,54,31
ENSG00000281289,LSS,26.8,16,10.8,0.694,-0.5,2.5e-01,1.0e+00,0.568,2275,13,30,10,11,18,8,7,10
ENSG00000112249,ASCC3,167.5,90.2,77.2,0.855,-0.2,2.5e-01,1.0e+00,0.568,2275,88,91,109,73,74,63,104,68
ENSG00000111271,ACAD10,43.8,24.5,19.2,0.794,-0.3,2.5e-01,1.0e+00,0.568,2276,31,20,18,29,13,18,25,21
ENSG00000164951,PDP1,77.5,43.2,34.2,0.795,-0.3,2.5e-01,1.0e+00,0.568,2277,45,39,36,53,30,39,18,50
ENSG00000198707,CEP290,53,29.2,23.8,0.822,-0.3,2.5e-01,1.0e+00,0.5682,2278,22,30,34,31,21,30,28,16
ENSG00000136504,KAT7,60.8,33,27.8,0.841,-0.3,2.5e-01,1.0e+00,0.5685,2280,38,30,33,31,18,30,33,30
ENSG00000123384,LRP1,7205.8,3811.5,3394.2,0.891,-0.2,2.5e-01,1.0e+00,0.5685,2280,3805,3945,3397,4099,3206,2884,3622,3865
ENSG00000165502,RPL36AL,160.8,84.8,76,0.896,-0.2,2.5e-01,1.0e+00,0.5685,2281,78,82,93,86,73,85,82,64
ENSG00000196611,MMP1,58,37.2,20.8,0.559,-0.8,2.5e-01,1.0e+00,0.5685,2281,13,25,88,23,4,45,22,12
ENSG00000288145,EIF5A,323.5,150.5,173,1.151,0.2,2.5e-01,1.0e+00,0.5685,2282,176,153,131,142,227,153,170,142
ENSG00000198730,CTR9,197,105.5,91.5,0.864,-0.2,2.5e-01,1.0e+00,0.5685,2282,93,127,102,100,70,90,119,87
ENSG00000187391,MAGI2,42.5,26.5,16,0.625,-0.7,2.5e-01,1.0e+00,0.5685,2283,35,31,17,23,23,0,20,21
ENSG00000103241,FOXF1,146.2,66.5,79.8,1.202,0.3,2.5e-01,1.0e+00,0.5685,2284,62,49,87,68,85,68,106,60
ENSG00000159335,PTMS,360.8,167.8,193,1.151,0.2,2.5e-01,1.0e+00,0.5685,2284,119,191,175,186,181,225,198,168
ENSG00000198959,TGM2,866,389,477,1.228,0.3,2.5e-01,1.0e+00,0.5685,2285,263,511,285,497,354,487,498,569
ENSG00000120699,EXOSC8,25.8,15,10.8,0.743,-0.4,2.5e-01,1.0e+00,0.5686,2286,8,21,13,18,13,12,6,12
ENSG00000185829,ARL17A,40.8,24.5,16.2,0.679,-0.6,2.5e-01,1.0e+00,0.5687,2287,36,22,20,20,20,20,23,2
ENSG00000118217,ATF6,117,54.8,62.2,1.138,0.2,2.5e-01,1.0e+00,0.5687,2287,59,48,61,51,55,77,62,55
ENSG00000063601,MTMR1,54,29,25,0.872,-0.2,2.5e-01,1.0e+00,0.5687,2288,29,30,31,26,25,28,25,22
ENSG00000137502,RAB30,66.2,35.5,30.8,0.864,-0.2,2.5e-01,1.0e+00,0.5687,2289,39,38,36,29,35,33,29,26
ENSG00000075239,ACAT1,105.2,48.5,56.8,1.17,0.2,2.5e-01,1.0e+00,0.5687,2289,42,63,39,50,53,68,47,59
ENSG00000179933,C14orf119,89.5,47.8,41.8,0.873,-0.2,2.5e-01,1.0e+00,0.5687,2290,46,38,53,54,39,39,49,40
ENSG00000181104,F2R,618.5,282.2,336.2,1.192,0.3,2.5e-01,1.0e+00,0.5687,2290,282,264,335,248,257,292,499,297
ENSG00000138674,SEC31A,746.5,390.8,355.8,0.91,-0.1,2.5e-01,1.0e+00,0.5693,2293,399,373,398,393,374,309,386,354
ENSG00000206190,ATP10A,25.8,9.8,16,1.681,0.7,2.5e-01,1.0e+00,0.5695,2295,5,23,5,6,4,28,19,13
ENSG00000153179,RASSF3,99.2,45.8,53.5,1.166,0.2,2.5e-01,1.0e+00,0.5695,2295,54,48,42,39,43,68,56,47
ENSG00000179271,GADD45GIP1,49.8,23,26.8,1.182,0.2,2.5e-01,1.0e+00,0.5695,2296,21,26,20,25,30,22,32,23
ENSG00000196821,ILRUN,167,79.5,87.5,1.098,0.1,2.5e-01,1.0e+00,0.5699,2298,77,82,85,74,93,88,85,84
ENSG00000164163,ABCE1,91.8,42,49.8,1.19,0.3,2.5e-01,1.0e+00,0.5699,2299,34,45,51,38,62,39,58,40
ENSG00000185920,PTCH1,97.5,43,54.5,1.266,0.3,2.5e-01,1.0e+00,0.5699,2299,49,63,31,29,76,55,40,47
ENSG00000175348,TMEM9B,104.5,47.8,56.8,1.183,0.2,2.5e-01,1.0e+00,0.5702,2301,58,39,46,48,45,61,46,75
ENSG00000187713,TMEM203,43.2,24.2,19,0.793,-0.3,2.5e-01,1.0e+00,0.5702,2302,31,20,22,24,15,27,12,22
ENSG00000100345,MYH9,3514.2,1617,1897.2,1.173,0.2,2.5e-01,1.0e+00,0.5703,2302,1553,1652,1851,1412,1518,1774,2680,1617
ENSG00000177352,CCDC71,26.5,15,11.5,0.771,-0.4,2.5e-01,1.0e+00,0.5703,2303,16,16,12,16,10,13,17,6
ENSG00000096063,SRPK1,62,28.2,33.8,1.202,0.3,2.5e-01,1.0e+00,0.5705,2304,29,21,38,25,26,36,35,38
ENSG00000132639,SNAP25,23.8,14.2,9.5,0.672,-0.6,2.5e-01,1.0e+00,0.5708,2306,9,8,27,13,10,9,15,4
ENSG00000136141,LRCH1,45,24.8,20.2,0.834,-0.3,2.5e-01,1.0e+00,0.571,2307,28,24,20,27,26,17,17,21
ENSG00000141068,KSR1,34.2,20.2,14,0.702,-0.5,2.5e-01,1.0e+00,0.5711,2308,20,10,33,18,23,9,17,7
ENSG00000140945,CDH13,58.2,24.8,33.5,1.342,0.4,2.5e-01,1.0e+00,0.5711,2309,27,14,38,20,40,23,50,21
ENSG00000124333,VAMP7,82.8,45,37.8,0.837,-0.3,2.5e-01,1.0e+00,0.5712,2310,52,32,39,57,41,38,43,29
ENSG00000177106,EPS8L2,83.5,45.8,37.8,0.83,-0.3,2.5e-01,1.0e+00,0.5712,2311,57,43,36,47,29,42,29,51
ENSG00000132716,DCAF8,249.8,118,131.8,1.115,0.2,2.5e-01,1.0e+00,0.5714,2312,122,132,102,116,133,149,112,133
ENSG00000088543,C3orf18,38.5,17.8,20.8,1.177,0.2,2.5e-01,1.0e+00,0.5721,2315,18,20,15,18,18,21,19,25
ENSG00000172239,PAIP1,116,62,54,0.869,-0.2,2.5e-01,1.0e+00,0.5722,2316,68,50,77,53,47,53,57,59
ENSG00000153339,TRAPPC8,97,45.5,51.5,1.124,0.2,2.5e-01,1.0e+00,0.5722,2317,46,50,38,48,48,49,53,56
ENSG00000166946,CCNDBP1,87.8,40.5,47.2,1.156,0.2,2.5e-01,1.0e+00,0.5722,2317,41,49,32,40,42,53,41,53
ENSG00000183943,PRKX,21,9.2,11.8,1.288,0.4,2.5e-01,1.0e+00,0.5722,2318,8,13,10,6,15,10,12,10
ENSG00000172262,ZNF131,35.8,16.2,19.5,1.206,0.3,2.5e-01,1.0e+00,0.5722,2319,21,12,17,15,19,21,22,16
ENSG00000157077,ZFYVE9,80.5,43.8,36.8,0.845,-0.2,2.5e-01,1.0e+00,0.5722,2319,30,46,41,58,33,39,37,38
ENSG00000149930,TAOK2,130.8,69.2,61.5,0.891,-0.2,2.5e-01,1.0e+00,0.5722,2320,77,70,65,65,71,52,64,59
ENSG00000099308,MAST3,34.5,15.5,19,1.216,0.3,2.5e-01,1.0e+00,0.5722,2320,19,13,18,12,16,21,17,22
ENSG00000164117,FBXO8,32.8,14.5,18.2,1.257,0.3,2.5e-01,1.0e+00,0.5722,2321,15,17,15,11,25,16,12,20
ENSG00000117632,STMN1,95.5,52.5,43,0.817,-0.3,2.5e-01,1.0e+00,0.5722,2321,49,46,76,39,52,33,52,35
ENSG00000130741,EIF2S3,231.5,121.8,109.8,0.901,-0.2,2.5e-01,1.0e+00,0.5722,2322,115,115,118,139,94,108,119,118
ENSG00000175768,TOMM5,45.5,24.8,20.8,0.846,-0.2,2.5e-01,1.0e+00,0.5722,2323,26,25,25,23,17,18,26,22
ENSG00000166987,MBD6,51.8,28.8,23,0.81,-0.3,2.5e-01,1.0e+00,0.5722,2323,32,22,34,27,30,27,21,14
ENSG00000113083,LOX,1185.2,532.2,653,1.226,0.3,2.5e-01,1.0e+00,0.5722,2324,415,729,435,550,453,887,530,742
ENSG00000163510,CWC22,42,23.8,18.2,0.776,-0.4,2.5e-01,1.0e+00,0.5722,2324,23,25,27,20,10,17,30,16
ENSG00000188677,PARVB,46.2,20.5,25.8,1.276,0.4,2.5e-01,1.0e+00,0.5722,2325,13,21,25,23,28,18,38,19
ENSG00000069667,RORA,45.2,20.5,24.8,1.213,0.3,2.5e-01,1.0e+00,0.5722,2325,21,17,17,27,32,23,25,19
ENSG00000129691,ASH2L,63.5,34.5,29,0.839,-0.3,2.5e-01,1.0e+00,0.5722,2326,42,36,28,32,29,25,23,39
ENSG00000065320,NTN1,370.5,158.8,211.8,1.334,0.4,2.5e-01,1.0e+00,0.5722,2327,214,186,71,164,260,237,105,245
ENSG00000124733,MEA1,76.5,40.8,35.8,0.883,-0.2,2.5e-01,1.0e+00,0.5722,2327,38,46,43,36,36,37,32,38
ENSG00000184232,OAF,103,57.5,45.5,0.792,-0.3,2.5e-01,1.0e+00,0.5722,2328,80,49,40,61,65,43,47,27
ENSG00000135905,DOCK10,46.2,20.5,25.8,1.25,0.3,2.5e-01,1.0e+00,0.5722,2328,16,14,27,25,35,23,19,26
ENSG00000271425,NBPF10,55,30.8,24.2,0.794,-0.3,2.5e-01,1.0e+00,0.5722,2329,42,30,35,16,21,24,29,23
ENSG00000164081,TEX264,66.2,30.5,35.8,1.169,0.2,2.5e-01,1.0e+00,0.5723,2330,28,26,30,38,33,29,42,39
ENSG00000116830,TTF2,24.8,14,10.8,0.772,-0.4,2.5e-01,1.0e+00,0.5723,2331,13,9,15,19,10,8,16,9
ENSG00000118922,KLF12,65,30,35,1.171,0.2,2.5e-01,1.0e+00,0.5723,2331,27,30,37,26,37,33,28,42
ENSG00000138835,RGS3,83,45.2,37.8,0.839,-0.3,2.5e-01,1.0e+00,0.5723,2332,31,55,39,56,33,43,37,38
ENSG00000147642,SYBU,36.2,20.5,15.8,0.794,-0.3,2.6e-01,1.0e+00,0.5733,2336,16,29,17,20,20,13,11,19
ENSG00000164331,ANKRA2,33.5,18.8,14.8,0.79,-0.3,2.6e-01,1.0e+00,0.5736,2338,16,22,14,23,14,21,9,15
ENSG00000251493,FOXD1,24.5,14,10.5,0.767,-0.4,2.6e-01,1.0e+00,0.5736,2339,13,10,14,19,9,6,14,13
ENSG00000173442,EHBP1L1,114.8,53,61.8,1.161,0.2,2.6e-01,1.0e+00,0.5736,2339,55,54,48,55,48,82,65,52
ENSG00000188994,ZNF292,98.2,53.2,45,0.847,-0.2,2.6e-01,1.0e+00,0.5736,2340,48,60,50,55,44,32,63,41
ENSG00000125686,MED1,141.2,74.5,66.8,0.891,-0.2,2.6e-01,1.0e+00,0.5736,2340,68,71,84,75,74,66,55,72
ENSG00000122873,CISD1,21,12,9,0.752,-0.4,2.6e-01,1.0e+00,0.5736,2341,15,15,11,7,9,13,7,7
ENSG00000181982,CCDC149,47,25.5,21.5,0.859,-0.2,2.6e-01,1.0e+00,0.5736,2342,21,30,25,26,24,22,19,21
ENSG00000115825,PRKD3,149.8,80.2,69.5,0.866,-0.2,2.6e-01,1.0e+00,0.5736,2342,85,76,94,66,75,61,56,86
ENSG00000126767,ELK1,55.2,24.8,30.5,1.239,0.3,2.6e-01,1.0e+00,0.5736,2343,36,16,24,23,22,34,37,29
ENSG00000282954,FBXO17,65.5,35.5,30,0.856,-0.2,2.6e-01,1.0e+00,0.5741,2345,38,30,39,35,37,33,27,23
ENSG00000008283,CYB561,40.5,22,18.5,0.846,-0.2,2.6e-01,1.0e+00,0.5741,2346,20,28,22,18,17,19,19,19
ENSG00000232112,TMA7,97.5,45,52.5,1.165,0.2,2.6e-01,1.0e+00,0.5741,2347,41,40,57,42,58,60,53,39
ENSG00000113761,ZNF346,29.5,12.2,17.2,1.41,0.5,2.6e-01,1.0e+00,0.5741,2347,7,10,13,19,18,23,22,6
ENSG00000114956,DGUOK,38.2,21,17.2,0.828,-0.3,2.6e-01,1.0e+00,0.5741,2348,21,20,24,19,14,24,17,14
ENSG00000171928,TVP23B,59,26.8,32.2,1.212,0.3,2.6e-01,1.0e+00,0.5741,2348,27,29,26,25,25,49,27,28
ENSG00000100124,ANKRD54,20,8.2,11.8,1.445,0.5,2.6e-01,1.0e+00,0.5741,2349,12,13,5,3,11,13,16,7
ENSG00000173530,TNFRSF10D,127,68.5,58.5,0.853,-0.2,2.6e-01,1.0e+00,0.5742,2350,51,74,76,73,48,55,78,53
ENSG00000081019,RSBN1,30.2,12.8,17.5,1.382,0.5,2.6e-01,1.0e+00,0.5746,2352,13,7,23,8,10,18,21,21
ENSG00000162607,USP1,46,25.8,20.2,0.796,-0.3,2.6e-01,1.0e+00,0.5746,2353,30,17,18,38,20,18,21,22
ENSG00000165475,CRYL1,35,19.8,15.2,0.789,-0.3,2.6e-01,1.0e+00,0.5748,2354,24,20,15,20,16,12,10,23
ENSG00000109472,CPE,723.8,401.8,322,0.802,-0.3,2.6e-01,1.0e+00,0.5749,2355,470,446,230,461,377,328,193,390
ENSG00000151693,ASAP2,90.2,51,39.2,0.772,-0.4,2.6e-01,1.0e+00,0.5749,2356,53,31,54,66,23,31,40,63
ENSG00000064313,TAF2,74.5,33.2,41.2,1.238,0.3,2.6e-01,1.0e+00,0.5751,2357,20,45,29,39,30,42,41,52
ENSG00000001617,SEMA3F,52.5,29.5,23,0.781,-0.4,2.6e-01,1.0e+00,0.5751,2358,27,27,23,41,17,33,14,28
ENSG00000178397,FAM220A,25,11,14,1.267,0.3,2.6e-01,1.0e+00,0.5752,2358,15,9,8,12,17,13,16,10
ENSG00000079387,SENP1,34.5,15.5,19,1.215,0.3,2.6e-01,1.0e+00,0.5753,2359,14,14,18,16,13,23,22,18
ENSG00000172273,HINFP,26.2,11.2,15,1.349,0.4,2.6e-01,1.0e+00,0.5753,2360,17,5,9,14,21,13,15,11
ENSG00000122965,RBM19,53,24,29,1.207,0.3,2.6e-01,1.0e+00,0.5753,2361,22,18,26,30,33,21,35,27
ENSG00000137834,SMAD6,29.8,12.5,17.2,1.359,0.4,2.6e-01,1.0e+00,0.5754,2361,17,14,7,12,16,25,8,20
ENSG00000136819,C9orf78,81.5,37,44.5,1.197,0.3,2.6e-01,1.0e+00,0.5754,2362,43,32,39,34,54,47,27,50
ENSG00000071246,VASH1,26.5,15,11.5,0.756,-0.4,2.6e-01,1.0e+00,0.5754,2362,20,11,14,15,13,17,5,11
ENSG00000137507,LRRC32,297,159.8,137.2,0.859,-0.2,2.6e-01,1.0e+00,0.5754,2363,153,116,165,205,144,107,144,154
ENSG00000163071,SPATA18,63.8,35,28.8,0.826,-0.3,2.6e-01,1.0e+00,0.5754,2364,40,33,27,40,30,38,19,28
ENSG00000175054,ATR,43.8,20,23.8,1.185,0.2,2.6e-01,1.0e+00,0.5754,2364,23,15,22,20,20,21,27,27
ENSG00000094975,SUCO,59.2,34.5,24.8,0.727,-0.5,2.6e-01,1.0e+00,0.5759,2367,38,23,42,35,40,32,8,19
ENSG00000052841,TTC17,198.2,104,94.2,0.906,-0.1,2.6e-01,1.0e+00,0.5759,2367,112,92,100,112,89,104,95,89
ENSG00000214655,ZSWIM8,195.5,103.8,91.8,0.885,-0.2,2.6e-01,1.0e+00,0.5761,2369,134,88,97,96,92,93,84,98
ENSG00000173641,HSPB7,44.5,17.8,26.8,1.506,0.6,2.6e-01,1.0e+00,0.5764,2371,14,35,10,12,11,50,23,23
ENSG00000198231,DDX42,254.2,133.2,121,0.909,-0.1,2.6e-01,1.0e+00,0.5764,2371,123,137,143,130,113,139,114,118
ENSG00000163625,WDFY3,208,96.2,111.8,1.157,0.2,2.6e-01,1.0e+00,0.5764,2372,98,82,102,103,85,93,132,137
ENSG00000111678,C12orf57,76.5,41.8,34.8,0.83,-0.3,2.6e-01,1.0e+00,0.5764,2372,41,46,37,43,49,22,37,31
ENSG00000178188,SH2B1,80.5,43.8,36.8,0.838,-0.3,2.6e-01,1.0e+00,0.5764,2373,41,54,29,51,45,34,37,31
ENSG00000265241,RBM8A,85.2,45.5,39.8,0.871,-0.2,2.6e-01,1.0e+00,0.5764,2373,39,45,58,40,36,41,44,38
ENSG00000163531,NFASC,247,112.5,134.5,1.196,0.3,2.6e-01,1.0e+00,0.5764,2374,82,137,110,121,85,141,157,155
ENSG00000172661,WASHC2C,258,138.8,119.2,0.862,-0.2,2.6e-01,1.0e+00,0.5764,2375,98,176,124,157,109,127,109,132
ENSG00000102606,ARHGEF7,128.2,60.5,67.8,1.123,0.2,2.6e-01,1.0e+00,0.5764,2375,51,67,60,64,68,79,64,60
ENSG00000121022,COPS5,71.8,38.8,33,0.853,-0.2,2.6e-01,1.0e+00,0.5764,2376,38,27,41,49,32,35,34,31
ENSG00000141424,SLC39A6,218.8,117.5,101.2,0.86,-0.2,2.6e-01,1.0e+00,0.5764,2376,115,116,149,90,102,103,123,77
ENSG00000167118,URM1,71.5,32.5,39,1.195,0.3,2.6e-01,1.0e+00,0.5764,2377,40,33,28,29,54,39,32,31
ENSG00000103091,WDR59,63.2,34.8,28.5,0.827,-0.3,2.6e-01,1.0e+00,0.5764,2377,38,45,24,32,37,26,25,26
ENSG00000067560,RHOA,772,366.8,405.2,1.105,0.1,2.6e-01,1.0e+00,0.5764,2378,347,411,371,338,394,457,411,359
ENSG00000179335,CLK3,72.2,39,33.2,0.853,-0.2,2.6e-01,1.0e+00,0.5772,2382,39,35,35,47,30,25,37,41
ENSG00000134480,CCNH,27.2,12.2,15,1.246,0.3,2.6e-01,1.0e+00,0.5773,2383,11,14,14,10,12,14,21,13
ENSG00000165525,NEMF,94,44,50,1.13,0.2,2.6e-01,1.0e+00,0.5773,2384,40,39,47,50,42,54,53,51
ENSG00000163050,COQ8A,39.2,21.8,17.5,0.814,-0.3,2.6e-01,1.0e+00,0.5773,2384,26,16,18,27,18,20,12,20
ENSG00000149292,TTC12,21.2,12.2,9,0.739,-0.4,2.6e-01,1.0e+00,0.5773,2385,13,7,11,18,5,11,8,12
ENSG00000007545,CRAMP1,48,22,26,1.179,0.2,2.6e-01,1.0e+00,0.5773,2385,19,17,26,26,30,24,23,27
ENSG00000075089,ACTR6,24.8,11.2,13.5,1.219,0.3,2.6e-01,1.0e+00,0.5773,2386,10,11,10,14,17,12,13,12
ENSG00000166888,STAT6,522,247.8,274.2,1.107,0.1,2.6e-01,1.0e+00,0.5773,2387,228,239,261,263,321,244,277,255
ENSG00000011304,PTBP1,298,140.8,157.2,1.116,0.2,2.6e-01,1.0e+00,0.5773,2387,163,127,124,149,138,150,171,170
ENSG00000274211,SOCS7,20.8,6.5,14.2,2.164,1.1,2.6e-01,1.0e+00,0.5773,2388,0,13,13,0,15,0,16,26
ENSG00000163602,RYBP,85.2,39.2,46,1.166,0.2,2.6e-01,1.0e+00,0.5773,2388,28,41,36,52,46,47,47,44
ENSG00000096717,SIRT1,40.2,18,22.2,1.241,0.3,2.6e-01,1.0e+00,0.5773,2389,24,17,19,12,28,20,25,16
ENSG00000149657,LSM14B,69.8,37.8,32,0.84,-0.3,2.6e-01,1.0e+00,0.5774,2390,41,39,38,33,31,21,43,33
ENSG00000080371,RAB21,99.2,45.8,53.5,1.17,0.2,2.6e-01,1.0e+00,0.5774,2390,36,43,60,44,50,67,49,48
ENSG00000109458,GAB1,71.2,39.8,31.5,0.797,-0.3,2.6e-01,1.0e+00,0.5774,2391,32,36,34,57,31,23,24,48
ENSG00000288673,DLC1,45.8,33,12.8,0.384,-1.4,2.6e-01,1.0e+00,0.5774,2391,43,47,42,0,0,0,0,51
ENSG00000149925,ALDOA,1489,794.5,694.5,0.874,-0.2,2.6e-01,1.0e+00,0.5774,2392,873,852,823,630,729,611,862,576
ENSG00000182224,CYB5D1,33.8,18.8,15,0.803,-0.3,2.6e-01,1.0e+00,0.5774,2393,18,23,13,21,13,16,11,20
ENSG00000138768,USO1,221.2,104.2,117,1.122,0.2,2.6e-01,1.0e+00,0.5774,2393,109,89,121,98,105,136,122,105
ENSG00000130826,DKC1,40.8,18.2,22.5,1.238,0.3,2.6e-01,1.0e+00,0.5774,2394,18,17,24,14,25,16,30,19
ENSG00000162437,RAVER2,19.8,12,7.8,0.662,-0.6,2.6e-01,1.0e+00,0.5774,2394,12,14,4,18,8,11,2,10
ENSG00000081692,JMJD4,24.2,13.5,10.8,0.813,-0.3,2.6e-01,1.0e+00,0.5774,2395,13,14,13,14,14,11,11,7
ENSG00000171940,ZNF217,63.5,28.8,34.8,1.224,0.3,2.6e-01,1.0e+00,0.5774,2395,20,30,27,38,24,39,31,45
ENSG00000175155,YPEL2,50.5,27.8,22.8,0.829,-0.3,2.6e-01,1.0e+00,0.5774,2396,26,28,27,30,20,28,14,29
ENSG00000096070,BRPF3,80.8,37.5,43.2,1.148,0.2,2.6e-01,1.0e+00,0.5785,2401,39,32,47,32,47,44,42,40
ENSG00000160410,SHKBP1,93.2,49.8,43.5,0.873,-0.2,2.6e-01,1.0e+00,0.579,2404,55,47,56,41,48,34,47,45
ENSG00000115207,GTF3C2,66.8,30.8,36,1.173,0.2,2.6e-01,1.0e+00,0.5796,2407,21,32,35,35,39,31,34,40
ENSG00000057019,DCBLD2,186.5,99,87.5,0.884,-0.2,2.6e-01,1.0e+00,0.5797,2408,75,102,112,107,79,82,98,91
ENSG00000162222,TTC9C,28,15.5,12.5,0.823,-0.3,2.6e-01,1.0e+00,0.5797,2408,15,20,16,11,12,12,13,13
ENSG00000048405,ZNF800,30.2,13.5,16.8,1.224,0.3,2.6e-01,1.0e+00,0.5797,2409,17,11,10,16,16,19,14,18
ENSG00000154518,ATP5MC3,114.5,53.2,61.2,1.155,0.2,2.6e-01,1.0e+00,0.5797,2410,58,58,57,40,52,67,73,53
ENSG00000100580,TMED8,28.8,13,15.8,1.211,0.3,2.6e-01,1.0e+00,0.5797,2410,15,12,10,15,15,13,17,18
ENSG00000163702,IL17RC,48.5,21.5,27,1.265,0.3,2.6e-01,1.0e+00,0.5802,2413,26,22,13,25,35,17,24,32
ENSG00000068394,GPKOW,29.8,16.8,13,0.767,-0.4,2.6e-01,1.0e+00,0.5802,2413,13,17,21,16,12,22,7,11
ENSG00000119878,CRIPT,28.5,16.2,12.2,0.771,-0.4,2.6e-01,1.0e+00,0.5802,2414,22,22,12,9,12,12,11,14
ENSG00000131473,ACLY,305.8,142.8,163,1.14,0.2,2.6e-01,1.0e+00,0.5802,2415,165,114,152,140,188,125,165,174
ENSG00000182827,ACBD3,129.2,68.5,60.8,0.893,-0.2,2.6e-01,1.0e+00,0.5802,2415,76,58,69,71,61,65,52,65
ENSG00000196262,PPIA,784.2,372.8,411.5,1.104,0.1,2.6e-01,1.0e+00,0.5802,2416,381,390,359,361,460,404,438,344
ENSG00000159399,HK2,76.5,33,43.5,1.317,0.4,2.6e-01,1.0e+00,0.5802,2417,26,23,48,35,43,26,72,33
ENSG00000161714,PLCD3,200.8,107.5,93.2,0.866,-0.2,2.6e-01,1.0e+00,0.581,2420,103,89,118,120,91,80,77,125
ENSG00000196935,SRGAP1,150,81,69,0.852,-0.2,2.6e-01,1.0e+00,0.5811,2421,89,85,93,57,70,64,88,54
ENSG00000151413,NUBPL,23.8,13.5,10.2,0.761,-0.4,2.6e-01,1.0e+00,0.5811,2422,13,11,15,15,15,5,14,7
ENSG00000077721,UBE2A,120,55.8,64.2,1.156,0.2,2.6e-01,1.0e+00,0.5811,2423,55,53,70,45,60,62,81,54
ENSG00000186501,TMEM222,52,29,23,0.803,-0.3,2.7e-01,1.0e+00,0.5814,2424,27,20,41,28,27,19,29,17
ENSG00000125356,NDUFA1,53.2,24,29.2,1.22,0.3,2.7e-01,1.0e+00,0.5819,2427,28,14,30,24,31,34,30,22
ENSG00000227715,HLA-A,454,252.2,201.8,0.801,-0.3,2.7e-01,1.0e+00,0.5819,2428,160,250,326,273,133,168,306,200
ENSG00000135390,ATP5MC2,157.5,84,73.5,0.873,-0.2,2.7e-01,1.0e+00,0.5819,2428,76,90,80,90,94,79,63,58
ENSG00000120925,RNF170,49.5,27.5,22,0.792,-0.3,2.7e-01,1.0e+00,0.5819,2429,31,30,32,17,16,16,26,30
ENSG00000135845,PIGC,30.2,13.2,17,1.307,0.4,2.7e-01,1.0e+00,0.5819,2430,6,20,12,15,18,21,16,13
ENSG00000241468,ATP5MF,77,41,36,0.873,-0.2,2.7e-01,1.0e+00,0.5823,2432,42,38,45,39,38,35,43,28
ENSG00000138131,LOXL4,83.2,45.2,38,0.847,-0.2,2.7e-01,1.0e+00,0.5823,2432,37,46,41,57,29,35,38,50
ENSG00000151229,SLC2A13,25.8,11,14.8,1.341,0.4,2.7e-01,1.0e+00,0.5828,2435,6,11,8,19,11,19,14,15
ENSG00000177700,POLR2L,193.5,90.2,103.2,1.139,0.2,2.7e-01,1.0e+00,0.5828,2435,95,105,87,74,117,82,119,95
ENSG00000110497,AMBRA1,54.8,25.8,29,1.138,0.2,2.7e-01,1.0e+00,0.583,2437,24,24,26,29,27,28,31,30
ENSG00000131495,NDUFA2,47.2,22.2,25,1.145,0.2,2.7e-01,1.0e+00,0.5841,2442,21,23,23,22,25,29,23,23
ENSG00000005206,SPPL2B,56.2,30.5,25.8,0.862,-0.2,2.7e-01,1.0e+00,0.5851,2447,34,29,24,35,27,29,24,23
ENSG00000130856,ZNF236,25.2,11.2,14,1.246,0.3,2.7e-01,1.0e+00,0.5854,2449,11,11,14,9,11,16,11,18
ENSG00000115446,UNC50,50,22.8,27.2,1.218,0.3,2.7e-01,1.0e+00,0.5854,2449,23,29,14,25,29,25,33,22
ENSG00000157227,MMP14,2422.2,1277.8,1144.5,0.896,-0.2,2.7e-01,1.0e+00,0.5854,2450,1211,1218,1512,1170,1208,1129,976,1265
ENSG00000184838,PRR16,25.2,11.2,14,1.288,0.4,2.7e-01,1.0e+00,0.5855,2451,13,9,15,8,18,14,16,8
ENSG00000129315,CCNT1,59.8,27.8,32,1.156,0.2,2.7e-01,1.0e+00,0.5857,2452,25,27,33,26,29,28,38,33
ENSG00000106636,YKT6,183.5,85.8,97.8,1.137,0.2,2.7e-01,1.0e+00,0.5857,2453,88,72,102,81,111,99,105,76
ENSG00000127952,STYXL1,30,17.2,12.8,0.742,-0.4,2.7e-01,1.0e+00,0.5859,2454,16,21,20,12,10,21,15,5
ENSG00000161970,RPL26,1122.5,592.8,529.8,0.894,-0.2,2.7e-01,1.0e+00,0.586,2455,601,623,648,499,620,513,540,446
ENSG00000119787,ATL2,39.2,17.8,21.5,1.231,0.3,2.7e-01,1.0e+00,0.586,2456,14,22,16,19,25,27,13,21
ENSG00000144730,IL17RD,67,40.2,26.8,0.669,-0.6,2.7e-01,1.0e+00,0.586,2457,38,54,10,59,39,29,9,30
ENSG00000164830,OXR1,72,39.2,32.8,0.839,-0.3,2.7e-01,1.0e+00,0.586,2457,38,31,35,53,39,31,24,37
ENSG00000010165,METTL13,77.2,41,36.2,0.885,-0.2,2.7e-01,1.0e+00,0.5865,2460,43,41,38,42,41,39,35,30
ENSG00000175274,TP53I11,365.5,169.8,195.8,1.154,0.2,2.7e-01,1.0e+00,0.5866,2461,203,181,180,115,232,175,192,184
ENSG00000197937,ZNF347,28,15.2,12.8,0.839,-0.3,2.7e-01,1.0e+00,0.5866,2462,14,17,16,14,14,13,14,10
ENSG00000176619,LMNB2,91.8,49,42.8,0.871,-0.2,2.7e-01,1.0e+00,0.5869,2463,56,44,50,46,48,36,52,35
ENSG00000284916,PSME1,124.5,65.8,58.8,0.898,-0.2,2.7e-01,1.0e+00,0.5878,2467,74,64,60,65,55,68,56,56
ENSG00000119655,NPC2,329.8,174.8,155,0.889,-0.2,2.7e-01,1.0e+00,0.5878,2468,162,178,175,184,120,189,166,145
ENSG00000043143,JADE2,134.2,63,71.2,1.133,0.2,2.7e-01,1.0e+00,0.5878,2469,66,73,54,59,88,66,63,68
ENSG00000099284,MACROH2A2,41,22.8,18.2,0.803,-0.3,2.7e-01,1.0e+00,0.5878,2469,27,12,28,24,19,17,22,15
ENSG00000099901,RANBP1,50.2,27.5,22.8,0.835,-0.3,2.7e-01,1.0e+00,0.5878,2470,26,30,31,23,26,14,26,25
ENSG00000108771,DHX58,21,12,9,0.766,-0.4,2.7e-01,1.0e+00,0.5878,2470,11,14,8,15,10,6,7,13
ENSG00000073536,NLE1,25.5,14.8,10.8,0.732,-0.4,2.7e-01,1.0e+00,0.5878,2471,17,10,15,17,16,3,14,10
ENSG00000095303,PTGS1,132.5,57.2,75.2,1.321,0.4,2.7e-01,1.0e+00,0.5878,2472,49,40,79,61,63,45,138,55
ENSG00000164694,FNDC1,28.5,17,11.5,0.684,-0.5,2.7e-01,1.0e+00,0.5878,2472,15,17,8,28,3,14,12,17
ENSG00000100902,PSMA6,90,41.8,48.2,1.147,0.2,2.7e-01,1.0e+00,0.5878,2473,40,33,51,43,53,51,40,49
ENSG00000140455,USP3,31.5,18.5,13,0.719,-0.5,2.7e-01,1.0e+00,0.5878,2473,12,8,22,32,15,8,13,16
ENSG00000162599,NFIA,52.8,24.5,28.2,1.166,0.2,2.7e-01,1.0e+00,0.5878,2474,25,24,24,25,26,31,21,35
ENSG00000132274,TRIM22,267,140.2,126.8,0.905,-0.1,2.7e-01,1.0e+00,0.5878,2475,128,149,145,139,129,120,148,110
ENSG00000205542,TMSB4X,2998.8,1627.5,1371.2,0.843,-0.2,2.7e-01,1.0e+00,0.5878,2475,1200,2107,1341,1862,992,1613,1441,1439
ENSG00000243749,TMEM35B,52.2,24.2,28,1.168,0.2,2.7e-01,1.0e+00,0.5882,2477,23,23,22,29,22,30,26,34
ENSG00000050165,DKK3,1468.5,682.5,786,1.152,0.2,2.7e-01,1.0e+00,0.5882,2478,536,734,701,759,573,812,797,962
ENSG00000145592,RPL37,1027,545.2,481.8,0.884,-0.2,2.7e-01,1.0e+00,0.5886,2480,622,553,538,468,613,428,470,416
ENSG00000133318,RTN3,294.5,137.2,157.2,1.145,0.2,2.7e-01,1.0e+00,0.5887,2481,151,131,119,148,135,191,121,182
ENSG00000140740,UQCRC2,153.8,81.8,72,0.881,-0.2,2.7e-01,1.0e+00,0.5894,2485,71,87,103,66,71,69,69,79
ENSG00000116138,DNAJC16,54.5,25.2,29.2,1.171,0.2,2.7e-01,1.0e+00,0.5895,2486,29,30,22,20,27,31,33,26
ENSG00000139579,NABP2,32.2,17.5,14.8,0.848,-0.2,2.7e-01,1.0e+00,0.5897,2487,17,16,16,21,17,13,16,13
ENSG00000055070,SZRD1,301.2,140.5,160.8,1.142,0.2,2.7e-01,1.0e+00,0.5897,2488,157,150,132,123,126,140,204,173
ENSG00000107798,LIPA,98.8,45.2,53.5,1.174,0.2,2.7e-01,1.0e+00,0.5897,2488,39,47,32,63,52,49,53,60
ENSG00000177042,TMEM80,60.5,32.8,27.8,0.851,-0.2,2.7e-01,1.0e+00,0.5897,2489,36,28,33,34,28,19,32,32
ENSG00000099290,WASHC2A,431.5,204.8,226.8,1.109,0.1,2.7e-01,1.0e+00,0.5897,2490,171,212,221,215,238,253,200,216
ENSG00000163349,HIPK1,116,54,62,1.148,0.2,2.7e-01,1.0e+00,0.5897,2490,50,60,45,61,47,66,61,74
ENSG00000267855,NDUFA7,20.5,8.8,11.8,1.33,0.4,2.7e-01,1.0e+00,0.5897,2491,15,8,6,6,11,13,9,14
ENSG00000100567,PSMA3,69.5,32.5,37,1.143,0.2,2.7e-01,1.0e+00,0.5897,2491,35,30,34,31,44,39,35,30
ENSG00000117505,DR1,88.8,41.2,47.5,1.153,0.2,2.7e-01,1.0e+00,0.5897,2492,33,47,40,45,50,57,37,46
ENSG00000124198,ARFGEF2,145.5,68,77.5,1.138,0.2,2.7e-01,1.0e+00,0.5897,2493,72,60,55,85,80,67,77,86
ENSG00000177888,ZBTB41,47,26,21,0.825,-0.3,2.7e-01,1.0e+00,0.5897,2493,27,24,23,30,20,29,22,13
ENSG00000185803,SLC52A2,19.5,6,13.5,2.266,1.2,2.7e-01,1.0e+00,0.5898,2494,3,0,0,21,18,11,0,25
ENSG00000165813,CCDC186,40,22.2,17.8,0.803,-0.3,2.7e-01,1.0e+00,0.5898,2495,23,29,14,23,13,19,16,23
ENSG00000164051,CCDC51,25.2,11.2,14,1.246,0.3,2.7e-01,1.0e+00,0.5898,2496,11,11,9,14,10,18,12,16
ENSG00000138760,SCARB2,815,428.8,386.2,0.901,-0.2,2.7e-01,1.0e+00,0.5898,2496,373,412,433,497,344,424,360,417
ENSG00000174197,MGA,72,39.2,32.8,0.834,-0.3,2.7e-01,1.0e+00,0.5898,2497,46,36,33,42,35,20,34,42
ENSG00000136444,RSAD1,32.8,19,13.8,0.741,-0.4,2.7e-01,1.0e+00,0.5899,2498,24,16,13,23,23,6,16,10
ENSG00000137601,NEK1,61.2,33.5,27.8,0.834,-0.3,2.7e-01,1.0e+00,0.59,2499,35,27,45,27,22,26,35,28
ENSG00000106245,BUD31,65.8,29.5,36.2,1.218,0.3,2.7e-01,1.0e+00,0.5905,2502,39,20,34,25,39,38,42,26
ENSG00000130158,DOCK6,49.5,27.5,22,0.809,-0.3,2.7e-01,1.0e+00,0.5905,2502,25,24,23,38,14,23,29,22
ENSG00000101421,CHMP4B,182.2,94.8,87.5,0.919,-0.1,2.7e-01,1.0e+00,0.5913,2506,93,91,95,100,86,87,85,92
ENSG00000108587,GOSR1,72.5,38.8,33.8,0.863,-0.2,2.7e-01,1.0e+00,0.5914,2507,40,38,39,38,41,28,40,26
ENSG00000111058,ACSS3,60.5,28,32.5,1.166,0.2,2.7e-01,1.0e+00,0.5914,2507,33,28,30,21,27,35,37,31
ENSG00000156253,RWDD2B,36.5,20.5,16,0.785,-0.3,2.7e-01,1.0e+00,0.5919,2510,25,25,21,11,17,22,11,14
ENSG00000084093,REST,75,34.8,40.2,1.158,0.2,2.7e-01,1.0e+00,0.5922,2512,30,38,32,39,38,51,31,41
ENSG00000143621,ILF2,124.8,67,57.8,0.864,-0.2,2.7e-01,1.0e+00,0.5922,2513,65,72,73,58,59,56,75,41
ENSG00000082068,WDR70,51.5,27.5,24,0.872,-0.2,2.7e-01,1.0e+00,0.5922,2513,26,29,29,26,28,22,21,25
ENSG00000188493,ACTMAP,18.5,10.8,7.8,0.739,-0.4,2.7e-01,1.0e+00,0.5922,2514,11,13,6,13,4,11,9,7
ENSG00000078237,TIGAR,37,21,16,0.781,-0.4,2.7e-01,1.0e+00,0.5922,2515,28,15,27,14,22,11,18,13
ENSG00000011260,UTP18,38.8,16.5,22.2,1.34,0.4,2.8e-01,1.0e+00,0.5923,2515,30,10,16,10,28,19,15,27
ENSG00000182004,SNRPE,38,17,21,1.242,0.3,2.8e-01,1.0e+00,0.5923,2516,25,12,16,15,23,25,22,14
ENSG00000173818,ENDOV,36.8,20.2,16.5,0.818,-0.3,2.8e-01,1.0e+00,0.5927,2518,16,28,18,19,18,19,11,18
ENSG00000083750,RRAGB,42.5,19.5,23,1.188,0.2,2.8e-01,1.0e+00,0.5927,2519,18,21,23,16,23,21,18,30
ENSG00000147050,KDM6A,41.2,22.5,18.8,0.841,-0.2,2.8e-01,1.0e+00,0.5927,2519,24,22,22,22,15,26,16,18
ENSG00000100038,TOP3B,32,14.2,17.8,1.247,0.3,2.8e-01,1.0e+00,0.5927,2520,14,10,14,19,21,18,11,21
ENSG00000100714,MTHFD1,103.2,48.8,54.5,1.113,0.2,2.8e-01,1.0e+00,0.5927,2521,44,47,50,54,52,56,61,49
ENSG00000130779,CLIP1,465.5,219,246.5,1.126,0.2,2.8e-01,1.0e+00,0.5928,2522,211,251,180,234,225,267,208,286
ENSG00000055609,KMT2C,176.8,94.5,82.2,0.87,-0.2,2.8e-01,1.0e+00,0.5928,2522,88,84,85,121,83,65,79,102
ENSG00000111481,COPZ1,163,86.5,76.5,0.88,-0.2,2.8e-01,1.0e+00,0.5928,2523,91,84,87,84,86,80,87,53
ENSG00000215301,DDX3X,555.8,258,297.8,1.153,0.2,2.8e-01,1.0e+00,0.5928,2523,246,207,243,336,274,270,265,382
ENSG00000242259,C22orf39,38.2,22,16.2,0.742,-0.4,2.8e-01,1.0e+00,0.5928,2524,38,10,17,23,14,12,19,20
ENSG00000242247,ARFGAP3,89,47.8,41.2,0.867,-0.2,2.8e-01,1.0e+00,0.5928,2525,41,38,52,60,44,38,36,47
ENSG00000100722,ZC3H14,116.2,61.2,55,0.897,-0.2,2.8e-01,1.0e+00,0.5931,2526,64,60,59,62,52,57,47,64
ENSG00000100138,SNU13,106.8,57.5,49.2,0.856,-0.2,2.8e-01,1.0e+00,0.5931,2527,65,70,47,48,51,40,63,43
ENSG00000132406,TMEM128,25.5,11.2,14.2,1.27,0.3,2.8e-01,1.0e+00,0.5933,2529,13,8,10,14,10,20,16,11
ENSG00000170881,RNF139,65,29.8,35.2,1.195,0.3,2.8e-01,1.0e+00,0.5933,2529,29,34,25,31,49,32,24,36
ENSG00000066654,THUMPD1,68.5,36.8,31.8,0.865,-0.2,2.8e-01,1.0e+00,0.5933,2530,46,31,38,32,33,35,32,27
ENSG00000100246,DNAL4,24.5,11,13.5,1.227,0.3,2.8e-01,1.0e+00,0.5933,2530,11,8,10,15,14,16,12,12
ENSG00000182087,TMEM259,220.8,104,116.8,1.123,0.2,2.8e-01,1.0e+00,0.5938,2533,117,100,96,103,133,91,131,112
ENSG00000100600,LGMN,88.5,40.8,47.8,1.174,0.2,2.8e-01,1.0e+00,0.5938,2534,30,49,44,40,45,61,37,48
ENSG00000049618,ARID1B,151.2,81.2,70,0.858,-0.2,2.8e-01,1.0e+00,0.5941,2536,92,61,94,78,70,50,77,83
ENSG00000242498,ARPIN,73.5,39,34.5,0.885,-0.2,2.8e-01,1.0e+00,0.5942,2537,45,36,39,36,37,32,31,38
ENSG00000271793,ENSG00000271793,322.2,175,147.2,0.843,-0.2,2.8e-01,1.0e+00,0.5945,2539,163,207,144,186,165,195,137,92
ENSG00000151500,THYN1,30.8,17.2,13.5,0.775,-0.4,2.8e-01,1.0e+00,0.5954,2543,15,14,21,19,15,22,10,7
ENSG00000266173,STRADA,35,20.2,14.8,0.754,-0.4,2.8e-01,1.0e+00,0.5955,2544,14,20,21,26,24,12,17,6
ENSG00000130921,MTRFR,31,17,14,0.815,-0.3,2.8e-01,1.0e+00,0.5955,2545,13,12,24,19,14,16,12,14
ENSG00000157500,APPL1,102,48.2,53.8,1.109,0.1,2.8e-01,1.0e+00,0.5958,2546,46,47,47,53,51,53,61,50
ENSG00000139719,VPS33A,43.2,23.8,19.5,0.829,-0.3,2.8e-01,1.0e+00,0.5958,2547,22,22,24,27,17,29,17,15
ENSG00000180776,ZDHHC20,134,71.2,62.8,0.883,-0.2,2.8e-01,1.0e+00,0.5958,2547,71,80,72,62,48,65,74,64
ENSG00000182108,DEXI,49,22,27,1.237,0.3,2.8e-01,1.0e+00,0.5958,2548,23,20,15,30,35,30,18,25
ENSG00000180573,H2AC6,59.2,33.5,25.8,0.776,-0.4,2.8e-01,1.0e+00,0.5964,2551,19,40,31,44,25,13,28,37
ENSG00000215375,MYL5,24.5,13.8,10.8,0.786,-0.3,2.8e-01,1.0e+00,0.5964,2552,13,12,16,14,7,8,17,11
ENSG00000112343,TRIM38,110.8,51.5,59.2,1.154,0.2,2.8e-01,1.0e+00,0.5964,2552,54,43,62,47,61,71,44,61
ENSG00000116237,ICMT,220.5,103.5,117,1.127,0.2,2.8e-01,1.0e+00,0.5964,2553,105,119,99,91,128,115,135,90
ENSG00000182481,KPNA2,105,56.5,48.5,0.86,-0.2,2.8e-01,1.0e+00,0.5964,2554,45,63,65,53,63,48,46,37
ENSG00000126709,IFI6,47,21,26,1.25,0.3,2.8e-01,1.0e+00,0.5964,2555,23,29,13,19,19,36,22,27
ENSG00000168306,ACOX2,35.2,20,15.2,0.779,-0.4,2.8e-01,1.0e+00,0.5964,2555,23,20,23,14,18,7,14,22
ENSG00000115486,GGCX,97.2,51.8,45.5,0.88,-0.2,2.8e-01,1.0e+00,0.5966,2556,57,56,50,44,36,44,53,49
ENSG00000275176,ACACA,72.8,42,30.8,0.737,-0.4,2.8e-01,1.0e+00,0.5966,2557,47,61,13,47,44,25,25,29
ENSG00000179912,R3HDM2,121,65.2,55.8,0.852,-0.2,2.8e-01,1.0e+00,0.5966,2558,53,72,76,60,51,53,42,77
ENSG00000031003,FAM13B,116.5,62.8,53.8,0.855,-0.2,2.8e-01,1.0e+00,0.5966,2558,48,59,65,79,44,47,70,54
ENSG00000170633,RNF34,38.2,17,21.2,1.281,0.4,2.8e-01,1.0e+00,0.5966,2559,15,20,16,17,36,12,20,17
ENSG00000152767,FARP1,231.2,107.5,123.8,1.154,0.2,2.8e-01,1.0e+00,0.5967,2560,94,104,129,103,112,105,171,107
ENSG00000103495,MAZ,104.8,57,47.8,0.842,-0.2,2.8e-01,1.0e+00,0.5967,2560,58,41,57,72,59,32,49,51
ENSG00000168528,SERINC2,144,64.5,79.5,1.238,0.3,2.8e-01,1.0e+00,0.5967,2561,61,89,68,40,68,84,112,54
ENSG00000132964,CDK8,25,11.2,13.8,1.222,0.3,2.8e-01,1.0e+00,0.5968,2562,13,9,14,9,16,16,11,12
ENSG00000162636,EEIG2,54,30,24,0.812,-0.3,2.8e-01,1.0e+00,0.5969,2563,41,30,18,31,18,28,28,22
ENSG00000133983,COX16,33.2,15,18.2,1.205,0.3,2.8e-01,1.0e+00,0.5981,2569,18,10,17,15,16,18,22,17
ENSG00000111752,PHC1,85.8,46,39.8,0.866,-0.2,2.8e-01,1.0e+00,0.5982,2570,53,46,41,44,49,36,29,45
ENSG00000160695,VPS11,97.2,52.2,45,0.86,-0.2,2.8e-01,1.0e+00,0.5982,2570,60,42,53,54,55,38,53,34
ENSG00000213462,ERV3-1,21.5,12,9.5,0.81,-0.3,2.8e-01,1.0e+00,0.5982,2571,13,11,9,15,8,11,9,10
ENSG00000117984,CTSD,757.2,395.5,361.8,0.914,-0.1,2.8e-01,1.0e+00,0.5982,2572,390,391,415,386,339,351,419,338
ENSG00000156411,ATP5MJ,52.5,29.2,23.2,0.799,-0.3,2.8e-01,1.0e+00,0.5982,2572,45,21,28,23,28,17,27,21
ENSG00000137070,IL11RA,34,19.5,14.5,0.759,-0.4,2.8e-01,1.0e+00,0.5983,2573,24,21,9,24,18,8,13,19
ENSG00000185909,KLHDC8B,37.2,16,21.2,1.333,0.4,2.8e-01,1.0e+00,0.5983,2574,18,18,15,13,21,35,8,21
ENSG00000169972,PUSL1,17.2,10,7.2,0.743,-0.4,2.8e-01,1.0e+00,0.5983,2574,11,5,14,10,10,9,5,5
ENSG00000127511,SIN3B,102.2,55,47.2,0.86,-0.2,2.8e-01,1.0e+00,0.5983,2575,64,49,64,43,58,44,50,37
ENSG00000183826,BTBD9,43.5,19.5,24,1.243,0.3,2.8e-01,1.0e+00,0.5985,2576,13,26,23,16,18,31,20,27
ENSG00000100395,L3MBTL2,44.2,24.5,19.8,0.814,-0.3,2.8e-01,1.0e+00,0.5985,2577,23,24,20,31,15,30,17,17
ENSG00000148343,MIGA2,53.5,24.8,28.8,1.174,0.2,2.8e-01,1.0e+00,0.5985,2578,32,25,22,20,33,30,23,29
ENSG00000196712,NF1,209.5,111.5,98,0.88,-0.2,2.8e-01,1.0e+00,0.5985,2578,90,105,130,121,82,86,110,114
ENSG00000122566,HNRNPA2B1,646.2,303,343.2,1.132,0.2,2.8e-01,1.0e+00,0.5985,2579,363,282,260,307,424,351,282,316
ENSG00000153814,JAZF1,80.8,43.5,37.2,0.863,-0.2,2.8e-01,1.0e+00,0.5987,2580,37,41,43,53,33,35,32,49
ENSG00000131759,RARA,65.8,36,29.8,0.827,-0.3,2.8e-01,1.0e+00,0.5988,2581,38,37,30,39,46,23,22,28
ENSG00000087365,SF3B2,356,185.5,170.5,0.921,-0.1,2.8e-01,1.0e+00,0.5998,2586,173,184,185,200,171,158,173,180
ENSG00000120697,ALG5,41.8,19,22.8,1.205,0.3,2.8e-01,1.0e+00,0.5998,2587,21,14,26,15,23,19,27,22
ENSG00000134077,THUMPD3,59,32,27,0.854,-0.2,2.8e-01,1.0e+00,0.5999,2588,28,33,31,36,23,28,36,21
ENSG00000135211,TMEM60,24.5,10.8,13.8,1.279,0.4,2.8e-01,1.0e+00,0.5999,2589,12,7,8,16,15,18,12,10
ENSG00000092931,MFSD11,36.5,21,15.5,0.741,-0.4,2.8e-01,1.0e+00,0.5999,2589,20,23,12,29,17,14,6,25
ENSG00000067064,IDI1,37.2,20.5,16.8,0.833,-0.3,2.8e-01,1.0e+00,0.6001,2591,22,24,21,15,22,16,14,15
ENSG00000120885,CLU,1260.5,677.8,582.8,0.86,-0.2,2.8e-01,1.0e+00,0.6004,2593,663,801,634,613,467,820,465,579
ENSG00000005302,MSL3,39.8,17.8,22,1.23,0.3,2.8e-01,1.0e+00,0.6004,2593,15,17,12,27,21,19,21,27
ENSG00000135631,RAB11FIP5,171,91,80,0.88,-0.2,2.8e-01,1.0e+00,0.6004,2594,104,97,64,99,88,72,80,80
ENSG00000138375,SMARCAL1,58.8,31.5,27.2,0.87,-0.2,2.8e-01,1.0e+00,0.6004,2594,33,30,33,30,20,30,31,28
ENSG00000283780,MAML1,41.8,25.8,16,0.619,-0.7,2.8e-01,1.0e+00,0.6004,2595,18,35,34,16,16,33,15,0
ENSG00000131873,CHSY1,64.5,35.5,29,0.818,-0.3,2.8e-01,1.0e+00,0.6004,2596,44,30,35,33,20,31,44,21
ENSG00000156858,PRR14,41.2,19,22.2,1.18,0.2,2.8e-01,1.0e+00,0.6004,2596,22,14,19,21,21,27,18,23
ENSG00000197646,PDCD1LG2,38,21,17,0.815,-0.3,2.8e-01,1.0e+00,0.6004,2597,20,26,21,17,13,24,19,12
ENSG00000170271,FAXDC2,177.2,79,98.2,1.241,0.3,2.8e-01,1.0e+00,0.6004,2597,86,84,65,81,85,142,49,117
ENSG00000111328,CDK2AP1,220.2,117.8,102.5,0.869,-0.2,2.8e-01,1.0e+00,0.6004,2598,149,95,113,114,121,99,113,77
ENSG00000189180,ZNF33A,48,26.8,21.2,0.804,-0.3,2.8e-01,1.0e+00,0.6004,2599,17,29,39,22,19,29,18,19
ENSG00000100104,SRRD,24.2,10.8,13.5,1.275,0.4,2.8e-01,1.0e+00,0.6004,2599,5,12,15,11,14,12,14,14
ENSG00000156711,MAPK13,30.8,13.2,17.5,1.344,0.4,2.8e-01,1.0e+00,0.6004,2600,7,11,21,14,12,12,27,19
ENSG00000161526,SAP30BP,54,29.2,24.8,0.847,-0.2,2.8e-01,1.0e+00,0.6004,2600,32,32,23,30,18,24,30,27
ENSG00000285238,ENSG00000285238,27.8,8.5,19.2,2.269,1.2,2.8e-01,1.0e+00,0.6004,2601,0,11,12,11,35,0,42,0
ENSG00000103066,PLA2G15,80,37.5,42.5,1.134,0.2,2.8e-01,1.0e+00,0.6004,2602,31,41,36,42,38,48,38,46
ENSG00000198081,ZBTB14,21.5,12.5,9,0.717,-0.5,2.8e-01,1.0e+00,0.6004,2602,12,10,10,18,11,16,6,3
ENSG00000154330,PGM5,207,115.5,91.5,0.793,-0.3,2.8e-01,1.0e+00,0.6004,2603,100,142,59,161,68,96,77,125
ENSG00000114861,FOXP1,142,74.8,67.2,0.9,-0.2,2.8e-01,1.0e+00,0.6008,2605,64,86,70,79,67,72,61,69
ENSG00000165699,TSC1,110.2,46.2,64,1.38,0.5,2.8e-01,1.0e+00,0.6008,2606,13,78,30,64,49,67,63,77
ENSG00000099942,CRKL,127.2,60.5,66.8,1.11,0.1,2.9e-01,1.0e+00,0.6008,2606,61,52,60,69,61,75,66,65
ENSG00000087301,TXNDC16,26.5,11.8,14.8,1.258,0.3,2.9e-01,1.0e+00,0.6008,2607,12,9,10,16,13,16,10,20
ENSG00000001036,FUCA2,170.5,90.8,79.8,0.878,-0.2,2.9e-01,1.0e+00,0.6008,2608,73,108,86,96,88,95,69,67
ENSG00000105443,CYTH2,81.2,43.8,37.5,0.859,-0.2,2.9e-01,1.0e+00,0.6008,2608,38,38,50,49,40,38,26,46
ENSG00000110011,DNAJC4,34,18.8,15.2,0.83,-0.3,2.9e-01,1.0e+00,0.6008,2609,23,22,14,16,18,13,17,13
ENSG00000130254,SAFB2,91.5,42.8,48.8,1.137,0.2,2.9e-01,1.0e+00,0.6012,2611,34,42,48,47,53,51,40,51
ENSG00000226634,DDAH2,56.2,38,18.2,0.486,-1,2.9e-01,1.0e+00,0.6013,2612,4,38,49,61,0,14,2,57
ENSG00000105483,CARD8,37.8,21.5,16.2,0.76,-0.4,2.9e-01,1.0e+00,0.6015,2614,9,28,27,22,12,21,13,19
ENSG00000204160,ZDHHC18,40.2,18.8,21.5,1.169,0.2,2.9e-01,1.0e+00,0.6015,2614,23,20,17,15,22,23,19,22
ENSG00000135776,ABCB10,24.8,13.8,11,0.817,-0.3,2.9e-01,1.0e+00,0.6015,2615,10,16,14,15,10,12,13,9
ENSG00000088367,EPB41L1,121.5,66,55.5,0.842,-0.2,2.9e-01,1.0e+00,0.6015,2615,55,58,85,66,38,54,76,54
ENSG00000136542,GALNT5,261.5,143.2,118.2,0.825,-0.3,2.9e-01,1.0e+00,0.6016,2616,126,117,159,171,78,88,173,134
ENSG00000170310,STX8,40,21.8,18.2,0.856,-0.2,2.9e-01,1.0e+00,0.6019,2618,18,20,27,22,20,20,17,16
ENSG00000113595,TRIM23,33.2,14.5,18.8,1.28,0.4,2.9e-01,1.0e+00,0.6027,2622,16,15,8,19,11,21,20,23
ENSG00000137692,DCUN1D5,35.2,16.2,19,1.172,0.2,2.9e-01,1.0e+00,0.604,2629,17,16,15,17,22,18,15,21
ENSG00000076067,RBMS2,136.8,72.8,64,0.882,-0.2,2.9e-01,1.0e+00,0.6041,2630,90,62,76,63,71,59,70,56
ENSG00000278615,C11orf98,21.8,12,9.8,0.831,-0.3,2.9e-01,1.0e+00,0.6043,2631,13,11,13,11,11,11,8,9
ENSG00000111640,GAPDH,4094.2,2188.8,1905.5,0.871,-0.2,2.9e-01,1.0e+00,0.6046,2633,2305,2394,2178,1878,1963,1688,2525,1446
ENSG00000108671,PSMD11,92.2,48.8,43.5,0.888,-0.2,2.9e-01,1.0e+00,0.6052,2636,60,44,48,43,42,49,42,41
ENSG00000280689,BORCS5,32.8,18,14.8,0.823,-0.3,2.9e-01,1.0e+00,0.6052,2637,18,24,17,13,11,17,16,15
ENSG00000110321,EIF4G2,2398.2,1249.2,1149,0.92,-0.1,2.9e-01,1.0e+00,0.6053,2638,1344,1275,1205,1173,1173,1143,1182,1098
ENSG00000198876,DCAF12,51.2,27.5,23.8,0.864,-0.2,2.9e-01,1.0e+00,0.6053,2639,26,23,29,32,26,20,22,27
ENSG00000152952,PLOD2,184.8,104,80.8,0.778,-0.4,2.9e-01,1.0e+00,0.6053,2639,88,98,141,89,57,59,150,57
ENSG00000275723,NAPEPLD,21,12.8,8.2,0.663,-0.6,2.9e-01,1.0e+00,0.6053,2640,12,11,13,15,11,9,0,13
ENSG00000160818,GPATCH4,22.2,9,13.2,1.491,0.6,2.9e-01,1.0e+00,0.6053,2640,8,12,13,3,19,17,14,3
ENSG00000006715,VPS41,193.5,102.5,91,0.886,-0.2,2.9e-01,1.0e+00,0.6053,2641,92,112,109,97,68,107,87,102
ENSG00000119685,TTLL5,42.5,23,19.5,0.865,-0.2,2.9e-01,1.0e+00,0.6054,2642,21,21,27,23,22,17,20,19
ENSG00000111276,CDKN1B,79,42.8,36.2,0.849,-0.2,2.9e-01,1.0e+00,0.6054,2643,38,42,34,57,29,47,37,32
ENSG00000121289,CEP89,43.8,23.8,20,0.859,-0.2,2.9e-01,1.0e+00,0.6054,2643,22,28,21,24,18,19,25,18
ENSG00000170142,UBE2E1,129.5,70.2,59.2,0.845,-0.2,2.9e-01,1.0e+00,0.6054,2644,95,63,72,51,44,69,69,55
ENSG00000088179,PTPN4,28.5,12.8,15.8,1.236,0.3,2.9e-01,1.0e+00,0.6061,2647,10,16,11,14,17,19,10,17
ENSG00000140650,PMM2,48.8,22.2,26.5,1.21,0.3,2.9e-01,1.0e+00,0.6061,2648,14,21,26,28,33,24,29,20
ENSG00000150510,FAM124A,32,13.2,18.8,1.417,0.5,2.9e-01,1.0e+00,0.6061,2648,13,4,27,9,18,17,27,13
ENSG00000146555,SDK1,80,47.2,32.8,0.691,-0.5,2.9e-01,1.0e+00,0.6061,2649,36,17,38,98,41,16,30,44
ENSG00000142207,URB1,73,33,40,1.208,0.3,2.9e-01,1.0e+00,0.6061,2650,27,38,37,30,40,23,51,46
ENSG00000239305,RNF103,76.5,35.2,41.2,1.178,0.2,2.9e-01,1.0e+00,0.6061,2650,36,46,30,29,32,45,36,52
ENSG00000105612,DNASE2,84.5,45,39.5,0.876,-0.2,2.9e-01,1.0e+00,0.6061,2651,41,40,44,55,32,48,38,40
ENSG00000173581,CCDC106,22,12.2,9.8,0.796,-0.3,2.9e-01,1.0e+00,0.6061,2652,13,15,12,9,14,10,7,8
ENSG00000132676,DAP3,95.5,51,44.5,0.869,-0.2,2.9e-01,1.0e+00,0.6061,2652,63,53,50,38,46,52,37,43
ENSG00000234728,SNHG32,59.5,24.8,34.8,1.418,0.5,2.9e-01,1.0e+00,0.6061,2653,39,27,21,12,65,17,36,21
ENSG00000243667,DNAAF10,20.2,11.5,8.8,0.779,-0.4,2.9e-01,1.0e+00,0.6061,2653,12,8,14,12,11,7,5,12
ENSG00000120910,PPP3CC,32.2,14.5,17.8,1.243,0.3,2.9e-01,1.0e+00,0.6061,2654,12,16,17,13,25,16,11,19
ENSG00000167470,MIDN,86,46.2,39.8,0.858,-0.2,2.9e-01,1.0e+00,0.6061,2655,37,50,57,41,48,33,45,33
ENSG00000084072,PPIE,59.2,33,26.2,0.802,-0.3,2.9e-01,1.0e+00,0.6061,2655,30,42,16,44,25,27,24,29
ENSG00000166435,XRRA1,24.5,14.5,10,0.701,-0.5,2.9e-01,1.0e+00,0.6061,2656,13,22,9,14,4,20,6,10
ENSG00000065518,NDUFB4,62.8,33.8,29,0.864,-0.2,2.9e-01,1.0e+00,0.6061,2657,36,36,37,26,23,31,34,28
ENSG00000144591,GMPPA,64.2,35,29.2,0.84,-0.3,2.9e-01,1.0e+00,0.6061,2657,47,36,26,31,30,22,34,31
ENSG00000090339,ICAM1,27.5,11.2,16.2,1.421,0.5,2.9e-01,1.0e+00,0.6062,2658,14,9,10,12,8,31,19,7
ENSG00000136938,ANP32B,194.8,93,101.8,1.095,0.1,2.9e-01,1.0e+00,0.6068,2661,79,95,96,102,99,104,103,101
ENSG00000136754,ABI1,93.2,42.8,50.5,1.174,0.2,2.9e-01,1.0e+00,0.6068,2662,49,43,27,52,44,52,61,45
ENSG00000182095,TNRC18,373.2,179.5,193.8,1.08,0.1,2.9e-01,1.0e+00,0.607,2663,178,186,174,180,197,191,204,183
ENSG00000160961,ZNF333,30.5,17,13.5,0.811,-0.3,2.9e-01,1.0e+00,0.607,2664,13,17,16,22,12,13,19,10
ENSG00000162551,ALPL,90.2,36.8,53.5,1.459,0.5,2.9e-01,1.0e+00,0.6071,2665,18,38,63,28,34,40,113,27
ENSG00000168002,POLR2G,46.2,21,25.2,1.205,0.3,2.9e-01,1.0e+00,0.6072,2666,24,22,22,16,16,29,26,30
ENSG00000125354,SEPTIN6,21.8,9.2,12.5,1.375,0.5,2.9e-01,1.0e+00,0.6072,2667,5,4,13,15,9,11,15,15
ENSG00000087074,PPP1R15A,119,63.8,55.2,0.875,-0.2,2.9e-01,1.0e+00,0.6072,2667,70,59,65,61,55,65,38,63
ENSG00000262666,ENTREP3,45.2,27.8,17.5,0.633,-0.7,2.9e-01,1.0e+00,0.6072,2668,48,13,21,29,39,21,5,5
ENSG00000281818,MANSC1,75.8,44,31.8,0.722,-0.5,2.9e-01,1.0e+00,0.6072,2669,51,59,23,43,18,52,13,44
ENSG00000198373,WWP2,45.8,25.8,20,0.795,-0.3,2.9e-01,1.0e+00,0.6075,2671,31,20,23,29,15,12,31,22
ENSG00000011258,MBTD1,26.5,15,11.5,0.756,-0.4,2.9e-01,1.0e+00,0.6082,2674,21,12,13,14,13,17,12,4
ENSG00000140365,COMMD4,60.2,27.5,32.8,1.205,0.3,2.9e-01,1.0e+00,0.6082,2675,29,25,22,34,32,36,43,20
ENSG00000146263,MMS22L,27.5,15.2,12.2,0.82,-0.3,2.9e-01,1.0e+00,0.6086,2677,13,21,15,12,13,13,9,14
ENSG00000112763,BTN2A1,41.2,22.5,18.8,0.85,-0.2,2.9e-01,1.0e+00,0.6086,2678,20,24,27,19,22,21,18,14
ENSG00000151092,NGLY1,32,18,14,0.78,-0.4,2.9e-01,1.0e+00,0.6086,2679,13,11,19,29,17,16,12,11
ENSG00000120913,PDLIM2,215.8,113.8,102,0.896,-0.2,2.9e-01,1.0e+00,0.6086,2679,109,126,93,127,102,89,119,98
ENSG00000180801,ARSJ,128.8,58.2,70.5,1.216,0.3,2.9e-01,1.0e+00,0.6086,2680,38,73,75,47,64,62,100,56
ENSG00000116062,MSH6,92.5,43.5,49,1.117,0.2,2.9e-01,1.0e+00,0.6089,2681,40,47,41,46,52,47,42,55
ENSG00000137936,BCAR3,51.5,27.8,23.8,0.864,-0.2,2.9e-01,1.0e+00,0.6089,2682,27,34,26,24,19,27,23,26
ENSG00000274512,TBC1D3L,32.2,18.8,13.5,0.757,-0.4,2.9e-01,1.0e+00,0.6089,2683,11,21,25,18,20,12,6,16
ENSG00000196235,SUPT5H,219,114.2,104.8,0.921,-0.1,2.9e-01,1.0e+00,0.6089,2683,108,111,120,118,96,105,110,108
ENSG00000254772,EEF1G,2869,1506.2,1362.8,0.905,-0.1,2.9e-01,1.0e+00,0.6089,2684,1581,1517,1548,1379,1591,1269,1423,1168
ENSG00000198856,OSTC,126.5,58.2,68.2,1.167,0.2,2.9e-01,1.0e+00,0.6089,2685,67,52,55,59,55,98,65,55
ENSG00000114439,BBX,205.2,96.2,109,1.126,0.2,2.9e-01,1.0e+00,0.6089,2685,98,91,94,102,89,91,120,136
ENSG00000132128,LRRC41,164.2,86.8,77.5,0.891,-0.2,2.9e-01,1.0e+00,0.6089,2686,69,79,97,102,80,77,84,69
ENSG00000163607,GTPBP8,29.8,16.5,13.2,0.819,-0.3,2.9e-01,1.0e+00,0.6089,2686,13,18,13,22,15,14,14,10
ENSG00000143702,CEP170,55.5,36.5,19,0.519,-0.9,2.9e-01,1.0e+00,0.6089,2687,100,24,1,21,27,20,2,27
ENSG00000142192,APP,2220,1158.2,1061.8,0.917,-0.1,2.9e-01,1.0e+00,0.6089,2688,1168,1288,1063,1114,1082,1042,1005,1118
ENSG00000079332,SAR1A,113,49.5,63.5,1.287,0.4,2.9e-01,1.0e+00,0.6089,2688,56,39,62,41,81,38,99,36
ENSG00000168438,CDC40,51.5,28,23.5,0.847,-0.2,2.9e-01,1.0e+00,0.6089,2689,28,31,28,25,29,23,27,15
ENSG00000106460,TMEM106B,136.2,63.5,72.8,1.145,0.2,2.9e-01,1.0e+00,0.6096,2693,51,70,62,71,52,80,78,81
ENSG00000167601,AXL,402.2,192,210.2,1.096,0.1,2.9e-01,1.0e+00,0.6096,2693,177,191,190,210,244,198,189,210
ENSG00000100288,CHKB,40.2,22,18.2,0.834,-0.3,2.9e-01,1.0e+00,0.6096,2694,14,26,21,27,17,22,18,16
ENSG00000112365,ZBTB24,21.2,9.5,11.8,1.257,0.3,2.9e-01,1.0e+00,0.6096,2694,6,7,12,13,13,11,11,12
ENSG00000140526,ABHD2,165.8,75.8,90,1.186,0.2,2.9e-01,1.0e+00,0.6096,2695,79,77,50,97,80,70,88,122
ENSG00000167658,EEF2,5184,2730.8,2453.2,0.898,-0.2,2.9e-01,1.0e+00,0.6096,2696,2869,2895,2548,2611,2934,2241,2077,2561
ENSG00000105438,KDELR1,261,123.8,137.2,1.107,0.1,2.9e-01,1.0e+00,0.6096,2696,107,120,148,120,121,143,136,149
ENSG00000168899,VAMP5,94,43.2,50.8,1.176,0.2,2.9e-01,1.0e+00,0.6096,2697,48,46,27,52,57,54,41,51
ENSG00000071051,NCK2,41,18.8,22.2,1.18,0.2,2.9e-01,1.0e+00,0.6097,2698,17,14,23,21,22,18,22,27
ENSG00000233024,NPIPA9,38,16.2,21.8,1.351,0.4,3.0e-01,1.0e+00,0.6097,2699,13,22,7,23,17,28,12,30
ENSG00000090470,PDCD7,57,30.5,26.5,0.872,-0.2,3.0e-01,1.0e+00,0.6097,2699,30,27,31,34,27,29,20,30
ENSG00000137547,MRPL15,31.2,13.8,17.5,1.273,0.3,3.0e-01,1.0e+00,0.6098,2700,17,7,17,14,22,16,21,11
ENSG00000086589,RBM22,40.2,22.8,17.5,0.794,-0.3,3.0e-01,1.0e+00,0.6098,2701,19,20,25,27,26,12,22,10
ENSG00000124214,STAU1,253.8,133.5,120.2,0.9,-0.2,3.0e-01,1.0e+00,0.6099,2702,115,140,140,139,101,142,109,129
ENSG00000165512,ZNF22,31.8,14.2,17.5,1.236,0.3,3.0e-01,1.0e+00,0.6099,2703,12,11,16,18,11,21,17,21
ENSG00000136213,CHST12,56.8,25.8,31,1.213,0.3,3.0e-01,1.0e+00,0.6099,2703,14,37,24,28,29,34,31,30
ENSG00000112033,PPARD,105,49.2,55.8,1.137,0.2,3.0e-01,1.0e+00,0.6099,2704,52,43,48,54,58,41,68,56
ENSG00000197928,ZNF677,21.8,12.2,9.5,0.777,-0.4,3.0e-01,1.0e+00,0.6106,2708,16,9,11,13,15,7,6,10
ENSG00000169609,C15orf40,57.2,31.5,25.8,0.832,-0.3,3.0e-01,1.0e+00,0.6106,2708,38,35,27,26,37,23,25,18
ENSG00000002549,LAP3,104.5,46.2,58.2,1.259,0.3,3.0e-01,1.0e+00,0.6109,2710,81,35,37,32,61,74,55,43
ENSG00000205981,DNAJC19,36.8,16.8,20,1.213,0.3,3.0e-01,1.0e+00,0.6118,2714,13,21,17,16,25,25,14,16
ENSG00000104522,GFUS,23,15.8,7.2,0.481,-1.1,3.0e-01,1.0e+00,0.612,2716,31,13,0,19,18,0,0,11
ENSG00000291316,TMEM276-ZFTRAF1,22.8,13.2,9.5,0.736,-0.4,3.0e-01,1.0e+00,0.612,2716,11,10,21,11,6,12,5,15
ENSG00000163026,WDCP,18.8,10.8,8,0.761,-0.4,3.0e-01,1.0e+00,0.612,2717,12,11,12,8,11,10,8,3
ENSG00000033800,PIAS1,94.5,44.2,50.2,1.13,0.2,3.0e-01,1.0e+00,0.612,2718,50,38,41,48,48,60,42,51
ENSG00000165757,JCAD,341.5,162.8,178.8,1.097,0.1,3.0e-01,1.0e+00,0.612,2718,163,182,166,140,201,168,177,169
ENSG00000179562,GCC1,51.2,23.5,27.8,1.204,0.3,3.0e-01,1.0e+00,0.612,2719,31,25,20,18,30,32,31,18
ENSG00000155755,TMEM237,76,41.8,34.2,0.822,-0.3,3.0e-01,1.0e+00,0.612,2720,34,44,59,30,22,37,43,35
ENSG00000169045,HNRNPH1,306.2,144,162.2,1.126,0.2,3.0e-01,1.0e+00,0.612,2720,162,162,140,112,197,150,160,142
ENSG00000111341,MGP,302,119,183,1.538,0.6,3.0e-01,1.0e+00,0.612,2721,53,150,87,186,41,297,103,291
ENSG00000056972,TRAF3IP2,53.8,29.5,24.2,0.824,-0.3,3.0e-01,1.0e+00,0.612,2721,22,25,42,29,20,20,32,25
ENSG00000186716,BCR,73.5,34.2,39.2,1.14,0.2,3.0e-01,1.0e+00,0.612,2722,38,30,37,32,32,38,48,39
ENSG00000132405,TBC1D14,98.5,52.5,46,0.872,-0.2,3.0e-01,1.0e+00,0.612,2723,65,56,52,37,48,44,43,49
ENSG00000130958,SLC35D2,48.5,22.2,26.2,1.182,0.2,3.0e-01,1.0e+00,0.6124,2725,27,17,23,22,21,35,23,26
ENSG00000124532,MRS2,30.5,16.8,13.8,0.813,-0.3,3.0e-01,1.0e+00,0.613,2728,22,14,17,14,15,16,8,16
ENSG00000011243,AKAP8L,72.2,38.8,33.5,0.868,-0.2,3.0e-01,1.0e+00,0.613,2729,35,41,43,36,42,32,35,25
ENSG00000104671,DCTN6,35.8,16.5,19.2,1.171,0.2,3.0e-01,1.0e+00,0.613,2730,20,17,15,14,20,18,22,17
ENSG00000113448,PDE4D,33,11.8,21.2,1.795,0.8,3.0e-01,1.0e+00,0.6133,2731,14,6,22,5,26,3,52,4
ENSG00000173230,GOLGB1,407.8,215,192.8,0.895,-0.2,3.0e-01,1.0e+00,0.6133,2732,187,241,202,230,151,191,213,216
ENSG00000106397,PLOD3,138,64.5,73.5,1.135,0.2,3.0e-01,1.0e+00,0.6133,2733,65,68,45,80,76,71,73,74
ENSG00000163481,RNF25,28.8,15.8,13,0.843,-0.2,3.0e-01,1.0e+00,0.6133,2733,13,14,18,18,15,14,11,12
ENSG00000230669,PSMB8,18.2,11.8,6.5,0.565,-0.8,3.0e-01,1.0e+00,0.6133,2734,11,14,14,8,18,0,8,0
ENSG00000034510,TMSB10,1069.8,562.8,507,0.901,-0.2,3.0e-01,1.0e+00,0.6133,2735,475,631,635,510,520,469,572,467
ENSG00000269556,TMEM185A,42,19,23,1.194,0.3,3.0e-01,1.0e+00,0.6133,2735,20,17,19,20,17,31,18,26
ENSG00000166925,TSC22D4,61.8,29,32.8,1.143,0.2,3.0e-01,1.0e+00,0.6133,2736,36,29,26,25,36,33,28,34
ENSG00000067221,STOML1,28.5,16,12.5,0.788,-0.3,3.0e-01,1.0e+00,0.614,2740,25,13,11,15,10,10,16,14
ENSG00000105185,PDCD5,60.5,28,32.5,1.172,0.2,3.0e-01,1.0e+00,0.6141,2741,32,29,21,30,41,35,28,26
ENSG00000105926,PALS2,20.2,9,11.2,1.272,0.3,3.0e-01,1.0e+00,0.6142,2742,8,5,11,12,11,8,13,13
ENSG00000089009,RPL6,1365,714.5,650.5,0.91,-0.1,3.0e-01,1.0e+00,0.6142,2742,742,728,725,663,775,624,627,576
ENSG00000164941,INTS8,52.8,28.8,24,0.835,-0.3,3.0e-01,1.0e+00,0.6142,2743,29,31,29,26,28,20,15,33
ENSG00000197324,LRP10,1087,515.2,571.8,1.11,0.2,3.0e-01,1.0e+00,0.6143,2744,448,539,590,484,475,559,634,619
ENSG00000175183,CSRP2,33.5,19,14.5,0.779,-0.4,3.0e-01,1.0e+00,0.6143,2745,15,27,14,20,10,12,24,12
ENSG00000050628,PTGER3,26.2,14.8,11.5,0.809,-0.3,3.0e-01,1.0e+00,0.6143,2745,12,21,15,11,12,14,9,11
ENSG00000002919,SNX11,22.5,10,12.5,1.27,0.3,3.0e-01,1.0e+00,0.6143,2746,5,12,13,10,12,14,10,14
ENSG00000140948,ZCCHC14,112.2,61,51.2,0.839,-0.3,3.0e-01,1.0e+00,0.6143,2747,71,54,42,77,57,47,36,65
ENSG00000101158,NELFCD,64,34.8,29.2,0.844,-0.2,3.0e-01,1.0e+00,0.6143,2747,35,36,36,32,35,17,30,35
ENSG00000138613,APH1B,55.8,30.2,25.5,0.852,-0.2,3.0e-01,1.0e+00,0.6143,2748,35,36,24,26,23,28,20,31
ENSG00000118495,PLAGL1,102,54.2,47.8,0.881,-0.2,3.0e-01,1.0e+00,0.6143,2749,52,60,46,59,35,52,51,53
ENSG00000132840,BHMT2,42,24.5,17.5,0.714,-0.5,3.0e-01,1.0e+00,0.6143,2749,21,21,45,11,14,16,30,10
ENSG00000203705,TATDN3,21.8,12.2,9.5,0.779,-0.4,3.0e-01,1.0e+00,0.6143,2750,20,11,10,8,9,9,9,11
ENSG00000120963,ZNF706,54.2,29.8,24.5,0.833,-0.3,3.0e-01,1.0e+00,0.6143,2750,39,31,19,30,30,26,21,21
ENSG00000169976,SF3B5,70,38,32,0.852,-0.2,3.0e-01,1.0e+00,0.6143,2751,35,35,43,39,44,31,32,21
ENSG00000149451,ADAM33,509.8,277.8,232,0.835,-0.3,3.0e-01,1.0e+00,0.6143,2752,349,296,244,222,358,208,183,179
ENSG00000175470,PPP2R2D,43.8,19.8,24,1.211,0.3,3.0e-01,1.0e+00,0.6144,2753,21,15,26,17,23,17,23,33
ENSG00000112406,HECA,71.2,32.2,39,1.216,0.3,3.0e-01,1.0e+00,0.6144,2753,38,24,28,39,44,31,26,55
ENSG00000182175,RGMA,48.5,21,27.5,1.318,0.4,3.0e-01,1.0e+00,0.6144,2754,25,28,16,15,36,24,11,39
ENSG00000165629,ATP5F1C,106.2,50,56.2,1.125,0.2,3.0e-01,1.0e+00,0.6144,2755,52,40,53,55,65,47,57,56
ENSG00000142173,COL6A2,7465.2,3928.5,3536.8,0.9,-0.2,3.0e-01,1.0e+00,0.6144,2755,3530,4218,3570,4396,3057,3498,3582,4010
ENSG00000144231,POLR2D,32.8,14.8,18,1.208,0.3,3.0e-01,1.0e+00,0.6152,2759,14,12,19,14,12,21,21,18
ENSG00000175029,CTBP2,108.8,51.2,57.5,1.124,0.2,3.0e-01,1.0e+00,0.6157,2762,49,41,62,53,63,60,51,56
ENSG00000219545,UMAD1,24.8,14.2,10.5,0.753,-0.4,3.0e-01,1.0e+00,0.6159,2764,13,17,10,17,10,7,6,19
ENSG00000122033,MTIF3,36.2,20,16.2,0.829,-0.3,3.0e-01,1.0e+00,0.6163,2766,23,22,20,15,18,18,19,10
ENSG00000162384,CZIB,73.8,39.5,34.2,0.872,-0.2,3.0e-01,1.0e+00,0.6163,2766,37,36,47,38,40,36,25,36
ENSG00000092847,AGO1,89.5,47.5,42,0.88,-0.2,3.0e-01,1.0e+00,0.6164,2768,54,40,50,46,35,53,41,39
ENSG00000165282,PIGO,29.5,17,12.5,0.751,-0.4,3.0e-01,1.0e+00,0.6165,2769,12,18,17,21,9,12,23,6
ENSG00000135535,CD164,557.2,290,267.2,0.922,-0.1,3.0e-01,1.0e+00,0.6165,2769,305,281,285,289,246,283,290,250
ENSG00000129187,DCTD,176.2,91.5,84.8,0.921,-0.1,3.0e-01,1.0e+00,0.6165,2770,98,95,87,86,89,84,86,80
ENSG00000131238,PPT1,55.8,30.2,25.5,0.859,-0.2,3.0e-01,1.0e+00,0.6165,2770,23,35,27,36,24,29,28,21
ENSG00000051128,HOMER3,78.8,41.8,37,0.883,-0.2,3.0e-01,1.0e+00,0.6168,2772,40,37,46,44,30,33,43,42
ENSG00000276725,CEP170,149.5,86,63.5,0.741,-0.4,3.0e-01,1.0e+00,0.6168,2773,24,102,108,110,55,43,88,68
ENSG00000142552,RCN3,152.5,80.8,71.8,0.889,-0.2,3.0e-01,1.0e+00,0.6168,2774,95,61,80,87,67,69,82,69
ENSG00000163093,BBS5,29,16,13,0.817,-0.3,3.0e-01,1.0e+00,0.6172,2776,15,16,18,15,14,11,19,8
ENSG00000108469,RECQL5,31.2,13.8,17.5,1.275,0.4,3.0e-01,1.0e+00,0.6174,2778,20,12,14,9,19,26,13,12
ENSG00000137364,TPMT,29.5,16.8,12.8,0.766,-0.4,3.0e-01,1.0e+00,0.618,2781,16,12,19,20,17,8,20,6
ENSG00000141503,MINK1,153.2,81,72.2,0.891,-0.2,3.0e-01,1.0e+00,0.6184,2783,89,84,62,89,85,69,70,65
ENSG00000125458,NT5C,25.8,11.5,14.2,1.259,0.3,3.0e-01,1.0e+00,0.6184,2784,10,14,7,15,13,10,18,16
ENSG00000175193,PARL,40.5,18.2,22.2,1.215,0.3,3.0e-01,1.0e+00,0.6184,2785,21,15,15,22,17,32,22,18
ENSG00000108578,BLMH,31.8,17.5,14.2,0.82,-0.3,3.0e-01,1.0e+00,0.6189,2787,19,15,18,18,18,18,8,13
ENSG00000155034,FBXL18,58,27,31,1.153,0.2,3.0e-01,1.0e+00,0.6189,2788,34,24,28,22,29,36,31,28
ENSG00000284936,TMEM14C,123,58,65,1.12,0.2,3.0e-01,1.0e+00,0.619,2789,63,50,53,66,72,71,64,53
ENSG00000153046,CDYL,41,23,18,0.784,-0.4,3.0e-01,1.0e+00,0.619,2790,26,15,29,22,18,13,30,11
ENSG00000197548,ATG7,48.2,22.5,25.8,1.154,0.2,3.1e-01,1.0e+00,0.619,2790,18,27,23,22,23,28,22,30
ENSG00000117643,MAN1C1,42.8,26,16.8,0.656,-0.6,3.1e-01,1.0e+00,0.619,2791,34,42,3,25,21,16,7,23
ENSG00000143867,OSR1,73,40,33,0.828,-0.3,3.1e-01,1.0e+00,0.619,2792,47,43,27,43,48,33,26,25
ENSG00000159111,MRPL10,55.2,30.5,24.8,0.82,-0.3,3.1e-01,1.0e+00,0.6194,2794,24,38,31,29,22,29,34,14
ENSG00000110063,DCPS,32.2,17.5,14.8,0.836,-0.3,3.1e-01,1.0e+00,0.6194,2795,21,16,20,13,12,18,16,13
ENSG00000175455,CCDC14,155,81.8,73.2,0.895,-0.2,3.1e-01,1.0e+00,0.6197,2797,77,82,80,88,58,67,78,90
ENSG00000276187,ERMARD,33.5,14.8,18.8,1.261,0.3,3.1e-01,1.0e+00,0.6197,2798,21,11,16,11,14,26,22,13
ENSG00000103148,NPRL3,67.8,36.8,31,0.845,-0.2,3.1e-01,1.0e+00,0.6199,2799,29,54,34,30,31,34,32,27
ENSG00000165175,MID1IP1,82.8,44.5,38.2,0.86,-0.2,3.1e-01,1.0e+00,0.6199,2799,50,52,36,40,44,28,34,47
ENSG00000272333,KMT2B,77.8,36.2,41.5,1.143,0.2,3.1e-01,1.0e+00,0.62,2801,35,44,37,29,42,41,49,34
ENSG00000198040,ZNF84,44.2,24.2,20,0.833,-0.3,3.1e-01,1.0e+00,0.62,2801,15,22,28,32,18,22,18,22
ENSG00000169926,KLF13,62,18.2,43.8,2.432,1.3,3.1e-01,1.0e+00,0.6201,2802,7,66,0,0,30,119,0,26
ENSG00000115286,NDUFS7,42.8,23,19.8,0.877,-0.2,3.1e-01,1.0e+00,0.6201,2803,21,22,25,24,20,23,18,18
ENSG00000100941,PNN,142.5,75,67.5,0.901,-0.2,3.1e-01,1.0e+00,0.6201,2804,70,78,73,79,69,62,82,57
ENSG00000163346,PBXIP1,244.5,129,115.5,0.896,-0.2,3.1e-01,1.0e+00,0.6202,2804,136,129,126,125,107,134,88,133
ENSG00000102359,SRPX2,125,57.2,67.8,1.189,0.2,3.1e-01,1.0e+00,0.6202,2805,34,60,66,69,49,68,74,80
ENSG00000175224,ATG13,160,72.8,87.2,1.196,0.3,3.1e-01,1.0e+00,0.6208,2809,68,78,85,60,74,108,52,115
ENSG00000101104,PABPC1L,29,16.2,12.8,0.792,-0.3,3.1e-01,1.0e+00,0.6211,2811,20,7,21,17,15,13,12,11
ENSG00000173210,ABLIM3,175.8,95.2,80.5,0.849,-0.2,3.1e-01,1.0e+00,0.6214,2812,92,94,131,64,100,75,85,62
ENSG00000162378,ZYG11B,115.2,60.8,54.5,0.899,-0.2,3.1e-01,1.0e+00,0.6214,2813,54,64,56,69,49,63,56,50
ENSG00000117450,PRDX1,324,170.5,153.5,0.901,-0.2,3.1e-01,1.0e+00,0.6219,2816,170,208,169,135,167,153,150,144
ENSG00000075151,EIF4G3,290,156.8,133.2,0.851,-0.2,3.1e-01,1.0e+00,0.6224,2819,130,182,176,139,122,93,194,124
ENSG00000142507,PSMB6,79.2,42.5,36.8,0.867,-0.2,3.1e-01,1.0e+00,0.6226,2820,52,39,44,35,43,43,30,31
ENSG00000100422,CERK,137,63.8,73.2,1.146,0.2,3.1e-01,1.0e+00,0.6226,2821,72,48,55,80,61,73,73,86
ENSG00000167244,IGF2,586,244.8,341.2,1.393,0.5,3.1e-01,1.0e+00,0.6231,2824,163,431,259,126,194,431,563,177
ENSG00000106483,SFRP4,38.8,26.2,12.5,0.485,-1,3.1e-01,1.0e+00,0.6231,2824,10,75,9,11,5,39,0,6
ENSG00000214087,ARL16,34,18.5,15.5,0.846,-0.2,3.1e-01,1.0e+00,0.6237,2828,23,13,21,17,15,14,17,16
ENSG00000100865,CINP,42,22.8,19.2,0.862,-0.2,3.1e-01,1.0e+00,0.6237,2828,17,27,23,24,22,20,18,17
ENSG00000048991,R3HDM1,39.2,21.8,17.5,0.822,-0.3,3.1e-01,1.0e+00,0.6242,2831,25,21,19,22,19,22,9,20
ENSG00000100220,RTCB,93.5,50.2,43.2,0.856,-0.2,3.1e-01,1.0e+00,0.6242,2832,64,48,54,35,52,48,34,39
ENSG00000081760,AACS,32.2,17.5,14.8,0.836,-0.3,3.1e-01,1.0e+00,0.6247,2835,21,16,15,18,10,17,15,17
ENSG00000135968,GCC2,114,61.2,52.8,0.864,-0.2,3.1e-01,1.0e+00,0.6247,2835,60,51,81,53,56,38,61,56
ENSG00000174444,RPL4,2557,1357,1200,0.884,-0.2,3.1e-01,1.0e+00,0.6247,2836,1553,1466,1269,1140,1552,1161,1073,1014
ENSG00000112996,MRPS30,41.2,22.2,19,0.86,-0.2,3.1e-01,1.0e+00,0.6248,2837,19,26,26,18,18,22,17,19
ENSG00000071537,SEL1L,469.8,222.8,247,1.109,0.1,3.1e-01,1.0e+00,0.6248,2838,212,255,199,225,195,253,268,272
ENSG00000051382,PIK3CB,31,14.2,16.8,1.159,0.2,3.1e-01,1.0e+00,0.6248,2838,13,14,14,16,17,19,14,17
ENSG00000101940,WDR13,103,54,49,0.904,-0.1,3.1e-01,1.0e+00,0.6248,2839,57,52,45,62,47,49,50,50
ENSG00000131435,PDLIM4,26,14.5,11.5,0.797,-0.3,3.1e-01,1.0e+00,0.6248,2840,17,13,8,20,14,12,9,11
ENSG00000100485,SOS2,92.5,42.8,49.8,1.167,0.2,3.1e-01,1.0e+00,0.6248,2840,37,42,46,46,54,61,30,54
ENSG00000213015,ZNF580,26.2,12,14.2,1.184,0.2,3.1e-01,1.0e+00,0.6248,2841,13,12,9,14,16,13,14,14
ENSG00000241343,RPL36A,72.5,43,29.5,0.693,-0.5,3.1e-01,1.0e+00,0.625,2842,32,73,18,49,37,28,46,7
ENSG00000175166,PSMD2,347.2,183,164.2,0.899,-0.2,3.1e-01,1.0e+00,0.625,2843,195,200,165,172,201,160,164,132
ENSG00000165288,BRWD3,45.5,24.5,21,0.865,-0.2,3.1e-01,1.0e+00,0.625,2844,26,26,19,27,18,24,22,20
ENSG00000186532,SMYD4,22.2,12.8,9.5,0.762,-0.4,3.1e-01,1.0e+00,0.625,2844,6,15,17,13,7,9,8,14
ENSG00000162804,SNED1,276.5,149.8,126.8,0.848,-0.2,3.1e-01,1.0e+00,0.625,2845,140,181,118,160,107,164,82,154
ENSG00000100387,RBX1,51.2,23.8,27.5,1.171,0.2,3.1e-01,1.0e+00,0.625,2846,26,20,23,26,30,35,20,25
ENSG00000155368,DBI,68,31.5,36.5,1.158,0.2,3.1e-01,1.0e+00,0.625,2846,38,27,38,23,36,40,36,34
ENSG00000134954,ETS1,81.2,36.5,44.8,1.221,0.3,3.1e-01,1.0e+00,0.625,2847,50,17,38,41,55,42,40,42
ENSG00000154845,PPP4R1,133.5,63.2,70.2,1.118,0.2,3.1e-01,1.0e+00,0.625,2847,59,60,74,60,57,65,80,79
ENSG00000072952,IRAG1,460,203.2,256.8,1.262,0.3,3.1e-01,1.0e+00,0.625,2848,145,274,151,243,128,367,305,227
ENSG00000125779,PANK2,71,33.8,37.2,1.11,0.1,3.1e-01,1.0e+00,0.625,2849,31,35,36,33,35,37,37,40
ENSG00000185627,PSMD13,103.5,55.2,48.2,0.877,-0.2,3.1e-01,1.0e+00,0.6253,2851,59,50,55,57,62,49,34,48
ENSG00000188070,ZFTA,92.8,50.8,42,0.832,-0.3,3.1e-01,1.0e+00,0.6253,2851,53,39,59,52,53,38,23,54
ENSG00000198961,PJA2,294.8,155.5,139.2,0.895,-0.2,3.1e-01,1.0e+00,0.6253,2852,175,142,126,179,125,158,149,125
ENSG00000115129,TP53I3,65.5,35.2,30.2,0.859,-0.2,3.1e-01,1.0e+00,0.626,2856,43,24,32,42,30,31,27,33
ENSG00000108953,YWHAE,140.8,91.5,49.2,0.542,-0.9,3.1e-01,1.0e+00,0.6265,2859,184,28,98,56,132,27,0,38
ENSG00000131089,ARHGEF9,42.5,24,18.5,0.785,-0.3,3.1e-01,1.0e+00,0.6265,2859,20,37,22,17,20,27,10,17
ENSG00000008405,CRY1,28.8,15.8,13,0.831,-0.3,3.1e-01,1.0e+00,0.6265,2860,16,12,17,18,13,13,9,17
ENSG00000215717,TMEM167B,91.5,43.2,48.2,1.114,0.2,3.1e-01,1.0e+00,0.6272,2864,38,41,49,45,43,45,50,55
ENSG00000185262,UBALD2,30.2,13.2,17,1.266,0.3,3.1e-01,1.0e+00,0.6272,2865,17,9,18,9,17,14,12,25
ENSG00000106603,COA1,35.5,19.5,16,0.825,-0.3,3.1e-01,1.0e+00,0.6272,2865,16,22,15,25,11,19,15,19
ENSG00000115318,LOXL3,45.2,20.8,24.5,1.201,0.3,3.1e-01,1.0e+00,0.6272,2866,17,23,23,20,25,22,35,16
ENSG00000267680,ZNF224,47,25.2,21.8,0.853,-0.2,3.1e-01,1.0e+00,0.628,2870,23,21,29,28,16,21,23,27
ENSG00000140367,UBE2Q2,98,46.2,51.8,1.112,0.2,3.1e-01,1.0e+00,0.6282,2872,39,50,46,50,46,52,50,59
ENSG00000102753,KPNA3,113.8,52.8,61,1.155,0.2,3.1e-01,1.0e+00,0.6288,2875,49,58,44,60,51,78,70,45
ENSG00000132823,OSER1,72.2,33.2,39,1.177,0.2,3.1e-01,1.0e+00,0.6289,2876,29,32,34,38,49,34,25,48
ENSG00000160294,MCM3AP,160.5,83.8,76.8,0.914,-0.1,3.1e-01,1.0e+00,0.6291,2878,87,77,82,89,85,67,81,74
ENSG00000154678,PDE1C,70.8,39,31.8,0.813,-0.3,3.1e-01,1.0e+00,0.6291,2878,34,41,58,23,25,31,43,28
ENSG00000020426,MNAT1,22,9.5,12.5,1.311,0.4,3.1e-01,1.0e+00,0.6292,2879,7,11,8,12,11,20,13,6
ENSG00000158321,AUTS2,56.2,24.8,31.5,1.281,0.4,3.2e-01,1.0e+00,0.63,2884,27,25,16,31,51,28,15,32
ENSG00000138095,LRPPRC,177.2,92.8,84.5,0.909,-0.1,3.2e-01,1.0e+00,0.63,2884,87,80,109,95,85,78,91,84
ENSG00000143409,MINDY1,38.5,21.5,17,0.797,-0.3,3.2e-01,1.0e+00,0.63,2885,21,23,16,26,13,24,9,22
ENSG00000141699,RETREG3,85.8,39.5,46.2,1.167,0.2,3.2e-01,1.0e+00,0.63,2886,31,41,31,55,39,54,50,42
ENSG00000288512,C1R,3972.2,1879,2093.2,1.114,0.2,3.2e-01,1.0e+00,0.63,2886,1995,2047,1527,1947,2251,2095,1708,2319
ENSG00000101413,RPRD1B,50.8,27.8,23,0.841,-0.3,3.2e-01,1.0e+00,0.6306,2889,30,28,28,25,18,35,22,17
ENSG00000174021,GNG5,100.8,46,54.8,1.189,0.2,3.2e-01,1.0e+00,0.6309,2892,33,63,42,46,44,50,48,77
ENSG00000111727,HCFC2,59,31.5,27.5,0.883,-0.2,3.2e-01,1.0e+00,0.631,2893,29,29,32,36,30,26,31,23
ENSG00000111897,SERINC1,878,414.5,463.5,1.117,0.2,3.2e-01,1.0e+00,0.6313,2894,390,471,352,445,374,546,433,501
ENSG00000136518,ACTL6A,38,20.5,17.5,0.862,-0.2,3.2e-01,1.0e+00,0.6314,2895,22,17,23,20,18,20,19,13
ENSG00000104626,ERI1,35.2,19.5,15.8,0.813,-0.3,3.2e-01,1.0e+00,0.6314,2896,18,22,17,21,8,16,21,18
ENSG00000148841,ITPRIP,45.2,20,25.2,1.235,0.3,3.2e-01,1.0e+00,0.6314,2897,20,14,27,19,16,25,23,37
ENSG00000250021,ARPIN-AP3S2,34.5,15.8,18.8,1.211,0.3,3.2e-01,1.0e+00,0.6314,2897,17,9,20,17,21,14,18,22
ENSG00000070367,EXOC5,109,61,48,0.79,-0.3,3.2e-01,1.0e+00,0.6316,2899,60,74,69,41,44,20,67,61
ENSG00000205133,TRIQK,51.2,23.5,27.8,1.191,0.3,3.2e-01,1.0e+00,0.6316,2900,27,29,18,20,31,32,18,30
ENSG00000082515,MRPL22,21.8,12,9.8,0.83,-0.3,3.2e-01,1.0e+00,0.6316,2900,13,12,11,12,11,12,7,9
ENSG00000119778,ATAD2B,20,8.8,11.2,1.305,0.4,3.2e-01,1.0e+00,0.6316,2901,10,11,10,4,15,7,9,14
ENSG00000111412,SPRING1,75,35.2,39.8,1.128,0.2,3.2e-01,1.0e+00,0.6316,2901,35,33,30,43,36,36,46,41
ENSG00000169180,XPO6,203,106,97,0.916,-0.1,3.2e-01,1.0e+00,0.6316,2902,90,113,117,104,103,91,99,95
ENSG00000176248,ANAPC2,50.5,23,27.5,1.213,0.3,3.2e-01,1.0e+00,0.632,2905,23,24,20,25,42,19,29,20
ENSG00000105793,GTPBP10,28.2,12.5,15.8,1.303,0.4,3.2e-01,1.0e+00,0.6321,2906,7,20,7,16,16,11,17,19
ENSG00000141258,SGSM2,128.5,68,60.5,0.896,-0.2,3.2e-01,1.0e+00,0.6321,2907,61,69,73,69,70,68,48,56
ENSG00000175182,FAM131A,25.2,10.8,14.5,1.344,0.4,3.2e-01,1.0e+00,0.6321,2907,18,4,8,13,17,13,9,19
ENSG00000130707,ASS1,96.5,55,41.5,0.755,-0.4,3.2e-01,1.0e+00,0.6323,2909,40,43,75,62,26,24,83,33
ENSG00000265491,RNF115,158.5,74.8,83.8,1.119,0.2,3.2e-01,1.0e+00,0.6323,2909,79,67,94,59,86,85,85,79
ENSG00000288455,SEMA7A,24.8,10.5,14.2,1.38,0.5,3.2e-01,1.0e+00,0.6324,2910,5,10,14,13,8,11,27,11
ENSG00000184432,COPB2,413,217.8,195.2,0.898,-0.2,3.2e-01,1.0e+00,0.6325,2911,223,226,218,204,195,192,245,149
ENSG00000163938,GNL3,92.2,49,43.2,0.883,-0.2,3.2e-01,1.0e+00,0.6328,2914,51,36,59,50,43,42,49,39
ENSG00000166295,ANAPC16,84,44.8,39.2,0.875,-0.2,3.2e-01,1.0e+00,0.6328,2914,38,55,39,47,46,38,42,31
ENSG00000108433,GOSR2,79.8,42.8,37,0.861,-0.2,3.2e-01,1.0e+00,0.6329,2915,42,35,42,52,36,31,51,30
ENSG00000274442,PRPF8,32.2,11.8,20.5,1.788,0.8,3.2e-01,1.0e+00,0.633,2916,5,21,18,3,17,45,0,20
ENSG00000156587,UBE2L6,113.8,53.2,60.5,1.136,0.2,3.2e-01,1.0e+00,0.6331,2918,55,50,54,54,80,64,50,48
ENSG00000078246,TULP3,116,54.5,61.5,1.127,0.2,3.2e-01,1.0e+00,0.6332,2918,46,52,58,62,57,65,49,75
ENSG00000068745,IP6K2,64.5,35.8,28.8,0.808,-0.3,3.2e-01,1.0e+00,0.6334,2920,37,43,31,32,27,32,13,43
ENSG00000185414,MRPL30,39,17.8,21.2,1.205,0.3,3.2e-01,1.0e+00,0.6338,2922,26,16,11,18,19,21,23,22
ENSG00000179010,MRFAP1,331,172.8,158.2,0.917,-0.1,3.2e-01,1.0e+00,0.6338,2923,158,177,173,183,161,170,170,132
ENSG00000115840,SLC25A12,37.5,16.8,20.8,1.246,0.3,3.2e-01,1.0e+00,0.634,2924,20,7,18,22,23,24,16,20
ENSG00000172336,POP7,20,11.5,8.5,0.755,-0.4,3.2e-01,1.0e+00,0.634,2925,7,12,12,15,12,9,10,3
ENSG00000106392,C1GALT1,50.5,23.2,27.2,1.182,0.2,3.2e-01,1.0e+00,0.6341,2926,14,25,27,27,23,24,32,30
ENSG00000095383,TBC1D2,25,11,14,1.271,0.3,3.2e-01,1.0e+00,0.6341,2927,6,16,10,12,10,18,13,15
ENSG00000146676,PURB,90,42.2,47.8,1.129,0.2,3.2e-01,1.0e+00,0.6341,2928,42,36,54,37,45,44,48,54
ENSG00000168792,ABHD15,37.8,16.2,21.5,1.299,0.4,3.2e-01,1.0e+00,0.6341,2928,21,17,22,5,18,22,18,28
ENSG00000167081,PBX3,168,92.2,75.8,0.821,-0.3,3.2e-01,1.0e+00,0.6344,2930,88,97,49,135,89,88,56,70
ENSG00000139192,TAPBPL,21,12,9,0.754,-0.4,3.2e-01,1.0e+00,0.6348,2933,13,4,17,14,11,11,7,7
ENSG00000139131,YARS2,20.5,11.2,9.2,0.823,-0.3,3.2e-01,1.0e+00,0.6348,2933,13,11,12,9,9,7,12,9
ENSG00000116688,MFN2,232.2,121.2,111,0.917,-0.1,3.2e-01,1.0e+00,0.6348,2934,138,114,124,109,116,117,112,99
ENSG00000135736,CCDC102A,19.8,11.2,8.5,0.771,-0.4,3.2e-01,1.0e+00,0.6348,2935,10,16,8,11,11,5,12,6
ENSG00000267673,FDX2,17.5,10,7.5,0.768,-0.4,3.2e-01,1.0e+00,0.6349,2936,10,6,10,14,9,5,11,5
ENSG00000075426,FOSL2,264.8,124,140.8,1.138,0.2,3.2e-01,1.0e+00,0.635,2937,130,136,133,97,145,97,161,160
ENSG00000013288,MAN2B2,264.2,139.5,124.8,0.894,-0.2,3.2e-01,1.0e+00,0.6354,2939,143,140,161,114,99,121,151,128
ENSG00000084073,ZMPSTE24,159.2,74.8,84.5,1.131,0.2,3.2e-01,1.0e+00,0.6354,2940,86,71,62,80,96,101,67,74
ENSG00000213186,TRIM59,28.2,16.5,11.8,0.723,-0.5,3.2e-01,1.0e+00,0.6358,2942,8,26,15,17,7,23,8,9
ENSG00000155657,TTN,28.8,16,12.8,0.814,-0.3,3.2e-01,1.0e+00,0.6358,2943,14,22,12,16,8,14,14,15
ENSG00000158796,DEDD,55.8,26.2,29.5,1.136,0.2,3.2e-01,1.0e+00,0.6358,2944,26,24,26,29,30,28,24,36
ENSG00000141905,NFIC,387.5,184.2,203.2,1.106,0.1,3.2e-01,1.0e+00,0.6366,2948,209,174,157,197,242,187,178,206
ENSG00000173545,ZNF622,38,17.5,20.5,1.179,0.2,3.2e-01,1.0e+00,0.6367,2949,19,14,24,13,19,22,19,22
ENSG00000133313,CNDP2,77.8,36.2,41.5,1.137,0.2,3.2e-01,1.0e+00,0.6375,2953,41,39,33,32,43,31,43,49
ENSG00000183077,AFMID,27.2,12.5,14.8,1.201,0.3,3.2e-01,1.0e+00,0.6376,2955,10,11,17,12,15,11,17,16
ENSG00000163541,SUCLG1,60,27.5,32.5,1.185,0.2,3.2e-01,1.0e+00,0.6376,2955,37,30,27,16,34,30,29,37
ENSG00000145545,SRD5A1,42.2,19.8,22.5,1.159,0.2,3.2e-01,1.0e+00,0.6382,2958,15,25,21,18,22,22,26,20
ENSG00000105053,VRK3,39,21.8,17.2,0.819,-0.3,3.2e-01,1.0e+00,0.6382,2959,19,30,25,13,19,13,21,16
ENSG00000169018,FEM1B,124,58.8,65.2,1.109,0.1,3.2e-01,1.0e+00,0.6382,2960,61,54,60,60,52,77,68,64
ENSG00000263002,ZNF234,22.8,12.8,10,0.803,-0.3,3.2e-01,1.0e+00,0.6382,2961,12,7,16,16,11,12,8,9
ENSG00000150776,NKAPD1,47.5,26,21.5,0.828,-0.3,3.2e-01,1.0e+00,0.6382,2961,29,28,31,16,18,28,24,16
ENSG00000104517,UBR5,341.5,177.8,163.8,0.92,-0.1,3.2e-01,1.0e+00,0.6382,2962,176,166,194,175,141,168,165,181
ENSG00000011007,ELOA,110.5,58.2,52.2,0.899,-0.2,3.2e-01,1.0e+00,0.6384,2963,61,52,57,63,56,59,53,41
ENSG00000129351,ILF3,248,129.8,118.2,0.909,-0.1,3.2e-01,1.0e+00,0.6388,2966,149,122,139,109,112,110,134,117
ENSG00000129084,PSMA1,122.8,64.8,58,0.899,-0.2,3.2e-01,1.0e+00,0.6388,2967,66,67,68,58,59,69,58,46
ENSG00000213762,ZNF134,33,18.5,14.5,0.789,-0.3,3.2e-01,1.0e+00,0.6388,2967,17,15,21,21,18,6,12,22
ENSG00000036549,ZZZ3,63.8,29.8,34,1.145,0.2,3.2e-01,1.0e+00,0.6388,2968,24,32,31,32,37,40,33,26
ENSG00000177830,CHID1,138.5,73.5,65,0.883,-0.2,3.2e-01,1.0e+00,0.6388,2968,73,81,70,70,52,52,73,83
ENSG00000128908,INO80,92.8,43.5,49.2,1.128,0.2,3.2e-01,1.0e+00,0.6388,2969,39,52,41,42,46,39,55,57
ENSG00000112695,COX7A2,63.5,28.5,35,1.239,0.3,3.2e-01,1.0e+00,0.6388,2970,34,35,12,33,44,32,28,36
ENSG00000183049,CAMK1D,27.2,15.2,12,0.794,-0.3,3.2e-01,1.0e+00,0.6389,2971,23,15,12,11,8,13,11,16
ENSG00000143971,ETAA1,44.5,20.2,24.2,1.21,0.3,3.2e-01,1.0e+00,0.639,2972,25,24,14,18,18,34,22,23
ENSG00000070614,NDST1,657.2,308.5,348.8,1.131,0.2,3.3e-01,1.0e+00,0.6391,2973,247,390,249,348,314,317,393,371
ENSG00000197724,PHF2,79,42.8,36.2,0.85,-0.2,3.3e-01,1.0e+00,0.6393,2975,50,36,41,44,43,36,21,45
ENSG00000134030,CTIF,185.2,87.5,97.8,1.119,0.2,3.3e-01,1.0e+00,0.6394,2976,70,100,79,101,89,87,102,113
ENSG00000196236,XPNPEP3,34.5,19.5,15,0.766,-0.4,3.3e-01,1.0e+00,0.6394,2976,20,17,11,30,7,22,16,15
ENSG00000083937,CHMP2B,72.2,33.5,38.8,1.155,0.2,3.3e-01,1.0e+00,0.6395,2977,28,40,35,31,34,53,34,34
ENSG00000148090,AUH,23.8,13.2,10.5,0.809,-0.3,3.3e-01,1.0e+00,0.6398,2979,9,12,12,20,12,11,9,10
ENSG00000288503,DDX51,22.5,10,12.5,1.293,0.4,3.3e-01,1.0e+00,0.6398,2980,11,9,8,12,21,7,9,13
ENSG00000248333,CDK11B,93.2,49.2,44,0.892,-0.2,3.3e-01,1.0e+00,0.6398,2981,40,45,62,50,42,42,45,47
ENSG00000015676,NUDCD3,141.2,67,74.2,1.111,0.2,3.3e-01,1.0e+00,0.6399,2982,75,68,58,67,79,87,61,70
ENSG00000169169,CPT1C,59.5,32,27.5,0.867,-0.2,3.3e-01,1.0e+00,0.6399,2983,27,42,25,34,27,30,26,27
ENSG00000293106,RPL23AP7,51,28.5,22.5,0.799,-0.3,3.3e-01,1.0e+00,0.6402,2985,33,26,37,18,24,19,34,13
ENSG00000061455,PRDM6,78.5,42.2,36.2,0.863,-0.2,3.3e-01,1.0e+00,0.6402,2985,54,36,38,41,31,43,27,44
ENSG00000131368,MRPS25,74.2,33.8,40.5,1.189,0.2,3.3e-01,1.0e+00,0.6402,2986,49,29,34,23,33,51,41,37
ENSG00000127483,HP1BP3,400.8,208.8,192,0.92,-0.1,3.3e-01,1.0e+00,0.6402,2986,215,194,210,216,201,172,176,219
ENSG00000170185,USP38,50.8,23.2,27.5,1.181,0.2,3.3e-01,1.0e+00,0.6402,2987,15,23,28,27,28,27,21,34
ENSG00000067992,PDK3,30.8,13.5,17.2,1.301,0.4,3.3e-01,1.0e+00,0.6402,2988,8,20,6,20,18,20,17,14
ENSG00000171159,BBLN,41,22.5,18.5,0.838,-0.3,3.3e-01,1.0e+00,0.6402,2988,29,25,16,20,24,17,18,15
ENSG00000089327,FXYD5,77.5,42,35.5,0.845,-0.2,3.3e-01,1.0e+00,0.6402,2989,27,44,57,40,32,41,41,28
ENSG00000160877,NACC1,94.5,49.5,45,0.903,-0.1,3.3e-01,1.0e+00,0.6402,2990,50,52,41,55,44,48,48,40
ENSG00000164818,DNAAF5,42.2,23.2,19,0.827,-0.3,3.3e-01,1.0e+00,0.6402,2990,26,22,29,16,19,25,12,20
ENSG00000218739,CEBPZOS,69.5,32,37.5,1.169,0.2,3.3e-01,1.0e+00,0.6402,2991,31,37,40,20,37,35,44,34
ENSG00000111300,NAA25,35.2,16.2,19,1.175,0.2,3.3e-01,1.0e+00,0.6402,2992,15,22,15,13,17,18,19,22
ENSG00000123243,ITIH5,1191.8,778.2,413.5,0.531,-0.9,3.3e-01,1.0e+00,0.6402,2992,974,1116,40,983,509,548,25,572
ENSG00000068878,PSME4,126.5,59.5,67,1.127,0.2,3.3e-01,1.0e+00,0.6403,2993,61,55,63,59,67,70,48,83
ENSG00000129083,COPB1,371.8,177.8,194,1.091,0.1,3.3e-01,1.0e+00,0.6403,2994,192,171,183,165,192,227,186,171
ENSG00000175938,ORAI3,95.2,43.8,51.5,1.17,0.2,3.3e-01,1.0e+00,0.6403,2995,42,49,30,54,44,56,40,66
ENSG00000135835,KIAA1614,44.8,24.5,20.2,0.844,-0.2,3.3e-01,1.0e+00,0.6414,3000,24,20,19,35,20,23,17,21
ENSG00000163166,IWS1,90.5,48.2,42.2,0.873,-0.2,3.3e-01,1.0e+00,0.6414,3001,45,40,61,47,52,36,47,34
ENSG00000159593,NAE1,56.5,26.8,29.8,1.114,0.2,3.3e-01,1.0e+00,0.6414,3002,25,27,29,26,30,30,28,31
ENSG00000055130,CUL1,114,53.5,60.5,1.132,0.2,3.3e-01,1.0e+00,0.6414,3002,41,44,64,65,64,59,64,55
ENSG00000135108,FBXO21,86,45.5,40.5,0.889,-0.2,3.3e-01,1.0e+00,0.6415,3004,52,34,48,48,43,35,42,42
ENSG00000107317,PTGDS,400.5,221,179.5,0.812,-0.3,3.3e-01,1.0e+00,0.6415,3004,372,180,137,195,243,173,159,143
ENSG00000167720,SRR,26.8,15.2,11.5,0.76,-0.4,3.3e-01,1.0e+00,0.6416,3005,14,15,10,22,4,14,13,15
ENSG00000213977,TAX1BP3,224.2,117.5,106.8,0.909,-0.1,3.3e-01,1.0e+00,0.6418,3007,121,127,94,128,120,102,97,108
ENSG00000167377,ZNF23,35.2,16,19.2,1.214,0.3,3.3e-01,1.0e+00,0.6422,3009,13,20,17,14,12,23,17,25
ENSG00000062598,ELMO2,96.8,45.5,51.2,1.123,0.2,3.3e-01,1.0e+00,0.6425,3011,57,35,42,48,50,54,51,50
ENSG00000167202,TBC1D2B,661,346,315,0.91,-0.1,3.3e-01,1.0e+00,0.643,3014,332,332,374,346,384,277,279,320
ENSG00000149532,CPSF7,110.5,58,52.5,0.907,-0.1,3.3e-01,1.0e+00,0.643,3015,67,58,54,53,57,48,56,49
ENSG00000175354,PTPN2,23.2,10.5,12.8,1.236,0.3,3.3e-01,1.0e+00,0.643,3016,10,12,13,7,11,12,18,10
ENSG00000198743,SLC5A3,64,35.8,28.2,0.79,-0.3,3.3e-01,1.0e+00,0.643,3016,34,36,35,38,14,32,18,49
ENSG00000126351,THRA,140.2,65.5,74.8,1.145,0.2,3.3e-01,1.0e+00,0.6431,3018,80,60,75,47,84,72,59,84
ENSG00000168813,ZNF507,38,20.8,17.2,0.838,-0.3,3.3e-01,1.0e+00,0.6435,3020,21,22,25,15,13,18,15,23
ENSG00000092445,TYRO3,39.8,21.8,18,0.847,-0.2,3.3e-01,1.0e+00,0.6435,3020,22,18,25,22,18,11,22,21
ENSG00000134744,TUT4,70.2,37.5,32.8,0.871,-0.2,3.3e-01,1.0e+00,0.6435,3021,33,42,38,37,28,31,45,27
ENSG00000146963,LUC7L2,107.8,49,58.8,1.199,0.3,3.3e-01,1.0e+00,0.6435,3022,53,71,42,30,47,49,70,69
ENSG00000116774,OLFML3,326,154,172,1.118,0.2,3.3e-01,1.0e+00,0.6435,3022,176,176,124,140,184,195,139,170
ENSG00000169213,RAB3B,282.2,117.8,164.5,1.395,0.5,3.3e-01,1.0e+00,0.6436,3024,58,152,152,109,52,143,322,141
ENSG00000116903,EXOC8,30,13.2,16.8,1.267,0.3,3.3e-01,1.0e+00,0.6439,3026,21,6,10,16,17,14,17,19
ENSG00000064042,LIMCH1,32,14,18,1.309,0.4,3.3e-01,1.0e+00,0.6441,3027,13,14,24,5,17,13,24,18
ENSG00000140983,RHOT2,79,37,42,1.127,0.2,3.3e-01,1.0e+00,0.6441,3028,39,34,36,39,48,31,42,47
ENSG00000065183,WDR3,40,18.8,21.2,1.156,0.2,3.3e-01,1.0e+00,0.6441,3029,19,20,20,16,18,22,27,18
ENSG00000132207,SLX1A,32.8,15,17.8,1.203,0.3,3.3e-01,1.0e+00,0.6441,3029,14,22,14,10,18,21,18,14
ENSG00000179832,MROH1,66.5,31,35.5,1.143,0.2,3.3e-01,1.0e+00,0.6446,3032,29,33,32,30,26,32,45,39
ENSG00000172009,THOP1,37.8,20.5,17.2,0.859,-0.2,3.3e-01,1.0e+00,0.6446,3033,21,20,23,18,19,21,17,12
ENSG00000115685,PPP1R7,71.5,38,33.5,0.88,-0.2,3.3e-01,1.0e+00,0.6446,3034,41,41,29,41,36,26,35,37
ENSG00000128881,TTBK2,68,36.2,31.8,0.877,-0.2,3.3e-01,1.0e+00,0.6446,3034,44,34,36,31,25,36,36,30
ENSG00000112640,PPP2R5D,97,51.5,45.5,0.89,-0.2,3.3e-01,1.0e+00,0.6446,3035,54,62,44,46,53,44,37,48
ENSG00000137710,RDX,172.5,89.5,83,0.925,-0.1,3.3e-01,1.0e+00,0.6446,3036,88,88,98,84,79,87,85,81
ENSG00000145041,DCAF1,52.2,23.2,29,1.244,0.3,3.3e-01,1.0e+00,0.6446,3036,31,20,26,16,17,29,44,26
ENSG00000143951,WDPCP,27.8,15.5,12.2,0.818,-0.3,3.3e-01,1.0e+00,0.6446,3037,13,22,15,12,15,12,14,8
ENSG00000107263,RAPGEF1,162,75.8,86.2,1.138,0.2,3.3e-01,1.0e+00,0.6446,3038,77,86,60,80,60,88,94,103
ENSG00000165355,FBXO33,30.5,16.8,13.8,0.826,-0.3,3.3e-01,1.0e+00,0.6447,3039,15,15,12,25,14,14,16,11
ENSG00000119041,GTF3C3,58.2,31.2,27,0.868,-0.2,3.3e-01,1.0e+00,0.6448,3039,27,28,31,39,20,32,26,30
ENSG00000047932,GOPC,121.2,64.2,57,0.892,-0.2,3.3e-01,1.0e+00,0.6448,3040,61,62,64,70,71,52,44,61
ENSG00000141452,RMC1,35,15.8,19.2,1.213,0.3,3.3e-01,1.0e+00,0.645,3042,21,13,18,11,15,16,23,23
ENSG00000119242,CCDC92,19,11.8,7.2,0.614,-0.7,3.3e-01,1.0e+00,0.645,3042,10,7,20,10,2,17,10,0
ENSG00000162191,UBXN1,134.2,70.5,63.8,0.904,-0.1,3.3e-01,1.0e+00,0.645,3043,67,71,83,61,74,59,60,62
ENSG00000167962,ZNF598,68.2,31.2,37,1.187,0.2,3.3e-01,1.0e+00,0.6453,3045,38,28,36,23,52,26,36,34
ENSG00000274429,DLG5,285.2,133.2,152,1.141,0.2,3.3e-01,1.0e+00,0.6455,3047,130,122,127,154,99,147,184,178
ENSG00000244187,TMEM141,22.2,12.5,9.8,0.798,-0.3,3.3e-01,1.0e+00,0.6455,3047,11,16,9,14,6,13,9,11
ENSG00000243943,ZNF512,52,28.2,23.8,0.856,-0.2,3.3e-01,1.0e+00,0.6455,3048,28,34,26,25,31,27,20,17
ENSG00000116199,FAM20B,150.8,69.8,81,1.16,0.2,3.3e-01,1.0e+00,0.6455,3049,56,88,59,76,68,99,60,97
ENSG00000156515,HK1,213.2,99.2,114,1.149,0.2,3.3e-01,1.0e+00,0.6455,3049,99,97,99,102,124,69,148,115
ENSG00000044446,PHKA2,32.2,14.8,17.5,1.205,0.3,3.3e-01,1.0e+00,0.6455,3050,16,13,19,11,22,14,13,21
ENSG00000083857,FAT1,691.2,381.5,309.8,0.812,-0.3,3.3e-01,1.0e+00,0.6457,3051,384,366,472,304,211,216,549,263
ENSG00000013588,GPRC5A,48.8,26.8,22,0.824,-0.3,3.3e-01,1.0e+00,0.646,3054,27,32,32,16,15,29,21,23
ENSG00000116525,TRIM62,20.2,8.8,11.5,1.34,0.4,3.3e-01,1.0e+00,0.6465,3057,11,4,13,7,6,10,18,12
ENSG00000165152,PGAP4,31.5,13.5,18,1.318,0.4,3.3e-01,1.0e+00,0.6465,3057,13,11,16,14,9,11,18,34
ENSG00000162231,NXF1,143,68.5,74.5,1.092,0.1,3.3e-01,1.0e+00,0.6468,3059,63,72,75,64,84,71,69,74
ENSG00000169762,TAPT1,27.2,12,15.2,1.274,0.3,3.3e-01,1.0e+00,0.6468,3060,12,9,11,16,14,18,7,22
ENSG00000128294,TPST2,31.5,14.2,17.2,1.233,0.3,3.3e-01,1.0e+00,0.647,3062,9,12,23,13,16,14,20,19
ENSG00000064703,DDX20,32.2,14.5,17.8,1.21,0.3,3.3e-01,1.0e+00,0.647,3062,16,15,16,11,17,25,18,11
ENSG00000100413,POLR3H,79.2,42.2,37,0.874,-0.2,3.3e-01,1.0e+00,0.647,3063,30,53,42,44,35,32,42,39
ENSG00000173933,RBM4,123.5,64.8,58.8,0.912,-0.1,3.4e-01,1.0e+00,0.647,3064,73,58,66,62,55,55,60,65
ENSG00000227460,SYNGAP1,26.8,17.2,9.5,0.567,-0.8,3.4e-01,1.0e+00,0.647,3064,10,7,26,26,0,5,30,3
ENSG00000054793,ATP9A,273.8,126.8,147,1.16,0.2,3.4e-01,1.0e+00,0.6472,3066,120,139,108,140,91,134,180,183
ENSG00000108107,RPL28,845,444.5,400.5,0.901,-0.2,3.4e-01,1.0e+00,0.6472,3066,536,425,416,401,485,333,377,407
ENSG00000163932,PRKCD,37.5,17,20.5,1.211,0.3,3.4e-01,1.0e+00,0.6472,3067,19,15,20,14,21,12,19,30
ENSG00000105298,CACTIN,42,23,19,0.853,-0.2,3.4e-01,1.0e+00,0.6472,3068,26,26,21,19,22,13,18,23
ENSG00000154889,MPPE1,60.8,28.5,32.2,1.144,0.2,3.4e-01,1.0e+00,0.6472,3068,22,30,27,35,31,39,28,31
ENSG00000198001,IRAK4,45.5,21.2,24.2,1.151,0.2,3.4e-01,1.0e+00,0.6472,3069,23,22,21,19,23,20,22,32
ENSG00000137501,SYTL2,71,41.8,29.2,0.71,-0.5,3.4e-01,1.0e+00,0.6472,3070,37,45,55,30,20,10,70,17
ENSG00000047634,SCML1,37.5,17.5,20,1.162,0.2,3.4e-01,1.0e+00,0.6472,3070,15,23,17,15,22,23,17,18
ENSG00000122861,PLAU,69.5,39,30.5,0.789,-0.3,3.4e-01,1.0e+00,0.6472,3071,32,61,31,32,35,48,16,23
ENSG00000121350,PYROXD1,31.8,17.8,14,0.792,-0.3,3.4e-01,1.0e+00,0.648,3075,19,21,17,14,14,24,7,11
ENSG00000115758,ODC1,33.8,18.8,15,0.816,-0.3,3.4e-01,1.0e+00,0.648,3076,21,25,19,10,18,14,17,11
ENSG00000140395,SKIC8,45.2,24.8,20.5,0.846,-0.2,3.4e-01,1.0e+00,0.648,3077,34,23,24,18,24,16,21,21
ENSG00000089048,ESF1,30.2,13.5,16.8,1.285,0.4,3.4e-01,1.0e+00,0.648,3077,9,20,15,10,12,10,23,22
ENSG00000146828,SLC12A9,49.5,23,26.5,1.15,0.2,3.4e-01,1.0e+00,0.648,3078,19,21,30,22,29,24,24,29
ENSG00000086758,HUWE1,688.8,357.2,331.5,0.928,-0.1,3.4e-01,1.0e+00,0.648,3079,356,378,362,333,320,308,357,341
ENSG00000196290,NIF3L1,26.8,14.8,12,0.83,-0.3,3.4e-01,1.0e+00,0.648,3079,13,15,17,14,16,12,13,7
ENSG00000099992,TBC1D10A,32.5,14.8,17.8,1.205,0.3,3.4e-01,1.0e+00,0.6481,3080,15,10,13,21,21,21,15,14
ENSG00000185298,CCDC137,36.8,17,19.8,1.182,0.2,3.4e-01,1.0e+00,0.6481,3081,11,16,20,21,22,21,19,17
ENSG00000060749,QSER1,87,45.8,41.2,0.9,-0.2,3.4e-01,1.0e+00,0.6487,3085,51,41,41,50,39,36,43,47
ENSG00000138303,ASCC1,37.5,21,16.5,0.804,-0.3,3.4e-01,1.0e+00,0.6492,3088,20,18,27,19,23,10,10,23
ENSG00000166448,TMEM130,22.5,13.2,9.2,0.716,-0.5,3.4e-01,1.0e+00,0.6492,3088,8,11,12,22,2,11,10,14
ENSG00000235173,HGH1,20.8,11.5,9.2,0.823,-0.3,3.4e-01,1.0e+00,0.6493,3089,13,9,12,12,8,9,13,7
ENSG00000172765,TMCC1,44.2,20.8,23.5,1.142,0.2,3.4e-01,1.0e+00,0.6493,3090,23,18,21,21,21,24,29,20
ENSG00000127990,SGCE,160.5,85,75.5,0.887,-0.2,3.4e-01,1.0e+00,0.6493,3091,85,95,67,93,59,93,70,80
ENSG00000256537,SMIM10L1,46.8,25,21.8,0.877,-0.2,3.4e-01,1.0e+00,0.6493,3091,24,31,21,24,20,21,21,25
ENSG00000128335,APOL2,97.8,45.2,52.5,1.161,0.2,3.4e-01,1.0e+00,0.6496,3094,42,48,45,46,42,66,35,67
ENSG00000106771,TMEM245,191.2,90.5,100.8,1.113,0.2,3.4e-01,1.0e+00,0.6496,3094,105,87,73,97,100,96,86,121
ENSG00000128590,DNAJB9,52.5,24.2,28.2,1.176,0.2,3.4e-01,1.0e+00,0.6496,3095,25,26,18,28,32,33,18,30
ENSG00000115970,THADA,58,31.2,26.8,0.859,-0.2,3.4e-01,1.0e+00,0.6497,3096,33,36,27,29,18,26,36,27
ENSG00000114650,SCAP,126,59.2,66.8,1.13,0.2,3.4e-01,1.0e+00,0.6497,3096,55,68,62,52,89,56,65,57
ENSG00000116793,PHTF1,45,20.8,24.2,1.169,0.2,3.4e-01,1.0e+00,0.6498,3097,19,20,21,23,16,24,27,30
ENSG00000077092,RARB,25.8,15,10.8,0.726,-0.5,3.4e-01,1.0e+00,0.6498,3098,11,26,9,14,12,19,4,8
ENSG00000116809,ZBTB17,31.8,17.2,14.5,0.833,-0.3,3.4e-01,1.0e+00,0.6498,3099,17,15,22,15,15,21,12,10
ENSG00000114391,RPL24,542.5,283.2,259.2,0.915,-0.1,3.4e-01,1.0e+00,0.6498,3100,309,276,256,292,311,251,241,234
ENSG00000164086,DUSP7,28.5,12.8,15.8,1.25,0.3,3.4e-01,1.0e+00,0.6498,3100,13,10,18,10,25,12,15,11
ENSG00000151151,IPMK,23.5,10.2,13.2,1.288,0.4,3.4e-01,1.0e+00,0.6498,3101,15,3,12,11,14,14,13,12
ENSG00000185608,MRPL40,40,18,22,1.216,0.3,3.4e-01,1.0e+00,0.6498,3102,24,14,12,22,22,22,15,29
ENSG00000089225,TBX5,50.2,27.5,22.8,0.838,-0.3,3.4e-01,1.0e+00,0.6498,3102,35,20,34,21,29,18,22,22
ENSG00000112584,FAM120B,14.8,9.5,5.2,0.568,-0.8,3.4e-01,1.0e+00,0.6501,3104,11,17,0,10,5,5,0,11
ENSG00000164327,RICTOR,81.2,42.8,38.5,0.895,-0.2,3.4e-01,1.0e+00,0.6501,3105,39,47,44,41,38,30,43,43
ENSG00000140987,ZSCAN32,21.2,9.5,11.8,1.26,0.3,3.4e-01,1.0e+00,0.6502,3106,10,4,13,11,11,11,15,10
ENSG00000141582,CBX4,28.5,13,15.5,1.228,0.3,3.4e-01,1.0e+00,0.6503,3107,12,18,10,12,23,13,13,13
ENSG00000185973,TMLHE,25.2,14.2,11,0.776,-0.4,3.4e-01,1.0e+00,0.6503,3108,25,11,11,10,16,8,10,10
ENSG00000160710,ADAR,406,211,195,0.923,-0.1,3.4e-01,1.0e+00,0.6503,3108,240,200,211,193,194,187,214,185
ENSG00000167491,GATAD2A,93.8,49.8,44,0.88,-0.2,3.4e-01,1.0e+00,0.6503,3109,63,41,44,51,45,40,54,37
ENSG00000138801,PAPSS1,97.2,52,45.2,0.871,-0.2,3.4e-01,1.0e+00,0.6505,3111,72,48,45,43,55,41,40,45
ENSG00000156802,ATAD2,36,20,16,0.826,-0.3,3.4e-01,1.0e+00,0.6505,3111,15,25,19,21,23,12,11,18
ENSG00000243335,KCTD7,48.5,22.2,26.2,1.201,0.3,3.4e-01,1.0e+00,0.6505,3112,15,24,18,32,25,33,28,19
ENSG00000184117,NIPSNAP1,62.8,34,28.8,0.852,-0.2,3.4e-01,1.0e+00,0.6505,3113,40,31,42,23,30,30,34,21
ENSG00000121851,POLR3GL,47.8,21.8,26,1.208,0.3,3.4e-01,1.0e+00,0.6508,3115,22,25,17,23,20,31,16,37
ENSG00000103018,CYB5B,75.8,40.8,35,0.853,-0.2,3.4e-01,1.0e+00,0.6509,3116,42,55,41,25,31,36,41,32
ENSG00000126456,IRF3,39.8,18.2,21.5,1.185,0.2,3.4e-01,1.0e+00,0.6511,3118,17,12,17,27,23,22,19,22
ENSG00000007080,CCDC124,60,28,32,1.137,0.2,3.4e-01,1.0e+00,0.6512,3119,28,27,30,27,29,26,42,31
ENSG00000122008,POLK,86.5,40.5,46,1.131,0.2,3.4e-01,1.0e+00,0.6513,3120,42,37,30,53,50,44,45,45
ENSG00000084463,WBP11,104.5,55.8,48.8,0.873,-0.2,3.4e-01,1.0e+00,0.6513,3120,49,46,74,54,40,51,43,61
ENSG00000197136,PCNX3,109.2,58.5,50.8,0.874,-0.2,3.4e-01,1.0e+00,0.6514,3121,54,63,69,48,68,43,52,40
ENSG00000126746,ZNF384,73.5,39,34.5,0.885,-0.2,3.4e-01,1.0e+00,0.6522,3126,47,36,41,32,40,36,29,33
ENSG00000134152,KATNBL1,27,15.5,11.5,0.742,-0.4,3.4e-01,1.0e+00,0.6525,3128,23,20,12,7,17,16,7,6
ENSG00000102119,EMD,76.5,35.8,40.8,1.137,0.2,3.4e-01,1.0e+00,0.6525,3129,27,36,34,46,47,38,42,36
ENSG00000107863,ARHGAP21,411,197.2,213.8,1.084,0.1,3.4e-01,1.0e+00,0.6528,3131,169,220,198,202,207,218,201,229
ENSG00000214160,ALG3,36.5,16.5,20,1.203,0.3,3.4e-01,1.0e+00,0.6534,3134,15,13,23,15,18,24,25,13
ENSG00000134748,PRPF38A,39.2,21.8,17.5,0.82,-0.3,3.4e-01,1.0e+00,0.6538,3137,13,25,29,20,18,13,16,23
ENSG00000183648,NDUFB1,41,22.5,18.5,0.831,-0.3,3.4e-01,1.0e+00,0.6542,3139,27,14,26,23,24,21,17,12
ENSG00000152061,RABGAP1L,47,25,22,0.878,-0.2,3.4e-01,1.0e+00,0.6543,3141,24,28,23,25,17,23,23,25
ENSG00000121067,SPOP,78.8,36.8,42,1.148,0.2,3.4e-01,1.0e+00,0.6548,3144,33,32,33,49,54,42,36,36
ENSG00000120889,TNFRSF10B,205.8,110,95.8,0.873,-0.2,3.4e-01,1.0e+00,0.655,3145,134,122,112,72,96,87,117,83
ENSG00000139083,ETV6,50.5,23.5,27,1.158,0.2,3.4e-01,1.0e+00,0.655,3146,23,28,16,27,31,28,24,25
ENSG00000274070,CASTOR2,94,43,51,1.186,0.2,3.4e-01,1.0e+00,0.6555,3149,28,37,68,39,43,56,53,52
ENSG00000143847,PPFIA4,37,21.8,15.2,0.709,-0.5,3.4e-01,1.0e+00,0.6556,3150,19,18,24,26,8,7,38,8
ENSG00000197345,MRPL21,27.8,12.8,15,1.175,0.2,3.4e-01,1.0e+00,0.6556,3151,14,13,10,14,14,12,18,16
ENSG00000059691,GATB,29.2,16.2,13,0.82,-0.3,3.5e-01,1.0e+00,0.6568,3157,21,15,18,11,18,14,10,10
ENSG00000138685,FGF2,130.2,68.8,61.5,0.899,-0.2,3.5e-01,1.0e+00,0.6568,3158,74,78,70,53,57,63,71,55
ENSG00000115966,ATF2,78.8,37,41.8,1.135,0.2,3.5e-01,1.0e+00,0.6568,3158,28,43,35,42,37,41,38,51
ENSG00000148925,BTBD10,44.5,24.5,20,0.823,-0.3,3.5e-01,1.0e+00,0.6568,3159,27,27,15,29,15,17,29,19
ENSG00000138448,ITGAV,478.8,224.5,254.2,1.131,0.2,3.5e-01,1.0e+00,0.6568,3160,195,221,213,269,182,235,282,318
ENSG00000120693,SMAD9,35.5,20,15.5,0.771,-0.4,3.5e-01,1.0e+00,0.6572,3162,10,15,30,25,9,22,14,17
ENSG00000110218,PANX1,65,30.5,34.5,1.129,0.2,3.5e-01,1.0e+00,0.6572,3163,39,27,27,29,31,34,38,35
ENSG00000135249,RINT1,40.5,22,18.5,0.84,-0.3,3.5e-01,1.0e+00,0.6572,3164,22,20,28,18,12,24,20,18
ENSG00000172292,CERS6,54,24.8,29.2,1.197,0.3,3.5e-01,1.0e+00,0.6572,3164,22,21,27,29,24,45,20,28
ENSG00000130724,CHMP2A,111,52.2,58.8,1.125,0.2,3.5e-01,1.0e+00,0.6572,3165,44,61,54,50,52,57,76,50
ENSG00000108799,EZH1,117,55.8,61.2,1.103,0.1,3.5e-01,1.0e+00,0.6572,3166,58,50,59,56,59,70,50,66
ENSG00000090554,FLT3LG,17.8,10,7.8,0.792,-0.3,3.5e-01,1.0e+00,0.6572,3166,6,12,12,10,8,6,6,11
ENSG00000132466,ANKRD17,219.2,115,104.2,0.907,-0.1,3.5e-01,1.0e+00,0.6572,3167,118,109,120,113,93,87,132,105
ENSG00000146802,TMEM168,61,28,33,1.183,0.2,3.5e-01,1.0e+00,0.6572,3168,32,31,33,16,31,39,36,26
ENSG00000088448,ANKRD10,104.2,56.2,48,0.854,-0.2,3.5e-01,1.0e+00,0.6572,3168,53,49,52,71,53,60,27,52
ENSG00000111237,VPS29,65,30.2,34.8,1.146,0.2,3.5e-01,1.0e+00,0.6572,3169,39,23,29,30,40,37,29,33
ENSG00000273673,ENSG00000273673,445.8,236.8,209,0.883,-0.2,3.5e-01,1.0e+00,0.6572,3170,285,271,239,152,210,224,208,194
ENSG00000139726,DENR,92.8,49.2,43.5,0.882,-0.2,3.5e-01,1.0e+00,0.6572,3170,46,49,57,45,40,40,59,35
ENSG00000112210,RAB23,182.8,97.2,85.5,0.881,-0.2,3.5e-01,1.0e+00,0.6572,3171,82,110,103,94,76,92,112,62
ENSG00000120509,PDZD11,43,23.2,19.8,0.856,-0.2,3.5e-01,1.0e+00,0.6572,3172,24,30,20,19,16,18,24,21
ENSG00000188725,SMIM15,78.8,37.2,41.5,1.108,0.1,3.5e-01,1.0e+00,0.6572,3172,40,37,39,33,38,37,48,43
ENSG00000196693,ZNF33B,30.8,17.2,13.5,0.811,-0.3,3.5e-01,1.0e+00,0.6575,3174,12,23,19,15,9,13,20,12
ENSG00000123374,CDK2,29.2,16.2,13,0.829,-0.3,3.5e-01,1.0e+00,0.6577,3176,12,21,18,14,11,11,12,18
ENSG00000123815,COQ8B,34.2,18.8,15.5,0.844,-0.2,3.5e-01,1.0e+00,0.6581,3179,19,21,16,19,14,10,17,21
ENSG00000163520,FBLN2,1664.2,886.5,777.8,0.878,-0.2,3.5e-01,1.0e+00,0.6581,3179,922,989,632,1003,750,799,585,977
ENSG00000107984,DKK1,37.2,16.8,20.5,1.248,0.3,3.5e-01,1.0e+00,0.6581,3180,8,23,21,15,16,25,25,16
ENSG00000171466,ZNF562,31,17,14,0.841,-0.3,3.5e-01,1.0e+00,0.6581,3181,17,21,18,12,14,10,14,18
ENSG00000164548,TRA2A,60,32.5,27.5,0.856,-0.2,3.5e-01,1.0e+00,0.6581,3181,30,33,38,29,31,26,36,17
ENSG00000161847,RAVER1,47.2,20,27.2,1.383,0.5,3.5e-01,1.0e+00,0.6581,3182,27,28,4,21,27,14,46,22
ENSG00000274523,RCC1L,66.5,35.8,30.8,0.852,-0.2,3.5e-01,1.0e+00,0.6581,3183,45,32,28,38,31,22,43,27
ENSG00000214063,TSPAN4,167.2,79.5,87.8,1.103,0.1,3.5e-01,1.0e+00,0.6587,3186,77,91,77,73,95,78,75,103
ENSG00000214753,HNRNPUL2,172.2,81.5,90.8,1.114,0.2,3.5e-01,1.0e+00,0.6595,3191,103,73,77,73,102,100,85,76
ENSG00000129757,CDKN1C,33.8,15,18.8,1.25,0.3,3.5e-01,1.0e+00,0.6595,3191,15,10,12,23,28,19,16,12
ENSG00000114648,KLHL18,27.8,15.2,12.5,0.825,-0.3,3.5e-01,1.0e+00,0.6596,3192,17,14,20,10,12,11,10,17
ENSG00000147862,NFIB,84.2,45,39.2,0.872,-0.2,3.5e-01,1.0e+00,0.6598,3194,38,48,38,56,41,28,40,48
ENSG00000233927,RPS28,268.8,142.2,126.5,0.889,-0.2,3.5e-01,1.0e+00,0.6598,3195,165,149,140,115,149,98,150,109
ENSG00000198865,CCDC152,24.8,13.8,11,0.786,-0.3,3.5e-01,1.0e+00,0.6598,3196,19,14,10,12,12,18,8,6
ENSG00000161021,MAML1,23,7.8,15.2,1.902,0.9,3.5e-01,1.0e+00,0.6601,3198,15,0,0,16,16,0,15,30
ENSG00000187231,SESTD1,108.8,57.8,51,0.885,-0.2,3.5e-01,1.0e+00,0.6601,3198,67,55,51,58,56,50,36,62
ENSG00000089682,RBM41,39,21,18,0.874,-0.2,3.5e-01,1.0e+00,0.6606,3201,18,22,24,20,20,20,14,18
ENSG00000280627,SURF1,36.5,16.8,19.8,1.186,0.2,3.5e-01,1.0e+00,0.6608,3203,12,17,17,21,14,20,23,22
ENSG00000077514,POLD3,31.8,17,14.8,0.86,-0.2,3.5e-01,1.0e+00,0.6612,3205,21,14,18,15,14,17,16,12
ENSG00000130560,UBAC1,38.5,21.5,17,0.819,-0.3,3.5e-01,1.0e+00,0.6612,3206,28,20,21,17,19,8,20,21
ENSG00000188549,CCDC9B,93.8,44.2,49.5,1.11,0.2,3.5e-01,1.0e+00,0.6616,3209,45,48,34,50,51,54,47,46
ENSG00000149806,FAU,311.5,146.5,165,1.126,0.2,3.5e-01,1.0e+00,0.6622,3212,165,156,132,133,213,118,162,167
ENSG00000204946,ZNF783,30,16.5,13.5,0.822,-0.3,3.5e-01,1.0e+00,0.6622,3213,16,14,21,15,18,7,17,12
ENSG00000070756,PABPC1,1628.5,845.5,783,0.926,-0.1,3.5e-01,1.0e+00,0.6622,3214,914,865,830,773,848,763,719,802
ENSG00000131263,RLIM,91.8,43.5,48.2,1.103,0.1,3.5e-01,1.0e+00,0.6622,3214,50,40,45,39,42,49,50,52
ENSG00000115282,TTC31,32.8,15.2,17.5,1.167,0.2,3.5e-01,1.0e+00,0.6622,3215,14,20,11,16,18,16,17,19
ENSG00000152795,HNRNPDL,258,123,135,1.097,0.1,3.5e-01,1.0e+00,0.6626,3217,124,126,110,132,166,118,124,132
ENSG00000185024,BRF1,43,23,20,0.887,-0.2,3.5e-01,1.0e+00,0.6626,3218,20,24,22,26,20,20,22,18
ENSG00000180357,ZNF609,101,47.2,53.8,1.132,0.2,3.5e-01,1.0e+00,0.6626,3219,43,44,42,60,52,57,41,65
ENSG00000132591,ERAL1,44.2,20.5,23.8,1.18,0.2,3.5e-01,1.0e+00,0.6626,3219,15,23,23,21,20,25,33,17
ENSG00000128928,IVD,107.5,49.8,57.8,1.157,0.2,3.5e-01,1.0e+00,0.6628,3221,44,55,59,41,42,47,76,66
ENSG00000104738,MCM4,49.2,27.5,21.8,0.813,-0.3,3.5e-01,1.0e+00,0.6629,3222,32,34,15,29,32,14,19,22
ENSG00000182752,PAPPA,704,295,409,1.386,0.5,3.5e-01,1.0e+00,0.6629,3223,282,243,515,140,379,177,821,259
ENSG00000101182,PSMA7,136.2,64.5,71.8,1.117,0.2,3.5e-01,1.0e+00,0.6629,3224,79,69,48,62,82,71,67,67
ENSG00000137714,FDX1,18.8,10.5,8.2,0.803,-0.3,3.5e-01,1.0e+00,0.6631,3226,9,11,8,14,10,11,6,6
ENSG00000186111,PIP5K1C,208.2,99.8,108.5,1.086,0.1,3.5e-01,1.0e+00,0.6635,3228,96,88,99,116,110,108,100,116
ENSG00000163964,PIGX,19.2,10.8,8.5,0.807,-0.3,3.5e-01,1.0e+00,0.6644,3233,11,12,12,8,13,5,8,8
ENSG00000144815,NXPE3,79,42.5,36.5,0.859,-0.2,3.5e-01,1.0e+00,0.6646,3234,42,40,42,46,47,44,21,34
ENSG00000121413,ZSCAN18,59,32.2,26.8,0.841,-0.3,3.5e-01,1.0e+00,0.6647,3236,23,34,31,41,19,37,31,20
ENSG00000271601,LIX1L,85,45,40,0.888,-0.2,3.5e-01,1.0e+00,0.665,3238,59,40,39,42,35,38,41,46
ENSG00000143196,DPT,139.8,53.5,86.2,1.617,0.7,3.5e-01,1.0e+00,0.665,3239,24,69,5,116,55,115,25,150
ENSG00000137871,ZNF280D,46.2,24.8,21.5,0.876,-0.2,3.5e-01,1.0e+00,0.6651,3239,21,28,26,24,17,21,25,23
ENSG00000141002,TCF25,218.5,113.8,104.8,0.921,-0.1,3.5e-01,1.0e+00,0.6651,3240,118,121,115,101,111,89,109,110
ENSG00000181090,EHMT1,70.2,37.8,32.5,0.863,-0.2,3.5e-01,1.0e+00,0.6651,3241,44,26,49,32,31,29,32,38
ENSG00000048544,MRPS10,64.8,34.5,30.2,0.882,-0.2,3.5e-01,1.0e+00,0.6651,3241,38,36,37,27,26,35,34,26
ENSG00000241973,PI4KA,203.2,107,96.2,0.9,-0.2,3.5e-01,1.0e+00,0.6651,3242,122,105,83,118,82,105,88,110
ENSG00000138443,ABI2,97,51.5,45.5,0.879,-0.2,3.5e-01,1.0e+00,0.6651,3243,47,50,64,45,41,60,45,36
ENSG00000106299,WASL,112.5,53.5,59,1.103,0.1,3.5e-01,1.0e+00,0.6653,3245,53,54,57,50,70,52,51,63
ENSG00000112769,LAMA4,1571.5,826.8,744.8,0.901,-0.2,3.5e-01,1.0e+00,0.6653,3245,797,966,868,676,764,697,898,620
ENSG00000178860,MSC,61.8,34.2,27.5,0.809,-0.3,3.6e-01,1.0e+00,0.6653,3246,34,35,33,35,47,12,22,29
ENSG00000107554,DNMBP,71.8,38.8,33,0.853,-0.2,3.6e-01,1.0e+00,0.6653,3247,35,44,33,43,46,22,26,38
ENSG00000284024,MSANTD7,32.8,17.8,15,0.851,-0.2,3.6e-01,1.0e+00,0.6653,3247,15,18,20,18,14,10,16,20
ENSG00000166452,AKIP1,45.8,21.5,24.2,1.139,0.2,3.6e-01,1.0e+00,0.6653,3248,21,23,24,18,19,23,27,28
ENSG00000135931,ARMC9,98,44.8,53.2,1.19,0.3,3.6e-01,1.0e+00,0.6653,3249,34,55,37,53,35,72,64,42
ENSG00000135334,AKIRIN2,57.2,30.5,26.8,0.887,-0.2,3.6e-01,1.0e+00,0.6653,3249,29,34,28,31,27,33,26,21
ENSG00000196663,TECPR2,113.5,54.2,59.2,1.098,0.1,3.6e-01,1.0e+00,0.6653,3250,48,61,48,60,57,54,63,63
ENSG00000164631,ZNF12,59.5,31.8,27.8,0.878,-0.2,3.6e-01,1.0e+00,0.6653,3251,33,30,29,35,21,25,36,29
ENSG00000285465,TM9SF1,105.5,46,59.5,1.285,0.4,3.6e-01,1.0e+00,0.6657,3253,63,16,44,61,73,61,31,73
ENSG00000143641,GALNT2,462.5,221.5,241,1.089,0.1,3.6e-01,1.0e+00,0.6657,3254,236,188,226,236,279,218,238,229
ENSG00000130962,PRRG1,46.5,17.5,29,1.649,0.7,3.6e-01,1.0e+00,0.6661,3257,1,16,23,30,1,42,40,33
ENSG00000186153,WWOX,18,10.2,7.8,0.773,-0.4,3.6e-01,1.0e+00,0.6664,3259,7,13,11,10,6,8,13,4
ENSG00000005810,MYCBP2,248.2,129.8,118.5,0.913,-0.1,3.6e-01,1.0e+00,0.6664,3259,145,133,137,104,132,124,109,109
ENSG00000126870,DYNC2I1,40.8,22,18.8,0.859,-0.2,3.6e-01,1.0e+00,0.6664,3260,16,23,23,26,14,23,20,18
ENSG00000154229,PRKCA,296.8,139.8,157,1.123,0.2,3.6e-01,1.0e+00,0.6666,3262,118,150,157,134,128,144,213,143
ENSG00000150433,TMEM218,23.2,12.8,10.5,0.842,-0.2,3.6e-01,1.0e+00,0.6666,3263,12,9,13,17,11,11,10,10
ENSG00000231945,VARS1,32.5,22.5,10,0.464,-1.1,3.6e-01,1.0e+00,0.6666,3263,0,38,21,31,40,0,0,0
ENSG00000143079,CTTNBP2NL,121,56,65,1.165,0.2,3.6e-01,1.0e+00,0.6666,3264,52,61,68,43,54,64,94,48
ENSG00000087274,ADD1,617.5,296.8,320.8,1.08,0.1,3.6e-01,1.0e+00,0.6666,3265,273,298,314,302,299,297,318,369
ENSG00000171223,JUNB,80.5,42.8,37.8,0.878,-0.2,3.6e-01,1.0e+00,0.6666,3265,41,38,54,38,45,28,43,35
ENSG00000092199,HNRNPC,428.2,223,205.2,0.919,-0.1,3.6e-01,1.0e+00,0.6667,3266,199,244,217,232,216,198,232,175
ENSG00000115128,SF3B6,63.2,29.8,33.5,1.131,0.2,3.6e-01,1.0e+00,0.6669,3268,29,32,35,23,29,39,34,32
ENSG00000070423,RNF126,26.5,12.2,14.2,1.184,0.2,3.6e-01,1.0e+00,0.6673,3270,13,10,10,16,17,11,13,16
ENSG00000152377,SPOCK1,250,100.5,149.5,1.493,0.6,3.6e-01,1.0e+00,0.6673,3271,10,78,119,195,111,129,101,257
ENSG00000105321,CCDC9,31.2,16.8,14.5,0.871,-0.2,3.6e-01,1.0e+00,0.6674,3272,17,16,16,18,13,13,18,14
ENSG00000175970,UNC119B,174.8,82.5,92.2,1.113,0.2,3.6e-01,1.0e+00,0.6674,3273,64,88,88,90,94,109,73,93
ENSG00000129317,PUS7L,37.8,20.2,17.5,0.871,-0.2,3.6e-01,1.0e+00,0.6689,3281,19,17,21,24,22,17,15,16
ENSG00000121671,CRY2,43.5,23.5,20,0.868,-0.2,3.6e-01,1.0e+00,0.6689,3282,22,25,24,23,21,23,13,23
ENSG00000147099,HDAC8,25.2,11.5,13.8,1.215,0.3,3.6e-01,1.0e+00,0.6689,3282,7,14,16,9,14,12,15,14
ENSG00000263163,SLC27A3,24.8,14.5,10.2,0.712,-0.5,3.6e-01,1.0e+00,0.6689,3283,19,15,3,21,6,8,9,18
ENSG00000186523,FAM86B1,22,9.8,12.2,1.246,0.3,3.6e-01,1.0e+00,0.6693,3286,13,10,6,10,14,10,17,8
ENSG00000136758,YME1L1,266.5,128.2,138.2,1.077,0.1,3.6e-01,1.0e+00,0.6696,3288,128,127,116,142,135,145,145,128
ENSG00000182022,CHST15,93.5,40,53.5,1.34,0.4,3.6e-01,1.0e+00,0.6696,3288,44,48,11,57,58,62,22,72
ENSG00000175390,EIF3F,399.5,208.5,191,0.917,-0.1,3.6e-01,1.0e+00,0.6696,3289,173,229,232,200,190,199,168,207
ENSG00000164040,PGRMC2,246,129.5,116.5,0.898,-0.2,3.6e-01,1.0e+00,0.6696,3290,130,116,160,112,116,123,136,91
ENSG00000139637,MYG1,45,24,21,0.893,-0.2,3.6e-01,1.0e+00,0.6698,3292,24,22,25,25,21,19,23,21
ENSG00000174652,ZNF266,53.2,29,24.2,0.836,-0.3,3.6e-01,1.0e+00,0.6699,3293,22,34,23,37,18,33,18,28
ENSG00000282367,PTDSS2,22.5,8.5,14,1.691,0.8,3.6e-01,1.0e+00,0.6699,3293,9,10,0,15,23,0,13,20
ENSG00000144233,AMMECR1L,51.8,24,27.8,1.169,0.2,3.6e-01,1.0e+00,0.6709,3299,29,22,25,20,27,20,25,39
ENSG00000198951,NAGA,72.2,38,34.2,0.906,-0.1,3.6e-01,1.0e+00,0.6709,3300,37,40,40,35,38,33,36,30
ENSG00000144283,PKP4,111.2,52,59.2,1.143,0.2,3.6e-01,1.0e+00,0.6709,3300,44,59,59,46,40,57,74,66
ENSG00000005884,ITGA3,105,46.8,58.2,1.25,0.3,3.6e-01,1.0e+00,0.6709,3301,28,54,51,54,23,72,76,62
ENSG00000285292,ABCF2-H2BK1,44,19.5,24.5,1.281,0.4,3.6e-01,1.0e+00,0.6709,3302,12,23,33,10,19,34,26,19
ENSG00000166833,NAV2,270.8,147,123.8,0.842,-0.2,3.6e-01,1.0e+00,0.6713,3304,176,116,107,189,115,96,96,188
ENSG00000138449,SLC40A1,583.8,263.8,320,1.213,0.3,3.6e-01,1.0e+00,0.6713,3305,215,267,276,297,141,465,317,357
ENSG00000163832,ELP6,21.2,12,9.2,0.772,-0.4,3.6e-01,1.0e+00,0.6713,3305,15,14,8,11,11,13,10,3
ENSG00000086712,TXLNG,44.2,24.5,19.8,0.812,-0.3,3.6e-01,1.0e+00,0.6713,3306,22,22,22,32,24,17,9,29
ENSG00000215712,TMEM242,32.8,15,17.8,1.188,0.2,3.6e-01,1.0e+00,0.6714,3307,10,18,15,17,13,21,19,18
ENSG00000084774,CAD,92.8,43.2,49.5,1.149,0.2,3.6e-01,1.0e+00,0.6714,3308,55,35,49,34,55,38,60,45
ENSG00000184897,H1-10,50.8,28,22.8,0.828,-0.3,3.6e-01,1.0e+00,0.6714,3309,32,23,24,33,33,13,17,28
ENSG00000177239,MAN1B1,181,94.5,86.5,0.915,-0.1,3.6e-01,1.0e+00,0.6724,3314,88,98,99,93,91,93,68,94
ENSG00000078747,ITCH,114,51.8,62.2,1.209,0.3,3.6e-01,1.0e+00,0.6724,3315,59,68,22,58,62,56,55,76
ENSG00000054267,ARID4B,91.5,48.8,42.8,0.873,-0.2,3.6e-01,1.0e+00,0.6725,3316,38,58,38,61,38,48,50,35
ENSG00000266302,ENSG00000266302,47.5,27.8,19.8,0.71,-0.5,3.6e-01,1.0e+00,0.6725,3317,8,25,37,41,5,20,25,29
ENSG00000071994,PDCD2,55.8,26.2,29.5,1.135,0.2,3.6e-01,1.0e+00,0.6727,3318,31,25,22,27,34,23,29,32
ENSG00000274305,LENG8,47.5,17.8,29.8,1.68,0.7,3.6e-01,1.0e+00,0.6729,3320,33,0,25,13,55,5,48,11
ENSG00000100299,ARSA,92.2,44,48.2,1.093,0.1,3.6e-01,1.0e+00,0.6729,3321,48,43,42,43,54,43,51,45
ENSG00000213463,SYNJ2BP,68,31.8,36.2,1.138,0.2,3.6e-01,1.0e+00,0.6729,3322,23,34,32,38,33,41,41,30
ENSG00000186318,BACE1,301.8,158.2,143.5,0.907,-0.1,3.6e-01,1.0e+00,0.6729,3322,146,142,186,159,113,164,140,157
ENSG00000237889,DDX39B,42.2,26.8,15.5,0.584,-0.8,3.6e-01,1.0e+00,0.6729,3323,12,35,30,30,0,32,30,0
ENSG00000067533,RRP15,20.5,9.2,11.2,1.236,0.3,3.6e-01,1.0e+00,0.6729,3324,11,7,11,8,17,9,12,7
ENSG00000090487,SPG21,161.5,77.8,83.8,1.074,0.1,3.6e-01,1.0e+00,0.6729,3324,78,81,73,79,86,85,78,86
ENSG00000144476,ACKR3,126.5,69.5,57,0.817,-0.3,3.6e-01,1.0e+00,0.6729,3325,63,78,50,87,52,64,26,86
ENSG00000174695,TMEM167A,182.8,87.2,95.5,1.096,0.1,3.6e-01,1.0e+00,0.6729,3326,98,99,79,73,84,103,96,99
ENSG00000181873,IBA57,19.8,11,8.8,0.814,-0.3,3.6e-01,1.0e+00,0.6729,3326,13,6,13,12,12,8,7,8
ENSG00000165434,PGM2L1,29.5,16.5,13,0.803,-0.3,3.6e-01,1.0e+00,0.6729,3327,10,17,23,16,15,8,19,10
ENSG00000180964,TCEAL8,90.5,48,42.5,0.882,-0.2,3.6e-01,1.0e+00,0.6729,3328,55,50,35,52,52,35,47,36
ENSG00000174227,PIGG,83.2,43.8,39.5,0.906,-0.1,3.6e-01,1.0e+00,0.6729,3328,45,45,48,37,37,43,35,43
ENSG00000151067,CACNA1C,49.5,30.5,19,0.63,-0.7,3.6e-01,1.0e+00,0.6729,3329,31,34,25,32,0,6,53,17
ENSG00000131669,NINJ1,42,23,19,0.844,-0.2,3.6e-01,1.0e+00,0.6729,3330,21,20,27,24,17,11,25,23
ENSG00000130522,JUND,106.2,56.8,49.5,0.874,-0.2,3.6e-01,1.0e+00,0.6729,3330,64,54,45,64,56,64,35,43
ENSG00000005486,RHBDD2,70,37.2,32.8,0.879,-0.2,3.6e-01,1.0e+00,0.6729,3331,47,41,27,34,31,37,34,29
ENSG00000125734,GPR108,97.2,52,45.2,0.875,-0.2,3.6e-01,1.0e+00,0.6729,3332,53,43,70,42,52,38,38,53
ENSG00000248098,BCKDHA,28,15.8,12.2,0.793,-0.3,3.6e-01,1.0e+00,0.6729,3332,19,24,12,8,17,11,9,12
ENSG00000110042,DTX4,68,31.2,36.8,1.178,0.2,3.6e-01,1.0e+00,0.6729,3333,35,32,29,29,50,23,28,46
ENSG00000137413,TAF8,38,17,21,1.242,0.3,3.6e-01,1.0e+00,0.6729,3334,21,14,22,11,26,30,12,16
ENSG00000158773,USF1,45.8,25,20.8,0.836,-0.3,3.6e-01,1.0e+00,0.6729,3334,18,26,34,22,30,19,15,19
ENSG00000037757,MRI1,33.8,14.8,19,1.288,0.4,3.6e-01,1.0e+00,0.6729,3335,14,16,21,8,21,22,26,7
ENSG00000092439,TRPM7,167.2,79.2,88,1.108,0.1,3.6e-01,1.0e+00,0.6729,3336,69,72,86,90,92,85,70,105
ENSG00000174748,RPL15,1609.2,832.8,776.5,0.932,-0.1,3.6e-01,1.0e+00,0.6729,3336,874,832,817,808,841,726,750,789
ENSG00000105983,LMBR1,66,35,31,0.891,-0.2,3.6e-01,1.0e+00,0.6729,3337,33,36,36,35,26,34,38,26
ENSG00000281665,KIAA1143,100.8,53,47.8,0.897,-0.2,3.6e-01,1.0e+00,0.6729,3338,46,47,56,63,41,50,43,57
ENSG00000135655,USP15,66.5,35.8,30.8,0.859,-0.2,3.6e-01,1.0e+00,0.6729,3338,41,31,40,31,39,38,21,25
ENSG00000161960,EIF4A1,633.2,299.5,333.8,1.113,0.2,3.7e-01,1.0e+00,0.6731,3340,326,266,356,250,393,291,372,279
ENSG00000142784,WDTC1,138.8,66.5,72.2,1.093,0.1,3.7e-01,1.0e+00,0.6738,3344,60,73,71,62,60,75,76,78
ENSG00000175467,SART1,97,46,51,1.108,0.1,3.7e-01,1.0e+00,0.6738,3345,51,46,44,43,47,41,61,55
ENSG00000110446,SLC15A3,30.8,14.2,16.5,1.161,0.2,3.7e-01,1.0e+00,0.6739,3346,11,16,14,16,15,19,18,14
ENSG00000196141,SPATS2L,351,182,169,0.929,-0.1,3.7e-01,1.0e+00,0.6743,3348,175,173,200,180,148,178,171,179
ENSG00000196116,TDRD7,26.8,11.8,15,1.255,0.3,3.7e-01,1.0e+00,0.6743,3349,16,9,12,10,11,11,12,26
ENSG00000185033,SEMA4B,51,24,27,1.137,0.2,3.7e-01,1.0e+00,0.6743,3350,22,26,27,21,23,27,23,35
ENSG00000070718,AP3M2,24.5,10,14.5,1.437,0.5,3.7e-01,1.0e+00,0.6743,3350,14,17,9,0,14,14,13,17
ENSG00000130706,ADRM1,113.8,54,59.8,1.105,0.1,3.7e-01,1.0e+00,0.6743,3351,61,56,46,53,57,57,52,73
ENSG00000284526,ENSG00000284526,39,18.2,20.8,1.145,0.2,3.7e-01,1.0e+00,0.6743,3352,21,15,20,17,20,24,23,16
ENSG00000013441,CLK1,203.5,95.8,107.8,1.123,0.2,3.7e-01,1.0e+00,0.6743,3352,110,72,103,98,113,107,81,130
ENSG00000185453,ZSWIM9,26.2,11.8,14.5,1.274,0.3,3.7e-01,1.0e+00,0.6743,3353,13,20,9,5,18,11,13,16
ENSG00000124249,KCNK15,17.8,10.8,7,0.669,-0.6,3.7e-01,1.0e+00,0.6743,3354,5,13,12,13,0,14,7,7
ENSG00000214113,LYRM4,31.5,17,14.5,0.855,-0.2,3.7e-01,1.0e+00,0.675,3358,18,21,15,14,16,16,10,16
ENSG00000104332,SFRP1,1174,487.2,686.8,1.409,0.5,3.7e-01,1.0e+00,0.675,3359,193,563,394,799,161,900,670,1016
ENSG00000281320,DYRK1B,36.8,20,16.8,0.825,-0.3,3.7e-01,1.0e+00,0.6754,3362,27,12,27,14,16,16,16,19
ENSG00000196510,ANAPC7,55.5,30,25.5,0.861,-0.2,3.7e-01,1.0e+00,0.6757,3363,34,23,28,35,27,19,34,22
ENSG00000068654,POLR1A,106.2,50,56.2,1.122,0.2,3.7e-01,1.0e+00,0.676,3366,48,48,42,62,44,57,69,55
ENSG00000132467,UTP3,51.8,24.5,27.2,1.124,0.2,3.7e-01,1.0e+00,0.6762,3367,28,23,23,24,25,25,33,26
ENSG00000175756,AURKAIP1,59.8,28,31.8,1.144,0.2,3.7e-01,1.0e+00,0.6762,3368,28,37,21,26,32,29,28,38
ENSG00000130449,ZSWIM6,50,27.2,22.8,0.843,-0.2,3.7e-01,1.0e+00,0.6762,3369,28,38,26,17,18,29,22,22
ENSG00000101152,DNAJC5,169.5,88.2,81.2,0.917,-0.1,3.7e-01,1.0e+00,0.6762,3369,84,108,80,81,88,80,80,77
ENSG00000281089,ATG16L1,48.8,23,25.8,1.142,0.2,3.7e-01,1.0e+00,0.6762,3370,21,24,25,22,21,32,30,20
ENSG00000163870,TPRA1,61.2,28.8,32.5,1.144,0.2,3.7e-01,1.0e+00,0.6762,3371,31,28,22,34,33,41,30,26
ENSG00000119396,RAB14,153.2,80.5,72.8,0.909,-0.1,3.7e-01,1.0e+00,0.6762,3371,88,81,74,79,91,73,65,62
ENSG00000139433,GLTP,93.5,43.2,50.2,1.166,0.2,3.7e-01,1.0e+00,0.6762,3372,32,45,53,43,37,38,68,58
ENSG00000169105,CHST14,71,33,38,1.157,0.2,3.7e-01,1.0e+00,0.6762,3373,40,34,27,31,44,33,26,49
ENSG00000281601,ZNF780B,23.2,12.8,10.5,0.84,-0.3,3.7e-01,1.0e+00,0.6762,3374,12,13,11,15,14,10,7,11
ENSG00000170153,RNF150,23,14,9,0.67,-0.6,3.7e-01,1.0e+00,0.6762,3374,5,20,20,11,4,9,21,2
ENSG00000114353,GNAI2,545.5,282,263.5,0.935,-0.1,3.7e-01,1.0e+00,0.6762,3375,304,279,288,257,262,261,272,259
ENSG00000086475,SEPHS1,66.8,36,30.8,0.864,-0.2,3.7e-01,1.0e+00,0.6762,3376,37,32,38,37,43,35,24,21
ENSG00000103671,TRIP4,31,14.2,16.8,1.195,0.3,3.7e-01,1.0e+00,0.6764,3377,13,12,15,17,23,20,12,12
ENSG00000105186,ANKRD27,47.8,22,25.8,1.169,0.2,3.7e-01,1.0e+00,0.6765,3378,26,18,19,25,28,32,16,27
ENSG00000171055,FEZ2,107.8,51,56.8,1.116,0.2,3.7e-01,1.0e+00,0.6765,3379,53,59,48,44,47,71,51,58
ENSG00000125482,TTF1,24.2,13.5,10.8,0.8,-0.3,3.7e-01,1.0e+00,0.6765,3380,13,12,7,22,9,11,13,10
ENSG00000113048,MRPS27,87,45.8,41.2,0.899,-0.2,3.7e-01,1.0e+00,0.6788,3392,42,49,46,46,36,41,53,35
ENSG00000122741,DCAF10,88.2,42,46.2,1.099,0.1,3.7e-01,1.0e+00,0.679,3393,37,42,42,47,41,52,44,48
ENSG00000124596,OARD1,23.2,12.8,10.5,0.841,-0.2,3.7e-01,1.0e+00,0.6792,3395,12,16,10,13,10,12,8,12
ENSG00000182511,FES,21.8,12.5,9.2,0.744,-0.4,3.7e-01,1.0e+00,0.6792,3396,17,6,15,12,11,2,10,14
ENSG00000100890,PRORP,33.8,18.5,15.2,0.819,-0.3,3.7e-01,1.0e+00,0.6792,3397,25,9,21,19,18,17,16,10
ENSG00000198612,COPS8,100,53.2,46.8,0.882,-0.2,3.7e-01,1.0e+00,0.6797,3400,50,46,57,60,58,56,34,39
ENSG00000008838,MED24,104,49.8,54.2,1.091,0.1,3.7e-01,1.0e+00,0.6801,3402,55,48,42,54,57,53,52,55
ENSG00000270629,NBPF14,422.8,226.5,196.2,0.865,-0.2,3.7e-01,1.0e+00,0.6802,3404,143,269,261,233,134,201,215,235
ENSG00000119801,YPEL5,178.2,84.8,93.5,1.098,0.1,3.7e-01,1.0e+00,0.6802,3405,75,90,83,91,77,107,84,106
ENSG00000276550,HERC2P2,118.8,64.5,54.2,0.844,-0.2,3.7e-01,1.0e+00,0.6802,3405,83,50,58,67,68,28,55,66
ENSG00000173692,PSMD1,217.8,104.8,113,1.08,0.1,3.7e-01,1.0e+00,0.6802,3406,95,112,103,109,128,113,101,110
ENSG00000103199,ZNF500,32.5,14.8,17.8,1.209,0.3,3.7e-01,1.0e+00,0.6802,3407,9,14,22,14,13,20,21,17
ENSG00000169139,UBE2V2,62,28.5,33.5,1.18,0.2,3.7e-01,1.0e+00,0.6802,3407,25,28,39,22,31,42,40,21
ENSG00000029363,BCLAF1,263.8,136,127.8,0.937,-0.1,3.7e-01,1.0e+00,0.6802,3408,141,136,133,134,120,131,132,128
ENSG00000115145,STAM2,78.5,36.8,41.8,1.13,0.2,3.7e-01,1.0e+00,0.6802,3409,30,40,34,43,33,53,43,38
ENSG00000229117,RPL41,1733.2,903.8,829.5,0.918,-0.1,3.7e-01,1.0e+00,0.6802,3409,989,946,859,821,991,791,809,727
ENSG00000136161,RCBTB2,23.5,10.8,12.8,1.208,0.3,3.7e-01,1.0e+00,0.6802,3410,9,12,11,11,9,14,18,10
ENSG00000188229,TUBB4B,167,90.5,76.5,0.85,-0.2,3.7e-01,1.0e+00,0.6802,3411,106,110,93,53,92,59,96,59
ENSG00000075826,SEC31B,28.8,15.8,13,0.83,-0.3,3.7e-01,1.0e+00,0.6805,3413,19,15,10,19,16,11,9,16
ENSG00000113300,CNOT6,48,22.8,25.2,1.133,0.2,3.7e-01,1.0e+00,0.681,3416,28,22,20,21,22,29,28,22
ENSG00000197635,DPP4,164,91.2,72.8,0.797,-0.3,3.7e-01,1.0e+00,0.6819,3421,49,81,126,109,31,97,73,90
ENSG00000159352,PSMD4,145.5,76.8,68.8,0.897,-0.2,3.7e-01,1.0e+00,0.682,3422,83,76,86,62,80,53,78,64
ENSG00000132254,ARFIP2,61,32.8,28.2,0.866,-0.2,3.7e-01,1.0e+00,0.682,3423,22,33,43,33,22,28,32,31
ENSG00000137764,MAP2K5,50,26.8,23.2,0.871,-0.2,3.7e-01,1.0e+00,0.682,3424,27,20,31,29,23,26,17,27
ENSG00000131171,SH3BGRL,249.2,129.5,119.8,0.926,-0.1,3.7e-01,1.0e+00,0.682,3424,128,127,132,131,104,136,129,110
ENSG00000157954,WIPI2,169.5,80.5,89,1.104,0.1,3.7e-01,1.0e+00,0.6821,3426,69,92,92,69,83,96,77,100
ENSG00000105135,ILVBL,63,34.5,28.5,0.842,-0.2,3.7e-01,1.0e+00,0.6823,3427,35,33,21,49,32,24,36,22
ENSG00000273807,NPIPA6,63,28,35,1.253,0.3,3.7e-01,1.0e+00,0.6823,3428,20,40,20,32,35,51,15,39
ENSG00000150764,DIXDC1,95,44,51,1.159,0.2,3.7e-01,1.0e+00,0.6823,3429,39,44,35,58,42,67,36,59
ENSG00000148450,MSRB2,31.2,17.5,13.8,0.813,-0.3,3.8e-01,1.0e+00,0.6827,3431,13,29,13,15,18,10,12,15
ENSG00000134852,CLOCK,73.2,34.5,38.8,1.129,0.2,3.8e-01,1.0e+00,0.6827,3432,33,26,39,40,48,37,34,36
ENSG00000158615,PPP1R15B,53.2,28.2,25,0.885,-0.2,3.8e-01,1.0e+00,0.6827,3433,24,34,32,23,26,26,22,26
ENSG00000204822,MRPL53,18.2,10.2,8,0.798,-0.3,3.8e-01,1.0e+00,0.6827,3433,11,11,7,12,8,6,13,5
ENSG00000169567,HINT1,144.5,68.5,76,1.114,0.2,3.8e-01,1.0e+00,0.6827,3434,79,60,66,69,83,95,62,64
ENSG00000244005,NFS1,29,13.2,15.8,1.186,0.2,3.8e-01,1.0e+00,0.6827,3435,15,14,9,15,21,16,13,13
ENSG00000119401,TRIM32,64.5,30.5,34,1.12,0.2,3.8e-01,1.0e+00,0.6828,3436,33,23,30,36,37,33,31,35
ENSG00000047315,POLR2B,197.5,102.8,94.8,0.924,-0.1,3.8e-01,1.0e+00,0.6831,3438,111,86,109,105,92,100,87,100
ENSG00000156599,ZDHHC5,206.8,98.2,108.5,1.1,0.1,3.8e-01,1.0e+00,0.6831,3439,96,83,115,99,87,109,125,113
ENSG00000078043,PIAS2,50.8,27,23.8,0.881,-0.2,3.8e-01,1.0e+00,0.6831,3440,25,28,27,28,18,29,27,21
ENSG00000157837,SPPL3,92.5,48.5,44,0.906,-0.1,3.8e-01,1.0e+00,0.6836,3443,46,51,49,48,42,54,35,45
ENSG00000006453,BAIAP2L1,20,11.2,8.8,0.781,-0.4,3.8e-01,1.0e+00,0.6839,3445,14,9,15,7,6,11,5,13
ENSG00000141551,CSNK1D,270,140.8,129.2,0.919,-0.1,3.8e-01,1.0e+00,0.6841,3447,148,139,130,146,157,126,125,109
ENSG00000167193,CRK,199,95,104,1.093,0.1,3.8e-01,1.0e+00,0.6841,3447,96,84,109,91,122,87,101,106
ENSG00000152465,NMT2,72.5,34,38.5,1.138,0.2,3.8e-01,1.0e+00,0.6841,3448,23,31,45,37,38,37,38,41
ENSG00000123066,MED13L,289.8,139,150.8,1.083,0.1,3.8e-01,1.0e+00,0.6841,3449,137,136,136,147,127,149,148,179
ENSG00000139200,PIANP,44.5,20.2,24.2,1.208,0.3,3.8e-01,1.0e+00,0.6841,3449,12,21,29,19,18,30,29,20
ENSG00000159377,PSMB4,219.2,114.2,105,0.919,-0.1,3.8e-01,1.0e+00,0.6841,3450,129,106,110,112,119,111,86,104
ENSG00000158636,EMSY,34.5,19,15.5,0.842,-0.2,3.8e-01,1.0e+00,0.6842,3451,13,23,22,18,17,12,21,12
ENSG00000186522,SEPTIN10,223.8,117.2,106.5,0.911,-0.1,3.8e-01,1.0e+00,0.6842,3452,105,110,133,121,91,93,130,112
ENSG00000182700,IGIP,33,15.2,17.8,1.202,0.3,3.8e-01,1.0e+00,0.6842,3453,11,20,10,20,19,22,16,14
ENSG00000112893,MAN2A1,176.8,84.2,92.5,1.102,0.1,3.8e-01,1.0e+00,0.6845,3455,88,73,72,104,92,93,81,104
ENSG00000167114,SLC27A4,28.5,15.8,12.8,0.814,-0.3,3.8e-01,1.0e+00,0.6847,3456,14,11,26,12,16,9,11,15
ENSG00000206505,HLA-A,30.5,19.2,11.2,0.598,-0.7,3.8e-01,1.0e+00,0.6847,3457,30,0,31,16,18,0,17,10
ENSG00000140382,HMG20A,65.8,30.2,35.5,1.169,0.2,3.8e-01,1.0e+00,0.6847,3458,22,40,33,26,24,40,45,33
ENSG00000128641,MYO1B,189.8,105.2,84.5,0.805,-0.3,3.8e-01,1.0e+00,0.6847,3458,79,99,151,92,62,66,157,53
ENSG00000130749,ZC3H4,61,32.5,28.5,0.887,-0.2,3.8e-01,1.0e+00,0.6847,3459,37,39,27,27,26,26,31,31
ENSG00000117151,CTBS,53.5,24.8,28.8,1.174,0.2,3.8e-01,1.0e+00,0.6847,3460,28,25,16,30,26,27,22,40
ENSG00000163703,CRELD1,58.8,33.5,25.2,0.759,-0.4,3.8e-01,1.0e+00,0.6847,3461,29,58,26,21,12,30,44,15
ENSG00000106263,EIF3B,229,109.2,119.8,1.096,0.1,3.8e-01,1.0e+00,0.6847,3461,119,112,99,107,117,97,148,117
ENSG00000237190,CDKN2AIPNL,22,9.5,12.5,1.341,0.4,3.8e-01,1.0e+00,0.6847,3462,9,10,14,5,4,12,21,13
ENSG00000136104,RNASEH2B,31,17.5,13.5,0.788,-0.3,3.8e-01,1.0e+00,0.6847,3463,20,22,20,8,13,8,11,22
ENSG00000116489,CAPZA1,268.5,128.2,140.2,1.09,0.1,3.8e-01,1.0e+00,0.6847,3463,135,133,136,109,134,169,135,123
ENSG00000100568,VTI1B,196,94.2,101.8,1.08,0.1,3.8e-01,1.0e+00,0.6847,3464,95,86,87,109,97,103,98,109
ENSG00000104231,ZFAND1,22,12.2,9.8,0.814,-0.3,3.8e-01,1.0e+00,0.6847,3465,13,6,14,16,12,7,11,9
ENSG00000126749,EMG1,26.8,11.5,15.2,1.365,0.4,3.8e-01,1.0e+00,0.6847,3465,12,15,11,8,21,2,21,17
ENSG00000169519,METTL15,27.2,15.5,11.8,0.766,-0.4,3.8e-01,1.0e+00,0.6848,3466,24,6,10,22,9,12,10,16
ENSG00000149428,HYOU1,158.2,73.2,85,1.162,0.2,3.8e-01,1.0e+00,0.6848,3467,82,80,67,64,91,48,117,84
ENSG00000159069,FBXW5,172.2,81.8,90.5,1.108,0.1,3.8e-01,1.0e+00,0.6851,3469,85,72,92,78,105,67,102,88
ENSG00000119661,DNAL1,26,14,12,0.86,-0.2,3.8e-01,1.0e+00,0.6853,3471,15,12,13,16,15,11,13,9
ENSG00000157985,AGAP1,93.5,49.2,44.2,0.898,-0.2,3.8e-01,1.0e+00,0.6853,3472,53,41,61,42,46,38,49,44
ENSG00000114316,USP4,123.8,58,65.8,1.134,0.2,3.8e-01,1.0e+00,0.6853,3472,43,64,63,62,53,89,65,56
ENSG00000233276,GPX1,327,151.5,175.5,1.157,0.2,3.8e-01,1.0e+00,0.6854,3474,201,119,165,121,154,148,254,146
ENSG00000068650,ATP11A,96.2,51,45.2,0.886,-0.2,3.8e-01,1.0e+00,0.6858,3477,51,64,43,46,34,47,57,43
ENSG00000156860,FBRS,88.8,41.8,47,1.127,0.2,3.8e-01,1.0e+00,0.6858,3477,44,44,46,33,57,54,37,40
ENSG00000114480,GBE1,290.8,131.2,159.5,1.214,0.3,3.8e-01,1.0e+00,0.6858,3478,188,66,142,129,201,93,175,169
ENSG00000148660,CAMK2G,63,33.2,29.8,0.897,-0.2,3.8e-01,1.0e+00,0.6858,3479,28,37,32,36,34,32,25,28
ENSG00000163463,KRTCAP2,59,27.5,31.5,1.156,0.2,3.8e-01,1.0e+00,0.6861,3481,22,35,20,33,28,27,38,33
ENSG00000197006,METTL9,131.5,70.2,61.2,0.876,-0.2,3.8e-01,1.0e+00,0.6861,3481,77,80,80,44,57,53,77,58
ENSG00000205339,IPO7,317,152.5,164.5,1.077,0.1,3.8e-01,1.0e+00,0.6861,3482,163,138,144,165,163,162,149,184
ENSG00000120333,MRPS14,36,19.2,16.8,0.875,-0.2,3.8e-01,1.0e+00,0.6861,3483,18,20,15,24,16,16,17,18
ENSG00000114383,TUSC2,26,12,14,1.169,0.2,3.8e-01,1.0e+00,0.6864,3485,13,8,13,14,13,17,14,12
ENSG00000055147,FAM114A2,40.8,22.8,18,0.817,-0.3,3.8e-01,1.0e+00,0.6865,3486,32,26,17,16,28,13,18,13
ENSG00000008086,CDKL5,41.2,22.2,19,0.86,-0.2,3.8e-01,1.0e+00,0.6865,3487,21,21,27,20,18,16,27,15
ENSG00000115415,STAT1,608,281.2,326.8,1.161,0.2,3.8e-01,1.0e+00,0.6867,3488,260,240,381,244,272,268,495,272
ENSG00000172493,AFF1,108.5,51.2,57.2,1.114,0.2,3.8e-01,1.0e+00,0.6879,3495,53,50,63,39,54,50,59,66
ENSG00000171574,ZNF584,27,12,15,1.248,0.3,3.8e-01,1.0e+00,0.6879,3496,10,18,7,13,17,18,8,17
ENSG00000166164,BRD7,83,39,44,1.13,0.2,3.8e-01,1.0e+00,0.6894,3504,30,33,52,41,45,41,40,50
ENSG00000144426,NBEAL1,82.2,39,43.2,1.098,0.1,3.8e-01,1.0e+00,0.6899,3507,40,41,34,41,36,48,46,43
ENSG00000115464,USP34,314.2,164.5,149.8,0.91,-0.1,3.8e-01,1.0e+00,0.6901,3509,149,155,168,186,112,153,162,172
ENSG00000166197,NOLC1,97.5,51.5,46,0.891,-0.2,3.8e-01,1.0e+00,0.6901,3510,49,44,61,52,55,35,54,40
ENSG00000152749,GPR180,25.5,11.2,14.2,1.242,0.3,3.8e-01,1.0e+00,0.6902,3511,17,8,9,11,13,16,20,8
ENSG00000284017,PLCL2,24.2,13.5,10.8,0.811,-0.3,3.8e-01,1.0e+00,0.6909,3515,13,16,8,17,17,9,8,9
ENSG00000038002,AGA,54.2,29.5,24.8,0.85,-0.2,3.8e-01,1.0e+00,0.6913,3518,39,31,19,29,24,31,27,17
ENSG00000197958,RPL12,1144.2,606.5,537.8,0.887,-0.2,3.8e-01,1.0e+00,0.6914,3519,703,568,656,499,727,448,559,417
ENSG00000108424,KPNB1,457.8,220.8,237,1.074,0.1,3.8e-01,1.0e+00,0.6914,3520,225,223,236,199,222,229,268,229
ENSG00000188419,CHM,52.5,28.2,24.2,0.869,-0.2,3.8e-01,1.0e+00,0.6914,3521,31,26,33,23,24,24,32,17
ENSG00000041802,LSG1,48.8,23.2,25.5,1.116,0.2,3.9e-01,1.0e+00,0.6914,3521,22,23,25,23,31,25,24,22
ENSG00000167969,ECI1,36.5,16.8,19.8,1.169,0.2,3.9e-01,1.0e+00,0.6914,3522,14,16,18,19,19,19,13,28
ENSG00000138107,ACTR1A,264.2,127,137.2,1.079,0.1,3.9e-01,1.0e+00,0.6916,3524,133,119,139,117,157,133,123,136
ENSG00000174106,LEMD3,46.2,21.5,24.8,1.159,0.2,3.9e-01,1.0e+00,0.6916,3525,25,16,26,19,31,18,27,23
ENSG00000130881,LRP3,77.8,41.2,36.5,0.879,-0.2,3.9e-01,1.0e+00,0.6916,3525,43,44,36,42,36,23,45,42
ENSG00000146223,RPL7L1,225.8,117.5,108.2,0.922,-0.1,3.9e-01,1.0e+00,0.6918,3527,112,130,124,104,105,104,127,97
ENSG00000276766,NDUFA3,27.8,16.5,11.2,0.685,-0.5,3.9e-01,1.0e+00,0.692,3529,15,17,23,11,15,0,23,7
ENSG00000288722,F8A1,30.5,17,13.5,0.8,-0.3,3.9e-01,1.0e+00,0.6924,3531,18,13,22,15,12,5,20,17
ENSG00000171522,PTGER4,30.2,17.2,13,0.76,-0.4,3.9e-01,1.0e+00,0.6924,3532,20,15,13,21,8,6,28,10
ENSG00000133678,TMEM254,25.2,14,11.2,0.816,-0.3,3.9e-01,1.0e+00,0.6924,3533,9,21,15,11,10,16,10,9
ENSG00000024422,EHD2,1009,484.5,524.5,1.082,0.1,3.9e-01,1.0e+00,0.6924,3533,478,512,524,424,550,468,596,484
ENSG00000088986,DYNLL1,183.2,96.8,86.5,0.896,-0.2,3.9e-01,1.0e+00,0.6924,3534,87,107,98,95,81,85,116,64
ENSG00000146576,INTS15,25.8,11.2,14.5,1.265,0.3,3.9e-01,1.0e+00,0.6924,3535,17,12,8,8,9,24,13,12
ENSG00000107738,VSIR,403,182.2,220.8,1.212,0.3,3.9e-01,1.0e+00,0.6924,3536,171,270,105,183,208,292,123,260
ENSG00000095059,DHPS,37.2,20.8,16.5,0.795,-0.3,3.9e-01,1.0e+00,0.6924,3536,31,14,17,21,11,27,19,9
ENSG00000203950,RTL8A,59.8,28,31.8,1.135,0.2,3.9e-01,1.0e+00,0.6926,3538,22,23,31,36,37,30,31,29
ENSG00000152133,GPATCH11,26,12,14,1.166,0.2,3.9e-01,1.0e+00,0.6926,3539,10,13,10,15,14,17,12,13
ENSG00000108439,PNPO,40.2,21.5,18.8,0.879,-0.2,3.9e-01,1.0e+00,0.6926,3539,19,20,22,25,15,21,22,17
ENSG00000184347,SLIT3,1345,721.8,623.2,0.864,-0.2,3.9e-01,1.0e+00,0.6926,3540,790,918,440,739,592,689,444,768
ENSG00000133657,ATP13A3,385.8,182.8,203,1.112,0.2,3.9e-01,1.0e+00,0.6927,3541,183,143,164,241,181,190,236,205
ENSG00000179304,FAM156B,46.2,25.8,20.5,0.805,-0.3,3.9e-01,1.0e+00,0.6927,3542,32,30,23,18,14,31,27,10
ENSG00000288213,MCRIP1,103,54.2,48.8,0.902,-0.1,3.9e-01,1.0e+00,0.6927,3543,50,54,47,66,55,41,56,43
ENSG00000213722,DDAH2,59,20.2,38.8,1.917,0.9,3.9e-01,1.0e+00,0.6928,3543,54,27,0,0,76,47,32,0
ENSG00000116288,PARK7,191.2,100,91.2,0.912,-0.1,3.9e-01,1.0e+00,0.6933,3547,108,107,92,93,110,81,99,75
ENSG00000145016,RUBCN,37.5,17,20.5,1.241,0.3,3.9e-01,1.0e+00,0.6942,3552,13,20,19,16,33,25,13,11
ENSG00000139926,FRMD6,496,258.5,237.5,0.918,-0.1,3.9e-01,1.0e+00,0.6942,3553,270,241,274,249,184,235,269,262
ENSG00000075336,TIMM21,23.8,13.2,10.5,0.811,-0.3,3.9e-01,1.0e+00,0.6942,3554,13,15,14,11,6,13,16,7
ENSG00000116729,WLS,301,161.2,139.8,0.869,-0.2,3.9e-01,1.0e+00,0.6942,3555,131,142,222,150,99,136,194,130
ENSG00000160613,PCSK7,83.2,44,39.2,0.893,-0.2,3.9e-01,1.0e+00,0.695,3559,35,51,51,39,32,39,45,41
ENSG00000145860,RNF145,90.8,41.2,49.5,1.197,0.3,3.9e-01,1.0e+00,0.6956,3563,45,32,52,36,49,31,80,38
ENSG00000106688,SLC1A1,54.5,23,31.5,1.386,0.5,3.9e-01,1.0e+00,0.6957,3564,10,40,8,34,13,42,27,44
ENSG00000127616,SMARCA4,139.2,74.5,64.8,0.871,-0.2,3.9e-01,1.0e+00,0.6963,3568,62,65,98,73,61,54,93,51
ENSG00000165416,SUGT1,70,37,33,0.892,-0.2,3.9e-01,1.0e+00,0.6963,3569,49,36,32,31,35,35,31,31
ENSG00000117475,BLZF1,45.8,21.5,24.2,1.149,0.2,3.9e-01,1.0e+00,0.6963,3569,17,24,25,20,20,26,32,19
ENSG00000130640,TUBGCP2,118,56,62,1.108,0.1,3.9e-01,1.0e+00,0.6963,3570,56,56,65,47,75,52,67,54
ENSG00000109320,NFKB1,98.8,51.8,47,0.911,-0.1,3.9e-01,1.0e+00,0.6964,3571,46,52,49,60,56,45,42,45
ENSG00000214021,TTLL3,128.5,67.5,61,0.906,-0.1,3.9e-01,1.0e+00,0.6964,3572,63,83,57,67,60,63,51,70
ENSG00000254901,BORCS8,20.5,11.5,9,0.798,-0.3,3.9e-01,1.0e+00,0.6964,3573,12,18,7,9,10,8,12,6
ENSG00000212747,RTL8B,55,25,30,1.206,0.3,3.9e-01,1.0e+00,0.6964,3573,32,10,26,32,30,36,29,25
ENSG00000143294,PRCC,56,30.5,25.5,0.854,-0.2,3.9e-01,1.0e+00,0.6964,3574,34,37,25,26,21,39,22,20
ENSG00000164916,FOXK1,85,44.8,40.2,0.895,-0.2,3.9e-01,1.0e+00,0.6964,3575,50,44,50,35,48,32,42,39
ENSG00000164118,CEP44,21.2,9.8,11.5,1.198,0.3,3.9e-01,1.0e+00,0.6964,3575,10,12,10,7,15,10,8,13
ENSG00000125977,EIF2S2,168.5,80.2,88.2,1.095,0.1,3.9e-01,1.0e+00,0.6968,3578,64,79,85,93,76,91,99,87
ENSG00000171720,HDAC3,74.5,39.2,35.2,0.89,-0.2,3.9e-01,1.0e+00,0.6968,3579,40,43,43,31,40,30,42,29
ENSG00000066230,SLC9A3,21,12.2,8.8,0.749,-0.4,3.9e-01,1.0e+00,0.6972,3582,13,10,10,16,19,4,8,4
ENSG00000144021,CIAO1,117.5,62.2,55.2,0.891,-0.2,3.9e-01,1.0e+00,0.6972,3582,43,76,66,64,58,60,59,44
ENSG00000116717,GADD45A,130.5,61.8,68.8,1.117,0.2,3.9e-01,1.0e+00,0.6972,3583,60,52,77,58,85,69,52,69
ENSG00000285132,CTSB,1062.5,476.5,586,1.23,0.3,3.9e-01,1.0e+00,0.6972,3584,327,508,763,308,404,717,830,393
ENSG00000170445,HARS1,94,49.2,44.8,0.908,-0.1,3.9e-01,1.0e+00,0.6977,3587,50,50,57,40,48,50,38,43
ENSG00000239697,TNFSF12,61.8,29,32.8,1.138,0.2,3.9e-01,1.0e+00,0.6977,3588,23,38,22,33,37,32,30,32
ENSG00000168453,HR,73.5,39.8,33.8,0.852,-0.2,3.9e-01,1.0e+00,0.6977,3588,57,27,48,27,39,32,32,32
ENSG00000115239,ASB3,47.5,26.2,21.2,0.821,-0.3,3.9e-01,1.0e+00,0.6981,3591,26,25,36,18,18,36,16,15
ENSG00000176393,RNPEP,119.2,63.2,56,0.886,-0.2,3.9e-01,1.0e+00,0.6981,3592,56,42,77,78,56,60,55,53
ENSG00000182749,PAQR7,46.2,24.8,21.5,0.865,-0.2,3.9e-01,1.0e+00,0.6981,3593,22,31,19,27,18,17,25,26
ENSG00000174151,CYB561D1,37.8,20.2,17.5,0.871,-0.2,3.9e-01,1.0e+00,0.6981,3593,22,20,18,21,12,18,20,20
ENSG00000144959,NCEH1,24.5,13.8,10.8,0.798,-0.3,3.9e-01,1.0e+00,0.6981,3594,8,18,14,15,8,14,15,6
ENSG00000170266,GLB1,188,97.8,90.2,0.92,-0.1,3.9e-01,1.0e+00,0.6983,3596,100,104,89,98,81,111,82,87
ENSG00000160679,CHTOP,59.2,31.8,27.5,0.877,-0.2,3.9e-01,1.0e+00,0.6983,3596,24,29,36,38,25,31,33,21
ENSG00000108669,CYTH1,24.5,13.5,11,0.818,-0.3,3.9e-01,1.0e+00,0.6983,3597,15,16,16,7,11,13,7,13
ENSG00000172269,DPAGT1,47.8,22.2,25.5,1.142,0.2,3.9e-01,1.0e+00,0.6983,3598,20,25,27,17,29,20,27,26
ENSG00000189079,ARID2,52.5,28,24.5,0.878,-0.2,3.9e-01,1.0e+00,0.6983,3599,33,25,34,20,22,23,27,26
ENSG00000183889,NPIPA6,123.8,56.2,67.5,1.197,0.3,3.9e-01,1.0e+00,0.6983,3599,88,42,36,59,44,61,83,82
ENSG00000082213,C5orf22,33,15.5,17.5,1.131,0.2,3.9e-01,1.0e+00,0.6989,3603,15,17,15,15,18,14,18,20
ENSG00000277936,MRPL45,37.8,21.5,16.2,0.763,-0.4,3.9e-01,1.0e+00,0.6991,3605,25,21,31,9,22,16,22,5
ENSG00000168876,ANKRD49,21,9.8,11.2,1.174,0.2,3.9e-01,1.0e+00,0.6993,3606,12,11,7,9,11,10,12,12
ENSG00000101189,MRGBP,28.2,13.2,15,1.17,0.2,3.9e-01,1.0e+00,0.6993,3607,13,12,16,12,20,10,15,15
ENSG00000162517,PEF1,72,38,34,0.892,-0.2,3.9e-01,1.0e+00,0.6997,3610,33,46,31,42,32,30,42,32
ENSG00000197386,HTT,149.5,79,70.5,0.898,-0.2,3.9e-01,1.0e+00,0.6997,3611,105,78,71,62,61,74,78,69
ENSG00000213079,SCAF8,94.8,50,44.8,0.895,-0.2,3.9e-01,1.0e+00,0.6997,3611,48,35,62,55,48,42,43,46
ENSG00000205423,CNEP1R1,27.8,12.5,15.2,1.197,0.3,3.9e-01,1.0e+00,0.6997,3612,13,14,12,11,16,16,21,8
ENSG00000142534,RPS11,1304,678.2,625.8,0.923,-0.1,3.9e-01,1.0e+00,0.6997,3613,743,693,654,623,759,576,589,579
ENSG00000101846,STS,204.5,92,112.5,1.219,0.3,4.0e-01,1.0e+00,0.6997,3613,71,56,120,121,86,64,155,145
ENSG00000168003,SLC3A2,146.8,78.5,68.2,0.871,-0.2,4.0e-01,1.0e+00,0.6997,3614,87,65,98,64,95,52,54,72
ENSG00000197785,ATAD3A,35.8,16.5,19.2,1.172,0.2,4.0e-01,1.0e+00,0.6997,3615,14,10,22,20,19,17,18,23
ENSG00000280962,DUSP16,53,28.2,24.8,0.879,-0.2,4.0e-01,1.0e+00,0.7008,3621,31,30,29,23,19,31,20,29
ENSG00000118564,FBXL5,77.8,36.8,41,1.122,0.2,4.0e-01,1.0e+00,0.7008,3622,36,41,43,27,45,40,33,46
ENSG00000051825,MPHOSPH9,21.8,12.5,9.2,0.772,-0.4,4.0e-01,1.0e+00,0.7008,3623,13,21,6,10,5,13,8,11
ENSG00000188846,RPL14,857.5,446.5,411,0.921,-0.1,4.0e-01,1.0e+00,0.701,3624,494,433,440,419,499,348,408,389
ENSG00000101361,NOP56,86.5,40.5,46,1.135,0.2,4.0e-01,1.0e+00,0.7011,3625,42,47,45,28,56,42,50,36
ENSG00000141696,P3H4,41.2,19,22.2,1.168,0.2,4.0e-01,1.0e+00,0.7011,3626,17,14,27,18,18,28,25,18
ENSG00000063244,U2AF2,161.8,85,76.8,0.9,-0.2,4.0e-01,1.0e+00,0.7011,3627,88,79,86,87,88,58,97,64
ENSG00000169490,TM2D2,85.2,45.2,40,0.88,-0.2,4.0e-01,1.0e+00,0.7011,3627,46,43,40,52,50,49,34,27
ENSG00000198218,QRICH1,111.2,58,53.2,0.919,-0.1,4.0e-01,1.0e+00,0.7015,3630,57,65,57,53,51,54,47,61
ENSG00000114166,KAT2B,57,31,26,0.847,-0.2,4.0e-01,1.0e+00,0.7015,3631,34,41,17,32,21,28,22,33
ENSG00000167965,MLST8,51.5,28,23.5,0.845,-0.2,4.0e-01,1.0e+00,0.7015,3631,23,32,32,25,34,16,28,16
ENSG00000089818,NECAP1,44.5,23.8,20.8,0.891,-0.2,4.0e-01,1.0e+00,0.7015,3632,23,27,25,20,21,24,17,21
ENSG00000101986,ABCD1,42.8,19.5,23.2,1.21,0.3,4.0e-01,1.0e+00,0.7015,3633,19,23,14,22,36,23,12,22
ENSG00000270647,TAF15,190.8,89,101.8,1.145,0.2,4.0e-01,1.0e+00,0.7015,3634,73,97,114,72,66,114,128,99
ENSG00000197798,FAM118B,26.2,14.8,11.5,0.796,-0.3,4.0e-01,1.0e+00,0.7015,3634,10,10,16,23,14,8,17,7
ENSG00000224608,HLA-B,186.5,123,63.5,0.52,-0.9,4.0e-01,1.0e+00,0.7015,3635,23,216,236,17,0,42,195,17
ENSG00000169019,COMMD8,28.8,12.8,16,1.239,0.3,4.0e-01,1.0e+00,0.7016,3637,14,10,14,13,7,22,13,22
ENSG00000160767,ENTREP3,42,15.8,26.2,1.691,0.8,4.0e-01,1.0e+00,0.7017,3637,0,33,19,11,0,44,24,37
ENSG00000229524,BAG6,57.5,35.8,21.8,0.609,-0.7,4.0e-01,1.0e+00,0.7017,3638,89,40,5,9,43,25,16,3
ENSG00000169718,DUS1L,51,24,27,1.137,0.2,4.0e-01,1.0e+00,0.7018,3639,24,20,21,31,28,27,21,32
ENSG00000077150,NFKB2,48.2,26.2,22,0.856,-0.2,4.0e-01,1.0e+00,0.7018,3640,36,23,19,27,24,22,27,15
ENSG00000184206,GOLGA6L4,22,9.2,12.8,1.409,0.5,4.0e-01,1.0e+00,0.7018,3641,12,20,4,1,11,17,12,11
ENSG00000014641,MDH1,128.8,67.5,61.2,0.913,-0.1,4.0e-01,1.0e+00,0.7023,3644,62,63,78,67,74,61,52,58
ENSG00000142102,PGGHG,48,22,26,1.165,0.2,4.0e-01,1.0e+00,0.7023,3645,23,17,29,19,32,17,27,28
ENSG00000288141,MRPL23,35,16,19,1.191,0.3,4.0e-01,1.0e+00,0.7026,3647,24,17,11,12,22,19,21,14
ENSG00000058091,CDK14,109,57.5,51.5,0.897,-0.2,4.0e-01,1.0e+00,0.7026,3648,44,62,72,52,43,54,50,59
ENSG00000169093,ASMTL,65.8,30.5,35.2,1.162,0.2,4.0e-01,1.0e+00,0.7027,3649,36,33,19,34,30,35,48,28
ENSG00000266967,AARSD1,23,12.5,10.5,0.843,-0.2,4.0e-01,1.0e+00,0.7028,3650,13,8,15,14,12,13,9,8
ENSG00000164741,DLC1,274,128,146,1.142,0.2,4.0e-01,1.0e+00,0.7037,3656,109,125,124,154,132,149,208,95
ENSG00000130726,TRIM28,246.2,127.8,118.5,0.927,-0.1,4.0e-01,1.0e+00,0.7037,3656,139,115,137,120,136,113,108,117
ENSG00000154188,ANGPT1,244.2,108.5,135.8,1.249,0.3,4.0e-01,1.0e+00,0.7041,3659,67,110,179,78,84,107,234,118
ENSG00000135929,CYP27A1,92,48.5,43.5,0.894,-0.2,4.0e-01,1.0e+00,0.7041,3660,36,53,50,55,35,47,41,51
ENSG00000137817,PARP6,58.2,31.8,26.5,0.842,-0.2,4.0e-01,1.0e+00,0.7041,3661,30,30,28,39,42,29,16,19
ENSG00000117682,DHDDS,54.2,25.2,29,1.139,0.2,4.0e-01,1.0e+00,0.7041,3661,22,23,30,26,26,24,40,26
ENSG00000196199,MPHOSPH8,107.8,56.5,51.2,0.91,-0.1,4.0e-01,1.0e+00,0.7041,3662,55,61,60,50,63,51,43,48
ENSG00000078142,PIK3C3,88,41.8,46.2,1.107,0.1,4.0e-01,1.0e+00,0.7041,3663,51,36,41,39,40,41,53,51
ENSG00000167977,KCTD5,25.2,13.8,11.5,0.854,-0.2,4.0e-01,1.0e+00,0.7041,3664,12,14,16,13,10,11,16,9
ENSG00000213380,COG8,46.8,21.8,25,1.171,0.2,4.0e-01,1.0e+00,0.7055,3672,12,25,26,24,25,27,19,29
ENSG00000186866,POFUT2,149.5,78.2,71.2,0.909,-0.1,4.0e-01,1.0e+00,0.7055,3672,71,70,96,76,61,83,78,63
ENSG00000165819,METTL3,62.5,29.2,33.2,1.14,0.2,4.0e-01,1.0e+00,0.7055,3673,30,27,39,21,39,31,35,28
ENSG00000156504,PABIR2,36.2,16.5,19.8,1.236,0.3,4.0e-01,1.0e+00,0.7056,3674,10,20,20,16,23,29,9,18
ENSG00000196313,POM121,114.5,55,59.5,1.083,0.1,4.0e-01,1.0e+00,0.7056,3675,61,52,53,54,68,54,61,55
ENSG00000083444,PLOD1,529,276.2,252.8,0.915,-0.1,4.0e-01,1.0e+00,0.7056,3676,283,281,255,286,188,280,295,248
ENSG00000128609,NDUFA5,81,37.8,43.2,1.143,0.2,4.0e-01,1.0e+00,0.7063,3680,41,50,29,31,53,44,31,45
ENSG00000178585,CTNNBIP1,22.5,12.2,10.2,0.855,-0.2,4.0e-01,1.0e+00,0.7068,3683,13,9,14,13,12,12,9,8
ENSG00000127241,MASP1,698.5,380.2,318.2,0.836,-0.3,4.0e-01,1.0e+00,0.7068,3684,280,362,318,561,198,303,267,505
ENSG00000197150,ABCB8,45.8,21.8,24,1.123,0.2,4.0e-01,1.0e+00,0.7071,3686,22,26,18,21,28,25,22,21
ENSG00000138764,CCNG2,121.5,64.2,57.2,0.888,-0.2,4.0e-01,1.0e+00,0.7074,3688,74,58,64,61,52,47,48,82
ENSG00000114796,KLHL24,109.5,50.5,59,1.17,0.2,4.0e-01,1.0e+00,0.7074,3689,52,42,45,63,67,67,29,73
ENSG00000136897,MRPL50,21.2,9.5,11.8,1.231,0.3,4.0e-01,1.0e+00,0.7074,3690,9,9,10,10,15,18,7,7
ENSG00000143653,SCCPDH,75.2,39.8,35.5,0.894,-0.2,4.0e-01,1.0e+00,0.7074,3690,38,46,45,30,30,42,35,35
ENSG00000173264,GPR137,48.8,26.2,22.5,0.867,-0.2,4.0e-01,1.0e+00,0.7074,3691,22,27,37,19,19,26,23,22
ENSG00000000419,DPM1,48,22.5,25.5,1.152,0.2,4.0e-01,1.0e+00,0.7074,3692,16,25,22,27,31,31,20,20
ENSG00000128245,YWHAH,128,67.2,60.8,0.907,-0.1,4.0e-01,1.0e+00,0.7074,3692,82,76,54,57,65,63,57,58
ENSG00000178904,DPY19L3,75,39.2,35.8,0.913,-0.1,4.0e-01,1.0e+00,0.7074,3693,42,35,44,36,33,38,38,34
ENSG00000116095,PLEKHA3,32.2,14.8,17.5,1.206,0.3,4.0e-01,1.0e+00,0.7074,3694,12,17,19,11,22,21,9,18
ENSG00000105671,DDX49,37,20,17,0.88,-0.2,4.0e-01,1.0e+00,0.7074,3695,21,20,23,16,19,14,15,20
ENSG00000149308,NPAT,35,19.2,15.8,0.838,-0.3,4.0e-01,1.0e+00,0.7075,3696,25,20,17,15,10,12,20,21
ENSG00000099991,CABIN1,137.2,65.8,71.5,1.091,0.1,4.0e-01,1.0e+00,0.7077,3697,68,64,65,66,55,69,83,79
ENSG00000163975,MELTF,32.2,18.2,14,0.792,-0.3,4.0e-01,1.0e+00,0.7079,3699,11,21,13,28,20,18,7,11
ENSG00000179632,MAF1,185.5,88.8,96.8,1.089,0.1,4.0e-01,1.0e+00,0.7084,3703,82,89,91,93,90,101,79,117
ENSG00000099940,SNAP29,80,42.2,37.8,0.897,-0.2,4.1e-01,1.0e+00,0.7089,3706,52,45,37,35,32,41,34,44
ENSG00000108061,SHOC2,101.8,48.8,53,1.088,0.1,4.1e-01,1.0e+00,0.7089,3707,52,41,56,46,55,50,52,55
ENSG00000007168,PAFAH1B1,350.5,169.5,181,1.068,0.1,4.1e-01,1.0e+00,0.7089,3708,162,165,173,178,185,199,161,179
ENSG00000128513,POT1,28.8,15.8,13,0.841,-0.2,4.1e-01,1.0e+00,0.7089,3708,9,17,21,16,14,10,13,15
ENSG00000235106,BRD3OS,73.5,39,34.5,0.893,-0.2,4.1e-01,1.0e+00,0.7093,3711,37,32,41,46,25,39,36,38
ENSG00000074603,DPP8,119.2,56.5,62.8,1.11,0.2,4.1e-01,1.0e+00,0.7093,3712,54,52,70,50,60,49,65,77
ENSG00000143183,TMCO1,109.8,51.8,58,1.121,0.2,4.1e-01,1.0e+00,0.7095,3713,40,61,56,50,54,64,71,43
ENSG00000142676,RPL11,1023.8,532.5,491.2,0.923,-0.1,4.1e-01,1.0e+00,0.7095,3714,591,535,504,500,598,485,447,435
ENSG00000134250,NOTCH2,844.5,401.2,443.2,1.104,0.1,4.1e-01,1.0e+00,0.7099,3717,333,474,403,395,333,480,436,524
ENSG00000184281,TSSC4,28,13,15,1.172,0.2,4.1e-01,1.0e+00,0.7099,3718,18,12,10,12,19,14,12,15
ENSG00000112941,TENT4A,38.2,17.8,20.5,1.146,0.2,4.1e-01,1.0e+00,0.7099,3718,14,17,19,21,20,23,14,25
ENSG00000121864,ZNF639,36.5,19.5,17,0.856,-0.2,4.1e-01,1.0e+00,0.7099,3719,18,13,29,18,18,19,16,15
ENSG00000134058,CDK7,24.5,10,14.5,1.467,0.6,4.1e-01,1.0e+00,0.7099,3720,0,10,12,18,17,4,18,19
ENSG00000177189,RPS6KA3,128.5,68,60.5,0.889,-0.2,4.1e-01,1.0e+00,0.7099,3721,63,73,62,74,49,51,87,55
ENSG00000111358,GTF2H3,44.5,24,20.5,0.872,-0.2,4.1e-01,1.0e+00,0.7102,3723,26,23,22,25,23,27,19,13
ENSG00000102241,HTATSF1,110.5,57.8,52.8,0.914,-0.1,4.1e-01,1.0e+00,0.7102,3724,54,53,68,56,62,51,45,53
ENSG00000168564,CDKN2AIP,30.8,14.2,16.5,1.18,0.2,4.1e-01,1.0e+00,0.7103,3725,9,21,15,12,16,19,14,17
ENSG00000136003,ISCU,237.5,124,113.5,0.917,-0.1,4.1e-01,1.0e+00,0.7103,3726,140,121,133,102,130,120,93,111
ENSG00000076053,RBM7,40.5,22.2,18.2,0.811,-0.3,4.1e-01,1.0e+00,0.7103,3726,27,18,33,11,17,25,20,11
ENSG00000104154,SLC30A4,34.8,15.5,19.2,1.216,0.3,4.1e-01,1.0e+00,0.7103,3727,21,14,13,14,15,20,11,31
ENSG00000288325,GPS2,69.5,33,36.5,1.109,0.1,4.1e-01,1.0e+00,0.7103,3728,33,40,33,26,41,35,32,38
ENSG00000164088,PPM1M,51,27,24,0.907,-0.1,4.1e-01,1.0e+00,0.711,3732,27,27,24,30,23,24,26,23
ENSG00000185164,NOMO2,252.2,131.2,121,0.922,-0.1,4.1e-01,1.0e+00,0.7121,3738,112,131,152,130,119,117,106,142
ENSG00000140995,DEF8,76.5,36,40.5,1.128,0.2,4.1e-01,1.0e+00,0.7122,3740,44,37,32,31,29,45,38,50
ENSG00000026652,AGPAT4,26.8,14.5,12.2,0.85,-0.2,4.1e-01,1.0e+00,0.7122,3741,18,9,14,17,14,13,9,13
ENSG00000171408,PDE7B,86.5,46.8,39.8,0.847,-0.2,4.1e-01,1.0e+00,0.7127,3744,48,32,63,44,53,26,51,29
ENSG00000163412,EIF4E3,24.2,13.5,10.8,0.78,-0.4,4.1e-01,1.0e+00,0.7127,3744,15,17,6,16,12,18,5,8
ENSG00000111231,GPN3,21.8,10,11.8,1.194,0.3,4.1e-01,1.0e+00,0.7127,3745,9,8,10,13,17,10,12,8
ENSG00000112902,SEMA5A,382.8,212.5,170.2,0.801,-0.3,4.1e-01,1.0e+00,0.7127,3746,200,116,318,216,129,82,280,190
ENSG00000155115,GTF3C6,31.2,16.8,14.5,0.857,-0.2,4.1e-01,1.0e+00,0.7127,3746,15,16,17,19,11,19,10,18
ENSG00000183684,ALYREF,37.2,17.2,20,1.162,0.2,4.1e-01,1.0e+00,0.7129,3748,14,16,24,15,25,16,23,16
ENSG00000115594,IL1R1,997.2,474.2,523,1.103,0.1,4.1e-01,1.0e+00,0.7129,3749,512,365,611,409,542,492,494,564
ENSG00000146476,ARMT1,47.8,22.5,25.2,1.142,0.2,4.1e-01,1.0e+00,0.7129,3750,18,29,18,25,24,32,24,21
ENSG00000104442,ARMC1,54.2,25.2,29,1.157,0.2,4.1e-01,1.0e+00,0.7129,3751,20,34,24,23,33,34,18,31
ENSG00000149182,ARFGAP2,99.2,47.5,51.8,1.087,0.1,4.1e-01,1.0e+00,0.713,3752,48,52,42,48,59,53,48,47
ENSG00000055950,MRPL43,53.5,28.5,25,0.875,-0.2,4.1e-01,1.0e+00,0.713,3753,38,22,31,23,20,28,25,27
ENSG00000096872,IFT74,26.8,12,14.8,1.208,0.3,4.1e-01,1.0e+00,0.7131,3754,16,14,10,8,9,16,19,15
ENSG00000099203,TMED1,39,21.2,17.8,0.852,-0.2,4.1e-01,1.0e+00,0.7131,3754,28,21,16,20,25,18,12,16
ENSG00000135336,ORC3,61.2,32.5,28.8,0.887,-0.2,4.1e-01,1.0e+00,0.7136,3758,26,40,34,30,29,32,21,33
ENSG00000105723,GSK3A,80.5,38.2,42.2,1.11,0.2,4.1e-01,1.0e+00,0.7136,3759,34,42,42,35,51,45,32,41
ENSG00000133226,SRRM1,124.5,64.8,59.8,0.924,-0.1,4.1e-01,1.0e+00,0.7136,3759,64,77,59,59,63,58,60,58
ENSG00000164597,COG5,66.2,39.2,27,0.685,-0.5,4.1e-01,1.0e+00,0.7136,3760,45,31,25,56,0,48,19,41
ENSG00000095139,ARCN1,363.5,175.5,188,1.07,0.1,4.1e-01,1.0e+00,0.7136,3761,172,195,179,156,198,172,197,185
ENSG00000165006,UBAP1,99.5,47.2,52.2,1.099,0.1,4.1e-01,1.0e+00,0.7138,3762,41,52,47,49,50,59,59,41
ENSG00000165494,PCF11,81.8,38.8,43,1.111,0.2,4.1e-01,1.0e+00,0.7138,3763,42,30,45,38,51,38,37,46
ENSG00000130396,AFDN,56.5,26.8,29.8,1.114,0.2,4.1e-01,1.0e+00,0.7138,3764,24,22,30,31,32,26,29,32
ENSG00000107829,FBXW4,46.2,21.5,24.8,1.164,0.2,4.1e-01,1.0e+00,0.7138,3765,18,24,23,21,15,33,29,22
ENSG00000139370,SLC15A4,49.5,22.8,26.8,1.178,0.2,4.1e-01,1.0e+00,0.7139,3766,23,12,27,29,20,23,29,35
ENSG00000133393,CEP20,35,13.2,21.8,1.64,0.7,4.1e-01,1.0e+00,0.7145,3770,24,0,0,29,28,6,22,31
ENSG00000180198,RCC1,43.2,19.8,23.5,1.161,0.2,4.1e-01,1.0e+00,0.7145,3770,17,15,27,20,16,27,24,27
ENSG00000105669,COPE,124.8,59,65.8,1.119,0.2,4.1e-01,1.0e+00,0.7145,3771,57,72,64,43,75,54,77,57
ENSG00000188026,RILPL1,48.5,26,22.5,0.874,-0.2,4.1e-01,1.0e+00,0.7146,3773,24,24,34,22,25,22,27,16
ENSG00000166073,GPR176,379.8,200.2,179.5,0.897,-0.2,4.1e-01,1.0e+00,0.716,3780,173,175,270,183,175,146,226,171
ENSG00000120708,TGFBI,965.2,545,420.2,0.771,-0.4,4.1e-01,1.0e+00,0.716,3781,256,502,858,564,144,416,697,424
ENSG00000070413,DGCR2,183.8,87.8,96,1.088,0.1,4.1e-01,1.0e+00,0.716,3782,92,75,82,102,88,111,84,101
ENSG00000240972,MIF,218,115.2,102.8,0.895,-0.2,4.1e-01,1.0e+00,0.716,3783,138,97,95,131,116,72,114,109
ENSG00000138814,PPP3CA,111.2,58.2,53,0.909,-0.1,4.1e-01,1.0e+00,0.7163,3785,61,50,71,51,49,47,63,53
ENSG00000109618,SEPSECS,22,12,10,0.851,-0.2,4.1e-01,1.0e+00,0.7163,3786,9,12,12,15,9,11,8,12
ENSG00000138686,BBS7,49.2,22.8,26.5,1.168,0.2,4.1e-01,1.0e+00,0.7163,3786,23,21,24,23,16,22,30,38
ENSG00000125912,NCLN,89.2,42.2,47,1.116,0.2,4.1e-01,1.0e+00,0.7164,3787,51,35,40,43,55,55,36,42
ENSG00000119004,CYP20A1,71.2,33.2,38,1.137,0.2,4.1e-01,1.0e+00,0.7164,3788,26,48,33,26,40,34,42,36
ENSG00000169612,RAMAC,30.2,14.2,16,1.141,0.2,4.1e-01,1.0e+00,0.7164,3789,13,11,17,16,19,13,16,16
ENSG00000174233,ADCY6,181.8,87,94.8,1.087,0.1,4.1e-01,1.0e+00,0.7164,3790,77,87,88,96,79,90,96,114
ENSG00000169871,TRIM56,241,116,125,1.077,0.1,4.1e-01,1.0e+00,0.7164,3790,115,106,116,127,108,141,116,135
ENSG00000140463,BBS4,59,31.5,27.5,0.883,-0.2,4.1e-01,1.0e+00,0.7164,3791,30,33,27,36,25,37,20,28
ENSG00000154370,TRIM11,29,15.8,13.2,0.858,-0.2,4.1e-01,1.0e+00,0.7169,3794,13,18,15,17,15,14,16,8
ENSG00000107949,BCCIP,44.2,20.5,23.8,1.167,0.2,4.2e-01,1.0e+00,0.7169,3795,15,17,22,28,20,26,32,17
ENSG00000168395,ING5,48,22,26,1.181,0.2,4.2e-01,1.0e+00,0.7169,3796,33,14,16,25,31,22,21,30
ENSG00000141759,TXNL4A,43.2,23.2,20,0.877,-0.2,4.2e-01,1.0e+00,0.7169,3797,17,23,22,31,21,23,20,16
ENSG00000166128,RAB8B,206.2,98.2,108,1.093,0.1,4.2e-01,1.0e+00,0.7171,3798,114,88,105,86,112,110,85,125
ENSG00000184634,MED12,127.5,67.5,60,0.892,-0.2,4.2e-01,1.0e+00,0.7171,3799,69,65,68,68,60,38,62,80
ENSG00000149179,CSTPP1,36,19.2,16.8,0.875,-0.2,4.2e-01,1.0e+00,0.7171,3800,18,20,23,16,16,16,22,13
ENSG00000153714,LURAP1L,69.2,38.5,30.8,0.799,-0.3,4.2e-01,1.0e+00,0.7174,3802,29,51,31,43,42,20,12,49
ENSG00000163811,WDR43,65,34.5,30.5,0.889,-0.2,4.2e-01,1.0e+00,0.7177,3805,31,33,41,33,26,33,40,23
ENSG00000100599,RIN3,50.2,27,23.2,0.878,-0.2,4.2e-01,1.0e+00,0.718,3807,26,29,20,33,23,18,29,23
ENSG00000140854,KATNB1,31.5,17,14.5,0.844,-0.2,4.2e-01,1.0e+00,0.7187,3811,21,14,11,22,17,18,10,13
ENSG00000131374,TBC1D5,279.8,145.5,134.2,0.922,-0.1,4.2e-01,1.0e+00,0.7188,3812,141,123,165,153,131,112,141,153
ENSG00000292986,DUXAP10,43,25.2,17.8,0.703,-0.5,4.2e-01,1.0e+00,0.7188,3813,13,13,56,19,9,10,40,12
ENSG00000105245,NUMBL,215.2,114,101.2,0.889,-0.2,4.2e-01,1.0e+00,0.719,3815,91,111,165,89,109,100,111,85
ENSG00000117222,RBBP5,43.5,23.2,20.2,0.889,-0.2,4.2e-01,1.0e+00,0.719,3816,28,25,18,22,19,23,21,18
ENSG00000012963,UBR7,58.5,31.8,26.8,0.85,-0.2,4.2e-01,1.0e+00,0.7193,3818,26,33,20,48,31,29,19,28
ENSG00000239264,TXNDC5,545.2,283.2,262,0.925,-0.1,4.2e-01,1.0e+00,0.7196,3820,248,280,285,320,227,237,290,294
ENSG00000150867,PIP4K2A,62.8,29.2,33.5,1.143,0.2,4.2e-01,1.0e+00,0.7197,3822,34,18,34,31,33,42,26,33
ENSG00000070444,MNT,70,33.2,36.8,1.108,0.1,4.2e-01,1.0e+00,0.7204,3826,34,35,34,30,48,35,31,33
ENSG00000165410,CFL2,179,85.5,93.5,1.093,0.1,4.2e-01,1.0e+00,0.7204,3827,96,89,87,70,105,102,74,93
ENSG00000104774,MAN2B1,272.2,142.2,130,0.917,-0.1,4.2e-01,1.0e+00,0.7206,3829,140,142,127,160,129,127,103,161
ENSG00000183878,UTY,17,10.5,6.5,0.634,-0.7,4.2e-01,1.0e+00,0.7206,3829,12,13,17,0,12,6,8,0
ENSG00000125249,RAP2A,62.8,33.2,29.5,0.891,-0.2,4.2e-01,1.0e+00,0.7206,3830,38,26,36,33,33,24,35,26
ENSG00000102317,RBM3,311.8,148.8,163,1.095,0.1,4.2e-01,1.0e+00,0.7213,3834,135,158,133,169,127,201,165,159
ENSG00000138069,RAB1A,275,132,143,1.083,0.1,4.2e-01,1.0e+00,0.7213,3835,116,124,165,123,143,132,157,140
ENSG00000146556,WASH2P,26.5,15.2,11.2,0.751,-0.4,4.2e-01,1.0e+00,0.7213,3836,4,15,17,25,14,4,13,14
ENSG00000136045,PWP1,83.5,39.8,43.8,1.1,0.1,4.2e-01,1.0e+00,0.7213,3836,38,47,39,35,48,45,47,35
ENSG00000178685,PARP10,37.2,20.2,17,0.837,-0.3,4.2e-01,1.0e+00,0.7213,3837,25,15,14,27,10,20,18,20
ENSG00000138028,CGREF1,21.2,8.8,12.5,1.408,0.5,4.2e-01,1.0e+00,0.7213,3838,13,14,5,3,20,20,5,5
ENSG00000171634,BPTF,162,84.2,77.8,0.918,-0.1,4.2e-01,1.0e+00,0.7214,3839,88,69,83,97,66,80,76,89
ENSG00000165092,ALDH1A1,47.2,28.5,18.8,0.662,-0.6,4.2e-01,1.0e+00,0.7214,3840,19,48,5,42,14,37,1,23
ENSG00000161249,DMKN,138.8,77,61.8,0.801,-0.3,4.2e-01,1.0e+00,0.7214,3841,39,120,83,66,38,103,67,39
ENSG00000159579,RSPRY1,70.2,37.5,32.8,0.878,-0.2,4.2e-01,1.0e+00,0.7214,3841,26,43,51,30,29,33,33,36
ENSG00000073921,PICALM,328,157.2,170.8,1.083,0.1,4.2e-01,1.0e+00,0.7214,3842,149,154,187,139,157,178,198,150
ENSG00000128951,DUT,72,32.5,39.5,1.226,0.3,4.2e-01,1.0e+00,0.7214,3843,38,29,15,48,58,43,25,32
ENSG00000122390,NAA60,57.5,30.8,26.8,0.878,-0.2,4.2e-01,1.0e+00,0.7214,3844,30,44,25,24,24,28,25,30
ENSG00000178921,PFAS,23,12.8,10.2,0.806,-0.3,4.2e-01,1.0e+00,0.7214,3844,20,10,9,12,13,5,14,9
ENSG00000143756,FBXO28,71.2,34,37.2,1.1,0.1,4.2e-01,1.0e+00,0.7215,3846,35,37,32,32,38,30,36,45
ENSG00000183751,TBL3,47,22.2,24.8,1.122,0.2,4.2e-01,1.0e+00,0.7216,3847,27,21,19,22,28,20,24,27
ENSG00000099797,TECR,53,29,24,0.84,-0.3,4.2e-01,1.0e+00,0.722,3850,15,36,24,41,31,22,24,19
ENSG00000165806,CASP7,40.5,22.5,18,0.809,-0.3,4.2e-01,1.0e+00,0.722,3850,28,12,17,33,21,9,16,26
ENSG00000121774,KHDRBS1,167.2,87.2,80,0.915,-0.1,4.2e-01,1.0e+00,0.722,3851,110,81,80,78,78,86,89,67
ENSG00000158470,B4GALT5,118,54.8,63.2,1.158,0.2,4.2e-01,1.0e+00,0.7221,3853,42,90,41,46,58,75,58,62
ENSG00000087884,AAMDC,26,12,14,1.205,0.3,4.2e-01,1.0e+00,0.7221,3853,12,15,12,9,21,10,9,16
ENSG00000141959,PFKL,280.2,132.8,147.5,1.108,0.1,4.2e-01,1.0e+00,0.7222,3854,163,129,122,117,138,124,199,129
ENSG00000104691,UBXN8,20,9,11,1.216,0.3,4.2e-01,1.0e+00,0.7222,3855,10,8,8,10,11,16,12,5
ENSG00000118900,UBN1,116,55.2,60.8,1.1,0.1,4.2e-01,1.0e+00,0.7223,3856,66,41,60,54,63,56,57,67
ENSG00000154175,ABI3BP,552.2,257.5,294.8,1.144,0.2,4.2e-01,1.0e+00,0.7223,3857,273,282,192,283,318,226,207,428
ENSG00000146833,TRIM4,74,35.2,38.8,1.105,0.1,4.2e-01,1.0e+00,0.7223,3858,35,39,31,36,42,45,29,39
ENSG00000273559,CWC25,30,16.2,13.8,0.852,-0.2,4.2e-01,1.0e+00,0.7223,3859,18,15,13,19,11,14,10,20
ENSG00000105329,TGFB1,154.2,82.5,71.8,0.872,-0.2,4.2e-01,1.0e+00,0.7223,3859,69,65,123,73,91,52,75,69
ENSG00000253729,PRKDC,484.8,254.5,230.2,0.905,-0.1,4.2e-01,1.0e+00,0.7225,3861,310,235,256,217,245,180,292,204
ENSG00000104133,SPG11,154,80.5,73.5,0.91,-0.1,4.2e-01,1.0e+00,0.7225,3862,70,71,94,87,85,84,64,61
ENSG00000114251,WNT5A,360.5,204.8,155.8,0.762,-0.4,4.2e-01,1.0e+00,0.7225,3862,194,179,330,116,101,113,339,70
ENSG00000162852,CNST,60.5,32.2,28.2,0.886,-0.2,4.2e-01,1.0e+00,0.7225,3863,26,36,36,31,27,36,30,20
ENSG00000172766,NAA16,21.8,9.8,12,1.227,0.3,4.2e-01,1.0e+00,0.7225,3864,9,13,6,11,8,19,11,10
ENSG00000158270,COLEC12,381.8,203.2,178.5,0.877,-0.2,4.2e-01,1.0e+00,0.7225,3864,197,235,140,241,201,173,114,226
ENSG00000184381,PLA2G6,25,11.5,13.5,1.171,0.2,4.2e-01,1.0e+00,0.7225,3865,14,12,8,12,12,12,12,18
ENSG00000115568,ZNF142,52.8,28,24.8,0.895,-0.2,4.2e-01,1.0e+00,0.7225,3866,25,28,31,28,20,25,32,22
ENSG00000141756,FKBP10,516,268.8,247.2,0.919,-0.1,4.2e-01,1.0e+00,0.7225,3867,296,235,262,282,266,200,227,296
ENSG00000141026,MED9,26,14.2,11.8,0.83,-0.3,4.2e-01,1.0e+00,0.7225,3867,15,11,20,11,8,11,10,18
ENSG00000119403,PHF19,55.8,30.2,25.5,0.85,-0.2,4.2e-01,1.0e+00,0.7225,3868,34,33,26,28,36,25,12,29
ENSG00000079974,RABL2B,42.2,23.2,19,0.818,-0.3,4.2e-01,1.0e+00,0.7225,3869,17,14,34,28,20,25,22,9
ENSG00000118579,MED28,115.5,54.5,61,1.121,0.2,4.2e-01,1.0e+00,0.7225,3870,43,62,55,58,57,69,42,76
ENSG00000140320,BAHD1,50.8,23.8,27,1.151,0.2,4.2e-01,1.0e+00,0.7225,3870,33,20,18,24,22,25,25,36
ENSG00000284009,PLSCR3,116.5,62,54.5,0.883,-0.2,4.2e-01,1.0e+00,0.7226,3872,62,80,40,66,55,67,53,43
ENSG00000181666,ZNF875,32.5,17.5,15,0.864,-0.2,4.2e-01,1.0e+00,0.7226,3873,17,16,22,15,12,11,20,17
ENSG00000104447,TRPS1,35.2,18.8,16.5,0.875,-0.2,4.2e-01,1.0e+00,0.7226,3873,19,16,20,20,11,20,19,16
ENSG00000206353,SKIC2,62,34.8,27.2,0.796,-0.3,4.2e-01,1.0e+00,0.7232,3877,61,24,20,34,36,12,34,27
ENSG00000127922,SEM1,67.5,32,35.5,1.111,0.2,4.2e-01,1.0e+00,0.7232,3878,32,39,28,29,44,34,29,35
ENSG00000155229,MMS19,98.2,51.2,47,0.921,-0.1,4.2e-01,1.0e+00,0.7233,3879,53,59,42,51,44,45,48,51
ENSG00000176720,BOK,55.8,30.2,25.5,0.863,-0.2,4.2e-01,1.0e+00,0.7239,3883,30,23,26,42,18,35,26,23
ENSG00000124767,GLO1,132,63.2,68.8,1.091,0.1,4.2e-01,1.0e+00,0.7239,3884,64,63,74,52,81,69,65,60
ENSG00000285182,FNBP4,114.8,59.5,55.2,0.93,-0.1,4.3e-01,1.0e+00,0.7251,3891,59,64,55,60,55,62,51,53
ENSG00000174574,AKIRIN1,77,36,41,1.137,0.2,4.3e-01,1.0e+00,0.7251,3892,27,41,34,42,36,30,56,42
ENSG00000122591,HYCC1,315.8,149.5,166.2,1.113,0.2,4.3e-01,1.0e+00,0.7251,3892,173,117,126,182,159,136,212,158
ENSG00000175592,FOSL1,22.2,12.5,9.8,0.798,-0.3,4.3e-01,1.0e+00,0.7255,3895,13,6,14,17,10,5,16,8
ENSG00000178951,ZBTB7A,107.5,51.5,56,1.088,0.1,4.3e-01,1.0e+00,0.7266,3902,47,59,47,53,52,50,56,66
ENSG00000144802,NFKBIZ,30.2,14,16.2,1.182,0.2,4.3e-01,1.0e+00,0.7267,3903,10,9,20,17,18,12,18,17
ENSG00000120093,HOXB3,82.2,43.8,38.5,0.876,-0.2,4.3e-01,1.0e+00,0.7267,3904,40,51,53,31,38,53,33,30
ENSG00000105323,HNRNPUL1,445,229,216,0.943,-0.1,4.3e-01,1.0e+00,0.7267,3905,222,223,231,240,201,216,218,229
ENSG00000154237,LRRK1,130.5,62.5,68,1.092,0.1,4.3e-01,1.0e+00,0.7267,3906,55,61,62,72,70,65,55,82
ENSG00000185621,LMLN,33.2,17.8,15.5,0.879,-0.2,4.3e-01,1.0e+00,0.7267,3906,17,16,18,20,15,11,16,20
ENSG00000169230,PRELID1,91.8,43.2,48.5,1.121,0.2,4.3e-01,1.0e+00,0.7267,3907,58,42,39,34,46,38,53,57
ENSG00000120705,ETF1,233.8,111.2,122.5,1.098,0.1,4.3e-01,1.0e+00,0.7267,3908,109,93,141,102,147,113,127,103
ENSG00000134910,STT3A,295,153,142,0.927,-0.1,4.3e-01,1.0e+00,0.7267,3908,154,177,135,146,127,154,159,128
ENSG00000198146,ZNF770,95.8,49.8,46,0.919,-0.1,4.3e-01,1.0e+00,0.7268,3909,45,50,45,59,40,49,45,50
ENSG00000124172,ATP5F1E,200.8,94.8,106,1.123,0.2,4.3e-01,1.0e+00,0.7271,3912,118,110,80,71,139,100,97,88
ENSG00000149743,TRPT1,22.8,10.2,12.5,1.237,0.3,4.3e-01,1.0e+00,0.7271,3913,9,12,6,14,16,11,17,6
ENSG00000130638,ATXN10,161.5,84.8,76.8,0.902,-0.1,4.3e-01,1.0e+00,0.7272,3914,78,93,72,96,55,93,74,85
ENSG00000168887,C2orf68,37.5,17.8,19.8,1.133,0.2,4.3e-01,1.0e+00,0.7276,3917,19,20,15,17,23,22,14,20
ENSG00000132205,EMILIN2,48.8,26.2,22.5,0.865,-0.2,4.3e-01,1.0e+00,0.7277,3918,25,22,22,36,25,19,16,30
ENSG00000107223,EDF1,189.8,98.8,91,0.917,-0.1,4.3e-01,1.0e+00,0.7278,3919,119,92,86,98,89,79,111,85
ENSG00000115241,PPM1G,104.8,50,54.8,1.098,0.1,4.3e-01,1.0e+00,0.7278,3920,63,39,50,48,56,49,60,54
ENSG00000262024,TCF20,48.2,18.8,29.5,1.59,0.7,4.3e-01,1.0e+00,0.7278,3921,0,39,36,0,33,39,26,20
ENSG00000196428,TSC22D2,78,42,36,0.86,-0.2,4.3e-01,1.0e+00,0.7279,3922,33,45,42,48,41,27,54,22
ENSG00000113615,SEC24A,84,39.8,44.2,1.107,0.1,4.3e-01,1.0e+00,0.7281,3924,40,37,39,43,51,32,53,41
ENSG00000144747,TMF1,113.5,54.5,59,1.087,0.1,4.3e-01,1.0e+00,0.7281,3925,55,44,64,55,57,57,56,66
ENSG00000005801,ZNF195,21.8,12,9.8,0.831,-0.3,4.3e-01,1.0e+00,0.7283,3926,9,12,11,16,7,14,11,7
ENSG00000100325,ASCC2,69.5,36.2,33.2,0.917,-0.1,4.3e-01,1.0e+00,0.729,3931,39,33,37,36,37,36,30,30
ENSG00000183578,TNFAIP8L3,53,23.2,29.8,1.268,0.3,4.3e-01,1.0e+00,0.729,3932,39,17,6,31,33,30,22,34
ENSG00000288301,NEURL4,30.2,16.2,14,0.867,-0.2,4.3e-01,1.0e+00,0.729,3932,21,15,15,14,14,14,18,10
ENSG00000121931,LRIF1,20,8.8,11.2,1.308,0.4,4.3e-01,1.0e+00,0.7292,3934,11,7,3,14,13,14,4,14
ENSG00000146067,FAM193B,84.8,45,39.8,0.878,-0.2,4.3e-01,1.0e+00,0.7292,3935,53,52,35,40,51,47,34,27
ENSG00000184402,SS18L1,22,12.2,9.8,0.813,-0.3,4.3e-01,1.0e+00,0.7295,3937,11,12,17,9,15,10,4,10
ENSG00000244398,RPL36AP37,333.5,178.2,155.2,0.872,-0.2,4.3e-01,1.0e+00,0.7295,3938,255,159,151,148,227,134,144,116
ENSG00000188895,MSL1,188.5,97.2,91.2,0.936,-0.1,4.3e-01,1.0e+00,0.7296,3939,100,87,100,102,82,93,92,98
ENSG00000129474,AJUBA,43,23.5,19.5,0.838,-0.3,4.3e-01,1.0e+00,0.7296,3940,20,22,25,27,10,14,29,25
ENSG00000158169,FANCC,21.5,12,9.5,0.795,-0.3,4.3e-01,1.0e+00,0.7296,3940,18,5,10,15,11,12,10,5
ENSG00000169727,GPS1,126.2,60.8,65.5,1.081,0.1,4.3e-01,1.0e+00,0.7297,3942,57,65,54,67,71,62,57,72
ENSG00000132780,NASP,71.5,37.8,33.8,0.89,-0.2,4.3e-01,1.0e+00,0.7297,3943,41,34,39,37,28,49,28,30
ENSG00000164961,WASHC5,170,88.2,81.8,0.924,-0.1,4.3e-01,1.0e+00,0.7297,3943,102,72,86,93,71,86,82,88
ENSG00000288475,CASP8AP2,23.5,9.2,14.2,1.53,0.6,4.3e-01,1.0e+00,0.7297,3944,6,15,1,15,17,20,20,0
ENSG00000164219,PGGT1B,30,13.8,16.2,1.167,0.2,4.3e-01,1.0e+00,0.7297,3945,13,13,14,15,9,21,18,17
ENSG00000126247,CAPNS1,262,125,137,1.094,0.1,4.3e-01,1.0e+00,0.7297,3945,129,156,105,110,164,118,136,130
ENSG00000177045,SIX5,39.8,22,17.8,0.816,-0.3,4.3e-01,1.0e+00,0.7298,3947,35,18,11,24,21,12,13,25
ENSG00000285339,VPS28,101.2,47.8,53.5,1.121,0.2,4.3e-01,1.0e+00,0.7298,3948,49,39,45,58,50,38,56,70
ENSG00000125744,RTN2,36.5,16.2,20.2,1.241,0.3,4.3e-01,1.0e+00,0.73,3949,17,10,16,22,11,36,14,20
ENSG00000163428,LRRC58,91.8,48.2,43.5,0.904,-0.1,4.3e-01,1.0e+00,0.7303,3952,56,47,36,54,52,44,36,42
ENSG00000078902,TOLLIP,93.5,44.2,49.2,1.106,0.1,4.3e-01,1.0e+00,0.7303,3953,50,35,38,54,54,55,42,46
ENSG00000164902,PHAX,91.5,43.8,47.8,1.084,0.1,4.3e-01,1.0e+00,0.7307,3955,39,41,52,43,47,52,46,46
ENSG00000173540,GMPPB,24.8,13.5,11.2,0.836,-0.3,4.3e-01,1.0e+00,0.7307,3956,19,14,9,12,12,7,11,15
ENSG00000004776,HSPB6,1036.8,549.2,487.5,0.888,-0.2,4.3e-01,1.0e+00,0.7307,3957,584,533,399,681,580,485,324,561
ENSG00000148719,DNAJB12,90.8,43.2,47.5,1.096,0.1,4.3e-01,1.0e+00,0.7307,3957,47,41,52,33,50,45,48,47
ENSG00000135250,SRPK2,83.5,44.2,39.2,0.884,-0.2,4.3e-01,1.0e+00,0.7307,3958,38,49,52,38,27,40,54,36
ENSG00000086848,ALG9,54.8,25,29.8,1.196,0.3,4.3e-01,1.0e+00,0.7307,3959,27,24,24,25,17,34,49,19
ENSG00000079999,KEAP1,134,64.5,69.5,1.076,0.1,4.3e-01,1.0e+00,0.7308,3960,67,62,65,64,65,78,59,76
ENSG00000151929,BAG3,94.5,45,49.5,1.106,0.1,4.3e-01,1.0e+00,0.731,3962,38,46,46,50,65,41,45,47
ENSG00000119917,IFIT3,72.2,38.2,34,0.888,-0.2,4.3e-01,1.0e+00,0.731,3963,42,35,38,38,43,38,21,34
ENSG00000116586,LAMTOR2,35.5,16.5,19,1.142,0.2,4.3e-01,1.0e+00,0.731,3963,13,14,24,15,18,22,17,19
ENSG00000158864,NDUFS2,128,61,67,1.101,0.1,4.3e-01,1.0e+00,0.7311,3965,62,55,65,62,63,90,62,53
ENSG00000151576,QTRT2,22.5,12.2,10.2,0.853,-0.2,4.3e-01,1.0e+00,0.7311,3966,10,12,16,11,14,8,11,8
ENSG00000107957,SH3PXD2A,734.2,354.8,379.5,1.07,0.1,4.3e-01,1.0e+00,0.7311,3966,369,401,342,307,390,358,405,365
ENSG00000169239,CA5B,32.5,17.2,15.2,0.875,-0.2,4.3e-01,1.0e+00,0.7311,3967,15,14,18,22,16,16,11,18
ENSG00000123595,RAB9A,49.2,23.2,26,1.127,0.2,4.3e-01,1.0e+00,0.7311,3968,17,23,24,29,30,28,20,26
ENSG00000117036,ETV3,41.2,19.5,21.8,1.121,0.2,4.3e-01,1.0e+00,0.7311,3969,20,18,17,23,27,19,20,21
ENSG00000254999,BRK1,200.5,103.5,97,0.938,-0.1,4.3e-01,1.0e+00,0.7312,3969,116,102,100,96,95,103,98,92
ENSG00000198899,MT-ATP6,3967.5,1891.2,2076.2,1.098,0.1,4.3e-01,1.0e+00,0.7314,3971,1813,2108,1901,1743,2144,2709,1729,1723
ENSG00000131323,TRAF3,49,26.2,22.8,0.875,-0.2,4.3e-01,1.0e+00,0.7314,3972,23,32,27,23,21,19,33,18
ENSG00000116874,WARS2,25.5,14.2,11.2,0.789,-0.3,4.3e-01,1.0e+00,0.7314,3973,8,18,15,16,8,21,5,11
ENSG00000070476,ZXDC,30.2,16,14.2,0.895,-0.2,4.3e-01,1.0e+00,0.7314,3974,16,17,17,14,14,14,14,15
ENSG00000196367,TRRAP,190,100.2,89.8,0.892,-0.2,4.3e-01,1.0e+00,0.732,3978,106,94,94,107,81,61,130,87
ENSG00000164252,AGGF1,63.2,33.8,29.5,0.875,-0.2,4.4e-01,1.0e+00,0.7327,3982,42,24,42,27,26,26,28,38
ENSG00000293491,TMEM198B,71.5,33.5,38,1.136,0.2,4.4e-01,1.0e+00,0.7327,3983,47,25,34,28,37,42,29,44
ENSG00000047849,MAP4,1376.5,667,709.5,1.064,0.1,4.4e-01,1.0e+00,0.7327,3984,666,711,689,602,651,730,738,719
ENSG00000164944,VIRMA,151.2,79,72.2,0.91,-0.1,4.4e-01,1.0e+00,0.7327,3984,94,56,85,81,68,73,65,83
ENSG00000281709,ZNF197,44,23.5,20.5,0.891,-0.2,4.4e-01,1.0e+00,0.7327,3985,25,24,20,25,19,27,20,16
ENSG00000169925,BRD3,78.5,41.2,37.2,0.906,-0.1,4.4e-01,1.0e+00,0.7327,3986,45,31,50,39,39,39,33,38
ENSG00000121964,GTDC1,34.8,15.8,19,1.196,0.3,4.4e-01,1.0e+00,0.7327,3987,21,16,17,9,17,23,25,11
ENSG00000156531,PHF6,57.8,27.2,30.5,1.13,0.2,4.4e-01,1.0e+00,0.7327,3987,27,30,29,23,32,40,30,20
ENSG00000197746,PSAP,3581.5,1857.5,1724,0.928,-0.1,4.4e-01,1.0e+00,0.7327,3988,2014,1968,1613,1835,1953,1706,1478,1759
ENSG00000136718,IMP4,45.8,21.5,24.2,1.129,0.2,4.4e-01,1.0e+00,0.7327,3989,25,22,20,19,17,27,28,25
ENSG00000118200,CAMSAP2,146.2,70.8,75.5,1.068,0.1,4.4e-01,1.0e+00,0.7327,3990,70,66,75,72,70,84,75,73
ENSG00000099899,TRMT2A,44,24.2,19.8,0.839,-0.3,4.4e-01,1.0e+00,0.7328,3991,29,29,25,14,29,11,21,18
ENSG00000104969,SGTA,85.5,44.8,40.8,0.904,-0.1,4.4e-01,1.0e+00,0.7328,3991,40,47,44,48,50,29,45,39
ENSG00000204310,AGPAT1,55.2,35.2,20,0.566,-0.8,4.4e-01,1.0e+00,0.7328,3992,0,55,45,41,0,39,0,41
ENSG00000144589,STK11IP,26,11.8,14.2,1.211,0.3,4.4e-01,1.0e+00,0.7328,3993,15,13,11,8,9,13,23,12
ENSG00000265972,TXNIP,1328.5,727.2,601.2,0.827,-0.3,4.4e-01,1.0e+00,0.7328,3994,801,852,449,807,569,845,244,747
ENSG00000162408,NOL9,33.5,18.5,15,0.831,-0.3,4.4e-01,1.0e+00,0.7328,3994,30,16,11,17,20,10,15,15
ENSG00000198846,TOX,23,13.2,9.8,0.751,-0.4,4.4e-01,1.0e+00,0.7328,3995,7,18,7,21,6,4,12,17
ENSG00000113108,APBB3,28.5,15.5,13,0.854,-0.2,4.4e-01,1.0e+00,0.7332,3998,13,20,14,15,10,18,9,15
ENSG00000021826,CPS1,28.2,15.2,13,0.857,-0.2,4.4e-01,1.0e+00,0.7334,4000,14,18,12,17,11,14,9,18
ENSG00000085449,WDFY1,143.8,69.5,74.2,1.076,0.1,4.4e-01,1.0e+00,0.7334,4001,73,63,74,68,69,70,88,70
ENSG00000168172,HOOK3,119.2,56.8,62.5,1.1,0.1,4.4e-01,1.0e+00,0.7334,4001,45,61,53,68,52,57,67,74
ENSG00000108298,RPL19,1529.5,794.2,735.2,0.926,-0.1,4.4e-01,1.0e+00,0.7334,4002,822,830,812,713,898,643,751,649
ENSG00000115750,TAF1B,27.5,12.8,14.8,1.156,0.2,4.4e-01,1.0e+00,0.7334,4003,16,12,11,12,15,11,20,13
ENSG00000143870,PDIA6,414,216,198,0.917,-0.1,4.4e-01,1.0e+00,0.7334,4004,248,225,190,201,209,175,245,163
ENSG00000104213,PDGFRL,30,17,13,0.768,-0.4,4.4e-01,1.0e+00,0.7334,4004,13,15,17,23,6,13,5,28
ENSG00000130717,UCK1,46.5,22,24.5,1.125,0.2,4.4e-01,1.0e+00,0.7334,4005,30,22,19,17,25,24,24,25
ENSG00000187688,TRPV2,38.5,18,20.5,1.16,0.2,4.4e-01,1.0e+00,0.7334,4006,20,12,24,16,21,14,27,20
ENSG00000172728,FUT10,22.8,12.2,10.5,0.875,-0.2,4.4e-01,1.0e+00,0.7334,4007,13,13,10,13,10,9,11,12
ENSG00000112237,CCNC,53.2,25.2,28,1.121,0.2,4.4e-01,1.0e+00,0.7334,4007,26,28,18,29,23,33,28,28
ENSG00000111269,CREBL2,168.2,79.5,88.8,1.117,0.2,4.4e-01,1.0e+00,0.7334,4008,78,87,77,76,72,104,62,117
ENSG00000170473,PYM1,21,9.8,11.2,1.175,0.2,4.4e-01,1.0e+00,0.7335,4009,10,10,13,6,11,9,12,13
ENSG00000182903,ZNF721,22.8,10.2,12.5,1.243,0.3,4.4e-01,1.0e+00,0.7339,4012,7,7,16,11,7,11,20,12
ENSG00000155304,HSPA13,56.5,30.2,26.2,0.885,-0.2,4.4e-01,1.0e+00,0.7339,4013,33,37,22,29,26,30,30,19
ENSG00000140400,MAN2C1,153.2,73.2,80,1.093,0.1,4.4e-01,1.0e+00,0.7339,4013,74,74,58,87,97,74,76,73
ENSG00000124098,FAM210B,244.8,129.2,115.5,0.893,-0.2,4.4e-01,1.0e+00,0.7339,4014,155,125,95,142,147,90,93,132
ENSG00000143341,HMCN1,147.5,80.8,66.8,0.825,-0.3,4.4e-01,1.0e+00,0.7347,4019,65,77,61,120,31,55,72,109
ENSG00000039650,PNKP,26.5,12.2,14.2,1.18,0.2,4.4e-01,1.0e+00,0.7347,4020,16,10,12,11,21,11,15,10
ENSG00000101040,ZMYND8,47.5,26,21.5,0.842,-0.2,4.4e-01,1.0e+00,0.7347,4021,35,32,20,17,32,21,19,14
ENSG00000063177,RPL18,676,353.2,322.8,0.914,-0.1,4.4e-01,1.0e+00,0.7348,4022,407,359,323,324,418,252,305,316
ENSG00000141179,PCTP,21,9.5,11.5,1.205,0.3,4.4e-01,1.0e+00,0.7348,4023,12,13,7,6,12,16,9,9
ENSG00000187535,IFT140,60.8,28.8,32,1.117,0.2,4.4e-01,1.0e+00,0.7351,4026,23,24,37,31,32,31,28,37
ENSG00000255330,ENSG00000255330,19.2,7.8,11.5,1.474,0.6,4.4e-01,1.0e+00,0.7354,4028,11,11,7,2,10,18,18,0
ENSG00000122958,VPS26A,113.5,53,60.5,1.142,0.2,4.4e-01,1.0e+00,0.7358,4031,69,32,66,45,71,61,62,48
ENSG00000280548,FBL,87.2,45.5,41.8,0.914,-0.1,4.4e-01,1.0e+00,0.736,4032,54,45,43,40,50,35,41,41
ENSG00000172428,COPS9,32.2,17.5,14.8,0.861,-0.2,4.4e-01,1.0e+00,0.736,4033,21,18,14,17,22,14,12,11
ENSG00000146085,MMUT,76.2,36.5,39.8,1.088,0.1,4.4e-01,1.0e+00,0.736,4034,38,38,29,41,41,42,37,39
ENSG00000093072,ADA2,50.5,27.2,23.2,0.864,-0.2,4.4e-01,1.0e+00,0.736,4035,41,24,24,20,27,20,27,19
ENSG00000288353,ARHGAP17,103.5,53.8,49.8,0.926,-0.1,4.4e-01,1.0e+00,0.7362,4036,53,60,58,44,47,51,51,50
ENSG00000115306,SPTBN1,1009.5,484.5,525,1.084,0.1,4.4e-01,1.0e+00,0.7362,4037,436,598,453,451,564,576,438,522
ENSG00000264522,OTUD7B,69.2,36.8,32.5,0.884,-0.2,4.4e-01,1.0e+00,0.7362,4038,46,44,28,29,29,40,34,27
ENSG00000036257,CUL3,142.8,68.5,74.2,1.086,0.1,4.4e-01,1.0e+00,0.7366,4041,70,78,74,52,70,73,82,72
ENSG00000099904,ZDHHC8,87.2,45.5,41.8,0.915,-0.1,4.4e-01,1.0e+00,0.7366,4042,47,49,37,49,37,36,48,46
ENSG00000154803,FLCN,131,69.2,61.8,0.888,-0.2,4.4e-01,1.0e+00,0.7366,4042,75,54,61,87,84,54,46,63
ENSG00000140319,SRP14,351.2,180.8,170.5,0.941,-0.1,4.4e-01,1.0e+00,0.7366,4043,192,170,194,167,161,185,167,169
ENSG00000173214,MFSD4B,19.5,10.8,8.8,0.832,-0.3,4.4e-01,1.0e+00,0.737,4046,13,9,11,10,12,11,8,4
ENSG00000120438,TCP1,233,120,113,0.943,-0.1,4.4e-01,1.0e+00,0.7371,4047,128,119,121,112,118,119,104,111
ENSG00000161281,COX7A1,26.5,12.5,14,1.16,0.2,4.4e-01,1.0e+00,0.7373,4049,13,9,12,16,18,13,10,15
ENSG00000114744,COMMD2,47,22.2,24.8,1.11,0.2,4.4e-01,1.0e+00,0.7373,4050,20,18,23,28,24,23,24,28
ENSG00000213341,CHUK,52.2,24.8,27.5,1.121,0.2,4.4e-01,1.0e+00,0.7377,4053,23,28,24,24,26,22,37,25
ENSG00000170364,SETMAR,43.8,20.5,23.2,1.133,0.2,4.4e-01,1.0e+00,0.7377,4054,26,15,23,18,22,28,18,25
ENSG00000143612,C1orf43,220.8,106.5,114.2,1.071,0.1,4.4e-01,1.0e+00,0.7377,4054,118,94,119,95,121,117,107,112
ENSG00000117862,TXNDC12,93.5,44.5,49,1.1,0.1,4.4e-01,1.0e+00,0.7378,4056,40,41,46,51,42,40,53,61
ENSG00000185129,PURA,105.2,49.8,55.5,1.114,0.2,4.4e-01,1.0e+00,0.7378,4056,34,55,51,59,52,50,51,69
ENSG00000099977,DDT,47.8,22.2,25.5,1.163,0.2,4.4e-01,1.0e+00,0.7378,4057,20,27,17,25,35,14,27,26
ENSG00000172123,SLFN12,31,14.2,16.8,1.159,0.2,4.4e-01,1.0e+00,0.7378,4058,15,17,12,13,17,22,18,10
ENSG00000112242,E2F3,30,16.5,13.5,0.831,-0.3,4.4e-01,1.0e+00,0.7378,4059,11,22,14,19,15,17,16,6
ENSG00000119392,GLE1,63,29.8,33.2,1.124,0.2,4.4e-01,1.0e+00,0.7378,4059,34,26,34,25,33,43,24,33
ENSG00000196504,PRPF40A,149.5,78.2,71.2,0.911,-0.1,4.4e-01,1.0e+00,0.738,4061,79,80,94,60,66,60,86,73
ENSG00000179630,LACC1,49.5,26.5,23,0.87,-0.2,4.4e-01,1.0e+00,0.738,4062,23,16,34,33,26,23,25,18
ENSG00000185236,RAB11B,152,73.2,78.8,1.075,0.1,4.4e-01,1.0e+00,0.738,4063,73,70,75,75,75,65,85,90
ENSG00000106591,MRPL32,50.2,23.8,26.5,1.135,0.2,4.4e-01,1.0e+00,0.738,4064,19,24,26,26,34,32,19,21
ENSG00000079277,MKNK1,44.8,20.8,24,1.167,0.2,4.4e-01,1.0e+00,0.738,4064,19,21,15,28,19,18,23,36
ENSG00000145284,SCD5,48,25.8,22.2,0.872,-0.2,4.4e-01,1.0e+00,0.738,4065,20,27,19,37,18,25,20,26
ENSG00000177853,ZNF518A,26,14.5,11.5,0.823,-0.3,4.4e-01,1.0e+00,0.7382,4067,10,24,11,13,8,12,10,16
ENSG00000064545,TMEM161A,23.2,10.8,12.5,1.159,0.2,4.4e-01,1.0e+00,0.7382,4067,13,8,11,11,12,14,9,15
ENSG00000080503,SMARCA2,290,137.8,152.2,1.106,0.1,4.4e-01,1.0e+00,0.7382,4068,134,162,96,159,136,181,129,163
ENSG00000090686,USP48,154.8,74,80.8,1.095,0.1,4.4e-01,1.0e+00,0.7382,4069,62,74,94,66,76,69,93,85
ENSG00000138867,GUCD1,145,70,75,1.07,0.1,4.4e-01,1.0e+00,0.7382,4070,71,65,70,74,84,71,67,78
ENSG00000172869,DMXL1,106.8,51,55.8,1.091,0.1,4.5e-01,1.0e+00,0.7382,4070,49,48,47,60,47,67,50,59
ENSG00000101911,PRPS2,37,19.8,17.2,0.893,-0.2,4.5e-01,1.0e+00,0.7382,4071,22,18,19,20,20,13,16,20
ENSG00000157978,LDLRAP1,42.8,20,22.8,1.16,0.2,4.5e-01,1.0e+00,0.7382,4072,14,23,24,19,19,34,16,22
ENSG00000101417,PXMP4,22.8,12.5,10.2,0.823,-0.3,4.5e-01,1.0e+00,0.7382,4073,14,14,6,16,6,11,12,12
ENSG00000159788,RGS12,31.8,14.8,17,1.192,0.3,4.5e-01,1.0e+00,0.7382,4073,12,22,13,12,18,23,9,18
ENSG00000088247,KHSRP,231.2,120,111.2,0.925,-0.1,4.5e-01,1.0e+00,0.7382,4074,141,102,105,132,115,108,123,99
ENSG00000165804,ZNF219,57.8,31.5,26.2,0.834,-0.3,4.5e-01,1.0e+00,0.7383,4075,39,37,17,33,36,31,13,25
ENSG00000284967,FDFT1,62.8,27.2,35.5,1.297,0.4,4.5e-01,1.0e+00,0.7383,4076,43,33,30,3,39,41,26,36
ENSG00000089280,FUS,165,78,87,1.118,0.2,4.5e-01,1.0e+00,0.7395,4083,80,76,84,72,97,75,119,57
ENSG00000070831,CDC42,47,26,21,0.817,-0.3,4.5e-01,1.0e+00,0.7395,4084,43,23,18,20,32,25,15,12
ENSG00000158042,MRPL17,44.5,24.2,20.2,0.852,-0.2,4.5e-01,1.0e+00,0.7396,4085,18,27,30,22,24,14,30,13
ENSG00000196440,ARMCX4,23.8,12.8,11,0.864,-0.2,4.5e-01,1.0e+00,0.7398,4087,13,11,16,11,13,8,14,9
ENSG00000130844,ZNF331,24.2,13.2,11,0.849,-0.2,4.5e-01,1.0e+00,0.7399,4089,9,10,16,18,9,12,10,13
ENSG00000145868,FBXO38,70,36.8,33.2,0.91,-0.1,4.5e-01,1.0e+00,0.7399,4089,36,43,33,35,28,38,29,38
ENSG00000113805,CNTN3,44.8,24.8,20,0.815,-0.3,4.5e-01,1.0e+00,0.7408,4095,15,30,20,34,9,24,31,16
ENSG00000168268,NT5DC2,96,49.8,46.2,0.928,-0.1,4.5e-01,1.0e+00,0.7408,4096,52,48,47,52,53,40,49,43
ENSG00000198089,SFI1,19.8,11,8.8,0.815,-0.3,4.5e-01,1.0e+00,0.7408,4097,10,5,14,15,7,6,12,10
ENSG00000114030,KPNA1,117.8,62,55.8,0.906,-0.1,4.5e-01,1.0e+00,0.7408,4097,62,59,73,54,59,68,40,56
ENSG00000281022,MED22,68,35.8,32.2,0.902,-0.1,4.5e-01,1.0e+00,0.7408,4098,43,30,32,38,30,26,34,39
ENSG00000157823,AP3S2,87.5,41.5,46,1.106,0.1,4.5e-01,1.0e+00,0.7408,4099,46,39,32,49,45,53,35,51
ENSG00000131508,UBE2D2,100.5,47.2,53.2,1.124,0.2,4.5e-01,1.0e+00,0.7408,4100,43,37,53,56,53,73,40,47
ENSG00000042429,MED17,34.2,15.8,18.5,1.164,0.2,4.5e-01,1.0e+00,0.7408,4100,16,11,21,15,18,23,22,11
ENSG00000282854,ASAP3,143,68.8,74.2,1.077,0.1,4.5e-01,1.0e+00,0.7408,4101,66,62,82,65,70,83,70,74
ENSG00000137975,CLCA2,45.5,26.5,19,0.71,-0.5,4.5e-01,1.0e+00,0.741,4103,35,12,8,51,16,29,3,28
ENSG00000146376,ARHGAP18,37.2,17,20.2,1.168,0.2,4.5e-01,1.0e+00,0.741,4103,17,17,11,23,14,23,17,27
ENSG00000144043,TEX261,298.5,144.8,153.8,1.062,0.1,4.5e-01,1.0e+00,0.7414,4106,138,149,137,155,165,152,137,161
ENSG00000204852,TCTN1,73.8,38.8,35,0.91,-0.1,4.5e-01,1.0e+00,0.7414,4107,35,40,48,32,31,39,34,36
ENSG00000115461,IGFBP5,14774.5,8135,6639.5,0.816,-0.3,4.5e-01,1.0e+00,0.7414,4108,3276,12790,9200,7274,3879,8896,6738,7045
ENSG00000100347,SAMM50,70.2,33.2,37,1.111,0.2,4.5e-01,1.0e+00,0.7414,4109,40,29,39,25,43,34,35,36
ENSG00000101849,TBL1X,59,31.8,27.2,0.855,-0.2,4.5e-01,1.0e+00,0.7414,4109,27,30,30,40,16,20,33,40
ENSG00000160213,CSTB,146.2,69.2,77,1.116,0.2,4.5e-01,1.0e+00,0.7415,4111,51,80,76,70,55,98,70,85
ENSG00000282046,GREM1,6945.2,3995.8,2949.5,0.738,-0.4,4.5e-01,1.0e+00,0.7415,4112,3771,3910,6664,1638,1851,2542,6497,908
ENSG00000101181,MTG2,40.8,21.5,19.2,0.902,-0.1,4.5e-01,1.0e+00,0.7415,4112,18,23,22,23,16,21,20,20
ENSG00000131697,NPHP4,20,11,9,0.836,-0.3,4.5e-01,1.0e+00,0.7418,4114,11,6,11,16,12,7,9,8
ENSG00000110395,CBL,77,36,41,1.134,0.2,4.5e-01,1.0e+00,0.7424,4119,46,27,38,33,40,27,48,49
ENSG00000106819,ASPN,178,75.5,102.5,1.356,0.4,4.5e-01,1.0e+00,0.7424,4120,41,139,47,75,50,188,28,144
ENSG00000164144,ARFIP1,67.5,32.2,35.2,1.1,0.1,4.5e-01,1.0e+00,0.7426,4122,37,25,31,36,37,35,30,39
ENSG00000197355,UAP1L1,63,34,29,0.851,-0.2,4.5e-01,1.0e+00,0.7426,4122,48,20,28,40,42,25,23,26
ENSG00000035687,ADSS2,70.5,37,33.5,0.911,-0.1,4.5e-01,1.0e+00,0.7426,4123,31,33,38,46,31,35,31,37
ENSG00000165660,ABRAXAS2,37.5,20.5,17,0.866,-0.2,4.5e-01,1.0e+00,0.7426,4124,13,27,23,19,21,13,18,16
ENSG00000115520,COQ10B,44.2,23.8,20.5,0.881,-0.2,4.5e-01,1.0e+00,0.7426,4125,25,26,25,19,22,28,18,14
ENSG00000177707,NECTIN3,91,42.8,48.2,1.126,0.2,4.5e-01,1.0e+00,0.7426,4125,35,44,49,43,42,47,69,35
ENSG00000262814,MRPL12,27.2,12.8,14.5,1.137,0.2,4.5e-01,1.0e+00,0.7426,4126,15,13,12,11,12,13,18,15
ENSG00000018610,STEEP1,27,14.8,12.2,0.837,-0.3,4.5e-01,1.0e+00,0.7426,4127,18,7,13,21,11,14,10,14
ENSG00000109083,IFT20,45.5,21.5,24,1.124,0.2,4.5e-01,1.0e+00,0.7426,4128,21,18,22,25,30,27,22,17
ENSG00000125851,PCSK2,108,46.2,61.8,1.34,0.4,4.5e-01,1.0e+00,0.7427,4129,76,48,40,21,131,38,61,17
ENSG00000236873,AGPAT1,47,16.5,30.5,1.855,0.9,4.5e-01,1.0e+00,0.7428,4130,27,0,0,39,74,3,0,45
ENSG00000185515,BRCC3,36.8,16.8,20,1.203,0.3,4.5e-01,1.0e+00,0.7429,4131,18,21,14,14,16,36,14,14
ENSG00000047644,WWC3,124,59.2,64.8,1.094,0.1,4.5e-01,1.0e+00,0.7429,4132,58,55,61,63,52,58,85,64
ENSG00000140848,CPNE2,32.2,15,17.2,1.153,0.2,4.5e-01,1.0e+00,0.7429,4133,11,17,13,19,17,23,16,13
ENSG00000170275,CRTAP,701.2,340.2,361,1.062,0.1,4.5e-01,1.0e+00,0.7429,4134,361,311,361,328,400,345,346,353
ENSG00000174989,FBXW8,44.5,24.2,20.2,0.836,-0.3,4.5e-01,1.0e+00,0.743,4135,23,14,21,39,13,21,28,19
ENSG00000168264,IRF2BP2,130.5,69.2,61.2,0.885,-0.2,4.5e-01,1.0e+00,0.743,4136,80,66,41,90,64,66,66,49
ENSG00000105254,TBCB,79,37.2,41.8,1.114,0.2,4.5e-01,1.0e+00,0.743,4136,48,32,32,37,48,30,46,43
ENSG00000107669,ATE1,47.2,22.2,25,1.124,0.2,4.5e-01,1.0e+00,0.7432,4138,29,17,20,23,23,27,20,30
ENSG00000168883,USP39,82,38.5,43.5,1.122,0.2,4.5e-01,1.0e+00,0.7432,4139,42,37,38,37,27,57,49,41
ENSG00000099246,RAB18,138.5,66.8,71.8,1.08,0.1,4.5e-01,1.0e+00,0.7433,4140,74,58,64,71,65,86,70,66
ENSG00000231617,DAXX,31.2,20.5,10.8,0.54,-0.9,4.5e-01,1.0e+00,0.7433,4141,26,0,13,43,42,0,0,1
ENSG00000225614,ZNF469,59,27,32,1.184,0.2,4.5e-01,1.0e+00,0.744,4145,25,25,30,28,39,13,47,29
ENSG00000119772,DNMT3A,35,18.8,16.2,0.862,-0.2,4.5e-01,1.0e+00,0.744,4146,23,18,21,13,15,21,10,19
ENSG00000278311,GGNBP2,118.8,56.2,62.5,1.114,0.2,4.5e-01,1.0e+00,0.744,4147,42,72,57,54,45,72,63,70
ENSG00000264343,NOTCH2NLA,95,50.5,44.5,0.878,-0.2,4.5e-01,1.0e+00,0.744,4148,54,49,34,65,51,28,45,54
ENSG00000166170,BAG5,55,26,29,1.12,0.2,4.5e-01,1.0e+00,0.744,4148,34,18,26,26,27,35,27,27
ENSG00000151135,TMEM263,175.8,91.8,84,0.916,-0.1,4.5e-01,1.0e+00,0.744,4149,101,82,78,106,85,87,99,65
ENSG00000102871,TRADD,29,13,16,1.25,0.3,4.5e-01,1.0e+00,0.744,4150,13,4,23,12,19,9,19,17
ENSG00000160688,FLAD1,27.5,14.8,12.8,0.869,-0.2,4.5e-01,1.0e+00,0.7442,4152,16,15,18,10,10,14,15,12
ENSG00000029153,BMAL2,31.8,14.8,17,1.14,0.2,4.5e-01,1.0e+00,0.7442,4153,19,11,18,11,17,17,16,18
ENSG00000113851,CRBN,49,23,26,1.144,0.2,4.5e-01,1.0e+00,0.7443,4154,21,22,25,24,18,29,19,38
ENSG00000167778,SPRYD3,57,27,30,1.115,0.2,4.5e-01,1.0e+00,0.7443,4155,29,31,27,21,24,38,30,28
ENSG00000147533,GOLGA7,83.5,44,39.5,0.897,-0.2,4.5e-01,1.0e+00,0.7443,4156,58,39,31,48,33,38,43,44
ENSG00000034713,GABARAPL2,123.2,57.2,66,1.154,0.2,4.5e-01,1.0e+00,0.7443,4156,72,47,70,40,79,81,37,67
ENSG00000111144,LTA4H,131.5,68.5,63,0.918,-0.1,4.5e-01,1.0e+00,0.745,4161,58,69,70,77,48,64,67,73
ENSG00000123268,ATF1,38,17.8,20.2,1.148,0.2,4.6e-01,1.0e+00,0.7453,4163,18,20,13,20,18,17,29,17
ENSG00000188158,NHS,38.5,20.8,17.8,0.873,-0.2,4.6e-01,1.0e+00,0.7453,4164,17,21,23,22,15,14,27,15
ENSG00000198938,MT-CO3,4606,2183,2423,1.11,0.2,4.6e-01,1.0e+00,0.7458,4167,2334,2473,1834,2091,2845,3008,1677,2162
ENSG00000135506,OS9,688.5,354.8,333.8,0.941,-0.1,4.6e-01,1.0e+00,0.7461,4170,369,367,378,305,335,357,314,329
ENSG00000140464,PML,124.2,59.2,65,1.101,0.1,4.6e-01,1.0e+00,0.7461,4171,71,63,40,63,66,73,57,64
ENSG00000151892,GFRA1,131.2,76,55.2,0.732,-0.5,4.6e-01,1.0e+00,0.7461,4172,74,152,15,63,65,82,16,58
ENSG00000134278,SPIRE1,70,37.2,32.8,0.883,-0.2,4.6e-01,1.0e+00,0.7461,4172,26,30,51,42,39,32,27,33
ENSG00000102390,PBDC1,30,16,14,0.88,-0.2,4.6e-01,1.0e+00,0.7461,4173,13,14,16,21,12,12,17,15
ENSG00000114948,ADAM23,52,21.2,30.8,1.452,0.5,4.6e-01,1.0e+00,0.7461,4174,3,39,8,35,12,47,12,52
ENSG00000129292,PHF20L1,117.2,61.2,56,0.917,-0.1,4.6e-01,1.0e+00,0.7461,4175,59,62,77,47,55,57,52,60
ENSG00000173674,EIF1AX,144.5,67.5,77,1.14,0.2,4.6e-01,1.0e+00,0.7461,4175,61,56,58,95,69,60,65,114
ENSG00000163754,GYG1,97.8,47,50.8,1.075,0.1,4.6e-01,1.0e+00,0.7461,4176,46,43,51,48,44,56,53,50
ENSG00000154277,UCHL1,382.2,204.2,178,0.872,-0.2,4.6e-01,1.0e+00,0.7461,4177,249,221,227,120,201,212,191,108
ENSG00000172346,CSDC2,62.8,34.2,28.5,0.841,-0.3,4.6e-01,1.0e+00,0.7461,4178,35,36,20,46,33,31,13,37
ENSG00000132561,MATN2,268,149.8,118.2,0.787,-0.3,4.6e-01,1.0e+00,0.7461,4178,123,129,83,264,107,94,49,223
ENSG00000147124,ZNF41,22.8,12.2,10.5,0.859,-0.2,4.6e-01,1.0e+00,0.7461,4179,14,12,9,14,8,11,9,14
ENSG00000152242,ARK2N,30,16.2,13.8,0.866,-0.2,4.6e-01,1.0e+00,0.7464,4181,18,12,16,19,18,12,9,16
ENSG00000281013,NDUFA6,24.2,9,15.2,1.694,0.8,4.6e-01,1.0e+00,0.7464,4182,23,13,0,0,33,14,0,14
ENSG00000154358,OBSCN,28.2,16,12.2,0.786,-0.3,4.6e-01,1.0e+00,0.7466,4184,27,7,15,15,22,6,12,9
ENSG00000130414,NDUFA10,112,59,53,0.897,-0.2,4.6e-01,1.0e+00,0.7466,4185,65,50,75,46,60,58,56,38
ENSG00000138326,RPS24,916.8,475.2,441.5,0.93,-0.1,4.6e-01,1.0e+00,0.7467,4186,473,521,439,468,539,417,369,441
ENSG00000100726,TELO2,29.5,13.8,15.8,1.165,0.2,4.6e-01,1.0e+00,0.7474,4190,18,10,18,9,20,14,15,14
ENSG00000277222,BTBD7,91.5,39.5,52,1.306,0.4,4.6e-01,1.0e+00,0.7474,4191,73,36,45,4,45,54,55,54
ENSG00000278318,ZNF229,30.2,13.8,16.5,1.204,0.3,4.6e-01,1.0e+00,0.7477,4194,10,14,12,19,9,17,26,14
ENSG00000070269,TMEM260,38,20.2,17.8,0.895,-0.2,4.6e-01,1.0e+00,0.7477,4194,22,22,15,22,18,21,16,16
ENSG00000118482,PHF3,151.2,78.2,73,0.929,-0.1,4.6e-01,1.0e+00,0.7478,4196,79,70,85,79,63,80,65,84
ENSG00000099250,NRP1,548.2,289.8,258.5,0.893,-0.2,4.6e-01,1.0e+00,0.7478,4197,278,307,235,339,242,254,173,365
ENSG00000107175,CREB3,85.5,44.5,41,0.919,-0.1,4.6e-01,1.0e+00,0.7481,4199,47,49,46,36,35,40,47,42
ENSG00000197885,NKIRAS1,27.5,15.2,12.2,0.833,-0.3,4.6e-01,1.0e+00,0.7483,4201,10,21,9,21,10,11,12,16
ENSG00000106723,SPIN1,168.2,88.5,79.8,0.899,-0.2,4.6e-01,1.0e+00,0.7483,4202,72,77,103,102,71,97,57,94
ENSG00000137075,RNF38,80.8,37.5,43.2,1.15,0.2,4.6e-01,1.0e+00,0.7483,4202,39,35,30,46,38,64,25,46
ENSG00000185721,DRG1,54.8,26,28.8,1.115,0.2,4.6e-01,1.0e+00,0.7483,4203,17,31,27,29,28,30,31,26
ENSG00000130255,RPL36,398.5,189.2,209.2,1.104,0.1,4.6e-01,1.0e+00,0.7486,4206,224,209,174,150,271,171,223,172
ENSG00000072657,TRHDE,104.8,49,55.8,1.14,0.2,4.6e-01,1.0e+00,0.7487,4207,36,45,63,52,40,53,82,48
ENSG00000094631,HDAC6,41,19.5,21.5,1.121,0.2,4.6e-01,1.0e+00,0.7487,4208,15,27,17,19,22,21,22,21
ENSG00000120314,WDR55,54,25.5,28.5,1.121,0.2,4.6e-01,1.0e+00,0.749,4210,24,20,31,27,22,27,36,29
ENSG00000140718,FTO,120,63.8,56.2,0.88,-0.2,4.6e-01,1.0e+00,0.7491,4211,46,50,88,71,41,64,70,50
ENSG00000143106,PSMA5,93.8,44.5,49.2,1.1,0.1,4.6e-01,1.0e+00,0.7491,4212,42,37,43,56,49,57,53,38
ENSG00000114554,PLXNA1,227,120,107,0.89,-0.2,4.6e-01,1.0e+00,0.7491,4213,120,131,82,147,93,111,79,145
ENSG00000145741,BTF3,471.8,243.5,228.2,0.936,-0.1,4.6e-01,1.0e+00,0.7491,4214,257,258,241,218,270,220,205,218
ENSG00000119559,C19orf25,41.2,19.5,21.8,1.123,0.2,4.6e-01,1.0e+00,0.7491,4214,22,14,25,17,25,21,22,19
ENSG00000090612,ZNF268,43.8,23.8,20,0.849,-0.2,4.6e-01,1.0e+00,0.7495,4217,16,29,27,23,13,25,29,13
ENSG00000181789,COPG1,338.5,162.5,176,1.083,0.1,4.6e-01,1.0e+00,0.7495,4218,173,162,169,146,176,153,227,148
ENSG00000103260,METRN,25.2,11.5,13.8,1.217,0.3,4.6e-01,1.0e+00,0.7495,4219,6,7,18,15,14,9,16,16
ENSG00000179409,GEMIN4,44.8,21,23.8,1.143,0.2,4.6e-01,1.0e+00,0.7501,4223,32,14,19,19,22,28,24,21
ENSG00000078403,MLLT10,55,26,29,1.133,0.2,4.6e-01,1.0e+00,0.7501,4224,22,36,27,19,32,30,33,21
ENSG00000204257,HLA-DMA,14.5,5.5,9,1.649,0.7,4.6e-01,1.0e+00,0.7501,4224,0,11,11,0,7,0,16,13
ENSG00000120802,TMPO,43,23.2,19.8,0.852,-0.2,4.6e-01,1.0e+00,0.7501,4225,38,18,15,22,20,25,17,17
ENSG00000242372,EIF6,97.8,50.8,47,0.925,-0.1,4.6e-01,1.0e+00,0.7501,4226,53,48,44,58,50,39,48,51
ENSG00000116127,ALMS1,32.5,17.2,15.2,0.889,-0.2,4.6e-01,1.0e+00,0.7501,4227,17,14,19,19,17,12,19,13
ENSG00000090924,PLEKHG2,95,44.8,50.2,1.124,0.2,4.6e-01,1.0e+00,0.7501,4227,31,51,53,44,48,41,69,43
ENSG00000161542,PRPSAP1,42.8,22.8,20,0.878,-0.2,4.6e-01,1.0e+00,0.7501,4228,24,17,23,27,16,14,24,26
ENSG00000105928,GSDME,62,33,29,0.878,-0.2,4.6e-01,1.0e+00,0.7501,4229,35,24,41,32,20,24,40,32
ENSG00000188603,CLN3,56.8,30.2,26.5,0.885,-0.2,4.6e-01,1.0e+00,0.7501,4230,36,33,24,28,27,21,21,37
ENSG00000129255,MPDU1,55,29.2,25.8,0.89,-0.2,4.6e-01,1.0e+00,0.7501,4231,27,28,40,22,31,24,26,22
ENSG00000138175,ARL3,47.5,22.8,24.8,1.106,0.1,4.6e-01,1.0e+00,0.7501,4232,21,26,22,22,31,22,25,21
ENSG00000163728,TTC14,107.5,56,51.5,0.921,-0.1,4.6e-01,1.0e+00,0.7502,4232,50,51,65,58,49,43,52,62
ENSG00000089022,MAPKAPK5,44.2,23.5,20.8,0.901,-0.1,4.6e-01,1.0e+00,0.7505,4235,23,20,25,26,20,19,26,18
ENSG00000275746,KLF13,116.5,44.8,71.8,1.603,0.7,4.6e-01,1.0e+00,0.7505,4236,70,0,41,68,91,0,81,115
ENSG00000233323,TNXB,50.2,33,17.2,0.524,-0.9,4.6e-01,1.0e+00,0.7505,4236,0,0,85,47,0,38,31,0
ENSG00000148187,MRRF,38.2,20.5,17.8,0.882,-0.2,4.6e-01,1.0e+00,0.7505,4237,21,21,23,17,25,16,17,13
ENSG00000089486,CDIP1,25.5,16.2,9.2,0.59,-0.8,4.6e-01,1.0e+00,0.7506,4239,0,30,10,25,0,0,24,13
ENSG00000154144,TBRG1,96.8,50.8,46,0.905,-0.1,4.6e-01,1.0e+00,0.7508,4241,46,54,43,60,41,39,42,62
ENSG00000106868,SUSD1,44.2,20.8,23.5,1.153,0.2,4.6e-01,1.0e+00,0.7508,4242,21,27,25,10,25,24,23,22
ENSG00000127220,ABHD8,29,16.2,12.8,0.775,-0.4,4.6e-01,1.0e+00,0.7509,4242,16,16,16,17,12,17,1,21
ENSG00000057757,PITHD1,40,19,21,1.111,0.2,4.6e-01,1.0e+00,0.7513,4246,17,16,20,23,24,18,20,22
ENSG00000109107,ALDOC,33.2,15.2,18,1.185,0.2,4.6e-01,1.0e+00,0.7514,4247,17,12,18,14,13,13,31,15
ENSG00000130787,HIP1R,25,14,11,0.79,-0.3,4.6e-01,1.0e+00,0.7517,4250,14,6,16,20,13,3,11,17
ENSG00000196470,SIAH1,30.2,14.2,16,1.126,0.2,4.6e-01,1.0e+00,0.7519,4251,12,15,18,12,15,16,18,15
ENSG00000166598,HSP90B1,1461.5,768.2,693.2,0.902,-0.1,4.6e-01,1.0e+00,0.7521,4253,853,853,711,656,708,605,958,502
ENSG00000177098,SCN4B,21,12,9,0.752,-0.4,4.7e-01,1.0e+00,0.7532,4260,15,4,7,22,14,4,5,13
ENSG00000133997,MED6,25.5,13.8,11.8,0.872,-0.2,4.7e-01,1.0e+00,0.7533,4262,11,14,11,19,12,13,11,11
ENSG00000173166,RAPH1,146.8,78.8,68,0.865,-0.2,4.7e-01,1.0e+00,0.7533,4262,73,120,60,62,46,98,61,67
ENSG00000176624,MEX3C,76,36.2,39.8,1.095,0.1,4.7e-01,1.0e+00,0.7533,4263,40,40,38,27,43,37,35,44
ENSG00000177363,LRRN4CL,302,157.2,144.8,0.92,-0.1,4.7e-01,1.0e+00,0.7535,4265,180,148,128,173,124,159,124,172
ENSG00000100564,PIGH,20.5,9.2,11.2,1.237,0.3,4.7e-01,1.0e+00,0.7535,4266,12,7,10,8,14,4,9,18
ENSG00000091592,NLRP1,97.8,47,50.8,1.072,0.1,4.7e-01,1.0e+00,0.7537,4268,51,51,44,42,55,50,50,48
ENSG00000106012,IQCE,53.2,28,25.2,0.911,-0.1,4.7e-01,1.0e+00,0.754,4270,31,30,25,26,23,24,23,31
ENSG00000293188,ENSG00000293188,16.5,9.2,7.2,0.802,-0.3,4.7e-01,1.0e+00,0.754,4271,12,7,10,8,10,2,6,11
ENSG00000100028,SNRPD3,72.8,39,33.8,0.868,-0.2,4.7e-01,1.0e+00,0.754,4272,42,43,51,20,25,40,33,37
ENSG00000132581,SDF2,64,30.8,33.2,1.092,0.1,4.7e-01,1.0e+00,0.754,4272,32,35,27,29,38,28,32,35
ENSG00000146083,RNF44,38.2,20.5,17.8,0.883,-0.2,4.7e-01,1.0e+00,0.754,4273,17,22,27,16,19,21,13,18
ENSG00000169696,ASPSCR1,22.8,10.5,12.2,1.16,0.2,4.7e-01,1.0e+00,0.754,4274,13,13,7,9,12,14,13,10
ENSG00000156261,CCT8,204,98.8,105.2,1.067,0.1,4.7e-01,1.0e+00,0.754,4275,109,95,85,106,96,104,104,117
ENSG00000178498,DTX3,37,20.5,16.5,0.821,-0.3,4.7e-01,1.0e+00,0.754,4275,28,21,20,13,28,18,7,13
ENSG00000163714,U2SURP,135.5,70.5,65,0.92,-0.1,4.7e-01,1.0e+00,0.754,4276,57,75,77,73,53,66,62,79
ENSG00000147874,HAUS6,51.8,24,27.8,1.164,0.2,4.7e-01,1.0e+00,0.754,4277,26,26,29,15,41,30,18,22
ENSG00000104643,MTMR9,31.8,14.8,17,1.139,0.2,4.7e-01,1.0e+00,0.754,4278,14,12,13,20,15,20,13,20
ENSG00000059122,FLYWCH1,101.2,54.2,47,0.871,-0.2,4.7e-01,1.0e+00,0.754,4278,51,58,40,68,47,60,24,57
ENSG00000171703,TCEA2,52,24.2,27.8,1.143,0.2,4.7e-01,1.0e+00,0.754,4279,19,24,29,25,30,25,17,39
ENSG00000006007,GDE1,221.5,106,115.5,1.089,0.1,4.7e-01,1.0e+00,0.754,4280,99,93,127,105,103,132,136,91
ENSG00000103150,MLYCD,24,11.2,12.8,1.153,0.2,4.7e-01,1.0e+00,0.754,4281,8,11,10,16,14,12,14,11
ENSG00000161203,AP2M1,712.2,343.8,368.5,1.072,0.1,4.7e-01,1.0e+00,0.754,4281,322,348,407,298,379,335,415,345
ENSG00000136840,ST6GALNAC4,30,13.8,16.2,1.199,0.3,4.7e-01,1.0e+00,0.754,4282,14,14,21,6,20,10,17,18
ENSG00000225859,DDX39B,140.2,74.5,65.8,0.884,-0.2,4.7e-01,1.0e+00,0.754,4283,85,59,53,101,72,55,84,52
ENSG00000142166,IFNAR1,209.5,108.5,101,0.931,-0.1,4.7e-01,1.0e+00,0.7542,4284,93,123,113,105,93,120,100,91
ENSG00000124783,SSR1,248.5,129.8,118.8,0.917,-0.1,4.7e-01,1.0e+00,0.7547,4288,149,139,112,119,110,157,109,99
ENSG00000068438,FTSJ1,34.5,16,18.5,1.16,0.2,4.7e-01,1.0e+00,0.7548,4289,22,14,18,10,24,18,19,13
ENSG00000166886,NAB2,90.5,43.2,47.2,1.091,0.1,4.7e-01,1.0e+00,0.7548,4290,54,38,41,40,47,43,57,42
ENSG00000143933,CALM2,534.8,256,278.8,1.09,0.1,4.7e-01,1.0e+00,0.7549,4291,229,278,268,249,202,309,344,260
ENSG00000197965,MPZL1,445,213.8,231.2,1.082,0.1,4.7e-01,1.0e+00,0.755,4293,177,223,248,207,192,220,280,233
ENSG00000164904,ALDH7A1,95.2,44.8,50.5,1.129,0.2,4.7e-01,1.0e+00,0.755,4294,36,67,31,45,51,59,50,42
ENSG00000228570,NUTM2E,31,14.2,16.8,1.177,0.2,4.7e-01,1.0e+00,0.7556,4298,13,21,10,13,16,12,13,26
ENSG00000185340,GAS2L1,27.8,12.5,15.2,1.26,0.3,4.7e-01,1.0e+00,0.7556,4299,11,7,10,22,23,12,6,20
ENSG00000104897,SF3A2,52.2,27.8,24.5,0.885,-0.2,4.7e-01,1.0e+00,0.7557,4300,36,21,28,26,30,21,18,29
ENSG00000002933,TMEM176A,47.2,17.5,29.8,1.686,0.8,4.7e-01,1.0e+00,0.7559,4302,47,18,1,4,79,34,2,4
ENSG00000184785,SMIM10,24.2,11,13.2,1.179,0.2,4.7e-01,1.0e+00,0.7559,4303,14,12,6,12,9,17,14,13
ENSG00000136451,VEZF1,156,75,81,1.077,0.1,4.7e-01,1.0e+00,0.7559,4303,64,77,89,70,80,78,73,93
ENSG00000198816,ZNF358,110.2,57.2,53,0.924,-0.1,4.7e-01,1.0e+00,0.7559,4304,66,56,54,53,55,43,51,63
ENSG00000089775,ZBTB25,30.8,14.5,16.2,1.142,0.2,4.7e-01,1.0e+00,0.7559,4305,10,20,12,16,15,18,17,15
ENSG00000149782,PLCB3,57.2,27.5,29.8,1.094,0.1,4.7e-01,1.0e+00,0.7559,4306,28,24,26,32,31,25,31,32
ENSG00000137154,RPS6,2061.2,1075.2,986,0.917,-0.1,4.7e-01,1.0e+00,0.7559,4306,1225,1115,994,967,1312,957,835,840
ENSG00000166046,TCP11L2,22.8,10.5,12.2,1.162,0.2,4.7e-01,1.0e+00,0.7559,4307,14,7,12,9,13,9,12,15
ENSG00000130332,LSM7,21.5,10,11.5,1.168,0.2,4.7e-01,1.0e+00,0.7565,4311,10,11,6,13,15,9,12,10
ENSG00000119383,PTPA,154.2,80.5,73.8,0.92,-0.1,4.7e-01,1.0e+00,0.7568,4314,85,88,79,70,72,92,75,56
ENSG00000151338,MIPOL1,32,14.5,17.5,1.197,0.3,4.7e-01,1.0e+00,0.757,4315,17,9,19,13,8,19,24,19
ENSG00000104660,LEPROTL1,51.5,27.5,24,0.88,-0.2,4.7e-01,1.0e+00,0.7571,4317,24,27,30,29,31,17,31,17
ENSG00000107036,RIC1,141.5,68.2,73.2,1.079,0.1,4.7e-01,1.0e+00,0.7572,4319,54,68,80,71,65,71,82,75
ENSG00000003393,ALS2,80.8,42.2,38.5,0.908,-0.1,4.7e-01,1.0e+00,0.7573,4319,41,35,53,40,36,31,48,39
ENSG00000164253,WDR41,45,23.8,21.2,0.912,-0.1,4.7e-01,1.0e+00,0.7573,4320,21,28,23,23,19,21,23,22
ENSG00000177485,ZBTB33,41.8,22.2,19.5,0.894,-0.2,4.7e-01,1.0e+00,0.7574,4322,19,21,26,23,19,14,19,26
ENSG00000168495,POLR3D,48.5,23,25.5,1.117,0.2,4.7e-01,1.0e+00,0.7574,4323,15,23,29,25,27,26,26,23
ENSG00000087995,METTL2A,36.2,17,19.2,1.125,0.2,4.7e-01,1.0e+00,0.7575,4324,17,14,17,20,14,20,24,19
ENSG00000205220,PSMB10,28.5,15.5,13,0.842,-0.2,4.7e-01,1.0e+00,0.7576,4325,16,14,15,17,17,5,19,11
ENSG00000008282,SYPL1,156.5,74.5,82,1.099,0.1,4.7e-01,1.0e+00,0.7576,4326,81,73,70,74,84,84,55,105
ENSG00000169733,RFNG,69,32.8,36.2,1.106,0.1,4.7e-01,1.0e+00,0.7576,4327,36,35,36,24,28,36,44,37
ENSG00000257529,RPL36A-HNRNPH2,55.8,35,20.8,0.596,-0.7,4.7e-01,1.0e+00,0.7582,4331,11,0,85,44,0,9,22,52
ENSG00000126070,AGO3,54.8,25.8,29,1.136,0.2,4.7e-01,1.0e+00,0.7582,4332,21,33,26,23,30,35,17,34
ENSG00000134056,KGD4,20.5,9.5,11,1.181,0.2,4.7e-01,1.0e+00,0.7584,4334,13,6,7,12,11,14,8,11
ENSG00000198815,FOXJ3,69,36,33,0.921,-0.1,4.7e-01,1.0e+00,0.7585,4335,34,41,35,34,31,38,34,29
ENSG00000172113,NME6,41.2,19.5,21.8,1.135,0.2,4.7e-01,1.0e+00,0.7585,4336,24,22,14,18,29,22,17,19
ENSG00000168282,MGAT2,87.8,46.5,41.2,0.887,-0.2,4.7e-01,1.0e+00,0.7585,4336,57,28,57,44,45,44,44,32
ENSG00000159110,IFNAR2,36,16.8,19.2,1.156,0.2,4.7e-01,1.0e+00,0.7585,4337,18,20,14,15,15,16,30,16
ENSG00000073969,NSF,60.2,37.2,23,0.625,-0.7,4.7e-01,1.0e+00,0.7585,4338,44,58,2,45,38,2,52,0
ENSG00000170791,CHCHD7,30.8,16.2,14.5,0.895,-0.2,4.7e-01,1.0e+00,0.7591,4342,16,20,14,15,13,16,13,16
ENSG00000175376,EIF1AD,26.5,14.2,12.2,0.849,-0.2,4.7e-01,1.0e+00,0.7591,4343,17,10,13,17,6,16,14,13
ENSG00000141349,G6PC3,59.2,28.2,31,1.107,0.1,4.7e-01,1.0e+00,0.7591,4344,25,38,22,28,32,29,30,33
ENSG00000240849,PEDS1,66.5,31,35.5,1.143,0.2,4.7e-01,1.0e+00,0.7591,4344,22,40,31,31,52,30,35,25
ENSG00000182195,LDOC1,58.5,30.8,27.8,0.914,-0.1,4.8e-01,1.0e+00,0.7592,4346,30,26,35,32,27,31,30,23
ENSG00000134202,GSTM3,84.8,45.2,39.5,0.872,-0.2,4.8e-01,1.0e+00,0.7592,4347,38,61,46,36,48,55,26,29
ENSG00000198265,HELZ,103.5,49.8,53.8,1.08,0.1,4.8e-01,1.0e+00,0.7592,4347,44,49,49,57,52,44,62,57
ENSG00000185339,TCN2,26,14.5,11.5,0.792,-0.3,4.8e-01,1.0e+00,0.7593,4349,13,25,8,12,9,18,4,15
ENSG00000214413,BBIP1,22,12,10,0.851,-0.2,4.8e-01,1.0e+00,0.7593,4349,9,10,16,13,10,6,14,10
ENSG00000135900,MRPL44,28.2,13.2,15,1.151,0.2,4.8e-01,1.0e+00,0.7593,4350,10,15,15,13,16,12,21,11
ENSG00000140853,NLRC5,34.2,16.2,18,1.11,0.2,4.8e-01,1.0e+00,0.7593,4351,14,16,19,16,21,16,16,19
ENSG00000099139,PCSK5,35.5,18.8,16.8,0.887,-0.2,4.8e-01,1.0e+00,0.7593,4352,14,17,22,22,13,19,20,15
ENSG00000104529,EEF1D,165,70.5,94.5,1.334,0.4,4.8e-01,1.0e+00,0.7594,4353,119,14,22,127,101,120,73,84
ENSG00000185404,SP140L,40,21.5,18.5,0.875,-0.2,4.8e-01,1.0e+00,0.7594,4354,15,29,21,21,24,21,16,13
ENSG00000183671,CMKLR2,23.2,9.8,13.5,1.381,0.5,4.8e-01,1.0e+00,0.7594,4355,13,11,7,8,18,24,12,0
ENSG00000069956,MAPK6,66,31.5,34.5,1.1,0.1,4.8e-01,1.0e+00,0.7594,4355,38,35,27,26,35,29,37,37
ENSG00000141837,CACNA1A,29,16.8,12.2,0.74,-0.4,4.8e-01,1.0e+00,0.7594,4356,13,4,29,21,6,4,22,17
ENSG00000160285,LSS,292.5,152,140.5,0.924,-0.1,4.8e-01,1.0e+00,0.7594,4357,188,119,137,164,146,125,137,154
ENSG00000016864,GLT8D1,141,66.8,74.2,1.106,0.1,4.8e-01,1.0e+00,0.7594,4358,66,72,56,73,78,85,47,87
ENSG00000128585,MKLN1,150,72.2,77.8,1.077,0.1,4.8e-01,1.0e+00,0.7594,4358,79,63,70,77,79,74,65,93
ENSG00000115896,PLCL1,26,15,11,0.734,-0.4,4.8e-01,1.0e+00,0.7594,4359,16,22,9,13,8,19,0,17
ENSG00000169189,NSMCE1,50.5,24.2,26.2,1.101,0.1,4.8e-01,1.0e+00,0.7596,4361,22,28,25,22,30,23,30,22
ENSG00000174628,IQCK,25.8,12,13.8,1.146,0.2,4.8e-01,1.0e+00,0.7596,4362,10,14,11,13,13,19,10,13
ENSG00000156973,PDE6D,25,11.8,13.2,1.15,0.2,4.8e-01,1.0e+00,0.7602,4366,11,10,15,11,9,12,16,16
ENSG00000180447,GAS1,130.8,61.8,69,1.118,0.2,4.8e-01,1.0e+00,0.7605,4368,46,80,44,77,67,74,78,57
ENSG00000144909,OSBPL11,28,15.2,12.8,0.854,-0.2,4.8e-01,1.0e+00,0.7605,4369,15,18,18,10,18,8,15,10
ENSG00000163162,RNF149,67.8,32.2,35.5,1.108,0.1,4.8e-01,1.0e+00,0.7605,4370,42,27,24,36,33,35,35,39
ENSG00000105401,CDC37,209,107.8,101.2,0.942,-0.1,4.8e-01,1.0e+00,0.7605,4371,109,111,117,94,110,92,100,103
ENSG00000131148,EMC8,31.8,15,16.8,1.135,0.2,4.8e-01,1.0e+00,0.7605,4372,12,18,14,16,21,17,12,17
ENSG00000140950,MEAK7,39.8,19,20.8,1.111,0.2,4.8e-01,1.0e+00,0.7605,4372,16,22,20,18,21,16,24,22
ENSG00000104064,GABPB1,22.2,12,10.2,0.872,-0.2,4.8e-01,1.0e+00,0.7605,4373,9,11,15,13,12,9,12,8
ENSG00000153767,GTF2E1,21,11.5,9.5,0.843,-0.2,4.8e-01,1.0e+00,0.7605,4374,11,10,15,10,15,6,11,6
ENSG00000170037,CNTROB,42.8,22.8,20,0.897,-0.2,4.8e-01,1.0e+00,0.7606,4375,19,20,22,30,20,17,23,20
ENSG00000101544,ADNP2,41.5,19.5,22,1.134,0.2,4.8e-01,1.0e+00,0.7609,4377,18,24,17,19,28,20,14,26
ENSG00000005075,POLR2J,46,21.8,24.2,1.131,0.2,4.8e-01,1.0e+00,0.7609,4378,19,28,16,24,32,20,25,20
ENSG00000174799,CEP135,17.2,9.5,7.8,0.835,-0.3,4.8e-01,1.0e+00,0.7609,4379,10,5,12,11,7,5,11,8
ENSG00000167107,ACSF2,31.5,16.8,14.8,0.886,-0.2,4.8e-01,1.0e+00,0.7609,4380,13,18,22,14,14,14,13,18
ENSG00000128872,TMOD2,73.2,34.8,38.5,1.114,0.2,4.8e-01,1.0e+00,0.761,4381,34,32,27,46,40,36,29,49
ENSG00000140391,TSPAN3,393,189,204,1.078,0.1,4.8e-01,1.0e+00,0.7611,4382,164,210,220,162,189,199,242,186
ENSG00000126653,NSRP1,63.5,33.8,29.8,0.883,-0.2,4.8e-01,1.0e+00,0.7611,4383,18,41,34,42,27,31,29,32
ENSG00000165102,HGSNAT,245,128.5,116.5,0.906,-0.1,4.8e-01,1.0e+00,0.7611,4384,99,152,166,97,110,123,132,101
ENSG00000187742,SECISBP2,46.8,24.5,22.2,0.891,-0.2,4.8e-01,1.0e+00,0.7611,4385,28,17,27,26,16,23,24,26
ENSG00000141753,IGFBP4,6371.5,3509,2862.5,0.816,-0.3,4.8e-01,1.0e+00,0.7611,4386,2527,2573,6312,2624,2354,1996,5251,1849
ENSG00000140612,SEC11A,181.2,87.5,93.8,1.067,0.1,4.8e-01,1.0e+00,0.7617,4390,93,93,86,78,110,87,87,91
ENSG00000144320,LNPK,158,76.2,81.8,1.067,0.1,4.8e-01,1.0e+00,0.7617,4390,81,64,84,76,88,78,77,84
ENSG00000115053,NCL,738.8,383.2,355.5,0.929,-0.1,4.8e-01,1.0e+00,0.7617,4391,353,409,439,332,360,317,431,314
ENSG00000149485,FADS1,102.5,48,54.5,1.131,0.2,4.8e-01,1.0e+00,0.7617,4392,67,44,46,35,63,64,56,35
ENSG00000137996,RTCA,51,24.2,26.8,1.113,0.2,4.8e-01,1.0e+00,0.762,4394,21,24,32,20,28,32,25,22
ENSG00000143774,GUK1,176.2,90.8,85.5,0.94,-0.1,4.8e-01,1.0e+00,0.762,4395,85,94,90,94,98,87,77,80
ENSG00000167766,ZNF83,60.2,28.2,32,1.144,0.2,4.8e-01,1.0e+00,0.762,4396,30,37,28,18,33,45,27,23
ENSG00000140553,UNC45A,147.2,70.5,76.8,1.092,0.1,4.8e-01,1.0e+00,0.7621,4397,87,66,64,65,82,58,73,94
ENSG00000142937,RPS8,1430,745,685,0.919,-0.1,4.8e-01,1.0e+00,0.7622,4398,896,783,671,630,881,640,615,604
ENSG00000147650,LRP12,50.8,26.8,24,0.9,-0.2,4.8e-01,1.0e+00,0.7623,4400,29,21,29,28,18,22,29,27
ENSG00000108679,LGALS3BP,319,170.8,148.2,0.869,-0.2,4.8e-01,1.0e+00,0.7629,4404,138,224,135,186,110,233,95,155
ENSG00000010292,NCAPD2,112.2,58.2,54,0.922,-0.1,4.8e-01,1.0e+00,0.7633,4407,66,55,47,65,47,53,52,64
ENSG00000155744,HYCC2,24.2,11.5,12.8,1.131,0.2,4.8e-01,1.0e+00,0.7635,4409,13,9,12,12,12,14,10,15
ENSG00000185127,C6orf120,145,69.5,75.5,1.086,0.1,4.8e-01,1.0e+00,0.7635,4410,55,65,73,85,63,78,74,87
ENSG00000099385,BCL7C,44.8,23.8,21,0.881,-0.2,4.8e-01,1.0e+00,0.7635,4411,21,26,21,27,14,17,26,27
ENSG00000157881,PANK4,15,9.2,5.8,0.627,-0.7,4.8e-01,1.0e+00,0.7635,4411,13,0,12,12,0,9,0,14
ENSG00000184500,PROS1,104,48,56,1.17,0.2,4.8e-01,1.0e+00,0.7635,4413,70,43,23,56,55,66,36,67
ENSG00000170962,PDGFD,230.8,99.2,131.5,1.322,0.4,4.8e-01,1.0e+00,0.7637,4414,80,116,35,166,67,151,45,263
ENSG00000168936,TMEM129,110.5,52.2,58.2,1.12,0.2,4.8e-01,1.0e+00,0.7638,4416,59,48,43,59,77,65,35,56
ENSG00000174516,PELI3,21.2,9.8,11.5,1.2,0.3,4.8e-01,1.0e+00,0.7639,4417,10,6,7,16,15,11,7,13
ENSG00000091140,DLD,71,37.2,33.8,0.911,-0.1,4.8e-01,1.0e+00,0.7639,4418,29,40,47,33,30,34,34,37
ENSG00000136280,CCM2,56.2,30,26.2,0.883,-0.2,4.8e-01,1.0e+00,0.7639,4418,32,28,34,26,41,22,21,21
ENSG00000132432,SEC61G,38.2,20.5,17.8,0.884,-0.2,4.8e-01,1.0e+00,0.7639,4419,28,20,17,17,19,18,21,13
ENSG00000040933,INPP4A,60,28.5,31.5,1.119,0.2,4.8e-01,1.0e+00,0.7639,4420,33,24,20,37,33,34,33,26
ENSG00000025770,NCAPH2,32.5,17.8,14.8,0.851,-0.2,4.8e-01,1.0e+00,0.7639,4421,27,14,13,17,20,10,11,18
ENSG00000151729,SLC25A4,33,14.5,18.5,1.287,0.4,4.8e-01,1.0e+00,0.7639,4422,11,20,9,18,11,24,5,34
ENSG00000136631,VPS45,59.8,31.5,28.2,0.901,-0.2,4.8e-01,1.0e+00,0.764,4423,37,35,30,24,24,30,23,36
ENSG00000083812,ZNF324,20.5,11.2,9.2,0.84,-0.3,4.8e-01,1.0e+00,0.7641,4424,10,6,16,13,13,7,7,10
ENSG00000134308,YWHAQ,566.5,274.5,292,1.063,0.1,4.8e-01,1.0e+00,0.7641,4425,319,260,256,263,310,311,257,290
ENSG00000042062,RIPOR3,127.8,60.5,67.2,1.11,0.2,4.8e-01,1.0e+00,0.7642,4426,66,47,77,52,88,52,71,58
ENSG00000070061,ELP1,82.2,43,39.2,0.908,-0.1,4.8e-01,1.0e+00,0.7642,4427,42,45,38,47,35,30,54,38
ENSG00000010295,IFFO1,105.5,56.2,49.2,0.88,-0.2,4.8e-01,1.0e+00,0.7642,4428,66,61,38,60,55,49,28,65
ENSG00000018510,AGPS,70,33.5,36.5,1.095,0.1,4.8e-01,1.0e+00,0.7642,4429,37,36,35,26,37,29,38,42
ENSG00000109381,ELF2,63,33,30,0.915,-0.1,4.8e-01,1.0e+00,0.7642,4429,36,27,34,35,29,35,24,32
ENSG00000119707,RBM25,231.8,119.5,112.2,0.941,-0.1,4.8e-01,1.0e+00,0.7642,4430,112,108,124,134,102,117,124,106
ENSG00000112144,CILK1,56.2,27,29.2,1.095,0.1,4.8e-01,1.0e+00,0.7642,4431,28,29,24,27,28,25,27,37
ENSG00000137168,PPIL1,24.2,13,11.2,0.867,-0.2,4.8e-01,1.0e+00,0.7642,4432,16,15,12,9,13,10,14,8
ENSG00000054523,KIF1B,138.2,66.5,71.8,1.083,0.1,4.8e-01,1.0e+00,0.7642,4432,84,60,57,65,66,78,81,62
ENSG00000006530,AGK,27,12.5,14.5,1.182,0.2,4.8e-01,1.0e+00,0.7642,4433,12,12,19,7,12,14,21,11
ENSG00000135709,KIAA0513,129.5,69.5,60,0.863,-0.2,4.8e-01,1.0e+00,0.7642,4434,71,63,59,85,47,62,32,99
ENSG00000182307,C8orf33,88.5,42.5,46,1.077,0.1,4.8e-01,1.0e+00,0.7642,4435,41,44,41,44,50,36,51,47
ENSG00000067646,ZFY,22.8,9,13.8,1.484,0.6,4.8e-01,1.0e+00,0.7642,4435,16,7,13,0,18,17,20,0
ENSG00000163781,TOPBP1,67.2,32,35.2,1.103,0.1,4.9e-01,1.0e+00,0.7643,4437,23,36,31,38,41,33,29,38
ENSG00000162735,PEX19,143.8,69.5,74.2,1.073,0.1,4.9e-01,1.0e+00,0.7644,4438,61,79,70,68,77,85,73,62
ENSG00000165029,ABCA1,651,307,344,1.121,0.2,4.9e-01,1.0e+00,0.7644,4439,219,271,390,348,227,340,370,439
ENSG00000122705,CLTA,193.5,100,93.5,0.934,-0.1,4.9e-01,1.0e+00,0.7644,4440,96,102,94,108,110,81,101,82
ENSG00000170836,PPM1D,34.5,18.5,16,0.895,-0.2,4.9e-01,1.0e+00,0.7644,4441,19,20,19,16,19,11,16,18
ENSG00000109846,CRYAB,152.5,72.2,80.2,1.116,0.2,4.9e-01,1.0e+00,0.7647,4443,58,78,95,58,60,100,94,67
ENSG00000134970,TMED7,223.8,116.2,107.5,0.926,-0.1,4.9e-01,1.0e+00,0.7649,4445,126,104,108,127,85,131,115,99
ENSG00000149798,CDC42EP2,68.2,32.2,36,1.13,0.2,4.9e-01,1.0e+00,0.7649,4445,38,37,18,36,38,43,29,34
ENSG00000119820,YIPF4,106,50.2,55.8,1.112,0.2,4.9e-01,1.0e+00,0.7649,4446,49,55,42,55,46,71,38,68
ENSG00000277424,HMOX2,29.2,13.2,16,1.245,0.3,4.9e-01,1.0e+00,0.7649,4447,16,23,11,3,19,11,15,19
ENSG00000089154,GCN1,219.2,105.5,113.8,1.076,0.1,4.9e-01,1.0e+00,0.7649,4448,111,95,105,111,128,87,131,109
ENSG00000163946,TASOR,145.8,70,75.8,1.081,0.1,4.9e-01,1.0e+00,0.7649,4449,54,72,80,74,65,74,87,77
ENSG00000171222,SCAND1,32.5,15,17.5,1.169,0.2,4.9e-01,1.0e+00,0.7649,4449,20,13,11,16,21,10,14,25
ENSG00000111775,COX6A1,113.2,59.2,54,0.911,-0.1,4.9e-01,1.0e+00,0.7649,4450,64,72,56,45,62,57,56,41
ENSG00000126067,PSMB2,94.2,49.5,44.8,0.904,-0.1,4.9e-01,1.0e+00,0.7649,4451,48,61,50,39,31,56,47,45
ENSG00000185088,RPS27L,261,126.8,134.2,1.062,0.1,4.9e-01,1.0e+00,0.7649,4452,133,114,133,127,149,130,142,116
ENSG00000284260,RUFY1,82.8,39.5,43.2,1.09,0.1,4.9e-01,1.0e+00,0.7649,4452,40,42,31,45,40,53,36,44
ENSG00000131724,IL13RA1,143.8,76.8,67,0.87,-0.2,4.9e-01,1.0e+00,0.7649,4453,44,74,105,84,46,88,80,54
ENSG00000077420,APBB1IP,32.2,17.2,15,0.873,-0.2,4.9e-01,1.0e+00,0.765,4455,21,21,16,11,17,19,13,11
ENSG00000160087,UBE2J2,45.5,21.8,23.8,1.113,0.2,4.9e-01,1.0e+00,0.765,4455,21,22,20,24,25,32,20,18
ENSG00000172819,RARG,103.5,55.5,48,0.868,-0.2,4.9e-01,1.0e+00,0.765,4456,48,66,52,56,53,73,23,43
ENSG00000167522,ANKRD11,359.5,173.2,186.2,1.074,0.1,4.9e-01,1.0e+00,0.765,4457,173,178,204,138,175,173,218,179
ENSG00000282853,ECH1,108,51.5,56.5,1.101,0.1,4.9e-01,1.0e+00,0.765,4458,51,51,48,56,70,56,36,64
ENSG00000196419,XRCC6,392.8,202.5,190.2,0.938,-0.1,4.9e-01,1.0e+00,0.7655,4461,240,185,209,176,196,193,199,173
ENSG00000127838,PNKD,35.8,19.5,16.2,0.84,-0.3,4.9e-01,1.0e+00,0.7658,4464,23,18,11,26,20,24,9,12
ENSG00000143515,ATP8B2,732.5,382.2,350.2,0.916,-0.1,4.9e-01,1.0e+00,0.7658,4464,439,320,320,450,335,341,283,442
ENSG00000139910,NOVA1,24.8,13.5,11.2,0.852,-0.2,4.9e-01,1.0e+00,0.7658,4465,12,11,19,12,12,11,6,16
ENSG00000102893,PHKB,122,64,58,0.907,-0.1,4.9e-01,1.0e+00,0.7658,4466,68,71,49,68,39,66,67,60
ENSG00000115738,ID2,126.5,60.2,66.2,1.101,0.1,4.9e-01,1.0e+00,0.7658,4467,58,78,46,59,69,69,49,78
ENSG00000050344,NFE2L3,22.5,12.5,10,0.819,-0.3,4.9e-01,1.0e+00,0.7658,4467,12,11,19,8,6,7,18,9
ENSG00000185010,F8,21.8,11.8,10,0.851,-0.2,4.9e-01,1.0e+00,0.7658,4468,13,15,7,12,12,12,6,10
ENSG00000141385,AFG3L2,67.8,32.2,35.5,1.107,0.1,4.9e-01,1.0e+00,0.7658,4469,36,28,37,28,40,44,26,32
ENSG00000136940,PDCL,39.5,21,18.5,0.9,-0.2,4.9e-01,1.0e+00,0.7658,4470,25,20,18,21,20,23,15,16
ENSG00000124786,SLC35B3,55.5,26,29.5,1.128,0.2,4.9e-01,1.0e+00,0.7658,4471,36,18,31,19,34,29,26,29
ENSG00000113575,PPP2CA,145.8,70,75.8,1.082,0.1,4.9e-01,1.0e+00,0.7658,4471,80,65,54,81,74,66,80,83
ENSG00000153786,ZDHHC7,349.2,168.8,180.5,1.07,0.1,4.9e-01,1.0e+00,0.7658,4472,151,174,170,180,164,202,149,207
ENSG00000087152,ATXN7L3,91.8,43.5,48.2,1.109,0.1,4.9e-01,1.0e+00,0.7658,4473,57,36,37,44,54,56,33,50
ENSG00000119231,SENP5,63.8,33.8,30,0.895,-0.2,4.9e-01,1.0e+00,0.7662,4476,28,30,49,28,25,35,30,30
ENSG00000100376,FAM118A,62.2,33.5,28.8,0.872,-0.2,4.9e-01,1.0e+00,0.7668,4480,38,45,25,26,42,30,22,21
ENSG00000164062,APEH,98.5,47,51.5,1.098,0.1,4.9e-01,1.0e+00,0.7674,4485,49,53,50,36,58,38,61,49
ENSG00000138029,HADHB,205.8,99.5,106.2,1.068,0.1,4.9e-01,1.0e+00,0.7674,4486,93,86,109,110,96,120,98,111
ENSG00000112245,PTP4A1,125.2,66.2,59,0.891,-0.2,4.9e-01,1.0e+00,0.7676,4487,65,54,80,66,77,70,34,55
ENSG00000071967,CYBRD1,2618.2,1249.8,1368.5,1.095,0.1,4.9e-01,1.0e+00,0.7677,4489,953,1256,1420,1370,972,1470,1436,1596
ENSG00000184076,UQCR10,52.8,25.2,27.5,1.101,0.1,4.9e-01,1.0e+00,0.7678,4490,22,26,28,25,23,35,29,23
ENSG00000159164,SV2A,40.5,22,18.5,0.851,-0.2,4.9e-01,1.0e+00,0.7678,4491,18,15,36,19,19,13,27,15
ENSG00000100416,TRMU,28.5,13,15.5,1.23,0.3,4.9e-01,1.0e+00,0.7678,4492,11,8,9,24,24,11,18,9
ENSG00000048140,TSPAN17,80.5,38.2,42.2,1.105,0.1,4.9e-01,1.0e+00,0.7678,4492,27,46,42,38,33,43,51,42
ENSG00000284571,FLII,328,159,169,1.064,0.1,4.9e-01,1.0e+00,0.7678,4493,161,154,155,166,171,138,194,173
ENSG00000181588,MEX3D,32.8,17.8,15,0.85,-0.2,4.9e-01,1.0e+00,0.7678,4494,20,15,11,25,20,16,8,16
ENSG00000128563,PRKRIP1,41.5,20,21.5,1.095,0.1,4.9e-01,1.0e+00,0.7678,4495,17,22,23,18,22,23,22,19
ENSG00000134265,NAPG,38.5,17.8,20.8,1.175,0.2,4.9e-01,1.0e+00,0.7678,4496,19,29,14,9,18,18,20,27
ENSG00000187514,PTMA,689,361.2,327.8,0.908,-0.1,4.9e-01,1.0e+00,0.7678,4496,321,315,447,362,311,280,461,259
ENSG00000142867,BCL10,31.8,15,16.8,1.119,0.2,4.9e-01,1.0e+00,0.7678,4497,17,16,14,13,19,19,12,17
ENSG00000123144,TRIR,128.2,61.8,66.5,1.079,0.1,4.9e-01,1.0e+00,0.7679,4498,67,65,54,61,81,71,59,55
ENSG00000281994,NPIPA1,40.2,15.5,24.8,1.609,0.7,4.9e-01,1.0e+00,0.7679,4499,38,18,0,6,55,35,0,9
ENSG00000125484,GTF3C4,85.5,44.8,40.8,0.914,-0.1,4.9e-01,1.0e+00,0.7679,4500,44,35,45,55,44,39,32,48
ENSG00000179950,PUF60,33.2,19,14.2,0.759,-0.4,4.9e-01,1.0e+00,0.7686,4505,38,16,9,13,12,3,27,15
ENSG00000084092,NOA1,43.8,23.5,20.2,0.882,-0.2,4.9e-01,1.0e+00,0.7686,4506,26,20,31,17,20,14,25,22
ENSG00000172466,ZNF24,90,47.2,42.8,0.903,-0.1,4.9e-01,1.0e+00,0.7693,4510,51,48,52,38,47,55,28,41
ENSG00000151422,FER,79,41,38,0.923,-0.1,4.9e-01,1.0e+00,0.7693,4511,41,42,35,46,31,44,41,36
ENSG00000155959,VBP1,54.5,29,25.5,0.889,-0.2,4.9e-01,1.0e+00,0.7705,4519,31,37,20,28,19,32,22,29
ENSG00000119865,CNRIP1,52.5,27.8,24.8,0.902,-0.1,4.9e-01,1.0e+00,0.7705,4520,25,27,24,35,22,31,19,27
ENSG00000037241,RPL26L1,23.8,11,12.8,1.157,0.2,4.9e-01,1.0e+00,0.7705,4521,10,11,10,13,13,18,13,7
ENSG00000104325,DECR1,74.2,38.8,35.5,0.915,-0.1,4.9e-01,1.0e+00,0.7705,4521,33,41,40,41,33,39,43,27
ENSG00000186010,NDUFA13,118.2,61.2,57,0.929,-0.1,4.9e-01,1.0e+00,0.7708,4524,65,54,68,58,68,55,58,47
ENSG00000102302,FGD1,36.5,19.8,16.8,0.875,-0.2,4.9e-01,1.0e+00,0.7708,4525,13,25,21,20,17,12,15,23
ENSG00000163104,SMARCAD1,62,32.5,29.5,0.906,-0.1,5.0e-01,1.0e+00,0.7721,4533,39,30,34,27,24,28,38,28
ENSG00000007923,DNAJC11,87.8,45.8,42,0.916,-0.1,5.0e-01,1.0e+00,0.7721,4534,54,48,48,33,42,35,47,44
ENSG00000122870,BICC1,337.2,175.5,161.8,0.924,-0.1,5.0e-01,1.0e+00,0.7721,4535,149,213,151,189,129,188,173,157
ENSG00000183087,GAS6,1207,540.2,666.8,1.234,0.3,5.0e-01,1.0e+00,0.7721,4535,282,601,884,394,326,600,1245,496
ENSG00000130511,SSBP4,57,30,27,0.91,-0.1,5.0e-01,1.0e+00,0.7723,4537,36,26,24,34,28,23,28,29
ENSG00000132670,PTPRA,203.8,97.5,106.2,1.09,0.1,5.0e-01,1.0e+00,0.7724,4539,87,103,109,91,76,110,102,137
ENSG00000223459,TCAF1P1,19.8,11.2,8.5,0.772,-0.4,5.0e-01,1.0e+00,0.7724,4540,6,10,12,17,7,1,12,14
ENSG00000117054,ACADM,48,22.8,25.2,1.111,0.2,5.0e-01,1.0e+00,0.7724,4540,20,24,24,23,17,31,25,28
ENSG00000288293,CC2D1A,40.8,19.5,21.2,1.098,0.1,5.0e-01,1.0e+00,0.7725,4542,22,17,23,16,20,23,22,20
ENSG00000103852,TTC23,42.5,22.8,19.8,0.874,-0.2,5.0e-01,1.0e+00,0.7726,4543,18,27,22,24,17,11,22,29
ENSG00000076924,XAB2,58.5,28,30.5,1.102,0.1,5.0e-01,1.0e+00,0.7726,4543,35,24,23,30,35,27,26,34
ENSG00000157404,KIT,39.2,21.5,17.8,0.844,-0.2,5.0e-01,1.0e+00,0.7726,4544,30,28,10,18,13,14,21,23
ENSG00000138463,SLC49A4,26.8,14.2,12.5,0.879,-0.2,5.0e-01,1.0e+00,0.7727,4546,13,13,17,14,9,18,11,12
ENSG00000147684,NDUFB9,72,34.2,37.8,1.106,0.1,5.0e-01,1.0e+00,0.7727,4546,26,36,39,36,44,44,36,27
ENSG00000176454,LPCAT4,31.8,14.8,17,1.157,0.2,5.0e-01,1.0e+00,0.7727,4547,21,9,18,11,20,18,18,12
ENSG00000198912,C1orf174,31,14.5,16.5,1.141,0.2,5.0e-01,1.0e+00,0.7727,4548,17,11,13,17,16,11,23,16
ENSG00000186687,LYRM7,34,18,16,0.883,-0.2,5.0e-01,1.0e+00,0.7727,4549,24,15,17,16,18,21,11,14
ENSG00000206493,HLA-E,405.5,184.5,221,1.197,0.3,5.0e-01,1.0e+00,0.7727,4550,325,155,136,122,343,218,111,212
ENSG00000131475,VPS25,42,19.5,22.5,1.152,0.2,5.0e-01,1.0e+00,0.7727,4550,13,21,23,21,12,30,23,25
ENSG00000275333,FAM120B,74.2,40,34.2,0.859,-0.2,5.0e-01,1.0e+00,0.7727,4551,36,33,66,25,22,33,46,36
ENSG00000173281,PPP1R3B,44.2,18.5,25.8,1.383,0.5,5.0e-01,1.0e+00,0.7727,4552,0,31,27,16,17,18,51,17
ENSG00000090054,SPTLC1,173,89.2,83.8,0.938,-0.1,5.0e-01,1.0e+00,0.7727,4553,84,78,97,98,86,72,85,92
ENSG00000100321,SYNGR1,55.2,29,26.2,0.915,-0.1,5.0e-01,1.0e+00,0.7727,4553,28,33,24,31,21,29,26,29
ENSG00000275079,LPCAT1,55.2,34.2,21,0.61,-0.7,5.0e-01,1.0e+00,0.7727,4554,0,50,50,37,0,0,47,37
ENSG00000137100,DCTN3,61.8,32.5,29.2,0.901,-0.2,5.0e-01,1.0e+00,0.7727,4555,23,33,40,34,36,23,30,28
ENSG00000107874,CUEDC2,69.5,33.5,36,1.079,0.1,5.0e-01,1.0e+00,0.7727,4556,31,37,38,28,36,35,36,37
ENSG00000117691,NENF,62.8,33,29.8,0.911,-0.1,5.0e-01,1.0e+00,0.7727,4556,35,39,23,35,30,32,29,28
ENSG00000166181,API5,157.8,81,76.8,0.944,-0.1,5.0e-01,1.0e+00,0.7727,4557,86,73,86,79,73,84,78,72
ENSG00000143252,SDHC,126.2,66.5,59.8,0.903,-0.1,5.0e-01,1.0e+00,0.7727,4558,86,61,53,66,67,67,66,39
ENSG00000184840,TMED9,266.2,137.5,128.8,0.938,-0.1,5.0e-01,1.0e+00,0.7728,4560,151,138,128,133,118,132,154,111
ENSG00000185009,AP3M1,105,50.2,54.8,1.086,0.1,5.0e-01,1.0e+00,0.7732,4563,50,48,49,54,51,62,66,40
ENSG00000100614,PPM1A,104.8,50,54.8,1.091,0.1,5.0e-01,1.0e+00,0.7732,4563,44,53,45,58,50,68,42,59
ENSG00000125124,BBS2,87.2,46.2,41,0.885,-0.2,5.0e-01,1.0e+00,0.7732,4564,63,50,27,45,35,53,40,36
ENSG00000118985,ELL2,513,244.8,268.2,1.096,0.1,5.0e-01,1.0e+00,0.7735,4567,214,217,316,232,282,202,345,244
ENSG00000116161,CACYBP,59.8,31.8,28,0.893,-0.2,5.0e-01,1.0e+00,0.7736,4568,35,38,24,30,18,35,31,28
ENSG00000198176,TFDP1,133,64,69,1.081,0.1,5.0e-01,1.0e+00,0.7741,4572,77,67,50,62,83,63,65,65
ENSG00000173153,ESRRA,24.2,11.2,13,1.198,0.3,5.0e-01,1.0e+00,0.7741,4572,8,20,11,6,18,10,11,13
ENSG00000198756,COLGALT2,28.5,16.2,12.2,0.766,-0.4,5.0e-01,1.0e+00,0.7741,4573,6,29,12,18,4,16,7,22
ENSG00000117748,RPA2,50.5,27,23.5,0.871,-0.2,5.0e-01,1.0e+00,0.7741,4574,19,35,31,23,17,34,26,17
ENSG00000092098,RNF31,24.8,9.8,15,1.609,0.7,5.0e-01,1.0e+00,0.7743,4576,2,33,4,0,23,0,22,15
ENSG00000061936,SFSWAP,75.5,39.2,36.2,0.923,-0.1,5.0e-01,1.0e+00,0.7743,4577,38,35,38,46,37,35,43,30
ENSG00000277401,TJP1,194,87.2,106.8,1.228,0.3,5.0e-01,1.0e+00,0.7743,4578,62,103,117,67,112,128,160,27
ENSG00000136770,DNAJC1,47,22.5,24.5,1.107,0.1,5.0e-01,1.0e+00,0.7743,4578,20,22,21,27,31,19,26,22
ENSG00000102978,POLR2C,81.5,38.8,42.8,1.097,0.1,5.0e-01,1.0e+00,0.7743,4579,47,42,37,29,46,33,49,43
ENSG00000157601,MX1,24.2,13.5,10.8,0.803,-0.3,5.0e-01,1.0e+00,0.7746,4582,18,5,17,14,5,7,13,18
ENSG00000172380,GNG12,689.8,356.8,333,0.934,-0.1,5.0e-01,1.0e+00,0.7746,4583,337,381,385,324,289,299,414,330
ENSG00000104419,NDRG1,280.2,132.5,147.8,1.113,0.2,5.0e-01,1.0e+00,0.7747,4584,144,136,141,109,115,110,224,142
ENSG00000188021,UBQLN2,99.2,51.2,48,0.928,-0.1,5.0e-01,1.0e+00,0.7747,4585,64,51,47,43,49,50,48,45
ENSG00000204120,GIGYF2,181.5,93.2,88.2,0.941,-0.1,5.0e-01,1.0e+00,0.7747,4585,88,92,99,94,86,78,104,85
ENSG00000284400,TBC1D9B,28.5,15.8,12.8,0.836,-0.3,5.0e-01,1.0e+00,0.7748,4587,9,24,15,15,18,12,6,15
ENSG00000081791,DELE1,79,40.8,38.2,0.933,-0.1,5.0e-01,1.0e+00,0.7749,4588,40,44,44,35,39,37,41,36
ENSG00000083457,ITGAE,23.2,10.8,12.5,1.156,0.2,5.0e-01,1.0e+00,0.7749,4589,14,12,7,10,15,8,13,14
ENSG00000149150,SLC43A1,45.8,21.8,24,1.125,0.2,5.0e-01,1.0e+00,0.775,4591,21,22,19,25,26,33,15,22
ENSG00000277053,GTF2IP1,60.2,36,24.2,0.669,-0.6,5.0e-01,1.0e+00,0.7752,4592,48,0,35,61,0,30,34,33
ENSG00000176697,BDNF,43.2,23.2,20,0.859,-0.2,5.0e-01,1.0e+00,0.7755,4595,18,20,32,23,15,18,33,14
ENSG00000288508,ISLR,344.2,183.8,160.5,0.874,-0.2,5.0e-01,1.0e+00,0.7755,4596,177,196,120,242,128,161,104,249
ENSG00000112655,PTK7,651.8,335.8,316,0.942,-0.1,5.0e-01,1.0e+00,0.776,4599,350,338,285,370,297,339,343,285
ENSG00000100201,DDX17,1013.5,521,492.5,0.945,-0.1,5.0e-01,1.0e+00,0.776,4600,562,493,521,508,484,457,458,571
ENSG00000285482,DGAT1,24,13,11,0.849,-0.2,5.0e-01,1.0e+00,0.7761,4601,19,11,6,16,13,10,10,11
ENSG00000198169,ZNF251,35.5,16.5,19,1.158,0.2,5.0e-01,1.0e+00,0.7761,4602,18,14,26,8,18,18,20,20
ENSG00000225190,PLEKHM1,81.2,31.8,49.5,1.564,0.6,5.0e-01,1.0e+00,0.7767,4607,56,0,0,71,64,63,9,62
ENSG00000164919,COX6C,101.5,52.2,49.2,0.938,-0.1,5.0e-01,1.0e+00,0.7771,4610,50,50,61,48,50,47,48,52
ENSG00000065883,CDK13,108.2,51.5,56.8,1.102,0.1,5.0e-01,1.0e+00,0.7771,4610,39,58,64,45,49,49,75,54
ENSG00000186184,POLR1D,71.2,37.2,34,0.918,-0.1,5.0e-01,1.0e+00,0.7771,4611,38,37,30,44,34,40,27,35
ENSG00000145293,ENOPH1,37,19.8,17.2,0.88,-0.2,5.0e-01,1.0e+00,0.7771,4612,18,17,16,28,21,18,11,19
ENSG00000129055,ANAPC13,72,37.5,34.5,0.921,-0.1,5.0e-01,1.0e+00,0.7771,4613,48,33,35,34,33,33,38,34
ENSG00000278788,SBNO2,56.8,23.2,33.5,1.44,0.5,5.0e-01,1.0e+00,0.7772,4614,42,35,0,16,5,44,28,57
ENSG00000130764,LRRC47,55,28.5,26.5,0.931,-0.1,5.0e-01,1.0e+00,0.7772,4615,28,29,27,30,27,27,26,26
ENSG00000115310,RTN4,1359.8,655.2,704.5,1.075,0.1,5.0e-01,1.0e+00,0.7773,4617,548,792,622,659,598,835,703,682
ENSG00000134775,FHOD3,220.5,116,104.5,0.898,-0.2,5.1e-01,1.0e+00,0.7788,4626,79,155,135,95,82,119,124,93
ENSG00000090273,NUDC,92.5,48,44.5,0.923,-0.1,5.1e-01,1.0e+00,0.7795,4631,42,49,49,52,49,32,49,48
ENSG00000068323,TFE3,178.5,92.2,86.2,0.934,-0.1,5.1e-01,1.0e+00,0.7796,4632,75,100,94,100,90,98,72,85
ENSG00000100596,SPTLC2,72,37.5,34.5,0.925,-0.1,5.1e-01,1.0e+00,0.7797,4634,34,41,31,44,32,35,38,33
ENSG00000102225,CDK16,145.2,70.2,75,1.073,0.1,5.1e-01,1.0e+00,0.7797,4635,72,80,68,61,72,67,92,69
ENSG00000130159,ECSIT,30.8,16.5,14.2,0.869,-0.2,5.1e-01,1.0e+00,0.7799,4637,26,15,12,13,18,12,15,12
ENSG00000176953,NFATC2IP,77.8,37.2,40.5,1.086,0.1,5.1e-01,1.0e+00,0.7801,4638,33,44,30,42,41,47,35,39
ENSG00000091009,RBM27,49,26,23,0.893,-0.2,5.1e-01,1.0e+00,0.7801,4639,22,34,27,21,22,31,17,22
ENSG00000058056,USP13,48.5,23,25.5,1.108,0.1,5.1e-01,1.0e+00,0.7801,4640,16,21,29,26,22,26,25,29
ENSG00000166471,TMEM41B,42,22.2,19.8,0.895,-0.2,5.1e-01,1.0e+00,0.7802,4641,20,22,20,27,15,18,27,19
ENSG00000108443,RPS6KB1,62.5,30,32.5,1.086,0.1,5.1e-01,1.0e+00,0.7802,4642,26,32,37,25,33,33,31,33
ENSG00000114026,OGG1,30.5,14.5,16,1.106,0.1,5.1e-01,1.0e+00,0.7802,4643,17,14,13,14,17,13,16,18
ENSG00000261992,GATAD2B,39.2,16,23.2,1.462,0.5,5.1e-01,1.0e+00,0.7802,4644,0,0,24,40,25,21,21,26
ENSG00000110367,DDX6,248.8,119.5,129.2,1.08,0.1,5.1e-01,1.0e+00,0.7802,4644,130,113,97,138,100,154,137,126
ENSG00000154059,IMPACT,65.2,34.5,30.8,0.894,-0.2,5.1e-01,1.0e+00,0.7802,4645,40,24,38,36,21,40,28,34
ENSG00000165169,DYNLT3,110.8,57,53.8,0.941,-0.1,5.1e-01,1.0e+00,0.7802,4646,51,53,62,62,51,57,52,55
ENSG00000102393,GLA,26.5,14,12.5,0.894,-0.2,5.1e-01,1.0e+00,0.7802,4647,13,15,11,17,14,10,13,13
ENSG00000099949,LZTR1,135.8,65,70.8,1.091,0.1,5.1e-01,1.0e+00,0.7802,4648,62,60,59,79,83,55,86,59
ENSG00000120656,TAF12,41.2,22.5,18.8,0.86,-0.2,5.1e-01,1.0e+00,0.7802,4648,22,28,21,19,18,9,31,17
ENSG00000090061,CCNK,73,38.2,34.8,0.902,-0.1,5.1e-01,1.0e+00,0.7802,4649,44,30,31,48,38,31,43,27
ENSG00000198799,LRIG2,39,18.5,20.5,1.125,0.2,5.1e-01,1.0e+00,0.7802,4650,13,23,17,21,26,21,21,14
ENSG00000133114,GPALPP1,43,23,20,0.878,-0.2,5.1e-01,1.0e+00,0.7804,4652,22,23,24,23,13,19,32,16
ENSG00000151718,WWC2,88.5,41.8,46.8,1.118,0.2,5.1e-01,1.0e+00,0.7809,4656,51,33,43,40,46,29,64,48
ENSG00000119669,IRF2BPL,119.8,57.5,62.2,1.088,0.1,5.1e-01,1.0e+00,0.7816,4660,44,66,73,47,68,61,59,61
ENSG00000095574,IKZF5,26.2,12,14.2,1.188,0.2,5.1e-01,1.0e+00,0.7816,4661,10,16,6,16,8,16,17,16
ENSG00000206053,JPT2,50.5,23.2,27.2,1.152,0.2,5.1e-01,1.0e+00,0.7816,4662,19,18,25,31,16,25,42,26
ENSG00000162909,CAPN2,1047.2,509,538.2,1.058,0.1,5.1e-01,1.0e+00,0.7816,4663,551,444,471,570,540,550,520,543
ENSG00000151665,PIGF,45.8,21,24.8,1.177,0.2,5.1e-01,1.0e+00,0.7816,4664,26,10,27,21,26,32,29,12
ENSG00000138459,SLC35A5,72,34.2,37.8,1.101,0.1,5.1e-01,1.0e+00,0.7818,4666,33,35,31,38,41,51,29,30
ENSG00000143543,JTB,111.8,53.8,58,1.078,0.1,5.1e-01,1.0e+00,0.7818,4667,60,53,47,55,54,67,46,65
ENSG00000135624,CCT7,213.8,103.8,110,1.061,0.1,5.1e-01,1.0e+00,0.7818,4668,104,108,106,97,128,97,117,98
ENSG00000180879,SSR4,123,59.8,63.2,1.061,0.1,5.1e-01,1.0e+00,0.7818,4668,63,66,54,56,66,66,58,63
ENSG00000095319,NUP188,90,47.2,42.8,0.903,-0.1,5.1e-01,1.0e+00,0.7818,4669,41,50,33,65,35,45,40,51
ENSG00000119684,MLH3,26.8,14.2,12.5,0.882,-0.2,5.1e-01,1.0e+00,0.7818,4670,13,11,19,14,9,12,16,13
ENSG00000165775,FUNDC2,58,27.2,30.8,1.138,0.2,5.1e-01,1.0e+00,0.7818,4671,32,23,20,34,45,21,25,32
ENSG00000109133,TMEM33,52.8,24.8,28,1.147,0.2,5.1e-01,1.0e+00,0.7818,4672,19,35,23,22,41,32,19,20
ENSG00000148842,CNNM2,37.5,19.8,17.8,0.903,-0.1,5.1e-01,1.0e+00,0.783,4679,14,25,20,20,17,16,19,19
ENSG00000138413,IDH1,132.2,68.8,63.5,0.923,-0.1,5.1e-01,1.0e+00,0.7832,4681,78,76,54,67,72,55,53,74
ENSG00000117000,RLF,50,23.8,26.2,1.119,0.2,5.1e-01,1.0e+00,0.7832,4682,29,15,26,25,22,34,28,21
ENSG00000120053,GOT1,27.8,12.8,15,1.16,0.2,5.1e-01,1.0e+00,0.7832,4683,14,10,17,10,10,22,17,11
ENSG00000188690,UROS,65.5,34.8,30.8,0.883,-0.2,5.1e-01,1.0e+00,0.7835,4685,39,41,36,23,28,32,44,19
ENSG00000184602,SNN,61.2,29,32.2,1.129,0.2,5.1e-01,1.0e+00,0.7847,4693,37,28,23,28,25,42,21,41
ENSG00000138660,AP1AR,25.2,11.8,13.5,1.169,0.2,5.1e-01,1.0e+00,0.7847,4694,11,17,8,11,12,13,9,20
ENSG00000166266,CUL5,75.5,39.2,36.2,0.929,-0.1,5.1e-01,1.0e+00,0.7847,4695,34,36,40,47,40,35,33,37
ENSG00000183741,CBX6,325.8,168.8,157,0.93,-0.1,5.1e-01,1.0e+00,0.7847,4696,183,148,137,207,147,151,146,184
ENSG00000116044,NFE2L2,571.5,275.2,296.2,1.076,0.1,5.1e-01,1.0e+00,0.7847,4696,264,251,362,224,299,299,320,267
ENSG00000164151,ICE1,99.2,51.5,47.8,0.926,-0.1,5.1e-01,1.0e+00,0.7847,4697,49,55,61,41,50,39,51,51
ENSG00000162433,AK4,138.8,73.2,65.5,0.897,-0.2,5.1e-01,1.0e+00,0.785,4700,86,73,69,65,55,54,103,50
ENSG00000163608,NEPRO,75,35,40,1.139,0.2,5.1e-01,1.0e+00,0.785,4701,47,37,28,28,22,37,55,46
ENSG00000129636,ITFG1,169,81,88,1.085,0.1,5.1e-01,1.0e+00,0.785,4702,68,102,85,69,78,109,76,89
ENSG00000068796,KIF2A,79,41.2,37.8,0.914,-0.1,5.1e-01,1.0e+00,0.785,4702,42,42,47,34,50,29,36,36
ENSG00000184178,SCFD2,24.2,13,11.2,0.867,-0.2,5.1e-01,1.0e+00,0.7855,4706,17,15,8,12,11,10,9,15
ENSG00000167862,MRPL58,19,10.2,8.8,0.871,-0.2,5.1e-01,1.0e+00,0.7856,4707,11,9,11,10,13,9,7,6
ENSG00000198455,ZXDB,25,11.5,13.5,1.177,0.2,5.1e-01,1.0e+00,0.7856,4708,10,6,16,14,11,21,11,11
ENSG00000152492,CCDC50,240.5,115.5,125,1.079,0.1,5.1e-01,1.0e+00,0.7859,4710,115,129,135,83,138,133,122,107
ENSG00000225648,SBDSP1,25.8,12.2,13.5,1.122,0.2,5.2e-01,1.0e+00,0.7859,4711,12,13,9,15,14,12,12,16
ENSG00000112167,SAYSD1,31.8,17,14.8,0.886,-0.2,5.2e-01,1.0e+00,0.7859,4712,21,21,11,15,13,14,15,17
ENSG00000168488,ATXN2L,153,79.2,73.8,0.931,-0.1,5.2e-01,1.0e+00,0.7859,4713,79,83,78,77,94,64,61,76
ENSG00000162065,TBC1D24,26,14.5,11.5,0.825,-0.3,5.2e-01,1.0e+00,0.7859,4714,11,15,14,18,19,13,3,11
ENSG00000171067,C11orf24,83.2,39.8,43.5,1.094,0.1,5.2e-01,1.0e+00,0.7867,4719,40,50,27,42,41,42,49,42
ENSG00000163930,BAP1,123.8,59.8,64,1.071,0.1,5.2e-01,1.0e+00,0.7867,4720,64,56,70,49,66,58,71,61
ENSG00000168066,SF1,237,114.5,122.5,1.072,0.1,5.2e-01,1.0e+00,0.7867,4721,108,106,125,119,104,128,154,104
ENSG00000156535,CD109,329.2,157,172.2,1.1,0.1,5.2e-01,1.0e+00,0.7867,4722,157,107,185,179,180,120,195,194
ENSG00000152270,PDE3B,37,19.8,17.2,0.879,-0.2,5.2e-01,1.0e+00,0.7868,4723,21,16,18,24,26,18,14,11
ENSG00000185305,ARL15,55,26,29,1.118,0.2,5.2e-01,1.0e+00,0.7868,4724,25,24,33,22,30,31,18,37
ENSG00000086598,TMED2,443.8,215.2,228.5,1.062,0.1,5.2e-01,1.0e+00,0.787,4726,215,241,211,194,213,257,249,195
ENSG00000137267,TUBB2A,38.2,17.8,20.5,1.185,0.2,5.2e-01,1.0e+00,0.7873,4729,15,25,18,13,29,12,30,11
ENSG00000091039,OSBPL8,417.8,220,197.8,0.899,-0.2,5.2e-01,1.0e+00,0.7876,4731,167,302,158,253,154,249,183,205
ENSG00000125877,ITPA,33,17.5,15.5,0.889,-0.2,5.2e-01,1.0e+00,0.7876,4732,16,20,12,22,17,18,11,16
ENSG00000215914,MMP23A,14.2,8.5,5.8,0.696,-0.5,5.2e-01,1.0e+00,0.7876,4733,12,0,11,11,8,4,0,11
ENSG00000153201,RANBP2,278.2,135.2,143,1.058,0.1,5.2e-01,1.0e+00,0.7876,4734,123,140,131,147,122,145,158,147
ENSG00000169814,BTD,51.5,24.8,26.8,1.105,0.1,5.2e-01,1.0e+00,0.7876,4734,29,20,23,27,21,35,28,23
ENSG00000082397,EPB41L3,46.5,26.8,19.8,0.741,-0.4,5.2e-01,1.0e+00,0.7876,4735,43,7,17,40,37,6,5,31
ENSG00000151148,UBE3B,139.2,67,72.2,1.078,0.1,5.2e-01,1.0e+00,0.7877,4736,63,63,66,76,63,87,82,57
ENSG00000174917,MICOS13,40,19,21,1.111,0.2,5.2e-01,1.0e+00,0.7877,4737,19,14,21,22,27,18,22,17
ENSG00000119321,FKBP15,116.8,60.5,56.2,0.935,-0.1,5.2e-01,1.0e+00,0.7879,4739,58,61,53,70,59,52,65,49
ENSG00000171863,RPS7,621,320.2,300.8,0.939,-0.1,5.2e-01,1.0e+00,0.7879,4740,305,332,355,289,351,263,324,265
ENSG00000121486,TRMT1L,45.8,24.5,21.2,0.875,-0.2,5.2e-01,1.0e+00,0.7879,4741,27,26,17,28,20,25,11,29
ENSG00000163159,VPS72,38.2,20.5,17.8,0.894,-0.2,5.2e-01,1.0e+00,0.7879,4742,21,25,14,22,21,13,17,20
ENSG00000171311,EXOSC1,26.8,14.2,12.5,0.882,-0.2,5.2e-01,1.0e+00,0.7879,4742,13,13,19,12,9,12,12,17
ENSG00000157800,SLC37A3,81.2,42.8,38.5,0.903,-0.1,5.2e-01,1.0e+00,0.7879,4743,52,35,28,56,43,39,34,38
ENSG00000293427,ENSG00000293427,34.8,16,18.8,1.176,0.2,5.2e-01,1.0e+00,0.7879,4744,23,15,6,20,18,14,18,25
ENSG00000179364,PACS2,126.2,65.2,61,0.935,-0.1,5.2e-01,1.0e+00,0.7881,4746,59,60,67,75,59,52,61,72
ENSG00000096092,TMEM14A,30.2,14,16.2,1.162,0.2,5.2e-01,1.0e+00,0.7883,4748,23,15,10,8,19,17,15,14
ENSG00000013374,NUB1,126,60.2,65.8,1.086,0.1,5.2e-01,1.0e+00,0.7885,4750,53,51,65,72,52,81,60,70
ENSG00000174915,PTDSS2,30.5,17,13.5,0.787,-0.3,5.2e-01,1.0e+00,0.7885,4750,16,22,27,3,9,24,11,10
ENSG00000064886,CHI3L2,100.5,53,47.5,0.894,-0.2,5.2e-01,1.0e+00,0.7885,4751,38,54,62,58,48,39,70,33
ENSG00000285437,POLR2J3,19.8,9,10.8,1.216,0.3,5.2e-01,1.0e+00,0.7885,4752,10,5,15,6,15,9,5,14
ENSG00000155111,CDK19,67.5,35.8,31.8,0.895,-0.2,5.2e-01,1.0e+00,0.7885,4753,38,24,44,37,32,34,21,40
ENSG00000163191,S100A11,333.8,162.2,171.5,1.058,0.1,5.2e-01,1.0e+00,0.7885,4754,156,160,171,162,165,206,150,165
ENSG00000189114,BLOC1S3,21.2,9.8,11.5,1.174,0.2,5.2e-01,1.0e+00,0.7887,4756,15,5,11,8,12,10,9,15
ENSG00000115808,STRN,59,28,31,1.113,0.2,5.2e-01,1.0e+00,0.7889,4758,40,25,21,26,26,35,35,28
ENSG00000183283,DAZAP2,291.8,149.8,142,0.95,-0.1,5.2e-01,1.0e+00,0.789,4759,146,141,172,140,142,136,151,139
ENSG00000125691,RPL23,963.5,495,468.5,0.946,-0.1,5.2e-01,1.0e+00,0.789,4760,526,506,478,470,553,445,445,431
ENSG00000159210,SNF8,70.5,33.5,37,1.103,0.1,5.2e-01,1.0e+00,0.789,4761,34,32,32,36,32,38,52,26
ENSG00000054116,TRAPPC3,58.2,28,30.2,1.093,0.1,5.2e-01,1.0e+00,0.7892,4763,34,29,21,28,29,26,34,32
ENSG00000113194,FAF2,154.2,74.2,80,1.075,0.1,5.2e-01,1.0e+00,0.7894,4765,64,82,90,61,86,72,88,74
ENSG00000140829,DHX38,103.2,49.2,54,1.103,0.1,5.2e-01,1.0e+00,0.7894,4766,61,34,55,47,64,43,64,45
ENSG00000223496,EXOSC6,27.2,14.8,12.5,0.865,-0.2,5.2e-01,1.0e+00,0.7894,4766,9,11,18,21,15,14,9,12
ENSG00000094963,FMO2,194,85.8,108.2,1.26,0.3,5.2e-01,1.0e+00,0.7894,4767,94,156,36,57,52,211,63,107
ENSG00000177728,TMEM94,102.8,53,49.8,0.934,-0.1,5.2e-01,1.0e+00,0.7894,4768,51,49,65,47,54,51,45,49
ENSG00000145332,KLHL8,30.5,14.5,16,1.122,0.2,5.2e-01,1.0e+00,0.7894,4769,13,16,13,16,21,17,11,15
ENSG00000120798,NR2C1,42,19.8,22.2,1.123,0.2,5.2e-01,1.0e+00,0.7894,4770,17,15,28,19,19,30,19,21
ENSG00000145388,METTL14,42.8,22.5,20.2,0.91,-0.1,5.2e-01,1.0e+00,0.7894,4770,24,17,24,25,21,25,19,16
ENSG00000074582,BCS1L,30,16.2,13.8,0.876,-0.2,5.2e-01,1.0e+00,0.7894,4771,16,21,12,16,21,12,11,11
ENSG00000177885,GRB2,149.5,77.5,72,0.933,-0.1,5.2e-01,1.0e+00,0.7894,4772,99,68,71,72,80,70,68,70
ENSG00000103657,HERC1,176.2,91.8,84.5,0.92,-0.1,5.2e-01,1.0e+00,0.7894,4773,80,108,82,97,77,86,64,111
ENSG00000104635,SLC39A14,104.5,49.2,55.2,1.128,0.2,5.2e-01,1.0e+00,0.7895,4774,51,41,72,33,59,42,75,45
ENSG00000162817,C1orf115,51,19,32,1.684,0.8,5.2e-01,1.0e+00,0.7897,4776,3,3,67,3,11,2,102,13
ENSG00000100462,PRMT5,61,29.5,31.5,1.07,0.1,5.2e-01,1.0e+00,0.7897,4777,28,31,29,30,34,29,31,32
ENSG00000127914,AKAP9,131,67.8,63.2,0.937,-0.1,5.2e-01,1.0e+00,0.7901,4780,74,56,73,68,56,64,74,59
ENSG00000197223,C1D,21.8,10,11.8,1.17,0.2,5.2e-01,1.0e+00,0.7902,4781,17,6,10,7,13,11,10,13
ENSG00000117616,RSRP1,128.5,61.8,66.8,1.084,0.1,5.2e-01,1.0e+00,0.7902,4782,60,56,70,61,84,72,48,63
ENSG00000198015,MRPL42,48.5,26,22.5,0.881,-0.2,5.2e-01,1.0e+00,0.7906,4786,32,23,21,28,33,13,19,25
ENSG00000170502,NUDT9,43,20.2,22.8,1.135,0.2,5.2e-01,1.0e+00,0.7915,4791,26,11,23,21,22,30,23,16
ENSG00000282034,ENSG00000282034,77.2,36.5,40.8,1.112,0.2,5.2e-01,1.0e+00,0.7915,4792,42,36,33,35,28,39,61,35
ENSG00000116670,MAD2L2,25.8,12,13.8,1.145,0.2,5.2e-01,1.0e+00,0.7915,4793,11,11,9,17,16,18,12,9
ENSG00000161996,WDR90,30.5,14.5,16,1.122,0.2,5.2e-01,1.0e+00,0.7916,4795,18,16,14,10,18,13,14,19
ENSG00000154781,CCDC174,31.5,14.8,16.8,1.122,0.2,5.2e-01,1.0e+00,0.7916,4795,14,14,11,20,13,18,20,16
ENSG00000166147,FBN1,5471.8,2824.8,2647,0.937,-0.1,5.2e-01,1.0e+00,0.7916,4796,2254,3275,2997,2773,2785,2441,2552,2810
ENSG00000168256,NKIRAS2,50.5,24,26.5,1.104,0.1,5.2e-01,1.0e+00,0.7916,4797,27,17,22,30,28,21,26,31
ENSG00000130204,TOMM40,32.5,17.8,14.8,0.849,-0.2,5.2e-01,1.0e+00,0.7916,4798,19,11,18,23,25,7,15,12
ENSG00000172809,RPL38,327,169.2,157.8,0.932,-0.1,5.2e-01,1.0e+00,0.7916,4799,171,191,181,134,196,152,146,137
ENSG00000121749,TBC1D15,87,41.2,45.8,1.107,0.1,5.3e-01,1.0e+00,0.7919,4801,41,40,46,38,40,47,30,66
ENSG00000227097,RPS28P7,91.2,49.2,42,0.858,-0.2,5.3e-01,1.0e+00,0.7919,4802,85,34,31,47,63,37,32,36
ENSG00000074696,HACD3,166.8,86.8,80,0.92,-0.1,5.3e-01,1.0e+00,0.7919,4803,88,87,90,82,68,85,109,58
ENSG00000104872,PIH1D1,55.8,26.8,29,1.095,0.1,5.3e-01,1.0e+00,0.7919,4804,32,29,22,24,32,23,33,28
ENSG00000008294,SPAG9,242.8,124.8,118,0.945,-0.1,5.3e-01,1.0e+00,0.7919,4804,119,117,127,136,106,138,106,122
ENSG00000115935,WIPF1,131.2,63.8,67.5,1.065,0.1,5.3e-01,1.0e+00,0.7924,4808,71,62,68,54,69,74,59,68
ENSG00000134917,ADAMTS8,493.2,224,269.2,1.202,0.3,5.3e-01,1.0e+00,0.7924,4809,194,262,308,132,314,151,481,131
ENSG00000173156,RHOD,21.8,10,11.8,1.194,0.3,5.3e-01,1.0e+00,0.7926,4811,11,10,4,15,16,10,7,14
ENSG00000173040,EVC2,39,20.8,18.2,0.897,-0.2,5.3e-01,1.0e+00,0.7927,4812,21,24,14,24,18,17,15,23
ENSG00000149483,TMEM138,41.8,22,19.8,0.905,-0.1,5.3e-01,1.0e+00,0.7927,4813,15,26,27,20,18,21,21,19
ENSG00000154065,ANKRD29,32.5,17.8,14.8,0.825,-0.3,5.3e-01,1.0e+00,0.7932,4817,14,15,27,15,14,9,29,7
ENSG00000125821,DTD1,31.5,15,16.5,1.117,0.2,5.3e-01,1.0e+00,0.7935,4820,13,16,14,17,20,11,20,15
ENSG00000182093,GET1,64,30.8,33.2,1.094,0.1,5.3e-01,1.0e+00,0.7935,4820,34,37,23,29,31,38,27,37
ENSG00000132382,MYBBP1A,66.5,31.8,34.8,1.092,0.1,5.3e-01,1.0e+00,0.7935,4821,33,27,35,32,32,31,47,29
ENSG00000131375,CAPN7,56.2,26,30.2,1.162,0.2,5.3e-01,1.0e+00,0.794,4825,36,16,22,30,15,28,37,41
ENSG00000137494,ANKRD42,28.2,15,13.2,0.873,-0.2,5.3e-01,1.0e+00,0.7948,4831,14,13,17,16,7,20,12,14
ENSG00000151458,ANKRD50,77.5,40.2,37.2,0.92,-0.1,5.3e-01,1.0e+00,0.7948,4831,41,36,51,33,40,31,43,35
ENSG00000156709,AIFM1,42.8,22.8,20,0.871,-0.2,5.3e-01,1.0e+00,0.7948,4832,28,12,28,23,18,24,12,26
ENSG00000108788,MLX,55.8,26,29.8,1.145,0.2,5.3e-01,1.0e+00,0.7948,4833,39,21,25,19,43,21,23,32
ENSG00000159459,UBR1,76,36.5,39.5,1.08,0.1,5.3e-01,1.0e+00,0.7949,4834,31,43,34,38,37,34,48,39
ENSG00000173786,CNP,205.5,99.8,105.8,1.057,0.1,5.3e-01,1.0e+00,0.7949,4835,114,83,100,102,108,108,102,105
ENSG00000101138,CSTF1,47,24.8,22.2,0.891,-0.2,5.3e-01,1.0e+00,0.7949,4836,28,18,22,31,14,23,27,25
ENSG00000108773,KAT2A,55.8,26,29.8,1.154,0.2,5.3e-01,1.0e+00,0.7949,4837,40,23,22,19,43,19,34,23
ENSG00000188343,CIBAR1,77.2,37.2,40,1.074,0.1,5.3e-01,1.0e+00,0.7954,4841,43,37,33,36,43,45,38,34
ENSG00000184708,EIF4ENIF1,46.8,25,21.8,0.881,-0.2,5.3e-01,1.0e+00,0.7954,4842,31,26,29,14,20,29,23,15
ENSG00000107581,EIF3A,244.2,116.2,128,1.098,0.1,5.3e-01,1.0e+00,0.7956,4843,113,85,134,133,132,168,124,88
ENSG00000101888,NXT2,25.5,11.8,13.8,1.148,0.2,5.3e-01,1.0e+00,0.7956,4844,13,6,14,14,15,17,9,14
ENSG00000286140,DERPC,47,28.8,18.2,0.647,-0.6,5.3e-01,1.0e+00,0.7956,4845,17,14,52,32,66,0,7,0
ENSG00000198393,ZNF26,18.5,8.5,10,1.196,0.3,5.3e-01,1.0e+00,0.7956,4846,8,5,10,11,15,9,12,4
ENSG00000175115,PACS1,181.5,94,87.5,0.93,-0.1,5.3e-01,1.0e+00,0.7956,4847,88,101,106,81,76,110,92,72
ENSG00000152804,HHEX,22.2,10.2,12,1.165,0.2,5.3e-01,1.0e+00,0.7956,4848,13,13,7,8,9,11,10,18
ENSG00000100219,XBP1,86,45,41,0.905,-0.1,5.3e-01,1.0e+00,0.7957,4849,46,48,33,53,48,30,53,33
ENSG00000105355,PLIN3,242.5,126.8,115.8,0.915,-0.1,5.3e-01,1.0e+00,0.7959,4851,145,111,92,159,146,104,95,118
ENSG00000183978,COA3,30.2,14.2,16,1.122,0.2,5.3e-01,1.0e+00,0.796,4852,14,17,9,17,18,18,15,13
ENSG00000011465,DCN,25136.8,13311.8,11825,0.888,-0.2,5.3e-01,1.0e+00,0.796,4853,9214,15788,10578,17667,8806,13259,9152,16083
ENSG00000122126,OCRL,109.8,57,52.8,0.925,-0.1,5.3e-01,1.0e+00,0.7962,4855,58,54,62,54,42,67,44,58
ENSG00000066629,EML1,243.2,125.8,117.5,0.937,-0.1,5.3e-01,1.0e+00,0.7962,4856,133,107,123,140,113,99,145,113
ENSG00000171843,MLLT3,43.5,21,22.5,1.092,0.1,5.3e-01,1.0e+00,0.7962,4857,21,20,24,19,26,23,24,17
ENSG00000130165,ELOF1,47,25,22,0.887,-0.2,5.3e-01,1.0e+00,0.7962,4858,21,27,21,31,17,17,33,21
ENSG00000178913,TAF7,149,77,72,0.935,-0.1,5.3e-01,1.0e+00,0.7962,4859,71,80,70,87,66,89,72,61
ENSG00000113845,TIMMDC1,89.5,42.2,47.2,1.112,0.2,5.3e-01,1.0e+00,0.7962,4859,53,34,51,31,51,61,43,34
ENSG00000274950,RPS9,33.5,14,19.5,1.406,0.5,5.3e-01,1.0e+00,0.7962,4860,33,2,10,11,49,7,17,5
ENSG00000159199,ATP5MC1,26,12,14,1.165,0.2,5.3e-01,1.0e+00,0.7962,4861,19,12,11,6,18,14,10,14
ENSG00000123575,FAM199X,51.5,27,24.5,0.919,-0.1,5.3e-01,1.0e+00,0.7962,4862,33,24,28,23,26,28,21,23
ENSG00000144566,RAB5A,100.2,48,52.2,1.09,0.1,5.3e-01,1.0e+00,0.7962,4863,47,39,58,48,55,67,47,40
ENSG00000065243,PKN2,109.5,52.2,57.2,1.092,0.1,5.3e-01,1.0e+00,0.7963,4864,38,45,59,67,54,47,63,65
ENSG00000103494,RPGRIP1L,23.8,13.2,10.5,0.795,-0.3,5.3e-01,1.0e+00,0.7963,4865,17,15,13,8,12,10,19,1
ENSG00000137504,CREBZF,116.8,56.8,60,1.061,0.1,5.3e-01,1.0e+00,0.7966,4867,56,48,58,65,58,57,61,64
ENSG00000175727,MLXIP,194.8,92.2,102.5,1.115,0.2,5.3e-01,1.0e+00,0.7966,4868,83,102,58,126,71,126,109,104
ENSG00000006125,AP2B1,583.8,299.2,284.5,0.951,-0.1,5.3e-01,1.0e+00,0.7967,4869,318,298,288,293,250,284,313,291
ENSG00000127452,FBXL12,37.2,17.8,19.5,1.091,0.1,5.3e-01,1.0e+00,0.7967,4870,17,16,17,21,17,22,18,21
ENSG00000171148,TADA3,155,75,80,1.071,0.1,5.3e-01,1.0e+00,0.7967,4871,81,84,65,70,93,63,84,80
ENSG00000005893,LAMP2,498.8,243,255.8,1.052,0.1,5.3e-01,1.0e+00,0.7968,4872,248,257,228,239,260,290,232,241
ENSG00000130348,QRSL1,25,13.5,11.5,0.87,-0.2,5.3e-01,1.0e+00,0.797,4874,11,10,19,14,12,7,11,16
ENSG00000168255,POLR2J3,53,29.8,23.2,0.78,-0.4,5.3e-01,1.0e+00,0.7973,4877,16,36,18,49,18,33,3,39
ENSG00000159147,DONSON,18.5,10,8.5,0.871,-0.2,5.3e-01,1.0e+00,0.7974,4879,11,6,12,11,7,11,7,9
ENSG00000092820,EZR,133,63.2,69.8,1.103,0.1,5.3e-01,1.0e+00,0.7978,4882,60,85,45,63,84,79,49,67
ENSG00000286219,NOTCH2NLC,23.8,10,13.8,1.4,0.5,5.3e-01,1.0e+00,0.7978,4883,0,1,23,16,9,9,20,17
ENSG00000141664,ZCCHC2,32,15,17,1.122,0.2,5.3e-01,1.0e+00,0.7978,4883,14,12,17,17,15,25,13,15
ENSG00000134313,KIDINS220,297.2,153.2,144,0.938,-0.1,5.3e-01,1.0e+00,0.7979,4885,132,165,147,169,125,159,124,168
ENSG00000164211,STARD4,23.5,12.5,11,0.883,-0.2,5.3e-01,1.0e+00,0.7979,4886,16,10,10,14,9,9,12,14
ENSG00000110171,TRIM3,30.8,14.5,16.2,1.14,0.2,5.3e-01,1.0e+00,0.7979,4886,18,9,14,17,20,13,21,11
ENSG00000080189,SLC35C2,59.5,28.5,31,1.103,0.1,5.3e-01,1.0e+00,0.7979,4887,34,29,27,24,21,28,38,37
ENSG00000147592,LACTB2,33.2,15.8,17.5,1.115,0.2,5.3e-01,1.0e+00,0.7979,4888,17,20,13,13,18,20,20,12
ENSG00000100403,ZC3H7B,363.2,176,187.2,1.063,0.1,5.3e-01,1.0e+00,0.7979,4889,186,160,201,157,194,166,221,168
ENSG00000189306,RRP7A,66.8,31.2,35.5,1.149,0.2,5.3e-01,1.0e+00,0.7979,4890,26,30,26,43,32,21,30,59
ENSG00000159228,CBR1,98.2,52.2,46,0.881,-0.2,5.3e-01,1.0e+00,0.7979,4890,52,46,78,33,45,39,67,33
ENSG00000196642,RABL6,126.8,61.2,65.5,1.072,0.1,5.3e-01,1.0e+00,0.7979,4891,75,52,56,62,63,72,72,55
ENSG00000169604,ANTXR1,1225.8,587,638.8,1.089,0.1,5.3e-01,1.0e+00,0.7979,4892,460,624,761,503,503,632,800,620
ENSG00000086065,CHMP5,118.2,57,61.2,1.078,0.1,5.4e-01,1.0e+00,0.7979,4893,64,63,59,42,60,73,58,54
ENSG00000198053,SIRPA,220.8,106.2,114.5,1.077,0.1,5.4e-01,1.0e+00,0.7979,4894,101,142,89,93,106,127,125,100
ENSG00000136231,IGF2BP3,32,14.5,17.5,1.212,0.3,5.4e-01,1.0e+00,0.7979,4894,9,14,23,12,10,8,24,28
ENSG00000158019,BABAM2,61,32,29,0.909,-0.1,5.4e-01,1.0e+00,0.7979,4895,31,36,40,21,32,31,27,26
ENSG00000163479,SSR2,248.2,127,121.2,0.953,-0.1,5.4e-01,1.0e+00,0.798,4896,132,139,119,118,125,116,124,120
ENSG00000119541,VPS4B,114.8,54.8,60,1.094,0.1,5.4e-01,1.0e+00,0.798,4898,44,65,48,62,41,61,63,75
ENSG00000115657,ABCB6,32,14.8,17.2,1.191,0.3,5.4e-01,1.0e+00,0.798,4898,22,5,21,11,23,12,19,15
ENSG00000167280,ENGASE,31.5,16.5,15,0.9,-0.2,5.4e-01,1.0e+00,0.7983,4901,16,13,19,18,15,17,18,10
ENSG00000144713,RPL32,1056,546.5,509.5,0.932,-0.1,5.4e-01,1.0e+00,0.7984,4902,601,588,535,462,658,487,463,430
ENSG00000105705,SUGP1,39.2,18.2,21,1.147,0.2,5.4e-01,1.0e+00,0.7984,4903,19,21,21,12,12,17,28,27
ENSG00000179218,CALR,1754,927.5,826.5,0.891,-0.2,5.4e-01,1.0e+00,0.7985,4905,1215,958,829,708,968,672,1164,502
ENSG00000164054,SHISA5,291.8,142.5,149.2,1.047,0.1,5.4e-01,1.0e+00,0.7993,4910,137,150,135,148,152,140,147,158
ENSG00000161904,LEMD2,73.5,38.8,34.8,0.905,-0.1,5.4e-01,1.0e+00,0.7996,4913,40,29,42,44,36,45,36,22
ENSG00000165458,INPPL1,202.5,105.8,96.8,0.918,-0.1,5.4e-01,1.0e+00,0.7996,4914,112,93,127,91,132,71,97,87
ENSG00000142208,AKT1,233,113,120,1.059,0.1,5.4e-01,1.0e+00,0.8001,4918,136,111,111,94,117,114,128,121
ENSG00000284752,GMPR2,49.2,21.8,27.5,1.273,0.3,5.4e-01,1.0e+00,0.8002,4919,17,29,18,23,30,18,4,58
ENSG00000276886,GREM1,4215.2,2283.5,1931.8,0.846,-0.2,5.4e-01,1.0e+00,0.8002,4920,1676,1849,2483,3126,1153,1199,3824,1551
ENSG00000103061,SLC7A6OS,40.2,19,21.2,1.127,0.2,5.4e-01,1.0e+00,0.8002,4921,18,13,25,20,21,31,18,15
ENSG00000214736,TOMM6,62,29.8,32.2,1.086,0.1,5.4e-01,1.0e+00,0.8009,4926,33,29,29,28,41,26,34,28
ENSG00000129515,SNX6,216.5,104.5,112,1.07,0.1,5.4e-01,1.0e+00,0.8012,4928,107,110,112,89,93,140,119,96
ENSG00000144647,POMGNT2,50.5,23.8,26.8,1.134,0.2,5.4e-01,1.0e+00,0.8012,4929,24,25,20,26,38,22,14,33
ENSG00000165338,HECTD2,47.5,25,22.5,0.917,-0.1,5.4e-01,1.0e+00,0.8016,4932,22,26,21,31,26,23,19,22
ENSG00000156256,USP16,84.2,44.2,40,0.904,-0.1,5.4e-01,1.0e+00,0.8022,4937,31,43,61,42,48,43,40,29
ENSG00000198836,OPA1,120,57.8,62.2,1.079,0.1,5.4e-01,1.0e+00,0.8022,4938,46,51,71,63,50,68,68,63
ENSG00000276833,TAF15,35.2,14.2,21,1.497,0.6,5.4e-01,1.0e+00,0.8023,4939,17,0,9,31,60,13,1,10
ENSG00000127334,DYRK2,62.8,30,32.8,1.099,0.1,5.4e-01,1.0e+00,0.8024,4941,33,29,30,28,20,34,36,41
ENSG00000104731,KLHDC4,23.5,11,12.5,1.153,0.2,5.4e-01,1.0e+00,0.8025,4942,9,16,9,10,17,8,15,10
ENSG00000158109,TPRG1L,158.5,82.5,76,0.923,-0.1,5.4e-01,1.0e+00,0.8025,4942,84,89,73,84,65,73,60,106
ENSG00000104960,PTOV1,151.5,78.5,73,0.931,-0.1,5.4e-01,1.0e+00,0.8028,4945,86,73,81,74,65,61,97,69
ENSG00000136783,NIPSNAP3A,21,10,11,1.122,0.2,5.4e-01,1.0e+00,0.8028,4946,10,10,10,10,9,14,9,12
ENSG00000100815,TRIP11,123.8,64,59.8,0.94,-0.1,5.4e-01,1.0e+00,0.803,4948,62,77,64,53,59,64,60,56
ENSG00000172890,NADSYN1,109.8,57.2,52.5,0.922,-0.1,5.4e-01,1.0e+00,0.8033,4951,59,58,73,39,55,48,55,52
ENSG00000115325,DOK1,35,16.8,18.2,1.094,0.1,5.4e-01,1.0e+00,0.8036,4953,16,13,20,18,21,17,17,18
ENSG00000119421,NDUFA8,38,17.8,20.2,1.162,0.2,5.4e-01,1.0e+00,0.8036,4954,22,20,9,20,24,29,17,11
ENSG00000006756,ARSD,50.8,24,26.8,1.115,0.2,5.4e-01,1.0e+00,0.8037,4956,19,17,27,33,23,21,32,31
ENSG00000141627,DYM,95.2,49,46.2,0.936,-0.1,5.4e-01,1.0e+00,0.8037,4956,41,50,47,58,49,48,40,48
ENSG00000163913,IFT122,72,37.2,34.8,0.925,-0.1,5.4e-01,1.0e+00,0.8037,4957,40,33,39,37,38,29,43,29
ENSG00000131165,CHMP1A,133,64,69,1.074,0.1,5.4e-01,1.0e+00,0.8037,4958,65,63,52,76,72,54,72,78
ENSG00000139546,TARBP2,32,15.2,16.8,1.085,0.1,5.4e-01,1.0e+00,0.8037,4959,15,15,16,15,18,18,16,15
ENSG00000111667,USP5,134.2,70,64.2,0.919,-0.1,5.4e-01,1.0e+00,0.8037,4960,75,87,69,49,79,56,57,65
ENSG00000167770,OTUB1,88,42,46,1.089,0.1,5.4e-01,1.0e+00,0.8037,4960,40,42,37,49,53,30,53,48
ENSG00000182287,AP1S2,49.2,23,26.2,1.162,0.2,5.4e-01,1.0e+00,0.8037,4961,17,28,12,35,20,32,35,18
ENSG00000169957,ZNF768,31.2,14.8,16.5,1.12,0.2,5.4e-01,1.0e+00,0.804,4964,16,18,16,9,19,18,13,16
ENSG00000183597,TANGO2,48.2,23.2,25,1.087,0.1,5.4e-01,1.0e+00,0.804,4965,23,22,23,25,20,29,21,30
ENSG00000101452,DHX35,27,14.2,12.8,0.897,-0.2,5.4e-01,1.0e+00,0.8043,4967,17,13,11,16,17,11,12,11
ENSG00000112079,STK38,123,59.5,63.5,1.075,0.1,5.4e-01,1.0e+00,0.8043,4968,52,66,63,57,64,73,47,70
ENSG00000143303,METTL25B,24.2,13,11.2,0.868,-0.2,5.4e-01,1.0e+00,0.8046,4971,15,11,9,17,11,7,10,17
ENSG00000163466,ARPC2,379,184.5,194.5,1.054,0.1,5.4e-01,1.0e+00,0.8046,4972,201,197,165,175,179,217,202,180
ENSG00000221823,PPP3R1,80.5,38.8,41.8,1.081,0.1,5.4e-01,1.0e+00,0.8046,4973,37,38,38,42,35,55,34,43
ENSG00000135148,TRAFD1,83,43,40,0.931,-0.1,5.4e-01,1.0e+00,0.8046,4974,40,52,45,35,40,41,35,44
ENSG00000095015,MAP3K1,28.2,13.2,15,1.155,0.2,5.4e-01,1.0e+00,0.8046,4974,12,20,12,9,15,23,12,10
ENSG00000175634,RPS6KB2,41.5,19.5,22,1.134,0.2,5.4e-01,1.0e+00,0.8046,4975,17,23,18,20,28,24,10,26
ENSG00000204569,PPP1R10,80.5,41.8,38.8,0.923,-0.1,5.4e-01,1.0e+00,0.8046,4976,44,40,40,43,38,28,51,38
ENSG00000147548,NSD3,153.8,79.5,74.2,0.931,-0.1,5.4e-01,1.0e+00,0.8046,4977,78,62,81,97,60,77,84,76
ENSG00000179151,EDC3,45.2,21.8,23.5,1.091,0.1,5.4e-01,1.0e+00,0.8046,4978,24,22,17,24,22,27,19,26
ENSG00000089289,IGBP1,103.2,49,54.2,1.098,0.1,5.4e-01,1.0e+00,0.8046,4978,44,55,51,46,41,52,44,80
ENSG00000064995,TAF11,32,15,17,1.139,0.2,5.4e-01,1.0e+00,0.8047,4980,15,20,10,15,10,19,17,22
ENSG00000135473,PAN2,39.2,18.5,20.8,1.138,0.2,5.4e-01,1.0e+00,0.8049,4982,20,25,15,14,32,19,14,18
ENSG00000109685,NSD2,64.5,33.5,31,0.929,-0.1,5.4e-01,1.0e+00,0.8049,4983,34,28,36,36,36,29,32,27
ENSG00000025434,NR1H3,34.5,16.5,18,1.109,0.1,5.4e-01,1.0e+00,0.8049,4983,16,18,16,16,19,13,25,15
ENSG00000162337,LRP5,63.2,28.8,34.5,1.213,0.3,5.5e-01,1.0e+00,0.8061,4991,15,29,13,58,26,35,24,53
ENSG00000178149,DALRD3,33.2,18,15.2,0.866,-0.2,5.5e-01,1.0e+00,0.8065,4995,20,13,17,22,21,6,19,15
ENSG00000284238,TOP3A,36,19.2,16.8,0.889,-0.2,5.5e-01,1.0e+00,0.8066,4996,18,17,22,20,20,8,19,20
ENSG00000151632,AKR1C2,141.2,76.2,65,0.855,-0.2,5.5e-01,1.0e+00,0.8066,4997,72,91,74,68,90,100,22,48
ENSG00000164405,UQCRQ,70,33.2,36.8,1.096,0.1,5.5e-01,1.0e+00,0.8066,4998,42,38,27,26,32,38,46,31
ENSG00000127980,PEX1,38.8,20.5,18.2,0.908,-0.1,5.5e-01,1.0e+00,0.8066,4999,24,24,15,19,18,19,15,21
ENSG00000014164,ZC3H3,36,16.5,19.5,1.203,0.3,5.5e-01,1.0e+00,0.8066,4999,32,11,16,7,26,13,25,14
ENSG00000169710,FASN,134,63,71,1.123,0.2,5.5e-01,1.0e+00,0.8066,5000,96,56,49,51,91,47,61,85
ENSG00000108509,CAMTA2,92.2,44.2,48,1.079,0.1,5.5e-01,1.0e+00,0.8066,5001,44,49,41,43,63,48,41,40
ENSG00000099326,MZF1,35,18.5,16.5,0.909,-0.1,5.5e-01,1.0e+00,0.8066,5002,13,22,19,20,17,14,20,15
ENSG00000083844,ZNF264,34.2,18,16.2,0.907,-0.1,5.5e-01,1.0e+00,0.8066,5003,17,21,13,21,16,16,14,19
ENSG00000278270,RPS9,26,11.5,14.5,1.286,0.4,5.5e-01,1.0e+00,0.8066,5004,4,26,13,3,8,18,11,21
ENSG00000168734,PKIG,149.2,77.2,72,0.932,-0.1,5.5e-01,1.0e+00,0.8066,5004,73,83,75,78,65,71,57,95
ENSG00000110696,C11orf58,240.8,117.5,123.2,1.048,0.1,5.5e-01,1.0e+00,0.8066,5005,122,120,112,116,125,136,112,120
ENSG00000284796,DCAF11,80.5,38.8,41.8,1.075,0.1,5.5e-01,1.0e+00,0.8066,5006,33,42,41,39,51,39,43,34
ENSG00000129245,FXR2,66.2,32,34.2,1.074,0.1,5.5e-01,1.0e+00,0.8066,5007,31,31,35,31,40,28,32,37
ENSG00000135486,HNRNPA1,1022.5,494,528.5,1.069,0.1,5.5e-01,1.0e+00,0.8066,5008,566,516,425,469,660,545,446,463
ENSG00000126012,KDM5C,162,84.2,77.8,0.924,-0.1,5.5e-01,1.0e+00,0.8066,5008,77,73,76,111,75,61,79,96
ENSG00000109787,KLF3,112.5,58.2,54.2,0.928,-0.1,5.5e-01,1.0e+00,0.8066,5009,66,43,67,57,53,59,45,60
ENSG00000136100,VPS36,68,32.5,35.5,1.099,0.1,5.5e-01,1.0e+00,0.8066,5010,32,39,25,34,30,48,27,37
ENSG00000177030,DEAF1,76.2,36.2,40,1.108,0.1,5.5e-01,1.0e+00,0.8066,5011,23,39,52,31,42,35,36,47
ENSG00000131143,COX4I1,314.2,161.8,152.5,0.944,-0.1,5.5e-01,1.0e+00,0.8066,5012,142,174,181,150,170,158,155,127
ENSG00000084623,EIF3I,229.2,111.2,118,1.063,0.1,5.5e-01,1.0e+00,0.8066,5012,113,111,112,109,142,127,112,91
ENSG00000109606,DHX15,209.2,101.5,107.8,1.062,0.1,5.5e-01,1.0e+00,0.8066,5013,109,82,96,119,122,100,105,104
ENSG00000179195,ZNF664,168,86.8,81.2,0.935,-0.1,5.5e-01,1.0e+00,0.8068,5015,88,77,101,81,78,99,84,64
ENSG00000248487,ABHD14A,19.5,10.8,8.8,0.812,-0.3,5.5e-01,1.0e+00,0.8069,5016,14,8,7,14,16,2,6,11
ENSG00000139722,VPS37B,41.8,22,19.8,0.907,-0.1,5.5e-01,1.0e+00,0.8069,5017,28,18,24,18,20,17,25,17
ENSG00000156482,RPL30,732,381.5,350.5,0.919,-0.1,5.5e-01,1.0e+00,0.8069,5018,454,377,361,334,497,341,298,266
ENSG00000162736,NCSTN,383,183.2,199.8,1.09,0.1,5.5e-01,1.0e+00,0.8069,5019,175,199,178,181,130,234,170,265
ENSG00000142541,RPL13A,2814.8,1460.8,1354,0.927,-0.1,5.5e-01,1.0e+00,0.8069,5020,1775,1415,1303,1350,1823,1161,1198,1234
ENSG00000184887,BTBD6,58.8,28.2,30.5,1.09,0.1,5.5e-01,1.0e+00,0.8069,5021,25,31,22,35,31,28,26,37
ENSG00000293478,GFOD3P,74,38.2,35.8,0.934,-0.1,5.5e-01,1.0e+00,0.8069,5021,39,45,37,32,34,33,36,40
ENSG00000146109,ABT1,21.8,10.2,11.5,1.143,0.2,5.5e-01,1.0e+00,0.8073,5025,12,11,12,6,10,13,15,8
ENSG00000198933,TBKBP1,36.8,17.5,19.2,1.131,0.2,5.5e-01,1.0e+00,0.8073,5026,12,23,18,17,29,16,16,16
ENSG00000138190,EXOC6,28.8,13.5,15.2,1.133,0.2,5.5e-01,1.0e+00,0.8073,5026,11,16,13,14,10,22,17,12
ENSG00000189171,S100A13,141.8,74,67.8,0.916,-0.1,5.5e-01,1.0e+00,0.8074,5027,50,86,63,97,58,77,67,69
ENSG00000198492,YTHDF2,125.5,64.8,60.8,0.941,-0.1,5.5e-01,1.0e+00,0.8074,5028,70,72,50,67,62,60,59,62
ENSG00000168118,RAB4A,68.2,32.8,35.5,1.098,0.1,5.5e-01,1.0e+00,0.8075,5030,29,34,24,44,29,38,32,43
ENSG00000167779,IGFBP6,342,153.2,188.8,1.232,0.3,5.5e-01,1.0e+00,0.8076,5031,94,222,88,209,91,297,73,294
ENSG00000109445,ZNF330,46.2,24.2,22,0.916,-0.1,5.5e-01,1.0e+00,0.8076,5032,28,26,26,17,20,20,23,25
ENSG00000100417,PMM1,66,31.8,34.2,1.077,0.1,5.5e-01,1.0e+00,0.8078,5034,38,27,28,34,32,32,33,40
ENSG00000215472,RPL17-C18orf32,60.8,32.5,28.2,0.879,-0.2,5.5e-01,1.0e+00,0.8079,5036,39,33,16,42,33,26,35,19
ENSG00000168785,TSPAN5,274.5,140.5,134,0.953,-0.1,5.5e-01,1.0e+00,0.808,5037,141,136,142,143,122,121,148,145
ENSG00000065911,MTHFD2,62.8,29.2,33.5,1.158,0.2,5.5e-01,1.0e+00,0.808,5038,26,26,24,41,39,33,13,49
ENSG00000197535,MYO5A,161.5,84.5,77,0.912,-0.1,5.5e-01,1.0e+00,0.8081,5039,79,92,79,88,45,74,88,101
ENSG00000137713,PPP2R1B,63.5,33,30.5,0.929,-0.1,5.5e-01,1.0e+00,0.8082,5041,33,35,31,33,25,33,37,27
ENSG00000183020,AP2A2,80,46.5,33.5,0.728,-0.5,5.5e-01,1.0e+00,0.8082,5042,4,69,67,46,3,42,68,21
ENSG00000163344,PMVK,28,13,15,1.176,0.2,5.5e-01,1.0e+00,0.8082,5042,12,5,19,16,20,19,10,11
ENSG00000106624,AEBP1,1022.8,538.2,484.5,0.899,-0.2,5.5e-01,1.0e+00,0.8082,5043,420,648,574,511,274,689,507,468
ENSG00000105576,TNPO2,228.8,109.5,119.2,1.087,0.1,5.5e-01,1.0e+00,0.8082,5044,144,99,80,115,123,131,89,134
ENSG00000115525,ST3GAL5,37,20,17,0.843,-0.2,5.5e-01,1.0e+00,0.8082,5045,18,24,21,17,13,20,5,30
ENSG00000165406,MARCHF8,94,49.2,44.8,0.909,-0.1,5.5e-01,1.0e+00,0.8082,5046,45,45,42,65,39,57,30,53
ENSG00000172785,ZNG1A,25,11.5,13.5,1.149,0.2,5.5e-01,1.0e+00,0.8082,5046,13,12,12,9,14,19,15,6
ENSG00000103035,PSMD7,102.8,49.5,53.2,1.08,0.1,5.5e-01,1.0e+00,0.8082,5047,56,51,52,39,62,42,47,62
ENSG00000123146,ADGRE5,57.2,26.8,30.5,1.153,0.2,5.5e-01,1.0e+00,0.8088,5052,22,33,12,40,21,38,28,35
ENSG00000187607,ZNF286A,25.5,13.8,11.8,0.873,-0.2,5.5e-01,1.0e+00,0.8089,5053,10,14,16,15,7,12,18,10
ENSG00000163875,MEAF6,96.2,46.2,50,1.075,0.1,5.5e-01,1.0e+00,0.8092,5056,40,44,56,45,48,50,41,61
ENSG00000243989,ACY1,22,10.2,11.8,1.167,0.2,5.5e-01,1.0e+00,0.8093,5057,13,7,12,9,16,7,7,17
ENSG00000179021,C3orf38,33.5,16,17.5,1.099,0.1,5.5e-01,1.0e+00,0.8095,5059,18,11,18,17,18,16,16,20
ENSG00000119682,AREL1,99.8,51.2,48.5,0.947,-0.1,5.5e-01,1.0e+00,0.8095,5060,53,49,52,51,46,44,49,55
ENSG00000100523,DDHD1,86.8,45,41.8,0.93,-0.1,5.5e-01,1.0e+00,0.8095,5061,41,39,48,52,51,45,35,36
ENSG00000177374,HIC1,70.2,37,33.2,0.898,-0.2,5.5e-01,1.0e+00,0.8095,5062,39,38,29,42,38,45,18,32
ENSG00000060642,PIGV,26.2,12.2,14,1.144,0.2,5.5e-01,1.0e+00,0.8095,5063,16,13,12,8,9,14,13,20
ENSG00000137221,TJAP1,54.5,25.8,28.8,1.125,0.2,5.5e-01,1.0e+00,0.8096,5064,28,26,14,35,38,23,25,29
ENSG00000175324,LSM1,33,15.8,17.2,1.115,0.2,5.5e-01,1.0e+00,0.8096,5065,18,14,19,12,19,11,18,21
ENSG00000171307,ZDHHC16,69.8,33.5,36.2,1.084,0.1,5.5e-01,1.0e+00,0.8096,5066,33,38,32,31,49,32,34,30
ENSG00000189369,GSPT2,25,13.5,11.5,0.872,-0.2,5.5e-01,1.0e+00,0.8096,5067,13,8,14,19,7,13,12,14
ENSG00000182919,C11orf54,36.2,19.2,17,0.879,-0.2,5.5e-01,1.0e+00,0.8097,5068,18,18,25,16,11,25,21,11
ENSG00000177954,RPS27,1104.5,569,535.5,0.942,-0.1,5.5e-01,1.0e+00,0.8097,5068,605,594,537,540,683,480,482,497
ENSG00000162825,NBPF20,24.5,13.2,11.2,0.851,-0.2,5.5e-01,1.0e+00,0.8101,5072,13,12,21,7,15,5,12,13
ENSG00000092871,RFFL,42,19.5,22.5,1.147,0.2,5.5e-01,1.0e+00,0.8101,5073,13,13,36,16,24,24,22,20
ENSG00000243414,TICAM2,19.2,11,8.2,0.749,-0.4,5.5e-01,1.0e+00,0.8102,5074,17,10,4,13,18,4,0,11
ENSG00000167123,CERCAM,343.8,177.8,166,0.933,-0.1,5.6e-01,1.0e+00,0.8105,5077,149,170,166,226,153,152,152,207
ENSG00000122696,SLC25A51,23.8,12.8,11,0.881,-0.2,5.6e-01,1.0e+00,0.8111,5082,13,10,9,19,12,12,12,8
ENSG00000182979,MTA1,104,53.8,50.2,0.933,-0.1,5.6e-01,1.0e+00,0.8113,5084,65,49,50,51,46,43,50,62
ENSG00000138796,HADH,51.5,27.5,24,0.878,-0.2,5.6e-01,1.0e+00,0.8115,5086,40,20,26,24,19,36,15,26
ENSG00000166068,SPRED1,85.5,40.8,44.8,1.092,0.1,5.6e-01,1.0e+00,0.8115,5087,40,30,40,53,33,54,44,48
ENSG00000166734,GOLM2,264.8,127.8,137,1.072,0.1,5.6e-01,1.0e+00,0.8116,5088,99,138,150,124,109,162,130,147
ENSG00000253873,PCDHGA11,65.8,35.2,30.5,0.874,-0.2,5.6e-01,1.0e+00,0.8121,5092,30,38,24,49,30,20,22,50
ENSG00000108883,EFTUD2,82.5,39.5,43,1.092,0.1,5.6e-01,1.0e+00,0.8121,5092,32,33,48,45,34,41,57,40
ENSG00000151131,NOPCHAP1,48.2,23,25.2,1.117,0.2,5.6e-01,1.0e+00,0.8121,5093,13,22,29,28,26,24,30,21
ENSG00000240344,PPIL3,36.8,19.5,17.2,0.88,-0.2,5.6e-01,1.0e+00,0.8121,5094,14,13,27,24,21,22,14,12
ENSG00000133028,SCO1,70.5,34.2,36.2,1.065,0.1,5.6e-01,1.0e+00,0.8121,5095,34,33,33,37,32,41,33,39
ENSG00000115649,CNPPD1,84.2,40,44.2,1.11,0.2,5.6e-01,1.0e+00,0.8121,5096,48,41,27,44,39,49,29,60
ENSG00000070961,ATP2B1,134,64,70,1.098,0.1,5.6e-01,1.0e+00,0.8124,5098,56,64,80,56,91,50,85,54
ENSG00000103047,TANGO6,24,11.2,12.8,1.132,0.2,5.6e-01,1.0e+00,0.8124,5099,10,10,8,17,12,16,13,10
ENSG00000125826,RBCK1,124.8,64.8,60,0.927,-0.1,5.6e-01,1.0e+00,0.8124,5100,61,56,80,62,55,49,57,79
ENSG00000109738,GLRB,28.2,15.2,13,0.868,-0.2,5.6e-01,1.0e+00,0.8124,5101,11,20,20,10,8,16,17,11
ENSG00000285326,NOP9,78.8,38,40.8,1.071,0.1,5.6e-01,1.0e+00,0.8126,5103,32,43,32,45,42,38,42,41
ENSG00000168040,FADD,34,18,16,0.882,-0.2,5.6e-01,1.0e+00,0.8126,5104,17,11,18,26,16,17,21,10
ENSG00000276787,FAN1,17,10.2,6.8,0.672,-0.6,5.6e-01,1.0e+00,0.8126,5104,8,17,16,0,12,0,15,0
ENSG00000103126,AXIN1,43,22.8,20.2,0.898,-0.2,5.6e-01,1.0e+00,0.8129,5107,22,24,24,21,15,13,28,25
ENSG00000132563,REEP2,30.5,14,16.5,1.184,0.2,5.6e-01,1.0e+00,0.8131,5110,8,14,11,23,7,18,21,20
ENSG00000162302,RPS6KA4,68.5,32.5,36,1.104,0.1,5.6e-01,1.0e+00,0.8131,5110,43,29,28,30,46,23,37,38
ENSG00000165688,PMPCA,71.5,34.2,37.2,1.092,0.1,5.6e-01,1.0e+00,0.8131,5111,34,27,29,47,47,33,34,35
ENSG00000172663,TMEM134,22,11.8,10.2,0.871,-0.2,5.6e-01,1.0e+00,0.8131,5112,14,14,7,12,16,9,8,8
ENSG00000227642,AGPAT1,46.8,17.5,29.2,1.658,0.7,5.6e-01,1.0e+00,0.8131,5113,0,33,37,0,0,47,70,0
ENSG00000152127,MGAT5,285,150,135,0.9,-0.2,5.6e-01,1.0e+00,0.8131,5114,160,181,148,111,128,101,213,98
ENSG00000144118,RALB,94.8,45.5,49.2,1.076,0.1,5.6e-01,1.0e+00,0.8134,5116,48,40,35,59,49,53,51,44
ENSG00000151689,INPP1,27.8,15,12.8,0.867,-0.2,5.6e-01,1.0e+00,0.8135,5118,15,25,8,12,10,13,15,13
ENSG00000088256,GNA11,155,74.8,80.2,1.077,0.1,5.6e-01,1.0e+00,0.8135,5118,80,80,78,61,104,62,70,85
ENSG00000156831,NSMCE2,20.2,9.5,10.8,1.151,0.2,5.6e-01,1.0e+00,0.8135,5119,5,10,9,14,11,13,11,8
ENSG00000111832,RWDD1,74,38.2,35.8,0.936,-0.1,5.6e-01,1.0e+00,0.8135,5120,38,39,35,41,28,37,37,41
ENSG00000181350,LRRC75A,329,174.8,154.2,0.883,-0.2,5.6e-01,1.0e+00,0.8135,5121,226,177,142,154,269,139,101,108
ENSG00000102595,UGGT2,76.5,37,39.5,1.069,0.1,5.6e-01,1.0e+00,0.8135,5122,37,39,36,36,31,39,41,47
ENSG00000090266,NDUFB2,47.8,22.5,25.2,1.139,0.2,5.6e-01,1.0e+00,0.8135,5123,21,21,21,27,44,23,18,16
ENSG00000188554,NBR1,473.8,230.8,243,1.052,0.1,5.6e-01,1.0e+00,0.8135,5124,237,222,247,217,204,271,235,262
ENSG00000127663,KDM4B,108,52.2,55.8,1.072,0.1,5.6e-01,1.0e+00,0.8135,5124,57,54,54,44,61,43,67,52
ENSG00000278191,CARS1,60.5,36.5,24,0.667,-0.6,5.6e-01,1.0e+00,0.8135,5125,2,61,26,57,1,42,0,53
ENSG00000105662,CRTC1,56.5,29.5,27,0.923,-0.1,5.6e-01,1.0e+00,0.8135,5126,29,32,23,34,32,28,23,25
ENSG00000118939,UCHL3,25,12,13,1.106,0.1,5.6e-01,1.0e+00,0.8135,5127,12,10,15,11,11,14,12,15
ENSG00000130816,DNMT1,148.2,76.2,72,0.948,-0.1,5.6e-01,1.0e+00,0.8135,5128,85,69,76,75,75,75,77,61
ENSG00000103245,CIAO3,27.8,13,14.8,1.117,0.2,5.6e-01,1.0e+00,0.8135,5128,19,12,9,12,14,16,15,14
ENSG00000198918,RPL39,640.8,311,329.8,1.06,0.1,5.6e-01,1.0e+00,0.8139,5132,358,308,318,260,380,336,327,276
ENSG00000278741,ABR,194.8,107,87.8,0.818,-0.3,5.6e-01,1.0e+00,0.814,5133,146,50,105,127,128,27,148,48
ENSG00000149084,HSD17B12,100.5,48,52.5,1.096,0.1,5.6e-01,1.0e+00,0.814,5134,47,48,54,43,35,43,73,59
ENSG00000262860,LSM14A,81.5,38.2,43.2,1.124,0.2,5.6e-01,1.0e+00,0.814,5134,42,36,45,30,27,64,52,30
ENSG00000070366,SMG6,124.2,64.2,60,0.93,-0.1,5.6e-01,1.0e+00,0.814,5136,63,78,60,56,46,60,59,75
ENSG00000135945,REV1,33,15.5,17.5,1.119,0.2,5.6e-01,1.0e+00,0.8142,5138,17,11,13,21,14,18,15,23
ENSG00000131116,ZNF428,38.2,18.2,20,1.128,0.2,5.6e-01,1.0e+00,0.8143,5139,21,22,10,20,25,13,19,23
ENSG00000160551,TAOK1,323,156.8,166.2,1.062,0.1,5.6e-01,1.0e+00,0.8143,5140,139,137,178,173,142,152,178,193
ENSG00000180773,SLC36A4,36.5,17.2,19.2,1.11,0.2,5.6e-01,1.0e+00,0.8143,5141,20,14,22,13,17,25,15,20
ENSG00000244257,PKD1P1,56.8,22,34.8,1.614,0.7,5.6e-01,1.0e+00,0.8143,5141,0,76,12,0,65,61,13,0
ENSG00000196323,ZBTB44,185.8,89.8,96,1.071,0.1,5.6e-01,1.0e+00,0.8144,5143,83,99,105,72,107,97,106,74
ENSG00000183011,NAA38,36,17,19,1.109,0.1,5.6e-01,1.0e+00,0.8144,5144,20,14,16,18,17,18,27,14
ENSG00000171858,RPS21,202,96.2,105.8,1.099,0.1,5.6e-01,1.0e+00,0.8144,5144,133,92,65,95,143,89,89,102
ENSG00000175662,TOM1L2,131,64,67,1.053,0.1,5.6e-01,1.0e+00,0.8144,5145,66,66,61,63,62,75,61,70
ENSG00000142655,PEX14,26.2,14,12.2,0.893,-0.2,5.6e-01,1.0e+00,0.8145,5147,13,18,15,10,9,13,13,14
ENSG00000131845,ZNF304,29.8,16,13.8,0.89,-0.2,5.6e-01,1.0e+00,0.8149,5150,13,20,18,13,20,9,14,12
ENSG00000123411,IKZF4,24.8,11.8,13,1.125,0.2,5.6e-01,1.0e+00,0.8154,5154,9,15,11,12,15,10,10,17
ENSG00000156170,NDUFAF6,19.8,10.8,9,0.835,-0.3,5.6e-01,1.0e+00,0.816,5159,13,18,4,8,10,8,6,12
ENSG00000162702,ZNF281,60.8,32,28.8,0.887,-0.2,5.6e-01,1.0e+00,0.816,5160,28,32,30,38,16,23,46,30
ENSG00000106635,BCL7B,56.2,27,29.2,1.094,0.1,5.6e-01,1.0e+00,0.816,5161,28,35,22,23,30,37,24,26
ENSG00000147324,MFHAS1,34.8,16.2,18.5,1.147,0.2,5.6e-01,1.0e+00,0.816,5161,21,22,10,12,12,24,15,23
ENSG00000160445,ZER1,162.8,84,78.8,0.936,-0.1,5.6e-01,1.0e+00,0.8161,5162,93,98,73,72,73,85,65,92
ENSG00000158006,PAFAH2,17.5,8.2,9.2,1.142,0.2,5.6e-01,1.0e+00,0.8161,5164,10,5,10,8,10,6,12,9
ENSG00000205758,CRYZL1,30.2,16,14.2,0.894,-0.2,5.6e-01,1.0e+00,0.8161,5164,15,20,15,14,9,18,18,12
ENSG00000197948,FCHSD1,57.5,27.8,29.8,1.082,0.1,5.6e-01,1.0e+00,0.8161,5165,28,35,26,22,31,34,28,26
ENSG00000182180,MRPS16,68.2,33,35.2,1.081,0.1,5.6e-01,1.0e+00,0.8161,5166,37,34,25,36,38,42,31,30
ENSG00000116685,KIAA2013,79,36.5,42.5,1.166,0.2,5.6e-01,1.0e+00,0.8161,5167,11,49,31,55,41,36,49,44
ENSG00000129226,CD68,136,71,65,0.911,-0.1,5.7e-01,1.0e+00,0.8161,5168,56,80,71,77,43,83,52,82
ENSG00000181915,ADO,32.2,15,17.2,1.138,0.2,5.7e-01,1.0e+00,0.8161,5168,18,18,8,16,12,24,18,15
ENSG00000180448,ARHGAP45,26.8,14.5,12.2,0.874,-0.2,5.7e-01,1.0e+00,0.8161,5169,9,24,12,13,15,13,11,10
ENSG00000157557,ETS2,97,46.5,50.5,1.086,0.1,5.7e-01,1.0e+00,0.8161,5170,60,41,51,34,56,47,58,41
ENSG00000151414,NEK7,216.2,104.8,111.5,1.064,0.1,5.7e-01,1.0e+00,0.8161,5171,92,133,99,95,102,129,113,102
ENSG00000117640,MTFR1L,109.8,57.2,52.5,0.918,-0.1,5.7e-01,1.0e+00,0.8161,5172,49,60,61,59,77,47,40,46
ENSG00000178691,SUZ12,62.5,32.5,30,0.928,-0.1,5.7e-01,1.0e+00,0.8161,5173,33,34,32,31,22,28,35,35
ENSG00000273136,NBPF26,66.8,37.5,29.2,0.784,-0.4,5.7e-01,1.0e+00,0.8161,5173,45,12,32,61,61,4,26,26
ENSG00000076344,RGS11,24,11,13,1.179,0.2,5.7e-01,1.0e+00,0.8165,5176,13,14,5,12,15,16,5,16
ENSG00000266094,RASSF5,20.2,11,9.2,0.859,-0.2,5.7e-01,1.0e+00,0.8168,5179,7,12,17,8,10,11,5,11
ENSG00000134453,RBM17,100.2,48.5,51.8,1.071,0.1,5.7e-01,1.0e+00,0.8168,5180,52,54,44,44,57,54,38,58
ENSG00000170540,ARL6IP1,132.8,63.5,69.2,1.092,0.1,5.7e-01,1.0e+00,0.8168,5181,84,61,50,59,82,66,47,82
ENSG00000176273,SLC35G1,20.5,11,9.5,0.881,-0.2,5.7e-01,1.0e+00,0.8168,5182,7,13,11,13,11,12,7,8
ENSG00000106144,CASP2,36.5,19.2,17.2,0.902,-0.1,5.7e-01,1.0e+00,0.8168,5182,18,17,19,23,20,22,17,10
ENSG00000135828,RNASEL,31.2,14.5,16.8,1.173,0.2,5.7e-01,1.0e+00,0.8168,5183,14,22,6,16,22,19,8,18
ENSG00000122691,TWIST1,34.8,18.5,16.2,0.909,-0.1,5.7e-01,1.0e+00,0.8168,5184,21,20,19,14,20,12,15,18
ENSG00000089053,ANAPC5,187,96,91,0.948,-0.1,5.7e-01,1.0e+00,0.8168,5185,100,112,87,85,95,99,83,87
ENSG00000008869,HEATR5B,57.2,27.2,30,1.107,0.1,5.7e-01,1.0e+00,0.8168,5186,28,24,27,30,21,42,21,36
ENSG00000111877,MCM9,16.5,7.5,9,1.222,0.3,5.7e-01,1.0e+00,0.8168,5187,12,2,4,12,10,5,10,11
ENSG00000169826,CSGALNACT2,114.8,55.2,59.5,1.077,0.1,5.7e-01,1.0e+00,0.8168,5187,53,47,70,51,55,77,57,49
ENSG00000134245,WNT2B,26.5,14.5,12,0.859,-0.2,5.7e-01,1.0e+00,0.8169,5189,7,21,17,13,9,14,17,8
ENSG00000204628,RACK1,1636.5,841.8,794.8,0.944,-0.1,5.7e-01,1.0e+00,0.817,5190,918,873,842,734,984,741,716,738
ENSG00000100439,ABHD4,179.2,92.8,86.5,0.933,-0.1,5.7e-01,1.0e+00,0.8174,5194,87,94,120,70,85,94,76,91
ENSG00000108510,MED13,138.2,71.2,67,0.938,-0.1,5.7e-01,1.0e+00,0.8174,5194,70,64,80,71,54,80,75,59
ENSG00000101337,TM9SF4,169.2,87.8,81.5,0.931,-0.1,5.7e-01,1.0e+00,0.8174,5195,85,112,75,79,64,100,78,84
ENSG00000108588,CCDC47,133,64.5,68.5,1.068,0.1,5.7e-01,1.0e+00,0.8174,5196,54,77,61,66,78,75,66,55
ENSG00000171425,ZNF581,28.5,15,13.5,0.904,-0.1,5.7e-01,1.0e+00,0.8174,5197,17,16,13,14,13,13,10,18
ENSG00000090539,CHRD,18,8.2,9.8,1.203,0.3,5.7e-01,1.0e+00,0.8175,5199,8,11,4,10,7,14,4,14
ENSG00000173848,NET1,36,16.8,19.2,1.126,0.2,5.7e-01,1.0e+00,0.8177,5200,17,17,21,12,15,18,14,30
ENSG00000048828,FAM120A,345.2,168.8,176.5,1.047,0.1,5.7e-01,1.0e+00,0.8177,5201,171,157,178,169,178,153,191,184
ENSG00000046647,GEMIN8,33.8,17.8,16,0.921,-0.1,5.7e-01,1.0e+00,0.8177,5202,16,15,19,21,18,14,15,17
ENSG00000128731,HERC2,165,85.5,79.5,0.929,-0.1,5.7e-01,1.0e+00,0.8177,5203,78,79,97,88,93,53,88,84
ENSG00000268043,NBPF12,48,25.2,22.8,0.9,-0.2,5.7e-01,1.0e+00,0.8177,5204,20,30,24,27,13,29,23,26
ENSG00000178537,SLC25A20,24,11.2,12.8,1.133,0.2,5.7e-01,1.0e+00,0.8177,5204,14,7,15,9,11,12,11,17
ENSG00000134504,KCTD1,20.8,11.2,9.5,0.844,-0.2,5.7e-01,1.0e+00,0.8185,5210,15,14,9,7,11,11,3,13
ENSG00000154721,JAM2,56.8,25.2,31.5,1.224,0.3,5.7e-01,1.0e+00,0.8188,5213,14,31,27,29,5,52,40,29
ENSG00000081853,PCDHGA2,32.8,14.8,18,1.227,0.3,5.7e-01,1.0e+00,0.819,5215,8,13,27,11,8,16,36,12
ENSG00000279457,WASH9P,23.2,12.5,10.8,0.843,-0.2,5.7e-01,1.0e+00,0.8192,5217,18,15,9,8,8,19,11,5
ENSG00000185761,ADAMTSL5,35,16.2,18.8,1.143,0.2,5.7e-01,1.0e+00,0.8192,5218,13,21,9,22,18,18,12,27
ENSG00000157191,NECAP2,105.5,54.8,50.8,0.929,-0.1,5.7e-01,1.0e+00,0.8192,5219,51,58,67,43,41,60,56,46
ENSG00000159202,UBE2Z,248,121.2,126.8,1.048,0.1,5.7e-01,1.0e+00,0.8197,5223,128,104,129,124,133,132,125,117
ENSG00000164111,ANXA5,2053.5,992.5,1061,1.069,0.1,5.7e-01,1.0e+00,0.8197,5224,936,960,1232,842,1115,951,1294,884
ENSG00000164576,SAP30L,141.8,68.2,73.5,1.073,0.1,5.7e-01,1.0e+00,0.8198,5226,64,62,61,86,69,84,57,84
ENSG00000125247,TMTC4,19,10.2,8.8,0.871,-0.2,5.7e-01,1.0e+00,0.8198,5226,12,8,12,9,13,5,11,6
ENSG00000152082,MZT2B,77.5,40.8,36.8,0.904,-0.1,5.7e-01,1.0e+00,0.8198,5227,45,48,27,43,54,30,33,30
ENSG00000005194,CIAPIN1,43.8,22.8,21,0.919,-0.1,5.7e-01,1.0e+00,0.8198,5228,18,28,21,24,17,21,21,25
ENSG00000180398,MCFD2,496,255.5,240.5,0.939,-0.1,5.7e-01,1.0e+00,0.8198,5229,239,244,311,228,190,235,286,251
ENSG00000205356,TECPR1,69.5,33.2,36.2,1.093,0.1,5.7e-01,1.0e+00,0.82,5231,36,40,35,22,44,30,30,41
ENSG00000185324,CDK10,51.8,25,26.8,1.079,0.1,5.7e-01,1.0e+00,0.8205,5235,21,31,24,24,26,32,24,25
ENSG00000162086,ZNF75A,23,11,12,1.113,0.2,5.7e-01,1.0e+00,0.8205,5236,11,8,15,10,12,14,10,12
ENSG00000241685,ARPC1A,156.8,80.8,76,0.942,-0.1,5.7e-01,1.0e+00,0.8205,5237,90,74,91,68,84,68,84,68
ENSG00000170604,IRF2BP1,27,14.5,12.5,0.866,-0.2,5.7e-01,1.0e+00,0.8206,5238,13,9,18,18,12,7,10,21
ENSG00000213983,AP1G2,40,21,19,0.901,-0.1,5.7e-01,1.0e+00,0.8215,5244,16,18,32,18,21,17,21,17
ENSG00000173511,VEGFB,145,69.8,75.2,1.075,0.1,5.7e-01,1.0e+00,0.8217,5246,65,93,49,72,73,77,75,76
ENSG00000122176,FMOD,1255.2,650,605.2,0.931,-0.1,5.7e-01,1.0e+00,0.8217,5247,659,787,454,700,571,697,513,640
ENSG00000125863,MKKS,44.2,23.2,21,0.893,-0.2,5.7e-01,1.0e+00,0.8221,5251,17,22,28,26,11,26,22,25
ENSG00000157764,BRAF,61.5,29.8,31.8,1.072,0.1,5.7e-01,1.0e+00,0.8221,5252,32,33,28,26,25,33,33,36
ENSG00000119689,DLST,381.8,185,196.8,1.064,0.1,5.7e-01,1.0e+00,0.823,5258,180,221,201,138,224,176,190,197
ENSG00000156873,PHKG2,20,10.8,9.2,0.88,-0.2,5.8e-01,1.0e+00,0.824,5265,11,9,10,13,7,10,14,6
ENSG00000111653,ING4,42,19.8,22.2,1.109,0.1,5.8e-01,1.0e+00,0.824,5266,19,11,27,22,23,19,22,25
ENSG00000122406,RPL5,1076.2,552.5,523.8,0.947,-0.1,5.8e-01,1.0e+00,0.8244,5270,603,540,557,510,639,530,468,458
ENSG00000129968,ABHD17A,91.2,47.5,43.8,0.92,-0.1,5.8e-01,1.0e+00,0.8244,5270,56,41,41,52,45,28,48,54
ENSG00000180263,FGD6,20.8,11.2,9.5,0.862,-0.2,5.8e-01,1.0e+00,0.8244,5271,5,14,13,13,8,14,8,8
ENSG00000101161,PRPF6,167.8,81.5,86.2,1.059,0.1,5.8e-01,1.0e+00,0.8244,5272,79,95,84,68,81,75,95,94
ENSG00000112787,FBRSL1,42.2,20.5,21.8,1.081,0.1,5.8e-01,1.0e+00,0.8244,5273,19,23,17,23,22,26,19,20
ENSG00000134072,CAMK1,32,16.8,15.2,0.901,-0.1,5.8e-01,1.0e+00,0.8244,5274,16,15,13,23,14,19,11,17
ENSG00000249072,ENSG00000249072,551.5,300.5,251,0.835,-0.3,5.8e-01,1.0e+00,0.8244,5274,115,339,558,190,144,274,392,194
ENSG00000115661,STK16,38.5,20.5,18,0.895,-0.2,5.8e-01,1.0e+00,0.8244,5275,24,28,14,16,21,22,13,16
ENSG00000254505,CHMP4A,18.2,7.5,10.8,1.456,0.5,5.8e-01,1.0e+00,0.8244,5276,12,0,0,18,18,14,0,11
ENSG00000107249,GLIS3,61,31.8,29.2,0.923,-0.1,5.8e-01,1.0e+00,0.8247,5279,29,43,27,28,28,29,25,35
ENSG00000160789,LMNA,1218.8,592.2,626.5,1.058,0.1,5.8e-01,1.0e+00,0.825,5282,591,630,451,697,636,611,624,635
ENSG00000277400,ENSG00000277400,30,13.8,16.2,1.202,0.3,5.8e-01,1.0e+00,0.825,5282,13,10,9,23,22,12,5,26
ENSG00000105127,AKAP8,48,23,25,1.106,0.1,5.8e-01,1.0e+00,0.825,5283,21,23,26,22,30,13,26,31
ENSG00000100284,TOM1,81.2,38.5,42.8,1.111,0.2,5.8e-01,1.0e+00,0.825,5284,28,35,51,40,40,34,65,32
ENSG00000175265,GOLGA8A,101.8,46,55.8,1.214,0.3,5.8e-01,1.0e+00,0.825,5285,67,37,14,66,66,65,17,75
ENSG00000182117,NOP10,60.8,29.2,31.5,1.08,0.1,5.8e-01,1.0e+00,0.825,5286,28,27,34,28,38,36,25,27
ENSG00000185896,LAMP1,924.2,472.8,451.5,0.955,-0.1,5.8e-01,1.0e+00,0.825,5287,462,537,463,429,462,480,453,411
ENSG00000072133,RPS6KA6,22,11.8,10.2,0.872,-0.2,5.8e-01,1.0e+00,0.825,5288,16,12,8,11,12,6,8,15
ENSG00000116260,QSOX1,17375.8,8932.5,8443.2,0.945,-0.1,5.8e-01,1.0e+00,0.8251,5289,10101,8933,8276,8420,9457,7608,9202,7506
ENSG00000174579,MSL2,24,11,13,1.158,0.2,5.8e-01,1.0e+00,0.8251,5290,13,5,16,10,13,17,7,15
ENSG00000104859,CLASRP,36.5,19.2,17.2,0.914,-0.1,5.8e-01,1.0e+00,0.8251,5291,16,20,24,17,17,13,22,17
ENSG00000092531,SNAP23,90.8,47,43.8,0.929,-0.1,5.8e-01,1.0e+00,0.8251,5292,53,50,48,37,47,54,33,41
ENSG00000100271,TTLL1,20.8,11,9.8,0.887,-0.2,5.8e-01,1.0e+00,0.8252,5293,14,7,11,12,8,8,13,10
ENSG00000065154,OAT,251.8,129.5,122.2,0.943,-0.1,5.8e-01,1.0e+00,0.8253,5294,137,127,115,139,126,145,92,126
ENSG00000162298,SYVN1,90.2,43.5,46.8,1.071,0.1,5.8e-01,1.0e+00,0.8255,5297,52,48,34,40,55,45,41,46
ENSG00000166166,TRMT61A,33.2,16,17.2,1.097,0.1,5.8e-01,1.0e+00,0.8256,5298,13,15,15,21,21,16,17,15
ENSG00000101639,CEP192,58,30.2,27.8,0.918,-0.1,5.8e-01,1.0e+00,0.8262,5302,26,33,27,35,30,18,32,31
ENSG00000196233,LCOR,54.5,28.8,25.8,0.904,-0.1,5.8e-01,1.0e+00,0.8263,5304,22,30,28,35,32,30,27,14
ENSG00000067057,PFKP,182.8,96.5,86.2,0.891,-0.2,5.8e-01,1.0e+00,0.8263,5305,100,78,99,109,65,54,152,74
ENSG00000105993,DNAJB6,179.5,87.2,92.2,1.056,0.1,5.8e-01,1.0e+00,0.8263,5306,81,74,106,88,89,86,97,97
ENSG00000151247,EIF4E,57.2,27.5,29.8,1.09,0.1,5.8e-01,1.0e+00,0.8264,5307,28,35,26,21,39,26,25,29
ENSG00000119950,MXI1,136.5,66,70.5,1.073,0.1,5.8e-01,1.0e+00,0.8266,5309,88,58,52,66,66,69,64,83
ENSG00000172156,CCL11,42.2,24.5,17.8,0.716,-0.5,5.8e-01,1.0e+00,0.8266,5310,14,15,51,18,7,2,59,3
ENSG00000065029,ZNF76,32.8,15.2,17.5,1.136,0.2,5.8e-01,1.0e+00,0.8267,5312,23,17,10,11,17,22,11,20
ENSG00000143862,ARL8A,42.2,20.2,22,1.092,0.1,5.8e-01,1.0e+00,0.8267,5312,21,26,17,17,26,19,18,25
ENSG00000137210,TMEM14B,53.5,28,25.5,0.923,-0.1,5.8e-01,1.0e+00,0.8267,5313,30,25,27,30,19,34,23,26
ENSG00000280951,SURF4,456.2,222.5,233.8,1.049,0.1,5.8e-01,1.0e+00,0.8267,5314,195,234,242,219,229,217,268,221
ENSG00000063046,EIF4B,1140.2,584.5,555.8,0.951,-0.1,5.8e-01,1.0e+00,0.8274,5319,655,594,537,552,631,576,476,540
ENSG00000171262,FAM98B,35.2,16.8,18.5,1.112,0.2,5.8e-01,1.0e+00,0.8275,5321,12,15,23,17,13,22,22,17
ENSG00000100461,RBM23,81.5,42.5,39,0.917,-0.1,5.8e-01,1.0e+00,0.8286,5329,31,40,55,44,41,32,51,32
ENSG00000103510,KAT8,36.2,18.8,17.5,0.927,-0.1,5.8e-01,1.0e+00,0.8286,5330,17,18,18,22,16,17,17,20
ENSG00000111790,FGFR1OP2,50,26,24,0.916,-0.1,5.8e-01,1.0e+00,0.8286,5330,30,18,31,25,25,24,18,29
ENSG00000112081,SRSF3,169.5,81.8,87.8,1.069,0.1,5.8e-01,1.0e+00,0.8286,5331,99,83,67,78,91,77,109,74
ENSG00000164933,SLC25A32,40.8,19,21.8,1.174,0.2,5.8e-01,1.0e+00,0.8286,5332,17,20,18,21,34,5,28,20
ENSG00000169432,SCN9A,202.2,107,95.2,0.894,-0.2,5.8e-01,1.0e+00,0.8286,5333,57,130,115,126,55,100,108,118
ENSG00000127125,PPCS,42.5,22.5,20,0.907,-0.1,5.8e-01,1.0e+00,0.8288,5335,29,25,14,22,20,24,20,16
ENSG00000112651,MRPL2,19.8,9.2,10.5,1.155,0.2,5.8e-01,1.0e+00,0.8288,5336,5,9,8,15,10,13,7,12
ENSG00000105771,SMG9,51,26.5,24.5,0.926,-0.1,5.8e-01,1.0e+00,0.8288,5337,22,29,30,25,19,30,23,26
ENSG00000175221,MED16,59.2,31,28.2,0.92,-0.1,5.8e-01,1.0e+00,0.8288,5338,27,29,27,41,32,23,24,34
ENSG00000164091,WDR82,207.5,106.2,101.2,0.952,-0.1,5.8e-01,1.0e+00,0.8288,5339,115,106,99,105,119,97,89,100
ENSG00000163655,GMPS,99.5,51.8,47.8,0.928,-0.1,5.8e-01,1.0e+00,0.8288,5339,58,39,62,48,58,40,41,52
ENSG00000107816,LZTS2,244.8,117.8,127,1.077,0.1,5.8e-01,1.0e+00,0.8291,5342,138,95,100,138,154,92,138,124
ENSG00000172071,EIF2AK3,44.8,23.5,21.2,0.921,-0.1,5.8e-01,1.0e+00,0.8293,5344,19,28,24,23,22,19,27,17
ENSG00000184164,CRELD2,62.2,29.2,33,1.135,0.2,5.8e-01,1.0e+00,0.8293,5345,49,23,21,24,36,31,45,20
ENSG00000198513,ATL1,20.8,9.8,11,1.147,0.2,5.8e-01,1.0e+00,0.8294,5346,7,12,10,10,13,11,5,15
ENSG00000075234,TTC38,41.8,19.5,22.2,1.149,0.2,5.8e-01,1.0e+00,0.8297,5349,17,10,30,21,18,14,35,22
ENSG00000165271,NOL6,47.2,24.8,22.5,0.911,-0.1,5.8e-01,1.0e+00,0.8297,5350,27,18,31,23,19,20,31,20
ENSG00000118855,MFSD1,201.5,106.5,95,0.889,-0.2,5.9e-01,1.0e+00,0.8297,5351,138,123,61,104,112,112,48,108
ENSG00000013364,MVP,734.8,358,376.8,1.053,0.1,5.9e-01,1.0e+00,0.8297,5351,433,344,304,351,384,389,341,393
ENSG00000100304,TTLL12,45.8,21.5,24.2,1.129,0.2,5.9e-01,1.0e+00,0.8297,5352,35,10,20,21,26,20,24,27
ENSG00000153922,CHD1,49.5,26,23.5,0.914,-0.1,5.9e-01,1.0e+00,0.8297,5353,28,21,30,25,24,21,32,17
ENSG00000165487,MICU2,60.8,32.2,28.5,0.895,-0.2,5.9e-01,1.0e+00,0.8299,5355,23,25,37,44,31,39,27,17
ENSG00000109390,NDUFC1,31.2,16.5,14.8,0.9,-0.2,5.9e-01,1.0e+00,0.8299,5356,17,13,15,21,11,11,19,18
ENSG00000148444,COMMD3,47,22.2,24.8,1.109,0.1,5.9e-01,1.0e+00,0.8299,5357,24,16,24,25,34,25,14,26
ENSG00000103507,BCKDK,76.2,36.5,39.8,1.089,0.1,5.9e-01,1.0e+00,0.8299,5358,32,29,39,46,37,32,55,35
ENSG00000171302,CANT1,125.8,65.2,60.5,0.927,-0.1,5.9e-01,1.0e+00,0.8299,5358,53,70,68,70,45,51,65,81
ENSG00000132792,CTNNBL1,40.2,21.2,19,0.912,-0.1,5.9e-01,1.0e+00,0.83,5360,26,21,24,14,23,17,19,17
ENSG00000226882,GNL1,51.8,29.2,22.5,0.768,-0.4,5.9e-01,1.0e+00,0.8304,5364,69,18,27,3,38,8,15,29
ENSG00000164300,SERINC5,55.8,29,26.8,0.923,-0.1,5.9e-01,1.0e+00,0.8307,5366,29,30,27,30,29,18,26,34
ENSG00000137463,MGARP,21.5,9.8,11.8,1.2,0.3,5.9e-01,1.0e+00,0.8309,5369,4,13,10,12,8,21,13,5
ENSG00000162576,MXRA8,899.2,438,461.2,1.053,0.1,5.9e-01,1.0e+00,0.8309,5369,460,488,361,443,520,455,400,470
ENSG00000049883,PTCD2,29.5,15.5,14,0.904,-0.1,5.9e-01,1.0e+00,0.8309,5370,13,18,15,16,16,19,10,11
ENSG00000129925,PGAP6,159,76.8,82.2,1.071,0.1,5.9e-01,1.0e+00,0.8309,5371,93,67,70,77,104,63,86,76
ENSG00000162409,PRKAA2,22,10.5,11.5,1.116,0.2,5.9e-01,1.0e+00,0.8309,5372,9,11,14,8,10,11,10,15
ENSG00000158711,ELK4,78.5,40.5,38,0.939,-0.1,5.9e-01,1.0e+00,0.8309,5373,37,38,38,49,33,35,44,40
ENSG00000145833,DDX46,109.8,53.2,56.5,1.064,0.1,5.9e-01,1.0e+00,0.8311,5375,63,49,48,53,55,68,58,45
ENSG00000177225,GATD1,123.5,59.8,63.8,1.063,0.1,5.9e-01,1.0e+00,0.8311,5376,67,52,56,64,68,62,50,75
ENSG00000053501,USE1,24.5,13,11.5,0.888,-0.2,5.9e-01,1.0e+00,0.8311,5377,20,9,12,11,15,12,9,10
ENSG00000196396,PTPN1,74.2,35.2,39,1.106,0.1,5.9e-01,1.0e+00,0.8311,5377,33,38,49,21,35,29,44,48
ENSG00000249915,PDCD6,102.8,53.2,49.5,0.934,-0.1,5.9e-01,1.0e+00,0.8312,5379,53,45,60,55,57,38,60,43
ENSG00000073060,SCARB1,24,13.2,10.8,0.83,-0.3,5.9e-01,1.0e+00,0.8312,5379,12,14,18,9,4,10,23,6
ENSG00000211456,SACM1L,72,37.2,34.8,0.938,-0.1,5.9e-01,1.0e+00,0.8313,5381,35,36,35,43,37,33,28,41
ENSG00000140263,SORD,29.5,15.5,14,0.908,-0.1,5.9e-01,1.0e+00,0.8313,5382,16,15,16,15,11,10,18,17
ENSG00000102172,SMS,98.2,51.8,46.5,0.903,-0.1,5.9e-01,1.0e+00,0.8313,5383,62,33,60,52,68,49,34,35
ENSG00000152556,PFKM,119,61.2,57.8,0.949,-0.1,5.9e-01,1.0e+00,0.8313,5384,62,59,61,63,59,51,53,68
ENSG00000156697,UTP14A,28.2,13.2,15,1.115,0.2,5.9e-01,1.0e+00,0.8314,5385,16,12,16,9,16,20,14,10
ENSG00000107625,DDX50,73.5,38.2,35.2,0.926,-0.1,5.9e-01,1.0e+00,0.8314,5386,31,45,37,40,32,27,36,46
ENSG00000176463,SLCO3A1,93,44,49,1.115,0.2,5.9e-01,1.0e+00,0.8314,5386,36,46,54,40,26,59,71,40
ENSG00000111676,ATN1,424.8,206,218.8,1.062,0.1,5.9e-01,1.0e+00,0.8314,5387,173,197,257,197,259,198,190,228
ENSG00000198887,SMC5,71.8,33.8,38,1.12,0.2,5.9e-01,1.0e+00,0.8314,5388,27,34,40,34,18,35,47,52
ENSG00000147162,OGT,497.5,243,254.5,1.046,0.1,5.9e-01,1.0e+00,0.8316,5391,264,245,238,225,246,272,222,278
ENSG00000092096,SLC22A17,31,16.2,14.8,0.912,-0.1,5.9e-01,1.0e+00,0.8316,5391,14,14,20,17,18,12,18,11
ENSG00000111961,SASH1,269.5,130.5,139,1.065,0.1,5.9e-01,1.0e+00,0.8316,5392,137,124,139,122,143,98,174,141
ENSG00000160888,IER2,46.8,25,21.8,0.886,-0.2,5.9e-01,1.0e+00,0.8316,5393,24,21,18,37,32,25,14,16
ENSG00000147408,CSGALNACT1,66,31.2,34.8,1.116,0.2,5.9e-01,1.0e+00,0.8316,5394,28,33,27,37,34,26,22,57
ENSG00000001630,CYP51A1,76.8,37,39.8,1.067,0.1,5.9e-01,1.0e+00,0.8316,5395,42,41,28,37,40,40,44,35
ENSG00000197114,ZGPAT,26.8,12.8,14,1.116,0.2,5.9e-01,1.0e+00,0.8316,5396,14,9,15,13,19,9,16,12
ENSG00000072401,UBE2D1,47,22.8,24.2,1.076,0.1,5.9e-01,1.0e+00,0.8316,5396,23,21,25,22,27,25,18,27
ENSG00000100142,POLR2F,32,16.8,15.2,0.913,-0.1,5.9e-01,1.0e+00,0.8316,5397,12,18,19,18,15,16,18,12
ENSG00000075407,ZNF37A,90,42.8,47.2,1.103,0.1,5.9e-01,1.0e+00,0.8317,5398,31,44,66,30,41,52,55,41
ENSG00000003509,NDUFAF7,24.2,13,11.2,0.881,-0.2,5.9e-01,1.0e+00,0.8317,5399,13,17,13,9,18,11,9,7
ENSG00000014123,UFL1,69.8,36,33.8,0.943,-0.1,5.9e-01,1.0e+00,0.8317,5400,33,38,33,40,29,34,36,36
ENSG00000134982,APC,109,53.2,55.8,1.049,0.1,5.9e-01,1.0e+00,0.8317,5401,51,50,58,54,56,59,51,57
ENSG00000177084,POLE,35.5,18.8,16.8,0.899,-0.2,5.9e-01,1.0e+00,0.8317,5402,16,16,22,21,22,16,9,20
ENSG00000128739,SNRPN,109.8,56.8,53,0.939,-0.1,5.9e-01,1.0e+00,0.8317,5403,52,59,61,55,47,42,67,56
ENSG00000260916,CCPG1,274.5,142.2,132.2,0.932,-0.1,5.9e-01,1.0e+00,0.8317,5403,132,183,132,122,113,157,104,155
ENSG00000149571,KIRREL3,31.8,17.2,14.5,0.855,-0.2,5.9e-01,1.0e+00,0.8317,5404,11,27,20,11,7,16,23,12
ENSG00000198034,RPS4X,1416.2,731,685.2,0.938,-0.1,5.9e-01,1.0e+00,0.8317,5405,725,718,605,876,716,619,551,855
ENSG00000126005,MMP24OS,89.8,43.2,46.5,1.072,0.1,5.9e-01,1.0e+00,0.832,5408,33,49,43,48,39,55,51,41
ENSG00000185591,SP1,162.8,83.2,79.5,0.952,-0.1,5.9e-01,1.0e+00,0.8324,5411,85,82,80,86,64,83,86,85
ENSG00000198920,KIAA0753,36.5,19.2,17.2,0.902,-0.1,5.9e-01,1.0e+00,0.8325,5413,19,20,22,16,17,22,21,9
ENSG00000276910,GTF2H2,28,16.2,11.8,0.745,-0.4,5.9e-01,1.0e+00,0.8325,5413,33,3,17,12,24,0,5,18
ENSG00000121644,DESI2,118.2,57,61.2,1.077,0.1,5.9e-01,1.0e+00,0.8325,5415,60,42,72,54,56,78,61,50
ENSG00000101132,PFDN4,35.5,19,16.5,0.876,-0.2,5.9e-01,1.0e+00,0.8326,5416,14,17,27,18,9,11,24,22
ENSG00000259330,INAFM2,20.5,9.5,11,1.18,0.2,5.9e-01,1.0e+00,0.8326,5417,6,11,12,9,4,10,19,11
ENSG00000116580,GON4L,92.8,48.5,44.2,0.919,-0.1,5.9e-01,1.0e+00,0.8326,5418,31,59,55,49,37,39,44,57
ENSG00000114784,EIF1B,44.5,21,23.5,1.118,0.2,5.9e-01,1.0e+00,0.8326,5418,21,27,24,12,18,33,18,25
ENSG00000127054,INTS11,94.2,45.5,48.8,1.067,0.1,5.9e-01,1.0e+00,0.8326,5419,47,53,44,38,59,48,40,48
ENSG00000122642,FKBP9,586.8,282.2,304.5,1.079,0.1,5.9e-01,1.0e+00,0.8326,5420,239,312,225,353,238,382,252,346
ENSG00000035681,NSMAF,81.5,42.5,39,0.92,-0.1,5.9e-01,1.0e+00,0.8326,5421,37,38,34,61,35,47,31,43
ENSG00000197157,SND1,376.5,184.2,192.2,1.044,0.1,5.9e-01,1.0e+00,0.8326,5422,180,180,204,173,177,184,214,194
ENSG00000101752,MIB1,140.5,68,72.5,1.068,0.1,5.9e-01,1.0e+00,0.8326,5423,61,67,65,79,68,59,67,96
ENSG00000085415,SEH1L,34,16,18,1.131,0.2,5.9e-01,1.0e+00,0.8329,5425,13,10,20,21,17,20,25,10
ENSG00000198840,MT-ND3,503,241.5,261.5,1.083,0.1,5.9e-01,1.0e+00,0.833,5427,218,275,195,278,322,311,169,244
ENSG00000140265,ZSCAN29,50,26.2,23.8,0.917,-0.1,5.9e-01,1.0e+00,0.8331,5429,32,21,27,25,17,26,30,22
ENSG00000144445,KANSL1L,34.5,16.5,18,1.098,0.1,5.9e-01,1.0e+00,0.8331,5430,13,13,22,18,16,22,15,19
ENSG00000039123,MTREX,104.8,53.8,51,0.945,-0.1,5.9e-01,1.0e+00,0.8333,5432,59,55,42,59,51,55,46,52
ENSG00000114841,DNAH1,23.8,11.2,12.5,1.151,0.2,5.9e-01,1.0e+00,0.8333,5432,13,13,5,14,19,12,11,8
ENSG00000166860,ZBTB39,18.2,8.2,10,1.198,0.3,5.9e-01,1.0e+00,0.8333,5433,15,6,5,7,12,3,12,13
ENSG00000069943,PIGB,26.5,14,12.5,0.897,-0.2,5.9e-01,1.0e+00,0.8333,5434,16,9,13,18,11,12,17,10
ENSG00000156011,PSD3,97.2,59.8,37.5,0.629,-0.7,5.9e-01,1.0e+00,0.8333,5435,101,0,137,1,79,1,1,69
ENSG00000178741,COX5A,47,22.2,24.8,1.111,0.2,5.9e-01,1.0e+00,0.8333,5436,14,25,27,23,18,20,25,36
ENSG00000107164,FUBP3,99.5,51.5,48,0.933,-0.1,5.9e-01,1.0e+00,0.8333,5437,46,47,70,43,45,44,57,46
ENSG00000130827,PLXNA3,142,73.5,68.5,0.932,-0.1,5.9e-01,1.0e+00,0.8333,5437,85,65,85,59,66,51,79,78
ENSG00000132950,ZMYM5,26.2,12.5,13.8,1.099,0.1,5.9e-01,1.0e+00,0.8333,5438,10,15,10,15,13,16,13,13
ENSG00000115756,HPCAL1,28,15,13,0.886,-0.2,5.9e-01,1.0e+00,0.8333,5439,11,9,23,17,13,13,10,16
ENSG00000168028,RPSA,1306.8,674.2,632.5,0.938,-0.1,5.9e-01,1.0e+00,0.8336,5441,803,606,617,671,841,535,575,579
ENSG00000143149,ALDH9A1,212,102,110,1.078,0.1,6.0e-01,1.0e+00,0.8337,5443,104,110,105,89,162,88,101,89
ENSG00000108561,C1QBP,53.2,28.2,25,0.906,-0.1,6.0e-01,1.0e+00,0.8337,5444,38,26,21,28,19,33,30,18
ENSG00000119487,MAPKAP1,232.5,112.2,120.2,1.072,0.1,6.0e-01,1.0e+00,0.8337,5445,126,101,92,130,158,124,103,96
ENSG00000101052,IFT52,64.2,31,33.2,1.076,0.1,6.0e-01,1.0e+00,0.8337,5446,33,32,35,24,39,28,28,38
ENSG00000178996,SNX18,332,170.2,161.8,0.95,-0.1,6.0e-01,1.0e+00,0.8337,5447,164,161,153,203,140,168,186,153
ENSG00000178033,CALHM5,63.8,33.2,30.5,0.924,-0.1,6.0e-01,1.0e+00,0.8337,5448,35,28,36,34,21,27,37,37
ENSG00000100100,PIK3IP1,202,96.5,105.5,1.088,0.1,6.0e-01,1.0e+00,0.8337,5448,92,99,92,103,89,146,64,123
ENSG00000118197,DDX59,20,10.8,9.2,0.879,-0.2,6.0e-01,1.0e+00,0.8337,5449,7,12,15,9,8,12,11,6
ENSG00000154122,ANKH,60.8,31.8,29,0.916,-0.1,6.0e-01,1.0e+00,0.8337,5450,29,34,27,37,22,21,36,37
ENSG00000111725,PRKAB1,41,21.5,19.5,0.914,-0.1,6.0e-01,1.0e+00,0.8337,5451,16,20,20,30,17,23,17,21
ENSG00000135972,MRPS9,28.5,13.2,15.2,1.153,0.2,6.0e-01,1.0e+00,0.8337,5452,6,15,19,13,12,21,19,9
ENSG00000177733,HNRNPA0,214.5,110,104.5,0.951,-0.1,6.0e-01,1.0e+00,0.8337,5453,132,105,97,106,118,103,98,99
ENSG00000257923,CUX1,278.8,135,143.8,1.066,0.1,6.0e-01,1.0e+00,0.8337,5453,113,132,160,135,134,112,182,147
ENSG00000122674,CCZ1,32.2,17.8,14.5,0.831,-0.3,6.0e-01,1.0e+00,0.8337,5454,13,24,27,7,16,27,8,7
ENSG00000172780,RAB43,25.5,11.5,14,1.213,0.3,6.0e-01,1.0e+00,0.8337,5455,10,17,3,16,16,7,8,25
ENSG00000217128,FNIP1,139.2,72.2,67,0.924,-0.1,6.0e-01,1.0e+00,0.8337,5456,84,53,67,85,81,69,45,73
ENSG00000140688,RUSF1,130.8,63.8,67,1.053,0.1,6.0e-01,1.0e+00,0.8337,5457,76,61,61,57,63,62,68,75
ENSG00000143198,MGST3,117.2,60.8,56.5,0.935,-0.1,6.0e-01,1.0e+00,0.8337,5458,55,70,73,45,61,61,48,56
ENSG00000182150,ERCC6L2,74.5,38.8,35.8,0.922,-0.1,6.0e-01,1.0e+00,0.8337,5458,34,49,37,35,29,50,34,30
ENSG00000147383,NSDHL,19.2,10.2,9,0.896,-0.2,6.0e-01,1.0e+00,0.8337,5459,10,11,11,9,11,5,10,10
ENSG00000157593,SLC35B2,151.2,78,73.2,0.939,-0.1,6.0e-01,1.0e+00,0.8337,5460,71,75,86,80,68,67,98,60
ENSG00000261893,CLK2,41,19.2,21.8,1.147,0.2,6.0e-01,1.0e+00,0.8337,5461,10,23,32,12,28,17,23,19
ENSG00000164934,DCAF13,43,20.8,22.2,1.081,0.1,6.0e-01,1.0e+00,0.8337,5462,16,18,25,24,21,26,19,23
ENSG00000105193,RPS16,722.2,349.8,372.5,1.066,0.1,6.0e-01,1.0e+00,0.8337,5463,377,381,320,321,502,330,358,300
ENSG00000117419,ERI3,58.8,28.5,30.2,1.075,0.1,6.0e-01,1.0e+00,0.8338,5464,28,24,26,36,25,36,30,30
ENSG00000069702,TGFBR3,326.5,158,168.5,1.068,0.1,6.0e-01,1.0e+00,0.8338,5465,174,137,178,143,206,159,122,187
ENSG00000198160,MIER1,99.2,51,48.2,0.939,-0.1,6.0e-01,1.0e+00,0.8338,5466,66,44,46,48,45,47,46,55
ENSG00000134996,OSTF1,33,17.2,15.8,0.918,-0.1,6.0e-01,1.0e+00,0.8338,5467,19,16,14,20,20,16,13,14
ENSG00000204217,BMPR2,282.2,138.2,144,1.043,0.1,6.0e-01,1.0e+00,0.834,5469,129,138,136,150,139,129,154,154
ENSG00000205531,NAP1L4,108,62,46,0.74,-0.4,6.0e-01,1.0e+00,0.834,5470,75,2,82,89,73,1,64,46
ENSG00000167257,RNF214,29.2,15.5,13.8,0.903,-0.1,6.0e-01,1.0e+00,0.834,5471,9,18,16,19,15,12,15,13
ENSG00000170581,STAT2,656.8,320.5,336.2,1.049,0.1,6.0e-01,1.0e+00,0.834,5471,360,296,360,266,333,328,329,355
ENSG00000079482,OPHN1,40,21.2,18.8,0.903,-0.1,6.0e-01,1.0e+00,0.8342,5473,28,20,25,12,18,24,17,16
ENSG00000132275,RRP8,21.8,11.5,10.2,0.892,-0.2,6.0e-01,1.0e+00,0.8346,5476,14,12,9,11,8,12,14,7
ENSG00000205268,PDE7A,21.2,11.2,10,0.886,-0.2,6.0e-01,1.0e+00,0.8346,5477,13,15,8,9,14,7,11,8
ENSG00000109610,SOD3,381.2,201.8,179.5,0.889,-0.2,6.0e-01,1.0e+00,0.8346,5478,178,250,112,267,114,236,131,237
ENSG00000248905,FMN1,104.5,55.5,49,0.886,-0.2,6.0e-01,1.0e+00,0.8346,5479,33,77,65,47,31,59,72,34
ENSG00000172594,SMPDL3A,180.8,87.2,93.5,1.072,0.1,6.0e-01,1.0e+00,0.8347,5480,86,60,104,99,114,84,87,89
ENSG00000178950,GAK,122.5,63.2,59.2,0.939,-0.1,6.0e-01,1.0e+00,0.8347,5481,50,77,61,65,70,53,62,52
ENSG00000213719,CLIC1,266,137.2,128.8,0.936,-0.1,6.0e-01,1.0e+00,0.8347,5482,158,149,147,95,107,150,122,136
ENSG00000166233,ARIH1,149.8,77,72.8,0.945,-0.1,6.0e-01,1.0e+00,0.8352,5486,63,71,86,88,63,73,73,82
ENSG00000151176,PLBD2,424,216.5,207.5,0.957,-0.1,6.0e-01,1.0e+00,0.8352,5487,218,195,208,245,195,192,225,218
ENSG00000144711,IQSEC1,120.5,58.5,62,1.065,0.1,6.0e-01,1.0e+00,0.8353,5489,58,70,44,62,69,69,56,54
ENSG00000196876,SCN8A,69.2,33.5,35.8,1.072,0.1,6.0e-01,1.0e+00,0.8355,5491,37,29,27,41,42,33,37,31
ENSG00000144867,SRPRB,46.5,24.2,22.2,0.936,-0.1,6.0e-01,1.0e+00,0.8359,5494,22,22,26,27,22,20,25,22
ENSG00000155366,RHOC,355,172.8,182.2,1.057,0.1,6.0e-01,1.0e+00,0.836,5496,183,174,179,155,167,157,237,168
ENSG00000169246,NPIPB3,33,17.5,15.5,0.882,-0.2,6.0e-01,1.0e+00,0.8362,5498,27,8,18,17,12,21,14,15
ENSG00000198301,SDAD1,72.2,35.2,37,1.055,0.1,6.0e-01,1.0e+00,0.8362,5499,38,38,33,32,36,34,38,40
ENSG00000184110,EIF3C,666,348.8,317.2,0.91,-0.1,6.0e-01,1.0e+00,0.8364,5501,461,303,348,283,482,272,311,204
ENSG00000265354,TIMM23,61.5,29.8,31.8,1.072,0.1,6.0e-01,1.0e+00,0.8364,5502,37,22,31,29,35,31,31,30
ENSG00000092140,G2E3,24.5,11.5,13,1.13,0.2,6.0e-01,1.0e+00,0.8364,5503,15,6,9,16,11,11,16,14
ENSG00000152223,EPG5,267.5,130,137.5,1.059,0.1,6.0e-01,1.0e+00,0.8366,5505,110,156,130,124,107,144,149,150
ENSG00000129219,PLD2,59.5,28,31.5,1.127,0.2,6.0e-01,1.0e+00,0.8368,5507,39,35,15,23,36,30,19,41
ENSG00000116497,S100PBP,50.8,26.8,24,0.899,-0.2,6.0e-01,1.0e+00,0.8368,5508,22,29,36,20,19,28,15,34
ENSG00000177613,CSTF2T,59,28.5,30.5,1.081,0.1,6.0e-01,1.0e+00,0.8371,5511,34,34,19,27,32,27,31,32
ENSG00000136205,TNS3,749,388.5,360.5,0.929,-0.1,6.0e-01,1.0e+00,0.8373,5513,356,505,333,360,247,429,418,348
ENSG00000173276,ZBTB21,28.2,13.2,15,1.153,0.2,6.0e-01,1.0e+00,0.8374,5515,11,10,21,11,14,6,21,19
ENSG00000186654,PRR5,26,11.5,14.5,1.235,0.3,6.0e-01,1.0e+00,0.8377,5517,14,12,9,11,15,12,1,30
ENSG00000146112,PPP1R18,151.5,79.2,72.2,0.913,-0.1,6.0e-01,1.0e+00,0.8377,5518,97,88,77,55,96,66,45,82
ENSG00000174428,GTF2IRD2B,65.2,34,31.2,0.926,-0.1,6.0e-01,1.0e+00,0.8377,5519,32,34,37,33,23,44,28,30
ENSG00000130731,METTL26,35,18.5,16.5,0.909,-0.1,6.0e-01,1.0e+00,0.8386,5526,23,20,12,19,21,17,15,13
ENSG00000114416,FXR1,243.5,125.8,117.8,0.936,-0.1,6.0e-01,1.0e+00,0.8387,5527,97,138,156,112,107,142,95,127
ENSG00000025800,KPNA6,179.5,92,87.5,0.95,-0.1,6.0e-01,1.0e+00,0.8393,5532,85,82,112,89,84,98,79,89
ENSG00000155100,OTUD6B,18.8,8.8,10,1.163,0.2,6.1e-01,1.0e+00,0.8395,5534,11,11,11,2,10,8,11,11
ENSG00000057663,ATG5,44.2,21.2,23,1.092,0.1,6.1e-01,1.0e+00,0.8395,5535,21,25,14,25,18,24,21,29
ENSG00000146909,NOM1,37.5,19.8,17.8,0.914,-0.1,6.1e-01,1.0e+00,0.8398,5538,14,28,20,17,21,16,17,17
ENSG00000119314,PTBP3,65,31.5,33.5,1.07,0.1,6.1e-01,1.0e+00,0.8398,5539,36,26,38,26,31,33,37,33
ENSG00000089177,KIF16B,43.8,23.5,20.2,0.887,-0.2,6.1e-01,1.0e+00,0.84,5541,13,30,22,29,18,31,19,13
ENSG00000282813,ARMC10,25.2,11.2,14,1.246,0.3,6.1e-01,1.0e+00,0.84,5542,11,1,9,24,18,20,5,13
ENSG00000110274,CEP164,73.5,38.2,35.2,0.928,-0.1,6.1e-01,1.0e+00,0.8401,5543,34,32,43,44,30,28,37,46
ENSG00000197021,EOLA2,21.5,10.2,11.2,1.117,0.2,6.1e-01,1.0e+00,0.8401,5544,10,15,8,8,10,14,10,11
ENSG00000288217,PEX5,36.5,20,16.5,0.828,-0.3,6.1e-01,1.0e+00,0.8401,5544,11,34,28,7,9,16,29,12
ENSG00000206427,PRRC2A,59.8,23.2,36.5,1.57,0.7,6.1e-01,1.0e+00,0.8401,5545,54,39,0,0,60,86,0,0
ENSG00000225164,PRRC2A,59.8,23.2,36.5,1.57,0.7,6.1e-01,1.0e+00,0.8401,5546,54,39,0,0,60,86,0,0
ENSG00000105171,POP4,35.8,18.8,17,0.914,-0.1,6.1e-01,1.0e+00,0.8401,5547,19,21,20,15,11,22,17,18
ENSG00000146834,MEPCE,78.2,40.8,37.5,0.922,-0.1,6.1e-01,1.0e+00,0.8401,5548,41,37,37,48,37,29,29,55
ENSG00000123975,CKS2,20,9.5,10.5,1.125,0.2,6.1e-01,1.0e+00,0.8401,5549,11,11,10,6,12,11,13,6
ENSG00000128573,FOXP2,40,19,21,1.1,0.1,6.1e-01,1.0e+00,0.8401,5550,15,17,17,27,15,20,26,23
ENSG00000182484,WASH6P,86.2,41.2,45,1.082,0.1,6.1e-01,1.0e+00,0.8401,5551,51,50,30,34,37,52,52,39
ENSG00000198786,MT-ND5,5195.5,2488.5,2707,1.088,0.1,6.1e-01,1.0e+00,0.8401,5552,1873,2838,3286,1957,2128,3002,3490,2208
ENSG00000034677,RNF19A,77.2,37.2,40,1.074,0.1,6.1e-01,1.0e+00,0.8403,5553,45,30,33,41,49,33,34,44
ENSG00000114023,FAM162A,62.5,32.8,29.8,0.905,-0.1,6.1e-01,1.0e+00,0.8403,5554,41,37,22,31,23,23,45,28
ENSG00000117305,HMGCL,59.2,30.8,28.5,0.931,-0.1,6.1e-01,1.0e+00,0.8404,5556,35,34,28,26,27,34,21,32
ENSG00000235941,HSPA1A,82.5,34.2,48.2,1.405,0.5,6.1e-01,1.0e+00,0.8404,5557,0,15,67,55,0,43,73,77
ENSG00000214046,SMIM7,61.5,32,29.5,0.926,-0.1,6.1e-01,1.0e+00,0.8405,5558,34,30,41,23,30,26,35,27
ENSG00000101665,SMAD7,20,9.2,10.8,1.178,0.2,6.1e-01,1.0e+00,0.8405,5559,5,15,6,11,12,4,13,14
ENSG00000126267,COX6B1,130.5,67,63.5,0.955,-0.1,6.1e-01,1.0e+00,0.8405,5560,61,69,73,65,61,57,68,68
ENSG00000170871,KIAA0232,106.2,55,51.2,0.933,-0.1,6.1e-01,1.0e+00,0.841,5564,42,65,61,52,37,56,60,52
ENSG00000169057,MECP2,149.5,73,76.5,1.044,0.1,6.1e-01,1.0e+00,0.8413,5567,66,73,75,78,71,80,72,83
ENSG00000150787,PTS,30.2,14,16.2,1.177,0.2,6.1e-01,1.0e+00,0.8419,5572,16,18,19,3,21,12,22,10
ENSG00000170653,ATF7,114.8,55.2,59.5,1.07,0.1,6.1e-01,1.0e+00,0.842,5573,58,54,41,68,54,49,61,74
ENSG00000088832,FKBP1A,367.5,188,179.5,0.956,-0.1,6.1e-01,1.0e+00,0.842,5574,168,202,179,203,182,164,207,165
ENSG00000145681,HAPLN1,89,38.8,50.2,1.303,0.4,6.1e-01,1.0e+00,0.842,5575,4,71,17,63,9,67,41,84
ENSG00000172175,MALT1,81.5,38.2,43.2,1.133,0.2,6.1e-01,1.0e+00,0.842,5576,32,39,44,38,27,32,83,31
ENSG00000154222,CC2D1B,65.2,34.2,31,0.908,-0.1,6.1e-01,1.0e+00,0.842,5576,43,34,25,35,41,24,20,39
ENSG00000101266,CSNK2A1,158.2,81.8,76.5,0.936,-0.1,6.1e-01,1.0e+00,0.842,5577,86,85,90,66,79,82,92,53
ENSG00000055044,NOP58,38.8,18.8,20,1.073,0.1,6.1e-01,1.0e+00,0.842,5578,18,18,22,17,19,20,24,17
ENSG00000148396,SEC16A,220.2,107.8,112.5,1.046,0.1,6.1e-01,1.0e+00,0.8421,5579,102,106,106,117,105,101,132,112
ENSG00000154096,THY1,976.2,517.5,458.8,0.887,-0.2,6.1e-01,1.0e+00,0.8421,5580,336,565,706,463,238,490,743,364
ENSG00000160953,PWWP3A,79,41,38,0.928,-0.1,6.1e-01,1.0e+00,0.8425,5584,45,32,33,54,46,39,32,35
ENSG00000144840,RABL3,28.8,15.2,13.5,0.902,-0.1,6.1e-01,1.0e+00,0.8425,5585,13,20,11,17,12,13,19,10
ENSG00000188906,LRRK2,84,40,44,1.101,0.1,6.1e-01,1.0e+00,0.8425,5586,24,37,52,47,40,30,49,57
ENSG00000101972,STAG2,175,89.8,85.2,0.946,-0.1,6.1e-01,1.0e+00,0.8425,5586,93,80,87,99,85,95,64,97
ENSG00000102910,LONP2,187.2,95.5,91.8,0.959,-0.1,6.1e-01,1.0e+00,0.8427,5589,91,93,94,104,93,101,89,84
ENSG00000126945,HNRNPH2,170.2,87,83.2,0.951,-0.1,6.1e-01,1.0e+00,0.8428,5590,91,95,89,73,79,85,97,72
ENSG00000165119,HNRNPK,714.2,347.5,366.8,1.055,0.1,6.1e-01,1.0e+00,0.8428,5591,396,328,305,361,416,282,388,381
ENSG00000185946,RNPC3,40.5,19.2,21.2,1.122,0.2,6.1e-01,1.0e+00,0.8429,5592,14,21,21,21,26,14,12,33
ENSG00000121039,RDH10,666.2,351.8,314.5,0.893,-0.2,6.1e-01,1.0e+00,0.8432,5595,319,476,321,291,150,380,475,253
ENSG00000070047,PHRF1,36.5,21.8,14.8,0.68,-0.6,6.1e-01,1.0e+00,0.8432,5596,37,14,16,20,0,0,0,59
ENSG00000147872,PLIN2,263.2,127.8,135.5,1.063,0.1,6.1e-01,1.0e+00,0.8432,5597,113,99,172,127,134,129,129,150
ENSG00000099999,RNF215,25.8,12.2,13.5,1.122,0.2,6.1e-01,1.0e+00,0.8432,5598,6,11,15,17,12,14,12,16
ENSG00000176087,SLC35A4,84.2,40.8,43.5,1.062,0.1,6.1e-01,1.0e+00,0.8432,5599,39,39,35,50,49,49,38,38
ENSG00000182326,C1S,4118.5,2013.5,2105,1.046,0.1,6.1e-01,1.0e+00,0.8432,5600,2147,1973,1848,2086,2283,2072,1829,2236
ENSG00000103264,FBXO31,105,54.5,50.5,0.931,-0.1,6.1e-01,1.0e+00,0.8433,5601,54,42,53,69,58,37,48,59
ENSG00000101294,HM13,210,102.5,107.5,1.048,0.1,6.1e-01,1.0e+00,0.8433,5602,108,109,106,87,91,109,122,108
ENSG00000166225,FRS2,101,52,49,0.939,-0.1,6.1e-01,1.0e+00,0.8433,5603,55,51,42,60,37,52,50,57
ENSG00000204178,MACO1,37.2,20,17.2,0.858,-0.2,6.1e-01,1.0e+00,0.8434,5604,23,18,23,16,19,21,3,26
ENSG00000066455,GOLGA5,125,64.2,60.8,0.952,-0.1,6.1e-01,1.0e+00,0.8434,5605,61,70,70,56,60,54,69,60
ENSG00000170632,ARMC10,37.8,20.5,17.2,0.856,-0.2,6.1e-01,1.0e+00,0.8434,5606,20,31,21,10,18,5,19,27
ENSG00000267645,POLR2J2-UPK3BL1,36.5,21.8,14.8,0.681,-0.6,6.1e-01,1.0e+00,0.8434,5607,17,56,14,0,0,38,21,0
ENSG00000243646,IL10RB,78.5,40.5,38,0.936,-0.1,6.1e-01,1.0e+00,0.8434,5607,49,33,40,40,30,35,45,42
ENSG00000102572,STK24,124.8,60.8,64,1.053,0.1,6.1e-01,1.0e+00,0.8434,5608,55,53,71,64,66,58,59,73
ENSG00000179119,SPTY2D1,54.2,26,28.2,1.097,0.1,6.1e-01,1.0e+00,0.8434,5609,18,35,26,25,23,35,20,35
ENSG00000188599,NPIPP1,25.5,12,13.5,1.124,0.2,6.1e-01,1.0e+00,0.8435,5611,16,10,7,15,13,12,10,19
ENSG00000141504,SAT2,60.8,31.8,29,0.919,-0.1,6.1e-01,1.0e+00,0.8436,5613,34,27,33,33,27,34,17,38
ENSG00000135365,PHF21A,127.5,65.5,62,0.955,-0.1,6.1e-01,1.0e+00,0.8438,5615,61,60,71,70,55,62,64,67
ENSG00000068024,HDAC4,46.8,22.5,24.2,1.077,0.1,6.1e-01,1.0e+00,0.844,5617,29,18,20,23,24,20,26,27
ENSG00000164975,SNAPC3,69.5,36.5,33,0.903,-0.1,6.1e-01,1.0e+00,0.844,5618,37,39,50,20,27,30,47,28
ENSG00000136521,NDUFB5,71.5,34.5,37,1.064,0.1,6.1e-01,1.0e+00,0.844,5619,38,38,35,27,33,41,41,33
ENSG00000032219,ARID4A,53.8,26,27.8,1.077,0.1,6.1e-01,1.0e+00,0.844,5620,26,25,27,26,33,19,26,33
ENSG00000119414,PPP6C,80.5,39,41.5,1.059,0.1,6.1e-01,1.0e+00,0.844,5621,41,36,34,45,39,35,45,47
ENSG00000132600,PRMT7,46.8,22.8,24,1.073,0.1,6.1e-01,1.0e+00,0.8442,5623,21,27,20,23,29,25,23,19
ENSG00000089063,TMEM230,204,104.8,99.2,0.946,-0.1,6.1e-01,1.0e+00,0.8443,5624,119,103,116,81,112,109,91,85
ENSG00000105556,MIER2,26,13.8,12.2,0.908,-0.1,6.1e-01,1.0e+00,0.8443,5625,13,17,9,16,12,10,14,13
ENSG00000275125,PRXL2B,19.5,11.5,8,0.709,-0.5,6.2e-01,1.0e+00,0.8444,5626,0,9,22,15,15,0,17,0
ENSG00000104763,ASAH1,266.5,129,137.5,1.067,0.1,6.2e-01,1.0e+00,0.8448,5630,113,144,115,144,101,169,120,160
ENSG00000204131,NHSL2,36.5,20,16.5,0.811,-0.3,6.2e-01,1.0e+00,0.8448,5630,15,16,11,38,3,28,8,27
ENSG00000121390,PSPC1,53.2,27.8,25.5,0.928,-0.1,6.2e-01,1.0e+00,0.8448,5631,24,24,34,29,30,20,29,23
ENSG00000116984,MTR,173,83.2,89.8,1.077,0.1,6.2e-01,1.0e+00,0.8448,5633,71,72,92,98,60,80,109,110
ENSG00000115816,CEBPZ,66.8,32.5,34.2,1.057,0.1,6.2e-01,1.0e+00,0.8449,5633,31,35,28,36,36,32,31,38
ENSG00000126858,RHOT1,41.8,22,19.8,0.896,-0.2,6.2e-01,1.0e+00,0.8452,5637,20,22,27,19,14,25,29,11
ENSG00000182512,GLRX5,28.2,15.2,13,0.885,-0.2,6.2e-01,1.0e+00,0.8452,5638,13,15,19,14,19,13,15,5
ENSG00000140307,GTF2A2,41.2,19.5,21.8,1.134,0.2,6.2e-01,1.0e+00,0.8453,5639,20,23,19,16,30,26,24,7
ENSG00000110723,EXPH5,35.8,17,18.8,1.097,0.1,6.2e-01,1.0e+00,0.8453,5640,19,14,19,16,14,28,16,17
ENSG00000175215,CTDSP2,648,330,318,0.964,-0.1,6.2e-01,1.0e+00,0.8453,5640,332,327,347,314,295,329,336,312
ENSG00000047056,WDR37,45.5,22,23.5,1.079,0.1,6.2e-01,1.0e+00,0.8465,5650,26,25,19,18,18,24,23,29
ENSG00000056998,GYG2,22,10.5,11.5,1.114,0.2,6.2e-01,1.0e+00,0.8465,5651,13,9,10,10,16,6,12,12
ENSG00000198589,LRBA,111,57.2,53.8,0.941,-0.1,6.2e-01,1.0e+00,0.8465,5652,50,66,55,58,43,69,50,53
ENSG00000105364,MRPL4,47.2,23,24.2,1.064,0.1,6.2e-01,1.0e+00,0.8469,5655,25,21,21,25,26,22,23,26
ENSG00000186174,BCL9L,254.2,123,131.2,1.067,0.1,6.2e-01,1.0e+00,0.8469,5655,154,99,129,110,160,99,122,144
ENSG00000228474,OST4,212.2,109.2,103,0.941,-0.1,6.2e-01,1.0e+00,0.8469,5656,110,119,124,84,82,111,127,92
ENSG00000074356,NCBP3,89.2,43.2,46,1.059,0.1,6.2e-01,1.0e+00,0.8469,5657,40,45,52,36,51,40,50,43
ENSG00000153774,CFDP1,79.2,41,38.2,0.941,-0.1,6.2e-01,1.0e+00,0.847,5659,35,40,41,48,31,42,35,45
ENSG00000163879,DNALI1,27.8,14.5,13.2,0.916,-0.1,6.2e-01,1.0e+00,0.847,5660,13,17,17,11,14,14,10,15
ENSG00000101019,UQCC1,61.2,32,29.2,0.916,-0.1,6.2e-01,1.0e+00,0.847,5661,27,40,33,28,25,22,26,44
ENSG00000162601,MYSM1,97,49.8,47.2,0.948,-0.1,6.2e-01,1.0e+00,0.847,5662,52,49,50,48,54,36,52,47
ENSG00000130935,NOL11,36.2,19,17.2,0.915,-0.1,6.2e-01,1.0e+00,0.8471,5663,17,20,19,20,10,18,21,20
ENSG00000111707,SUDS3,61.2,32,29.2,0.923,-0.1,6.2e-01,1.0e+00,0.8474,5665,28,38,37,25,33,26,37,21
ENSG00000100522,GNPNAT1,78,37.8,40.2,1.067,0.1,6.2e-01,1.0e+00,0.8474,5666,38,33,41,39,41,37,52,31
ENSG00000115204,MPV17,95.2,48.8,46.5,0.952,-0.1,6.2e-01,1.0e+00,0.8474,5667,51,46,44,54,52,45,48,41
ENSG00000116459,ATP5PB,141.2,72.5,68.8,0.952,-0.1,6.2e-01,1.0e+00,0.8474,5668,78,64,64,84,65,67,78,65
ENSG00000197170,PSMD12,58,27.8,30.2,1.103,0.1,6.2e-01,1.0e+00,0.8474,5669,35,27,31,18,31,39,34,17
ENSG00000269955,FMC1-LUC7L2,29,17,12,0.714,-0.5,6.2e-01,1.0e+00,0.8476,5671,24,0,22,22,22,26,0,0
ENSG00000113593,PPWD1,44.8,23.5,21.2,0.919,-0.1,6.2e-01,1.0e+00,0.8478,5673,17,34,20,23,22,22,23,18
ENSG00000044115,CTNNA1,677.8,332.2,345.5,1.041,0.1,6.2e-01,1.0e+00,0.8478,5674,326,365,313,325,313,345,387,337
ENSG00000101363,MANBAL,87.2,41.8,45.5,1.09,0.1,6.2e-01,1.0e+00,0.848,5676,31,38,56,42,30,59,52,41
ENSG00000157107,FCHO2,69.2,33.2,36,1.097,0.1,6.2e-01,1.0e+00,0.848,5677,36,39,18,40,31,44,28,41
ENSG00000137944,KYAT3,40.8,22,18.8,0.878,-0.2,6.2e-01,1.0e+00,0.848,5678,11,30,26,21,19,30,10,16
ENSG00000136273,HUS1,23,12.2,10.8,0.876,-0.2,6.2e-01,1.0e+00,0.848,5679,15,14,12,8,18,5,8,12
ENSG00000165630,PRPF18,34.8,16.5,18.2,1.099,0.1,6.2e-01,1.0e+00,0.848,5680,20,16,16,14,11,23,22,17
ENSG00000151465,CDC123,81,42,39,0.927,-0.1,6.2e-01,1.0e+00,0.8483,5683,31,48,43,46,37,28,52,39
ENSG00000091732,ZC3HC1,23.2,11,12.2,1.114,0.2,6.2e-01,1.0e+00,0.8483,5684,11,7,15,11,10,18,10,11
ENSG00000166135,HIF1AN,143.2,69.5,73.8,1.067,0.1,6.2e-01,1.0e+00,0.8483,5684,68,80,66,64,92,65,85,53
ENSG00000114779,ABHD14B,72,37.5,34.5,0.92,-0.1,6.2e-01,1.0e+00,0.8483,5685,45,34,42,29,44,34,21,39
ENSG00000012232,EXTL3,106.5,51.5,55,1.064,0.1,6.2e-01,1.0e+00,0.8484,5687,43,50,60,53,48,53,72,47
ENSG00000258890,CEP95,24.8,13,11.8,0.904,-0.1,6.2e-01,1.0e+00,0.8484,5688,13,17,9,13,15,13,8,11
ENSG00000115541,HSPE1,47.5,25,22.5,0.901,-0.1,6.2e-01,1.0e+00,0.8484,5688,30,23,24,23,11,20,31,28
ENSG00000280568,ZNF780A,33.8,17.8,16,0.903,-0.1,6.2e-01,1.0e+00,0.8484,5689,13,26,15,17,18,21,10,15
ENSG00000119844,AFTPH,43.2,22.8,20.5,0.908,-0.1,6.2e-01,1.0e+00,0.8484,5690,19,23,21,28,18,11,27,26
ENSG00000139190,VAMP1,44,23.5,20.5,0.889,-0.2,6.2e-01,1.0e+00,0.8484,5691,12,23,24,35,15,30,19,18
ENSG00000125304,TM9SF2,246,119.5,126.5,1.056,0.1,6.2e-01,1.0e+00,0.8484,5692,126,126,85,141,118,129,126,133
ENSG00000166012,TAF1D,106,51.8,54.2,1.048,0.1,6.2e-01,1.0e+00,0.8484,5693,52,54,53,48,59,55,46,57
ENSG00000084070,SMAP2,41.8,20,21.8,1.095,0.1,6.2e-01,1.0e+00,0.8485,5694,21,15,26,18,25,14,19,29
ENSG00000119912,IDE,81,41.8,39.2,0.948,-0.1,6.2e-01,1.0e+00,0.8485,5695,38,37,47,45,37,44,36,40
ENSG00000135482,ZC3H10,20.5,9.8,10.8,1.12,0.2,6.2e-01,1.0e+00,0.8486,5697,9,13,10,7,16,11,8,8
ENSG00000164880,INTS1,189.5,97.2,92.2,0.948,-0.1,6.2e-01,1.0e+00,0.8487,5698,109,70,105,105,89,87,97,96
ENSG00000180917,CMTR2,43.5,20.8,22.8,1.084,0.1,6.2e-01,1.0e+00,0.8487,5699,23,15,23,22,16,23,27,25
ENSG00000141698,NT5C3B,56.8,29.2,27.5,0.943,-0.1,6.2e-01,1.0e+00,0.8487,5700,34,27,29,27,28,24,27,31
ENSG00000108654,DDX5,1259.8,617,642.8,1.042,0.1,6.2e-01,1.0e+00,0.8492,5704,580,656,689,543,662,655,620,634
ENSG00000253352,TUG1,406.5,208.2,198.2,0.953,-0.1,6.2e-01,1.0e+00,0.8492,5705,195,212,222,204,151,205,225,212
ENSG00000128050,PAICS,96.5,50.5,46,0.91,-0.1,6.2e-01,1.0e+00,0.8493,5706,48,45,65,44,49,42,68,25
ENSG00000164332,UBLCP1,59.5,28.8,30.8,1.079,0.1,6.2e-01,1.0e+00,0.8493,5707,26,31,28,30,38,38,27,20
ENSG00000123080,CDKN2C,44.8,23.8,21,0.91,-0.1,6.2e-01,1.0e+00,0.8495,5709,26,26,25,18,33,14,18,19
ENSG00000135974,C2orf49,43.8,22.8,21,0.93,-0.1,6.2e-01,1.0e+00,0.8495,5710,18,27,23,23,17,20,25,22
ENSG00000100744,GSKIP,37.5,20,17.5,0.889,-0.2,6.2e-01,1.0e+00,0.8495,5711,17,34,14,15,22,22,13,13
ENSG00000162734,PEA15,805,414.8,390.2,0.941,-0.1,6.3e-01,1.0e+00,0.8505,5719,347,566,333,413,366,446,370,379
ENSG00000156026,MCU,84.5,40.5,44,1.081,0.1,6.3e-01,1.0e+00,0.8505,5720,33,55,38,36,34,52,54,36
ENSG00000123415,SMUG1,23,11,12,1.111,0.2,6.3e-01,1.0e+00,0.8505,5720,13,11,13,7,14,7,14,13
ENSG00000158966,CACHD1,27.8,15,12.8,0.867,-0.2,6.3e-01,1.0e+00,0.8505,5721,8,15,10,27,10,14,9,18
ENSG00000109790,KLHL5,184.8,95.5,89.2,0.936,-0.1,6.3e-01,1.0e+00,0.8505,5722,78,106,124,74,73,95,106,83
ENSG00000183207,RUVBL2,57.2,27.5,29.8,1.082,0.1,6.3e-01,1.0e+00,0.8505,5723,26,30,32,22,31,20,38,30
ENSG00000114544,SLC41A3,71.5,34.8,36.8,1.062,0.1,6.3e-01,1.0e+00,0.8505,5724,27,39,39,34,36,41,38,32
ENSG00000065268,WDR18,21.8,10.2,11.5,1.14,0.2,6.3e-01,1.0e+00,0.8505,5725,10,8,12,11,17,4,15,10
ENSG00000183153,GJD3,33.2,15.8,17.5,1.113,0.2,6.3e-01,1.0e+00,0.8505,5726,14,15,15,19,23,23,8,16
ENSG00000162819,BROX,86.5,41.8,44.8,1.075,0.1,6.3e-01,1.0e+00,0.8505,5726,34,47,49,37,37,60,35,47
ENSG00000117525,F3,45.8,21.5,24.2,1.125,0.2,6.3e-01,1.0e+00,0.8505,5727,19,14,32,21,20,12,30,35
ENSG00000102897,LYRM1,30,13.8,16.2,1.168,0.2,6.3e-01,1.0e+00,0.8505,5728,15,7,11,22,15,23,5,22
ENSG00000163644,PPM1K,63.8,30.2,33.5,1.105,0.1,6.3e-01,1.0e+00,0.8505,5729,33,29,36,23,37,49,17,31
ENSG00000025293,PHF20,126.2,61.5,64.8,1.058,0.1,6.3e-01,1.0e+00,0.8505,5730,58,50,80,58,66,68,56,69
ENSG00000198690,FAN1,31.2,16.8,14.5,0.859,-0.2,6.3e-01,1.0e+00,0.8505,5731,23,15,6,23,8,23,10,17
ENSG00000004766,VPS50,43.8,23,20.8,0.914,-0.1,6.3e-01,1.0e+00,0.8505,5731,30,13,25,24,19,25,23,16
ENSG00000135999,EPC2,52.2,27.2,25,0.927,-0.1,6.3e-01,1.0e+00,0.8505,5732,26,35,26,22,18,25,31,26
ENSG00000104979,C19orf53,75.8,39.2,36.5,0.922,-0.1,6.3e-01,1.0e+00,0.8505,5733,45,43,42,27,46,28,44,28
ENSG00000147400,CETN2,62,32.2,29.8,0.927,-0.1,6.3e-01,1.0e+00,0.8505,5734,32,31,40,26,28,30,40,21
ENSG00000103769,RAB11A,166.2,80.8,85.5,1.056,0.1,6.3e-01,1.0e+00,0.8505,5735,74,74,82,93,66,88,104,84
ENSG00000087008,ACOX3,26.2,14,12.2,0.879,-0.2,6.3e-01,1.0e+00,0.8506,5737,14,18,18,6,9,13,9,18
ENSG00000163382,NAXE,53,27.8,25.2,0.928,-0.1,6.3e-01,1.0e+00,0.8516,5744,29,28,24,30,26,28,31,16
ENSG00000144224,UBXN4,263.5,129,134.5,1.043,0.1,6.3e-01,1.0e+00,0.8516,5745,119,126,127,144,133,142,114,149
ENSG00000167792,NDUFV1,111.2,54,57.2,1.061,0.1,6.3e-01,1.0e+00,0.8516,5746,66,51,49,50,67,44,64,54
ENSG00000275066,SYNRG,53.5,28.8,24.8,0.875,-0.2,6.3e-01,1.0e+00,0.8518,5748,25,39,14,37,35,33,11,20
ENSG00000006459,KDM7A,31.8,15,16.8,1.122,0.2,6.3e-01,1.0e+00,0.8522,5752,11,10,15,24,15,18,11,23
ENSG00000004455,AK2,126.5,65.8,60.8,0.925,-0.1,6.3e-01,1.0e+00,0.8522,5753,43,75,81,64,58,58,81,46
ENSG00000185158,LRRC37B,23.5,12.5,11,0.899,-0.2,6.3e-01,1.0e+00,0.8522,5753,10,9,17,14,10,7,13,14
ENSG00000154511,DIPK1A,154.2,79.2,75,0.943,-0.1,6.3e-01,1.0e+00,0.8522,5754,71,75,91,80,88,86,73,53
ENSG00000123700,KCNJ2,71.2,33.8,37.5,1.115,0.2,6.3e-01,1.0e+00,0.8522,5755,27,22,55,31,23,36,40,51
ENSG00000238227,TMEM250,58,27.5,30.5,1.111,0.2,6.3e-01,1.0e+00,0.8523,5757,40,18,19,33,40,25,36,21
ENSG00000175573,C11orf68,85.2,43.8,41.5,0.952,-0.1,6.3e-01,1.0e+00,0.8525,5759,51,41,39,44,44,43,37,42
ENSG00000134444,RELCH,47.2,24.5,22.8,0.937,-0.1,6.3e-01,1.0e+00,0.8525,5760,22,27,23,26,18,25,25,23
ENSG00000139620,KANSL2,28.5,13.5,15,1.112,0.2,6.3e-01,1.0e+00,0.8525,5761,16,9,13,16,18,14,20,8
ENSG00000146457,WTAP,128,62.2,65.8,1.059,0.1,6.3e-01,1.0e+00,0.8525,5762,63,52,80,54,61,75,68,59
ENSG00000086504,MRPL28,52.8,27.8,25,0.921,-0.1,6.3e-01,1.0e+00,0.8526,5763,35,24,19,33,20,26,31,23
ENSG00000099821,POLRMT,41,19.8,21.2,1.084,0.1,6.3e-01,1.0e+00,0.8528,5765,29,17,15,18,23,20,21,21
ENSG00000180370,PAK2,155.2,75.5,79.8,1.053,0.1,6.3e-01,1.0e+00,0.8528,5766,65,74,71,92,76,90,67,86
ENSG00000122335,SERAC1,80,41.2,38.8,0.94,-0.1,6.3e-01,1.0e+00,0.8529,5767,33,48,45,39,32,43,45,35
ENSG00000105700,KXD1,118,57.5,60.5,1.059,0.1,6.3e-01,1.0e+00,0.8529,5768,59,60,55,56,65,69,66,42
ENSG00000206503,HLA-A,417.5,225,192.5,0.856,-0.2,6.3e-01,1.0e+00,0.8529,5769,212,377,100,211,138,337,78,217
ENSG00000124120,TTPAL,70,33.8,36.2,1.068,0.1,6.3e-01,1.0e+00,0.8529,5770,29,41,33,32,43,31,42,29
ENSG00000123600,METTL8,52,25.2,26.8,1.071,0.1,6.3e-01,1.0e+00,0.8529,5771,26,23,29,23,24,28,34,21
ENSG00000116120,FARSB,38.8,18.8,20,1.086,0.1,6.3e-01,1.0e+00,0.8529,5772,13,22,19,21,19,22,25,14
ENSG00000241258,CRCP,54.2,28,26.2,0.937,-0.1,6.3e-01,1.0e+00,0.8529,5773,21,33,30,28,27,28,22,28
ENSG00000151552,QDPR,29.2,13.8,15.5,1.112,0.2,6.3e-01,1.0e+00,0.8534,5776,17,10,13,15,16,24,13,9
ENSG00000142961,MOB3C,33.2,16,17.2,1.083,0.1,6.3e-01,1.0e+00,0.8534,5777,13,14,16,21,18,21,16,14
ENSG00000113161,HMGCR,31.5,16.2,15.2,0.929,-0.1,6.3e-01,1.0e+00,0.8534,5778,18,13,17,17,14,16,13,18
ENSG00000145425,RPS3A,1453.2,745.5,707.8,0.949,-0.1,6.3e-01,1.0e+00,0.8534,5779,921,740,652,669,847,695,683,606
ENSG00000104164,BLOC1S6,182.8,93.2,89.5,0.958,-0.1,6.3e-01,1.0e+00,0.8534,5780,90,93,102,88,91,99,93,75
ENSG00000177370,TIMM22,24.5,11,13.5,1.22,0.3,6.3e-01,1.0e+00,0.8534,5781,15,13,0,16,13,10,21,10
ENSG00000146859,TMEM140,100,48,52,1.091,0.1,6.3e-01,1.0e+00,0.8534,5782,37,44,65,46,45,66,32,65
ENSG00000140859,KIFC3,57.5,27.2,30.2,1.113,0.2,6.3e-01,1.0e+00,0.8534,5782,34,23,22,30,29,17,50,25
ENSG00000143537,ADAM15,122.2,59.8,62.5,1.049,0.1,6.3e-01,1.0e+00,0.8534,5783,64,66,54,55,63,53,65,69
ENSG00000147416,ATP6V1B2,189.5,91.8,97.8,1.065,0.1,6.3e-01,1.0e+00,0.8534,5784,98,69,83,117,103,95,77,116
ENSG00000105258,POLR2I,22.5,11.8,10.8,0.915,-0.1,6.3e-01,1.0e+00,0.8534,5785,13,11,14,9,11,8,13,11
ENSG00000082212,ME2,44.5,23.2,21.2,0.913,-0.1,6.3e-01,1.0e+00,0.8534,5786,18,22,26,27,14,29,16,26
ENSG00000151461,UPF2,95.5,46,49.5,1.069,0.1,6.3e-01,1.0e+00,0.8534,5787,38,54,48,44,36,47,50,65
ENSG00000171812,COL8A2,51,23.5,27.5,1.182,0.2,6.3e-01,1.0e+00,0.8534,5788,9,38,13,34,12,41,21,36
ENSG00000146463,ZMYM4,124,60.2,63.8,1.059,0.1,6.3e-01,1.0e+00,0.8534,5788,54,56,71,60,78,53,71,53
ENSG00000142751,GPN2,49.5,23.8,25.8,1.083,0.1,6.3e-01,1.0e+00,0.8534,5789,18,20,30,27,27,19,26,31
ENSG00000166024,R3HCC1L,30.8,14.8,16,1.09,0.1,6.3e-01,1.0e+00,0.8534,5790,13,10,21,15,14,17,16,17
ENSG00000131748,STARD3,68.8,33.2,35.5,1.087,0.1,6.3e-01,1.0e+00,0.8534,5791,35,30,26,42,47,42,30,23
ENSG00000108381,ASPA,31,16.5,14.5,0.881,-0.2,6.3e-01,1.0e+00,0.8534,5792,14,16,11,25,22,18,7,11
ENSG00000172638,EFEMP2,488.2,252,236.2,0.936,-0.1,6.3e-01,1.0e+00,0.8536,5794,193,263,284,268,157,238,277,273
ENSG00000183808,RBM12B,46.5,24.8,21.8,0.887,-0.2,6.3e-01,1.0e+00,0.8536,5795,21,33,29,16,15,14,38,20
ENSG00000142230,SAE1,142.2,72.5,69.8,0.961,-0.1,6.3e-01,1.0e+00,0.8536,5796,69,68,73,80,70,65,69,75
ENSG00000187954,ZFTRAF1,43.2,20.5,22.8,1.11,0.1,6.3e-01,1.0e+00,0.8539,5799,35,15,14,18,19,20,23,29
ENSG00000160211,G6PD,317,165.8,151.2,0.913,-0.1,6.3e-01,1.0e+00,0.8539,5799,211,128,161,163,247,99,132,127
ENSG00000154832,CXXC1,64.8,33.5,31.2,0.937,-0.1,6.3e-01,1.0e+00,0.8539,5800,38,27,33,36,39,24,30,32
ENSG00000113068,PFDN1,66.2,34.2,32,0.935,-0.1,6.3e-01,1.0e+00,0.8544,5804,34,41,29,33,42,25,31,30
ENSG00000125037,EMC3,107.2,52.2,55,1.05,0.1,6.3e-01,1.0e+00,0.8544,5806,50,44,63,52,55,57,58,50
ENSG00000112308,C6orf62,142.5,73.5,69,0.94,-0.1,6.4e-01,1.0e+00,0.8548,5809,75,85,69,65,75,89,51,61
ENSG00000086827,ZW10,25.2,11.8,13.5,1.128,0.2,6.4e-01,1.0e+00,0.855,5811,15,11,11,10,9,19,19,7
ENSG00000121766,ZCCHC17,47,24.8,22.2,0.917,-0.1,6.4e-01,1.0e+00,0.855,5812,22,29,21,27,21,34,18,16
ENSG00000056050,HPF1,21.5,11.2,10.2,0.89,-0.2,6.4e-01,1.0e+00,0.8557,5818,14,9,13,9,11,16,5,9
ENSG00000005882,PDK2,84.2,43.5,40.8,0.939,-0.1,6.4e-01,1.0e+00,0.8557,5818,40,45,46,43,40,43,28,52
ENSG00000115760,BIRC6,266.5,130.5,136,1.043,0.1,6.4e-01,1.0e+00,0.8559,5821,138,123,123,138,139,113,153,139
ENSG00000005156,LIG3,23.8,12.8,11,0.865,-0.2,6.4e-01,1.0e+00,0.8559,5822,22,12,9,8,13,7,18,6
ENSG00000142546,NOSIP,39.8,21,18.8,0.908,-0.1,6.4e-01,1.0e+00,0.8559,5823,16,28,22,18,24,11,15,25
ENSG00000150779,TIMM8B,20.2,9.8,10.5,1.098,0.1,6.4e-01,1.0e+00,0.8559,5824,13,8,8,10,13,11,8,10
ENSG00000146842,TMEM209,27.5,14.5,13,0.902,-0.1,6.4e-01,1.0e+00,0.8559,5824,14,11,23,10,11,12,12,17
ENSG00000152784,PRDM8,76,41,35,0.849,-0.2,6.4e-01,1.0e+00,0.8559,5825,17,34,80,33,20,25,67,28
ENSG00000002586,CD99,706.8,345.5,361.2,1.046,0.1,6.4e-01,1.0e+00,0.8559,5826,313,334,413,322,343,408,373,321
ENSG00000128534,LSM8,42.8,20.8,22,1.078,0.1,6.4e-01,1.0e+00,0.8559,5827,14,23,27,19,26,21,21,20
ENSG00000040487,SLC66A1,19.2,9.2,10,1.103,0.1,6.4e-01,1.0e+00,0.8559,5828,11,6,10,10,8,10,13,9
ENSG00000198356,GET3,94,48.2,45.8,0.946,-0.1,6.4e-01,1.0e+00,0.8559,5829,54,45,51,43,54,35,50,44
ENSG00000165055,METTL2B,44.2,23.2,21,0.92,-0.1,6.4e-01,1.0e+00,0.8559,5830,16,33,23,21,20,25,16,23
ENSG00000198695,MT-ND6,2024.5,973.5,1051,1.079,0.1,6.4e-01,1.0e+00,0.8559,5830,726,1093,1271,804,885,1336,1218,765
ENSG00000182934,SRPRA,251.8,128,123.8,0.966,-0.1,6.4e-01,1.0e+00,0.8559,5831,123,139,122,128,122,118,127,128
ENSG00000170852,KBTBD2,53.8,25.8,28,1.082,0.1,6.4e-01,1.0e+00,0.856,5832,26,16,34,27,22,31,27,32
ENSG00000156735,BAG4,54.5,26,28.5,1.092,0.1,6.4e-01,1.0e+00,0.856,5834,23,22,33,26,16,32,32,34
ENSG00000176340,COX8A,88.8,42.8,46,1.07,0.1,6.4e-01,1.0e+00,0.8561,5835,57,44,33,37,35,52,51,46
ENSG00000107938,EDRF1,30,15.8,14.2,0.922,-0.1,6.4e-01,1.0e+00,0.8562,5837,14,17,16,16,20,11,14,12
ENSG00000173821,RNF213,528.8,258.2,270.5,1.047,0.1,6.4e-01,1.0e+00,0.8563,5838,264,245,277,247,263,213,294,312
ENSG00000134901,POGLUT2,25,12,13,1.101,0.1,6.4e-01,1.0e+00,0.8563,5839,12,16,8,12,17,11,14,10
ENSG00000125170,DOK4,42.8,20.5,22.2,1.104,0.1,6.4e-01,1.0e+00,0.8563,5840,12,27,14,29,20,23,21,25
ENSG00000131620,ANO1,107.8,49,58.8,1.201,0.3,6.4e-01,1.0e+00,0.8563,5841,26,71,20,79,14,66,97,58
ENSG00000160336,ZNF761,30.2,14.5,15.8,1.071,0.1,6.4e-01,1.0e+00,0.8563,5842,13,16,15,14,16,17,13,17
ENSG00000263290,SCAMP3,71.2,31.5,39.8,1.265,0.3,6.4e-01,1.0e+00,0.8563,5843,37,45,2,42,52,52,3,52
ENSG00000151746,BICD1,24.2,13,11.2,0.884,-0.2,6.4e-01,1.0e+00,0.8563,5843,12,9,20,11,11,5,13,16
ENSG00000104973,MED25,54.8,28.8,26,0.918,-0.1,6.4e-01,1.0e+00,0.8566,5846,31,24,39,21,20,36,25,23
ENSG00000160917,CPSF4,28.8,13.8,15,1.093,0.1,6.4e-01,1.0e+00,0.8566,5847,12,17,10,16,11,17,17,15
ENSG00000100982,PCIF1,43.8,20.8,23,1.092,0.1,6.4e-01,1.0e+00,0.8566,5848,18,15,27,23,25,24,14,29
ENSG00000100410,PHF5A,22.2,10.8,11.5,1.09,0.1,6.4e-01,1.0e+00,0.8566,5849,9,10,14,10,12,13,12,9
ENSG00000164244,PRRC1,120.2,62,58.2,0.944,-0.1,6.4e-01,1.0e+00,0.8566,5850,63,60,62,63,75,54,62,42
ENSG00000243317,STMP1,63,32.8,30.2,0.934,-0.1,6.4e-01,1.0e+00,0.8566,5850,34,33,24,40,35,33,23,30
ENSG00000144659,SLC25A38,40.5,19.5,21,1.097,0.1,6.4e-01,1.0e+00,0.8566,5851,12,21,29,16,19,25,19,21
ENSG00000224740,FLOT1,63,34.5,28.5,0.828,-0.3,6.4e-01,1.0e+00,0.8566,5852,22,5,53,58,28,50,19,17
ENSG00000283068,IBTK,98.5,48,50.5,1.05,0.1,6.4e-01,1.0e+00,0.8566,5853,38,52,52,50,52,49,50,51
ENSG00000075790,BCAP29,62.5,30,32.5,1.087,0.1,6.4e-01,1.0e+00,0.8569,5856,21,23,32,44,34,31,26,39
ENSG00000104375,STK3,64.8,31,33.8,1.087,0.1,6.4e-01,1.0e+00,0.8569,5857,38,25,31,30,36,44,19,36
ENSG00000128791,TWSG1,886,430.2,455.8,1.059,0.1,6.4e-01,1.0e+00,0.8569,5858,506,314,473,428,449,367,532,475
ENSG00000085998,POMGNT1,95.8,46,49.8,1.08,0.1,6.4e-01,1.0e+00,0.8569,5859,40,38,67,39,55,45,62,37
ENSG00000183527,PSMG1,25.8,13.5,12.2,0.894,-0.2,6.4e-01,1.0e+00,0.8571,5861,13,8,17,16,10,19,13,7
ENSG00000205629,LCMT1,34.5,16.5,18,1.082,0.1,6.4e-01,1.0e+00,0.8571,5862,19,17,19,11,16,22,16,18
ENSG00000099804,CDC34,54,28.2,25.8,0.924,-0.1,6.4e-01,1.0e+00,0.8571,5862,35,21,29,28,29,33,24,17
ENSG00000148019,CEP78,25,13,12,0.925,-0.1,6.4e-01,1.0e+00,0.8571,5863,13,12,16,11,13,11,10,14
ENSG00000276482,SLC12A7,27.5,12,15.5,1.311,0.4,6.4e-01,1.0e+00,0.8571,5864,25,0,16,7,24,0,20,18
ENSG00000114867,EIF4G1,657.8,322,335.8,1.044,0.1,6.4e-01,1.0e+00,0.8571,5865,336,329,338,285,330,313,404,296
ENSG00000189129,PLAC9,46.2,24.8,21.5,0.881,-0.2,6.4e-01,1.0e+00,0.8571,5866,18,42,14,25,30,28,14,14
ENSG00000147687,TATDN1,21.2,10,11.2,1.12,0.2,6.4e-01,1.0e+00,0.8575,5870,8,12,10,10,12,16,5,12
ENSG00000085185,BCORL1,35.8,18.8,17,0.913,-0.1,6.4e-01,1.0e+00,0.8576,5871,25,18,16,16,21,17,10,20
ENSG00000198886,MT-ND4,6546.2,3177.8,3368.5,1.06,0.1,6.4e-01,1.0e+00,0.8578,5873,2674,3578,3547,2912,3130,4463,2980,2901
ENSG00000168397,ATG4B,68.8,33,35.8,1.091,0.1,6.4e-01,1.0e+00,0.8578,5874,30,45,20,37,47,36,33,27
ENSG00000205250,E2F4,84,40.5,43.5,1.066,0.1,6.4e-01,1.0e+00,0.8578,5875,41,42,35,44,55,34,51,34
ENSG00000068400,GRIPAP1,54.8,28.8,26,0.912,-0.1,6.4e-01,1.0e+00,0.8578,5876,19,40,31,25,30,35,18,21
ENSG00000087460,GNAS,1297.5,663.8,633.8,0.955,-0.1,6.4e-01,1.0e+00,0.858,5878,552,707,701,695,510,667,662,696
ENSG00000198763,MT-ND2,2553.2,1241.8,1311.5,1.056,0.1,6.4e-01,1.0e+00,0.858,5879,1074,1320,1480,1093,1200,1626,1335,1085
ENSG00000087111,PIGS,95.5,46.2,49.2,1.064,0.1,6.4e-01,1.0e+00,0.858,5880,38,48,61,38,41,49,52,55
ENSG00000280831,RPS25,671.5,344.2,327.2,0.952,-0.1,6.4e-01,1.0e+00,0.858,5881,368,333,322,354,430,285,302,292
ENSG00000160194,NDUFV3,58,30,28,0.937,-0.1,6.4e-01,1.0e+00,0.858,5882,31,25,39,25,27,25,30,30
ENSG00000142949,PTPRF,189,98.2,90.8,0.921,-0.1,6.4e-01,1.0e+00,0.858,5882,75,127,93,98,57,85,135,86
ENSG00000114346,ECT2,31.5,15,16.5,1.12,0.2,6.4e-01,1.0e+00,0.8581,5884,13,13,9,25,19,22,11,14
ENSG00000095787,WAC,191,97.2,93.8,0.963,-0.1,6.4e-01,1.0e+00,0.8581,5885,89,92,105,103,98,95,85,97
ENSG00000166228,PCBD1,38.8,18.5,20.2,1.115,0.2,6.4e-01,1.0e+00,0.8581,5886,25,21,8,20,24,21,13,23
ENSG00000108039,XPNPEP1,110.5,56.5,54,0.953,-0.1,6.4e-01,1.0e+00,0.8581,5887,50,49,61,66,53,48,58,57
ENSG00000116117,PARD3B,70,32.5,37.5,1.165,0.2,6.4e-01,1.0e+00,0.8582,5888,31,58,14,27,25,16,53,56
ENSG00000120451,SNX19,346.2,177.8,168.5,0.95,-0.1,6.4e-01,1.0e+00,0.8582,5889,187,192,182,150,204,145,187,138
ENSG00000182400,TRAPPC6B,46.8,22.5,24.2,1.084,0.1,6.4e-01,1.0e+00,0.8586,5892,13,24,27,26,28,21,27,21
ENSG00000119720,NRDE2,31.5,16.8,14.8,0.899,-0.2,6.4e-01,1.0e+00,0.8586,5893,13,18,15,21,9,10,22,18
ENSG00000123124,WWP1,76.5,37,39.5,1.06,0.1,6.4e-01,1.0e+00,0.8586,5894,38,43,40,27,38,39,45,36
ENSG00000130830,MPP1,29.8,14.2,15.5,1.091,0.1,6.4e-01,1.0e+00,0.8586,5895,12,10,20,15,17,19,14,12
ENSG00000122557,HERPUD2,65.5,32,33.5,1.052,0.1,6.4e-01,1.0e+00,0.8586,5896,33,30,30,35,33,32,30,39
ENSG00000076984,MAP2K7,59.2,30.8,28.5,0.937,-0.1,6.4e-01,1.0e+00,0.8586,5897,34,34,23,32,29,29,22,34
ENSG00000159592,GPBP1L1,96.5,50,46.5,0.932,-0.1,6.4e-01,1.0e+00,0.8586,5898,36,65,51,48,43,62,40,41
ENSG00000110318,CEP126,37.8,20,17.8,0.904,-0.1,6.4e-01,1.0e+00,0.8586,5899,12,26,26,16,13,24,19,15
ENSG00000183137,CEP57L1,27.8,13.2,14.5,1.096,0.1,6.4e-01,1.0e+00,0.8586,5899,13,13,16,11,17,20,9,12
ENSG00000118705,RPN2,451.8,229.5,222.2,0.967,0,6.5e-01,1.0e+00,0.8593,5905,219,230,243,226,219,236,222,212
ENSG00000124191,TOX2,20.2,11.2,9,0.818,-0.3,6.5e-01,1.0e+00,0.8594,5906,10,3,25,7,13,2,13,8
ENSG00000181924,COA4,31,15,16,1.087,0.1,6.5e-01,1.0e+00,0.8603,5913,13,14,20,13,16,11,17,20
ENSG00000167693,NXN,148,77.2,70.8,0.917,-0.1,6.5e-01,1.0e+00,0.8603,5914,97,62,88,62,81,66,97,39
ENSG00000181904,C5orf24,125,60.8,64.2,1.054,0.1,6.5e-01,1.0e+00,0.8603,5915,64,49,72,58,71,59,54,73
ENSG00000106346,USP42,20.2,10.8,9.5,0.903,-0.1,6.5e-01,1.0e+00,0.8605,5917,10,7,16,10,12,10,7,9
ENSG00000105429,MEGF8,342.2,168.2,174,1.035,0,6.5e-01,1.0e+00,0.8606,5919,175,149,176,173,166,177,173,180
ENSG00000024048,UBR2,116,59.5,56.5,0.949,-0.1,6.5e-01,1.0e+00,0.8606,5920,53,54,66,65,53,69,46,58
ENSG00000172936,MYD88,65,34,31,0.918,-0.1,6.5e-01,1.0e+00,0.8606,5921,49,32,28,27,37,40,26,21
ENSG00000064763,FAR2,24.8,12,12.8,1.083,0.1,6.5e-01,1.0e+00,0.8606,5922,12,11,14,11,13,14,15,9
ENSG00000022277,RTF2,168.5,82.5,86,1.04,0.1,6.5e-01,1.0e+00,0.8606,5923,85,89,84,72,91,82,91,80
ENSG00000135930,EIF4E2,119.5,58.2,61.2,1.057,0.1,6.5e-01,1.0e+00,0.8606,5924,61,76,48,48,63,66,60,56
ENSG00000125520,SLC2A4RG,84.8,43.8,41,0.933,-0.1,6.5e-01,1.0e+00,0.8606,5924,53,52,30,40,42,43,48,31
ENSG00000135047,CTSL,443.2,216.5,226.8,1.048,0.1,6.5e-01,1.0e+00,0.8606,5925,188,224,266,188,197,238,230,242
ENSG00000198198,SZT2,118.2,58,60.2,1.045,0.1,6.5e-01,1.0e+00,0.8606,5926,56,58,67,51,64,53,62,62
ENSG00000130589,HELZ2,55.8,26.8,29,1.094,0.1,6.5e-01,1.0e+00,0.8607,5927,37,24,25,21,42,19,24,31
ENSG00000197969,VPS13A,192.2,98.8,93.5,0.947,-0.1,6.5e-01,1.0e+00,0.8607,5928,87,92,104,112,71,87,117,99
ENSG00000120686,UFM1,157.2,80.2,77,0.958,-0.1,6.5e-01,1.0e+00,0.8607,5929,73,73,97,78,75,74,84,75
ENSG00000100225,FBXO7,144,73.8,70.2,0.954,-0.1,6.5e-01,1.0e+00,0.8609,5931,77,82,69,67,69,67,60,85
ENSG00000158526,TSR2,77,39.8,37.2,0.943,-0.1,6.5e-01,1.0e+00,0.8609,5932,30,42,45,42,34,45,34,36
ENSG00000275700,AATF,59,27,32,1.188,0.2,6.5e-01,1.0e+00,0.8611,5934,40,29,1,38,30,34,34,30
ENSG00000099875,MKNK2,138.2,66.5,71.8,1.076,0.1,6.5e-01,1.0e+00,0.8611,5935,58,88,59,61,88,81,44,74
ENSG00000144468,RHBDD1,54,27.8,26.2,0.947,-0.1,6.5e-01,1.0e+00,0.8611,5936,23,28,31,29,26,24,26,29
ENSG00000197323,TRIM33,65.5,31.8,33.8,1.071,0.1,6.5e-01,1.0e+00,0.8611,5937,32,21,34,40,28,35,35,37
ENSG00000149313,AASDHPPT,53.8,28,25.8,0.927,-0.1,6.5e-01,1.0e+00,0.8614,5941,26,32,27,27,33,29,15,26
ENSG00000114904,NEK4,37.2,19.5,17.8,0.908,-0.1,6.5e-01,1.0e+00,0.8617,5943,22,14,21,21,10,22,25,14
ENSG00000198712,MT-CO2,4625.2,2214.2,2411,1.089,0.1,6.5e-01,1.0e+00,0.8617,5944,1340,2589,3146,1782,2031,2854,2872,1887
ENSG00000002822,MAD1L1,25.5,12,13.5,1.123,0.2,6.5e-01,1.0e+00,0.8617,5945,17,17,8,6,13,12,12,17
ENSG00000234651,BAG6,81.8,34.2,47.5,1.373,0.5,6.5e-01,1.0e+00,0.8621,5949,0,10,30,97,0,67,55,68
ENSG00000147669,POLR2K,37.8,19.8,18,0.92,-0.1,6.5e-01,1.0e+00,0.8624,5951,23,15,20,21,17,14,27,14
ENSG00000166855,CLPX,69.2,33.8,35.5,1.057,0.1,6.5e-01,1.0e+00,0.8624,5952,35,39,27,34,30,36,41,35
ENSG00000113742,CPEB4,53.8,28,25.8,0.931,-0.1,6.5e-01,1.0e+00,0.8624,5953,28,21,28,35,25,23,34,21
ENSG00000283100,SIRT2,102.2,52.8,49.5,0.942,-0.1,6.5e-01,1.0e+00,0.8624,5954,60,47,57,47,63,36,47,52
ENSG00000152409,JMY,72.8,37.5,35.2,0.941,-0.1,6.5e-01,1.0e+00,0.8624,5955,41,36,30,43,33,43,27,38
ENSG00000152291,TGOLN2,691.8,339,352.8,1.041,0.1,6.5e-01,1.0e+00,0.8624,5956,339,363,304,350,314,383,318,396
ENSG00000204272,NBDY,31.5,16.8,14.8,0.908,-0.1,6.5e-01,1.0e+00,0.8624,5957,11,26,14,16,18,11,14,16
ENSG00000261796,ISY1-RAB43,45.8,25.8,20,0.767,-0.4,6.5e-01,1.0e+00,0.8624,5957,39,0,40,24,18,27,35,0
ENSG00000100330,MTMR3,144,70.8,73.2,1.039,0.1,6.5e-01,1.0e+00,0.8624,5958,74,72,70,67,68,82,75,68
ENSG00000164466,SFXN1,61.8,32.2,29.5,0.92,-0.1,6.5e-01,1.0e+00,0.8624,5959,31,23,36,39,24,27,45,22
ENSG00000186283,TOR3A,58.5,28.2,30.2,1.084,0.1,6.5e-01,1.0e+00,0.8626,5961,32,20,22,39,32,27,24,38
ENSG00000123395,ATG101,47.8,25,22.8,0.921,-0.1,6.5e-01,1.0e+00,0.8626,5962,36,20,25,19,21,17,26,27
ENSG00000130313,PGLS,75.2,39,36.2,0.931,-0.1,6.5e-01,1.0e+00,0.8629,5966,51,38,29,38,36,28,32,49
ENSG00000165283,STOML2,90,43.8,46.2,1.051,0.1,6.5e-01,1.0e+00,0.8629,5966,51,38,39,47,39,50,50,46
ENSG00000166922,SCG5,25.5,13.5,12,0.875,-0.2,6.5e-01,1.0e+00,0.8629,5967,17,14,6,17,7,19,7,15
ENSG00000171853,TRAPPC12,52.8,27.2,25.5,0.946,-0.1,6.5e-01,1.0e+00,0.8629,5968,32,27,23,27,23,26,27,26
ENSG00000204435,CSNK2B,67.5,38.2,29.2,0.759,-0.4,6.5e-01,1.0e+00,0.8629,5969,42,25,43,43,0,68,49,0
ENSG00000171456,ASXL1,142.5,73.8,68.8,0.93,-0.1,6.5e-01,1.0e+00,0.8629,5970,77,87,77,54,43,87,66,79
ENSG00000167863,ATP5PD,132.2,67.8,64.5,0.955,-0.1,6.5e-01,1.0e+00,0.8629,5971,66,66,68,71,78,66,63,51
ENSG00000127540,UQCR11,77.8,37,40.8,1.108,0.1,6.5e-01,1.0e+00,0.8629,5972,54,30,42,22,61,33,26,43
ENSG00000006015,REX1BD,32.8,17.5,15.2,0.889,-0.2,6.5e-01,1.0e+00,0.8629,5972,22,15,9,24,24,9,16,12
ENSG00000282986,EIF3K,119.8,61.8,58,0.944,-0.1,6.5e-01,1.0e+00,0.8629,5973,65,58,73,51,59,73,56,44
ENSG00000121060,TRIM25,134.8,69,65.8,0.956,-0.1,6.5e-01,1.0e+00,0.8629,5974,74,74,62,66,78,66,56,63
ENSG00000113716,HMGXB3,96.2,50,46.2,0.928,-0.1,6.5e-01,1.0e+00,0.8629,5975,37,58,64,41,43,62,46,34
ENSG00000179387,ELMOD2,61.8,30,31.8,1.071,0.1,6.5e-01,1.0e+00,0.8629,5976,30,34,23,33,25,38,38,26
ENSG00000158850,B4GALT3,24.5,11.8,12.8,1.084,0.1,6.5e-01,1.0e+00,0.8629,5977,12,14,12,9,13,16,12,10
ENSG00000129675,ARHGEF6,71,34.8,36.2,1.05,0.1,6.5e-01,1.0e+00,0.8629,5978,32,36,38,33,31,39,38,37
ENSG00000133884,DPF2,91.5,47,44.5,0.949,-0.1,6.5e-01,1.0e+00,0.8629,5979,42,47,58,41,52,44,38,44
ENSG00000065135,GNAI3,145.8,74.5,71.2,0.956,-0.1,6.5e-01,1.0e+00,0.863,5980,87,67,68,76,77,77,71,60
ENSG00000163374,YY1AP1,87,44.5,42.5,0.951,-0.1,6.5e-01,1.0e+00,0.863,5981,43,41,49,45,53,41,40,36
ENSG00000276536,HRAS,21,9.5,11.5,1.205,0.3,6.5e-01,1.0e+00,0.8631,5982,10,13,2,13,6,5,10,25
ENSG00000141338,ABCA8,329.8,160.2,169.5,1.056,0.1,6.5e-01,1.0e+00,0.8633,5984,163,144,189,145,223,171,139,145
ENSG00000164176,EDIL3,202.8,106.5,96.2,0.902,-0.1,6.5e-01,1.0e+00,0.8634,5986,66,72,129,159,57,81,125,122
ENSG00000139505,MTMR6,65,31.5,33.5,1.069,0.1,6.5e-01,1.0e+00,0.8634,5987,29,24,32,41,35,38,25,36
ENSG00000176623,RMDN1,106.5,51.8,54.8,1.058,0.1,6.5e-01,1.0e+00,0.8634,5988,60,44,48,55,69,58,49,43
ENSG00000198522,GPN1,46.8,24.5,22.2,0.926,-0.1,6.5e-01,1.0e+00,0.8634,5988,25,32,18,23,22,29,16,22
ENSG00000173889,PHC3,133.2,65.2,68,1.047,0.1,6.5e-01,1.0e+00,0.8636,5990,68,69,74,50,69,72,64,67
ENSG00000163634,THOC7,45.8,22,23.8,1.079,0.1,6.6e-01,1.0e+00,0.8636,5991,18,18,30,22,18,31,23,23
ENSG00000197728,RPS26,67.2,31.2,36,1.166,0.2,6.6e-01,1.0e+00,0.864,5995,41,40,14,30,66,44,23,11
ENSG00000054654,SYNE2,137.8,71.2,66.5,0.932,-0.1,6.6e-01,1.0e+00,0.864,5996,91,69,54,71,51,66,55,94
ENSG00000111786,SRSF9,99.5,50.8,48.8,0.954,-0.1,6.6e-01,1.0e+00,0.864,5997,52,51,52,48,55,50,52,38
ENSG00000172500,FIBP,68.5,33.2,35.2,1.068,0.1,6.6e-01,1.0e+00,0.864,5998,34,35,35,29,27,43,27,44
ENSG00000124160,NCOA5,58.5,28,30.5,1.082,0.1,6.6e-01,1.0e+00,0.864,5999,31,27,31,23,30,19,44,29
ENSG00000107185,RGP1,112.8,57.8,55,0.951,-0.1,6.6e-01,1.0e+00,0.864,6000,73,54,54,50,60,48,59,53
ENSG00000293434,AHSA2P,131.8,68,63.8,0.939,-0.1,6.6e-01,1.0e+00,0.864,6001,72,66,68,66,71,85,58,41
ENSG00000073417,PDE8A,53.5,25.8,27.8,1.077,0.1,6.6e-01,1.0e+00,0.864,6001,22,26,33,22,32,25,19,35
ENSG00000106479,ZNF862,59.2,30.5,28.8,0.941,-0.1,6.6e-01,1.0e+00,0.8641,6003,38,23,30,31,28,33,27,27
ENSG00000165097,KDM1B,52.5,25.2,27.2,1.083,0.1,6.6e-01,1.0e+00,0.8641,6003,24,25,23,29,15,29,32,33
ENSG00000142694,EVA1B,74.2,38.5,35.8,0.933,-0.1,6.6e-01,1.0e+00,0.8644,6007,35,34,32,53,46,32,27,38
ENSG00000135966,TGFBRAP1,54.8,28.2,26.5,0.937,-0.1,6.6e-01,1.0e+00,0.8647,6010,20,37,29,27,26,26,29,25
ENSG00000143374,TARS2,22.5,12,10.5,0.858,-0.2,6.6e-01,1.0e+00,0.8651,6013,14,12,8,14,5,19,3,15
ENSG00000215861,ENSG00000215861,25,13.8,11.2,0.819,-0.3,6.6e-01,1.0e+00,0.8654,6016,5,11,10,29,5,22,3,15
ENSG00000273633,CDC42EP5,22.5,11.8,10.8,0.914,-0.1,6.6e-01,1.0e+00,0.8656,6018,13,11,9,14,12,10,14,7
ENSG00000173436,MICOS10,57.2,27.5,29.8,1.09,0.1,6.6e-01,1.0e+00,0.8656,6019,29,31,17,33,42,31,20,26
ENSG00000105339,DENND3,44.8,21,23.8,1.138,0.2,6.6e-01,1.0e+00,0.8656,6020,22,32,6,24,23,30,13,29
ENSG00000075399,VPS9D1,53,25.8,27.2,1.068,0.1,6.6e-01,1.0e+00,0.8656,6021,27,31,26,19,28,21,29,31
ENSG00000011523,CEP68,79.2,41.2,38,0.927,-0.1,6.6e-01,1.0e+00,0.8656,6022,28,45,58,34,34,32,38,48
ENSG00000169021,UQCRFS1,62,32,30,0.936,-0.1,6.6e-01,1.0e+00,0.8656,6023,38,29,34,27,29,39,22,30
ENSG00000164609,SLU7,100.2,49,51.2,1.042,0.1,6.6e-01,1.0e+00,0.8656,6024,49,43,50,54,48,55,50,52
ENSG00000147604,RPL7,1478,753.5,724.5,0.961,-0.1,6.6e-01,1.0e+00,0.8656,6025,831,760,704,719,842,732,674,650
ENSG00000099783,HNRNPM,234.2,114.2,120,1.05,0.1,6.6e-01,1.0e+00,0.8663,6030,150,105,103,99,133,115,108,124
ENSG00000075292,ZNF638,165,80.5,84.5,1.045,0.1,6.6e-01,1.0e+00,0.8663,6031,69,79,99,75,79,80,86,93
ENSG00000170144,HNRNPA3,337,164.2,172.8,1.052,0.1,6.6e-01,1.0e+00,0.8663,6032,184,170,145,158,212,155,193,131
ENSG00000047410,TPR,377.8,192.5,185.2,0.962,-0.1,6.6e-01,1.0e+00,0.8663,6033,189,196,193,192,151,186,210,194
ENSG00000204130,RUFY2,44.8,21.5,23.2,1.088,0.1,6.6e-01,1.0e+00,0.8663,6034,19,15,25,27,34,23,17,19
ENSG00000121741,ZMYM2,135.8,69.8,66,0.947,-0.1,6.6e-01,1.0e+00,0.8663,6034,80,67,69,63,78,59,49,78
ENSG00000125378,BMP4,221.5,106.8,114.8,1.078,0.1,6.6e-01,1.0e+00,0.8663,6035,130,118,77,102,174,105,90,90
ENSG00000143179,UCK2,69.2,33.2,36,1.076,0.1,6.6e-01,1.0e+00,0.8663,6036,47,30,30,26,30,31,48,35
ENSG00000196865,NHLRC2,46,23.8,22.2,0.936,-0.1,6.6e-01,1.0e+00,0.8663,6037,23,22,26,24,17,19,24,29
ENSG00000137414,FAM8A1,145.2,74.2,71,0.959,-0.1,6.6e-01,1.0e+00,0.8663,6038,75,75,80,67,68,60,73,83
ENSG00000168802,CHTF8,109.2,48.5,60.8,1.247,0.3,6.6e-01,1.0e+00,0.8663,6039,67,73,8,46,3,81,70,89
ENSG00000013392,RWDD2A,21,10,11,1.121,0.2,6.6e-01,1.0e+00,0.8663,6040,10,15,9,6,6,14,12,12
ENSG00000065989,PDE4A,54.8,26.5,28.2,1.065,0.1,6.6e-01,1.0e+00,0.8663,6040,23,25,32,26,36,23,25,29
ENSG00000132510,KDM6B,54.8,28.2,26.5,0.939,-0.1,6.6e-01,1.0e+00,0.8663,6041,30,31,27,25,26,19,33,28
ENSG00000124155,PIGT,411.2,209,202.2,0.968,0,6.6e-01,1.0e+00,0.8663,6042,204,221,206,205,195,222,199,193
ENSG00000136448,NMT1,275.5,135.2,140.2,1.039,0.1,6.6e-01,1.0e+00,0.8663,6043,143,138,131,129,135,132,167,127
ENSG00000137094,DNAJB5,29.2,15.5,13.8,0.905,-0.1,6.6e-01,1.0e+00,0.8663,6044,18,17,16,11,20,12,16,7
ENSG00000162104,ADCY9,150.8,72.8,78,1.073,0.1,6.6e-01,1.0e+00,0.8663,6045,63,77,61,90,53,66,106,87
ENSG00000086200,IPO11,45.5,23.8,21.8,0.935,-0.1,6.6e-01,1.0e+00,0.8663,6046,26,26,23,20,19,24,28,16
ENSG00000143437,ARNT,165.2,80.8,84.5,1.045,0.1,6.6e-01,1.0e+00,0.8663,6047,86,64,89,84,79,94,86,79
ENSG00000118007,STAG1,161.8,83.2,78.5,0.946,-0.1,6.6e-01,1.0e+00,0.8663,6047,81,67,78,107,65,73,80,96
ENSG00000122783,CYREN,50.8,24.2,26.5,1.102,0.1,6.6e-01,1.0e+00,0.8663,6048,13,32,18,34,21,34,21,30
ENSG00000089597,GANAB,776,379.5,396.5,1.044,0.1,6.6e-01,1.0e+00,0.8664,6050,419,439,338,322,439,411,356,380
ENSG00000164187,LMBRD2,37.8,19.8,18,0.904,-0.1,6.6e-01,1.0e+00,0.8664,6051,19,28,14,18,16,21,9,26
ENSG00000110344,UBE4A,137,67,70,1.045,0.1,6.6e-01,1.0e+00,0.8664,6051,65,67,67,69,57,83,64,76
ENSG00000167685,ZNF444,34.8,18.5,16.2,0.905,-0.1,6.6e-01,1.0e+00,0.8664,6052,12,23,13,26,18,10,20,17
ENSG00000114503,NCBP2,122.8,63.2,59.5,0.946,-0.1,6.6e-01,1.0e+00,0.8664,6053,46,63,75,69,61,57,71,49
ENSG00000005238,ATOSB,59,30.5,28.5,0.929,-0.1,6.6e-01,1.0e+00,0.8664,6054,32,33,31,26,25,19,42,28
ENSG00000196455,PIK3R4,66.5,34.5,32,0.927,-0.1,6.6e-01,1.0e+00,0.8664,6055,47,34,31,26,34,32,21,41
ENSG00000148153,INIP,32.2,17.2,15,0.9,-0.2,6.6e-01,1.0e+00,0.8664,6056,16,20,21,12,20,10,22,8
ENSG00000167625,ZNF526,21.2,11.2,10,0.891,-0.2,6.6e-01,1.0e+00,0.8664,6057,15,8,14,8,5,9,12,14
ENSG00000151388,ADAMTS12,75,39.8,35.2,0.888,-0.2,6.6e-01,1.0e+00,0.8664,6058,21,74,36,28,24,40,50,27
ENSG00000169084,DHRSX,44.2,23.2,21,0.92,-0.1,6.6e-01,1.0e+00,0.8664,6058,25,23,25,20,30,13,15,26
ENSG00000155380,SLC16A1,55.5,30.8,24.8,0.815,-0.3,6.6e-01,1.0e+00,0.8664,6059,27,45,12,39,32,0,46,21
ENSG00000139496,NUP58,63.2,30.5,32.8,1.074,0.1,6.6e-01,1.0e+00,0.8664,6060,25,32,40,25,43,25,28,35
ENSG00000120253,NUP43,38.8,20.5,18.2,0.919,-0.1,6.6e-01,1.0e+00,0.8665,6062,24,27,17,14,19,12,21,21
ENSG00000173597,SULT1B1,18,8.5,9.5,1.135,0.2,6.6e-01,1.0e+00,0.8666,6063,6,8,10,10,12,3,14,9
ENSG00000160633,SAFB,155.8,76,79.8,1.049,0.1,6.6e-01,1.0e+00,0.8666,6064,61,85,70,88,71,85,74,89
ENSG00000104324,CPQ,129.5,66.8,62.8,0.943,-0.1,6.6e-01,1.0e+00,0.8666,6065,62,58,61,86,45,67,69,70
ENSG00000060982,BCAT1,211.8,109.2,102.5,0.937,-0.1,6.6e-01,1.0e+00,0.8666,6066,91,119,86,141,76,88,115,131
ENSG00000072778,ACADVL,273,141,132,0.936,-0.1,6.6e-01,1.0e+00,0.8666,6067,144,113,108,199,127,101,143,157
ENSG00000157259,GATAD1,110.8,56.8,54,0.949,-0.1,6.6e-01,1.0e+00,0.8666,6068,47,53,61,66,49,51,69,47
ENSG00000152240,HAUS1,23.8,12.5,11.2,0.902,-0.1,6.6e-01,1.0e+00,0.867,6072,15,10,12,13,10,7,9,19
ENSG00000100258,LMF2,130,63.5,66.5,1.044,0.1,6.6e-01,1.0e+00,0.8676,6076,67,58,56,73,66,58,70,72
ENSG00000146587,RBAK,32.2,15.5,16.8,1.099,0.1,6.6e-01,1.0e+00,0.868,6081,10,15,18,19,17,9,22,19
ENSG00000232005,PBX2,53.2,29.5,23.8,0.809,-0.3,6.6e-01,1.0e+00,0.8681,6082,48,6,19,45,35,1,40,19
ENSG00000106554,CHCHD3,53.8,27.8,26,0.946,-0.1,6.7e-01,1.0e+00,0.8681,6083,31,30,21,29,26,25,26,27
ENSG00000138614,INTS14,41,21.5,19.5,0.927,-0.1,6.7e-01,1.0e+00,0.8681,6084,26,20,15,25,18,24,22,14
ENSG00000244754,N4BP2L2,130.5,66.8,63.8,0.958,-0.1,6.7e-01,1.0e+00,0.8681,6085,63,55,77,72,56,66,67,66
ENSG00000197903,H2BC12,39,20.8,18.2,0.919,-0.1,6.7e-01,1.0e+00,0.8682,6086,13,20,27,23,19,12,21,21
ENSG00000284832,POLR2A,560,285.2,274.8,0.963,-0.1,6.7e-01,1.0e+00,0.8684,6089,246,313,316,266,297,273,252,277
ENSG00000100241,SBF1,267,130,137,1.051,0.1,6.7e-01,1.0e+00,0.8685,6090,131,160,118,111,125,112,144,167
ENSG00000282278,ENSG00000282278,44.5,20.2,24.2,1.196,0.3,6.7e-01,1.0e+00,0.8689,6093,22,33,26,0,18,30,24,25
ENSG00000137574,TGS1,27.5,14.5,13,0.914,-0.1,6.7e-01,1.0e+00,0.8689,6094,13,15,11,19,18,10,15,9
ENSG00000128159,TUBGCP6,91,44.2,46.8,1.055,0.1,6.7e-01,1.0e+00,0.8691,6097,57,43,32,45,46,44,48,49
ENSG00000163950,SLBP,60.8,29.5,31.2,1.061,0.1,6.7e-01,1.0e+00,0.8692,6098,29,26,31,32,41,30,29,25
ENSG00000025796,SEC63,286,147.2,138.8,0.943,-0.1,6.7e-01,1.0e+00,0.8692,6099,108,165,164,152,97,142,169,147
ENSG00000184588,PDE4B,24.2,11,13.2,1.225,0.3,6.7e-01,1.0e+00,0.8692,6100,12,6,19,7,18,4,29,2
ENSG00000132294,EFR3A,236.5,115.5,121,1.047,0.1,6.7e-01,1.0e+00,0.8692,6101,116,97,135,114,101,122,146,115
ENSG00000146066,HIGD2A,57.8,30.2,27.5,0.92,-0.1,6.7e-01,1.0e+00,0.8692,6102,37,29,37,18,36,32,21,21
ENSG00000173120,KDM2A,200,102,98,0.962,-0.1,6.7e-01,1.0e+00,0.8692,6103,109,90,102,107,93,102,111,86
ENSG00000100324,TAB1,51.2,26.8,24.5,0.934,-0.1,6.7e-01,1.0e+00,0.8692,6103,25,29,21,32,27,32,20,19
ENSG00000234539,ATF6B,50.8,29.2,21.5,0.742,-0.4,6.7e-01,1.0e+00,0.8692,6104,0,60,20,37,4,29,53,0
ENSG00000042493,CAPG,85,44.2,40.8,0.922,-0.1,6.7e-01,1.0e+00,0.8692,6106,38,41,31,67,43,32,32,56
ENSG00000019549,SNAI2,260.5,124,136.5,1.101,0.1,6.7e-01,1.0e+00,0.8693,6107,149,98,135,114,250,112,90,94
ENSG00000274985,PTCHD3P1,19.8,10.5,9.2,0.901,-0.1,6.7e-01,1.0e+00,0.8695,6109,11,8,10,13,5,8,14,10
ENSG00000173039,RELA,113.8,58.2,55.5,0.945,-0.1,6.7e-01,1.0e+00,0.8695,6110,65,54,54,60,43,57,47,75
ENSG00000186908,ZDHHC17,75,38.8,36.2,0.936,-0.1,6.7e-01,1.0e+00,0.8695,6111,46,28,41,40,47,36,26,36
ENSG00000095951,HIVEP1,26.2,14.8,11.5,0.794,-0.3,6.7e-01,1.0e+00,0.8695,6111,22,28,7,2,16,12,18,0
ENSG00000007384,RHBDF1,154.2,75.5,78.8,1.047,0.1,6.7e-01,1.0e+00,0.8695,6112,73,85,72,72,93,62,75,85
ENSG00000145191,EIF2B5,52.5,25.5,27,1.07,0.1,6.7e-01,1.0e+00,0.8695,6113,32,30,19,21,26,33,23,26
ENSG00000111669,TPI1,616.2,294.5,321.8,1.093,0.1,6.7e-01,1.0e+00,0.8695,6114,333,291,317,237,280,211,568,228
ENSG00000124541,RRP36,41.2,21.8,19.5,0.925,-0.1,6.7e-01,1.0e+00,0.8695,6115,28,21,21,17,27,13,19,19
ENSG00000105341,DMAC2,44.5,23.2,21.2,0.931,-0.1,6.7e-01,1.0e+00,0.8695,6116,23,24,26,20,28,22,22,13
ENSG00000213923,CSNK1E,213.2,104,109.2,1.049,0.1,6.7e-01,1.0e+00,0.8698,6119,108,132,94,82,119,109,97,112
ENSG00000125995,ROMO1,32.2,16.8,15.5,0.914,-0.1,6.7e-01,1.0e+00,0.87,6121,13,18,18,18,18,17,20,7
ENSG00000149357,LAMTOR1,125.2,61.5,63.8,1.04,0.1,6.7e-01,1.0e+00,0.8702,6124,65,60,60,61,64,58,75,58
ENSG00000008128,CDK11A,50.5,26.8,23.8,0.899,-0.2,6.7e-01,1.0e+00,0.8702,6125,38,23,19,27,22,26,10,37
ENSG00000092330,TINF2,42.5,19.8,22.8,1.161,0.2,6.7e-01,1.0e+00,0.8702,6126,9,12,11,47,18,27,27,19
ENSG00000163682,RPL9,134.8,78.8,56,0.716,-0.5,6.7e-01,1.0e+00,0.8705,6128,28,20,259,8,21,7,180,16
ENSG00000165138,ANKS6,56.5,27.5,29,1.073,0.1,6.7e-01,1.0e+00,0.8707,6130,25,24,23,38,38,29,27,22
ENSG00000186001,LRCH3,131.5,64.5,67,1.042,0.1,6.7e-01,1.0e+00,0.8707,6131,65,62,70,61,78,56,68,66
ENSG00000090520,DNAJB11,78.8,37.5,41.2,1.092,0.1,6.7e-01,1.0e+00,0.8708,6133,39,43,39,29,37,34,69,25
ENSG00000204427,ABHD16A,19.2,8.5,10.8,1.344,0.4,6.7e-01,1.0e+00,0.8709,6134,10,24,0,0,18,10,15,0
ENSG00000037749,MFAP3,64.8,31.5,33.2,1.068,0.1,6.7e-01,1.0e+00,0.8709,6135,30,32,21,43,29,34,36,34
ENSG00000110851,PRDM4,58.8,30.2,28.5,0.946,-0.1,6.7e-01,1.0e+00,0.8709,6136,30,32,33,26,24,34,24,32
ENSG00000276618,RAD17,22.8,10.2,12.5,1.245,0.3,6.7e-01,1.0e+00,0.8709,6137,11,0,27,3,14,13,17,6
ENSG00000168769,TET2,31.5,16.5,15,0.925,-0.1,6.7e-01,1.0e+00,0.8709,6138,13,22,15,16,17,10,19,14
ENSG00000131018,SYNE1,270,138.2,131.8,0.954,-0.1,6.7e-01,1.0e+00,0.8709,6139,159,135,103,156,132,118,128,149
ENSG00000091640,SPAG7,67,32.2,34.8,1.083,0.1,6.7e-01,1.0e+00,0.8709,6140,33,35,22,39,34,52,28,25
ENSG00000274646,RPS9,150.2,73.2,77,1.055,0.1,6.7e-01,1.0e+00,0.871,6142,68,82,76,67,93,93,61,61
ENSG00000009335,UBE3C,179.8,91.5,88.2,0.962,-0.1,6.7e-01,1.0e+00,0.871,6143,82,91,98,95,86,103,84,80
ENSG00000111615,KRR1,70.5,36.2,34.2,0.946,-0.1,6.7e-01,1.0e+00,0.8714,6146,42,37,28,38,26,36,37,38
ENSG00000090857,PDPR,140.2,72.2,68,0.94,-0.1,6.7e-01,1.0e+00,0.8714,6147,86,59,59,85,75,51,60,86
ENSG00000156381,ANKRD9,19.5,9.2,10.2,1.127,0.2,6.7e-01,1.0e+00,0.8714,6148,13,13,7,4,13,8,13,7
ENSG00000143952,VPS54,51.5,25,26.5,1.059,0.1,6.7e-01,1.0e+00,0.8714,6149,20,26,30,24,29,29,22,26
ENSG00000153310,CYRIB,21,10,11,1.119,0.2,6.7e-01,1.0e+00,0.8714,6149,12,13,9,6,12,5,11,16
ENSG00000181029,TRAPPC5,35.5,17,18.5,1.091,0.1,6.7e-01,1.0e+00,0.8714,6150,19,14,12,23,27,18,14,15
ENSG00000186376,ZNF75D,33.8,17.5,16.2,0.935,-0.1,6.7e-01,1.0e+00,0.8714,6151,21,15,15,19,16,13,16,20
ENSG00000102699,PARP4,254.8,124.2,130.5,1.052,0.1,6.7e-01,1.0e+00,0.8714,6152,124,111,106,156,122,129,108,163
ENSG00000163029,SMC6,66,32.2,33.8,1.05,0.1,6.7e-01,1.0e+00,0.8714,6153,29,37,32,31,36,38,30,31
ENSG00000035141,FAM136A,35.5,17.2,18.2,1.078,0.1,6.7e-01,1.0e+00,0.8716,6156,13,22,14,20,15,20,16,22
ENSG00000151353,TMEM18,37.8,19.8,18,0.909,-0.1,6.7e-01,1.0e+00,0.8716,6156,24,13,25,17,18,28,16,10
ENSG00000198860,TSEN15,30.8,16,14.8,0.927,-0.1,6.7e-01,1.0e+00,0.8716,6157,21,18,11,14,14,13,16,16
ENSG00000074071,MRPS34,44.8,23.5,21.2,0.921,-0.1,6.7e-01,1.0e+00,0.8716,6158,30,25,19,20,31,22,19,13
ENSG00000197302,KRBOX5,23,11,12,1.113,0.2,6.7e-01,1.0e+00,0.8716,6159,10,13,14,7,6,11,16,15
ENSG00000103707,MTFMT,24,11.5,12.5,1.11,0.2,6.7e-01,1.0e+00,0.8716,6160,11,10,18,7,8,14,17,11
ENSG00000170471,RALGAPB,168,85.2,82.8,0.964,-0.1,6.7e-01,1.0e+00,0.8716,6161,94,86,89,72,89,81,80,81
ENSG00000180979,LRRC57,38.2,18.2,20,1.102,0.1,6.7e-01,1.0e+00,0.8716,6162,14,18,24,17,22,30,9,19
ENSG00000104427,ZC2HC1A,29.8,15.8,14,0.894,-0.2,6.7e-01,1.0e+00,0.8716,6163,13,6,19,25,12,19,12,13
ENSG00000038358,EDC4,83.5,43,40.5,0.942,-0.1,6.7e-01,1.0e+00,0.8716,6163,32,52,41,47,31,42,49,40
ENSG00000135837,CEP350,224.8,110,114.8,1.042,0.1,6.7e-01,1.0e+00,0.8716,6164,92,121,114,113,99,112,111,137
ENSG00000136891,TEX10,53.2,28,25.2,0.916,-0.1,6.7e-01,1.0e+00,0.8718,6166,30,34,23,25,36,21,31,13
ENSG00000100811,YY1,203,103.5,99.5,0.962,-0.1,6.7e-01,1.0e+00,0.8718,6167,98,88,111,117,99,91,98,110
ENSG00000168763,CNNM3,42.2,20.5,21.8,1.068,0.1,6.7e-01,1.0e+00,0.8718,6168,21,25,18,18,23,23,15,26
ENSG00000152904,GGPS1,49.5,26,23.5,0.918,-0.1,6.7e-01,1.0e+00,0.8723,6172,20,30,25,29,35,28,15,16
ENSG00000171621,SPSB1,68.2,35.8,32.5,0.912,-0.1,6.7e-01,1.0e+00,0.8723,6173,48,27,37,31,29,36,16,49
ENSG00000119203,CPSF3,49.8,24,25.8,1.073,0.1,6.7e-01,1.0e+00,0.8723,6174,24,18,32,22,26,25,33,19
ENSG00000181026,AEN,56.5,29.5,27,0.916,-0.1,6.8e-01,1.0e+00,0.8723,6175,35,30,27,26,31,23,41,13
ENSG00000230989,HSBP1,123.2,63.5,59.8,0.947,-0.1,6.8e-01,1.0e+00,0.8725,6177,75,64,70,45,56,72,51,60
ENSG00000103051,COG4,129.5,66.2,63.2,0.958,-0.1,6.8e-01,1.0e+00,0.8725,6178,67,71,69,58,71,71,54,57
ENSG00000185825,BCAP31,162.8,79.2,83.5,1.057,0.1,6.8e-01,1.0e+00,0.8727,6181,75,93,84,65,102,70,98,64
ENSG00000135452,TSPAN31,45,23.5,21.5,0.922,-0.1,6.8e-01,1.0e+00,0.8727,6181,19,23,31,21,27,26,21,12
ENSG00000072803,FBXW11,143,73.2,69.8,0.955,-0.1,6.8e-01,1.0e+00,0.8727,6182,84,60,80,69,56,74,73,76
ENSG00000136450,SRSF1,209.5,107,102.5,0.954,-0.1,6.8e-01,1.0e+00,0.8727,6183,118,93,100,117,110,92,126,82
ENSG00000167772,ANGPTL4,78.8,36.2,42.5,1.157,0.2,6.8e-01,1.0e+00,0.8729,6185,19,17,32,77,40,22,35,73
ENSG00000127995,CASD1,27.5,13.2,14.2,1.111,0.2,6.8e-01,1.0e+00,0.8729,6186,13,14,8,18,22,11,8,16
ENSG00000134283,PPHLN1,77.8,37.8,40,1.058,0.1,6.8e-01,1.0e+00,0.8729,6187,32,45,35,39,35,38,53,34
ENSG00000125266,EFNB2,100.2,47.8,52.5,1.095,0.1,6.8e-01,1.0e+00,0.8732,6190,38,56,22,75,55,48,55,52
ENSG00000144061,NPHP1,16.5,9.2,7.2,0.807,-0.3,6.8e-01,1.0e+00,0.8734,6193,12,1,12,12,0,11,5,13
ENSG00000276340,ZNF623,55,26.8,28.2,1.076,0.1,6.8e-01,1.0e+00,0.8734,6194,31,31,17,28,31,34,29,19
ENSG00000156958,GALK2,25.5,12,13.5,1.107,0.1,6.8e-01,1.0e+00,0.8734,6194,16,5,13,14,11,19,12,12
ENSG00000163584,RPL22L1,26.2,13.8,12.5,0.912,-0.1,6.8e-01,1.0e+00,0.8735,6195,18,14,12,11,12,13,18,7
ENSG00000204394,VARS1,44.2,19,25.2,1.299,0.4,6.8e-01,1.0e+00,0.8737,6198,48,0,15,13,0,28,45,28
ENSG00000204271,SPIN3,29,15,14,0.921,-0.1,6.8e-01,1.0e+00,0.8737,6199,13,17,14,16,11,20,9,16
ENSG00000198945,L3MBTL3,24,11.5,12.5,1.108,0.1,6.8e-01,1.0e+00,0.8737,6200,6,11,17,12,8,12,14,16
ENSG00000171566,PLRG1,90,43.5,46.5,1.057,0.1,6.8e-01,1.0e+00,0.8737,6200,42,56,35,41,53,47,50,36
ENSG00000084676,NCOA1,105.2,54.2,51,0.934,-0.1,6.8e-01,1.0e+00,0.8737,6201,67,47,49,54,50,49,32,73
ENSG00000125817,CENPB,154,79.5,74.5,0.939,-0.1,6.8e-01,1.0e+00,0.8737,6202,96,67,69,86,107,68,56,67
ENSG00000163636,PSMD6,78.5,38.2,40.2,1.059,0.1,6.8e-01,1.0e+00,0.8737,6203,36,42,48,27,44,43,38,36
ENSG00000278622,TSEN34,50.5,23.8,26.8,1.128,0.2,6.8e-01,1.0e+00,0.8737,6204,39,28,10,18,27,30,13,37
ENSG00000196498,NCOR2,247,128.5,118.5,0.924,-0.1,6.8e-01,1.0e+00,0.8737,6205,157,70,118,169,130,97,154,93
ENSG00000275272,YTHDC1,96,46.8,49.2,1.049,0.1,6.8e-01,1.0e+00,0.8737,6206,43,43,50,51,42,62,44,49
ENSG00000123505,AMD1,26.2,14.5,11.8,0.802,-0.3,6.8e-01,1.0e+00,0.8737,6206,18,15,19,6,2,24,0,21
ENSG00000134369,NAV1,376.2,182.2,194,1.064,0.1,6.8e-01,1.0e+00,0.8737,6207,148,220,166,195,121,229,234,192
ENSG00000001631,KRIT1,67.5,32.5,35,1.07,0.1,6.8e-01,1.0e+00,0.8737,6208,26,42,30,32,37,25,47,31
ENSG00000168288,MMADHC,125.5,60.8,64.8,1.065,0.1,6.8e-01,1.0e+00,0.8737,6209,49,50,91,53,74,69,59,57
ENSG00000067066,SP100,213.2,104,109.2,1.051,0.1,6.8e-01,1.0e+00,0.8737,6210,98,100,114,104,103,147,83,104
ENSG00000281540,RCC2,105.8,54.8,51,0.93,-0.1,6.8e-01,1.0e+00,0.8737,6211,54,50,61,54,49,79,30,46
ENSG00000118496,FBXO30,70.5,34.5,36,1.05,0.1,6.8e-01,1.0e+00,0.8738,6213,37,32,41,28,36,38,32,38
ENSG00000122565,CBX3,162,79.2,82.8,1.049,0.1,6.8e-01,1.0e+00,0.8738,6214,83,73,92,69,92,94,83,62
ENSG00000131115,ZNF227,20.8,11.2,9.5,0.864,-0.2,6.8e-01,1.0e+00,0.8738,6214,11,8,17,9,6,2,14,16
ENSG00000082258,CCNT2,54.8,28.5,26.2,0.937,-0.1,6.8e-01,1.0e+00,0.8738,6215,25,33,22,34,32,30,23,20
ENSG00000167447,SMG8,37.2,18,19.2,1.077,0.1,6.8e-01,1.0e+00,0.8738,6216,20,15,21,16,21,27,15,14
ENSG00000091409,ITGA6,29.8,14,15.8,1.132,0.2,6.8e-01,1.0e+00,0.8738,6217,10,15,14,17,5,28,14,16
ENSG00000161671,EMC10,120,58.5,61.5,1.054,0.1,6.8e-01,1.0e+00,0.8738,6218,68,62,46,58,69,65,45,67
ENSG00000164056,SPRY1,69.8,33.5,36.2,1.09,0.1,6.8e-01,1.0e+00,0.8738,6219,32,27,33,42,29,27,27,62
ENSG00000173145,NOC3L,30,14.2,15.8,1.107,0.1,6.8e-01,1.0e+00,0.8738,6220,11,18,14,14,12,18,25,8
ENSG00000278718,GSDMD,48.5,26,22.5,0.882,-0.2,6.8e-01,1.0e+00,0.8738,6221,34,28,22,20,31,26,29,4
ENSG00000009830,POMT2,32.2,15.5,16.8,1.068,0.1,6.8e-01,1.0e+00,0.8738,6221,14,16,16,16,17,17,12,21
ENSG00000090621,PABPC4,349.8,180,169.8,0.945,-0.1,6.8e-01,1.0e+00,0.874,6224,228,187,133,172,209,183,128,159
ENSG00000163904,SENP2,73,35.5,37.5,1.063,0.1,6.8e-01,1.0e+00,0.874,6225,34,26,36,46,42,44,29,35
ENSG00000101596,SMCHD1,148.2,75.8,72.5,0.955,-0.1,6.8e-01,1.0e+00,0.8745,6229,63,73,80,87,61,89,65,75
ENSG00000166902,MRPL16,38,19.5,18.5,0.933,-0.1,6.8e-01,1.0e+00,0.8745,6230,18,14,28,18,18,19,20,17
ENSG00000174796,THAP6,25,13,12,0.924,-0.1,6.8e-01,1.0e+00,0.8745,6231,10,12,15,15,9,16,10,13
ENSG00000164713,BRI3,175,85.8,89.2,1.038,0.1,6.8e-01,1.0e+00,0.8746,6232,79,90,84,90,82,105,81,89
ENSG00000066777,ARFGEF1,135.2,66.2,69,1.043,0.1,6.8e-01,1.0e+00,0.8746,6233,60,64,64,77,63,68,62,83
ENSG00000139645,ANKRD52,127.5,62.5,65,1.048,0.1,6.8e-01,1.0e+00,0.8746,6234,46,62,73,69,59,62,71,68
ENSG00000236346,NFKBIL1,18.2,10,8.2,0.824,-0.3,6.8e-01,1.0e+00,0.8746,6235,17,11,12,0,8,3,14,8
ENSG00000152443,ZNF776,25.5,12.2,13.2,1.08,0.1,6.8e-01,1.0e+00,0.8747,6237,11,13,14,11,17,16,9,11
ENSG00000127184,COX7C,179.8,92.2,87.5,0.952,-0.1,6.8e-01,1.0e+00,0.8747,6237,105,109,73,82,101,91,88,70
ENSG00000067248,DHX29,104.2,50.8,53.5,1.057,0.1,6.8e-01,1.0e+00,0.8748,6239,47,64,50,42,56,52,66,40
ENSG00000184014,DENND5A,295,144.5,150.5,1.042,0.1,6.8e-01,1.0e+00,0.8754,6244,114,141,149,174,136,145,162,159
ENSG00000149499,EML3,95.8,46.2,49.5,1.071,0.1,6.8e-01,1.0e+00,0.8757,6247,51,41,37,56,46,56,30,66
ENSG00000028310,BRD9,48.5,25.2,23.2,0.938,-0.1,6.8e-01,1.0e+00,0.8757,6248,25,30,27,19,23,22,30,18
ENSG00000103160,HSDL1,36,19,17,0.901,-0.1,6.8e-01,1.0e+00,0.8757,6249,18,13,24,21,24,25,8,11
ENSG00000182149,IST1,176.2,86.2,90,1.045,0.1,6.8e-01,1.0e+00,0.8757,6250,83,75,77,110,79,98,92,91
ENSG00000178234,GALNT11,94.2,48.2,46,0.954,-0.1,6.8e-01,1.0e+00,0.876,6253,39,53,50,51,55,38,45,46
ENSG00000133703,KRAS,60,29.2,30.8,1.055,0.1,6.8e-01,1.0e+00,0.8761,6254,28,35,29,25,25,35,28,35
ENSG00000104613,INTS10,66.8,32.5,34.2,1.06,0.1,6.8e-01,1.0e+00,0.8762,6256,38,23,33,36,36,27,34,40
ENSG00000284984,RHOU,22.8,10.5,12.2,1.185,0.2,6.8e-01,1.0e+00,0.8762,6257,12,14,4,12,17,10,1,21
ENSG00000117226,GBP3,49,27.5,21.5,0.775,-0.4,6.8e-01,1.0e+00,0.8767,6261,4,7,53,46,5,2,54,25
ENSG00000134452,FBH1,154.8,78.8,76,0.965,-0.1,6.8e-01,1.0e+00,0.8767,6262,78,83,80,74,82,85,67,70
ENSG00000198000,NOL8,67,34.5,32.5,0.946,-0.1,6.9e-01,1.0e+00,0.8771,6266,30,32,44,32,38,31,35,26
ENSG00000106028,SSBP1,37.8,20.2,17.5,0.878,-0.2,6.9e-01,1.0e+00,0.8772,6267,21,22,15,23,34,22,7,7
ENSG00000143387,CTSK,2760.5,1431.2,1329.2,0.929,-0.1,6.9e-01,1.0e+00,0.8772,6268,936,1637,1770,1382,789,1734,1425,1369
ENSG00000147853,AK3,209.8,102.5,107.2,1.046,0.1,6.9e-01,1.0e+00,0.8772,6269,91,95,99,125,91,128,93,117
ENSG00000120868,APAF1,49,23.5,25.5,1.102,0.1,6.9e-01,1.0e+00,0.8774,6271,29,31,20,14,36,22,31,13
ENSG00000284868,DHRS1,28.2,14.8,13.5,0.919,-0.1,6.9e-01,1.0e+00,0.8774,6272,16,18,15,10,11,10,20,13
ENSG00000135686,KLHL36,150,73.5,76.5,1.041,0.1,6.9e-01,1.0e+00,0.8774,6273,79,65,65,85,77,73,69,87
ENSG00000001497,LAS1L,48.5,23.2,25.2,1.077,0.1,6.9e-01,1.0e+00,0.8774,6274,23,20,27,23,16,22,35,28
ENSG00000140199,SLC12A6,110,53.8,56.2,1.046,0.1,6.9e-01,1.0e+00,0.8774,6275,55,49,49,62,47,62,51,65
ENSG00000100316,RPL3,2752.2,1409.5,1342.8,0.952,-0.1,6.9e-01,1.0e+00,0.8774,6276,1767,1292,1248,1331,1722,1169,1218,1262
ENSG00000151348,EXT2,228.8,117,111.8,0.954,-0.1,6.9e-01,1.0e+00,0.8774,6277,121,122,98,127,108,120,82,137
ENSG00000110619,CARS1,46.2,19.5,26.8,1.368,0.5,6.9e-01,1.0e+00,0.8774,6278,52,0,26,0,40,2,62,3
ENSG00000140262,TCF12,241.2,118.5,122.8,1.036,0.1,6.9e-01,1.0e+00,0.8774,6278,120,117,115,122,128,104,115,144
ENSG00000183735,TBK1,57.8,29.8,28,0.944,-0.1,6.9e-01,1.0e+00,0.8774,6279,34,25,32,28,36,28,21,27
ENSG00000169062,UPF3A,87.5,45,42.5,0.943,-0.1,6.9e-01,1.0e+00,0.8774,6280,35,46,44,55,53,33,49,35
ENSG00000135317,SNX14,49.5,24,25.5,1.073,0.1,6.9e-01,1.0e+00,0.8774,6281,25,27,16,28,20,21,33,28
ENSG00000127463,EMC1,142.2,69.2,73,1.061,0.1,6.9e-01,1.0e+00,0.8774,6282,62,85,62,68,57,99,80,56
ENSG00000174720,LARP7,81,41.2,39.8,0.959,-0.1,6.9e-01,1.0e+00,0.8774,6283,43,41,42,39,39,34,47,39
ENSG00000197579,TOPORS,44.5,21.5,23,1.089,0.1,6.9e-01,1.0e+00,0.8774,6284,26,17,21,22,26,14,36,16
ENSG00000107077,KDM4C,37.5,19.8,17.8,0.897,-0.2,6.9e-01,1.0e+00,0.8774,6285,29,9,13,28,12,18,24,17
ENSG00000184922,FMNL1,37.5,19.8,17.8,0.918,-0.1,6.9e-01,1.0e+00,0.8774,6285,13,14,28,24,20,12,19,20
ENSG00000119650,IFT43,25.5,12.2,13.2,1.1,0.1,6.9e-01,1.0e+00,0.8774,6286,11,11,7,20,18,12,11,12
ENSG00000163635,ATXN7,52,24.8,27.2,1.107,0.1,6.9e-01,1.0e+00,0.8774,6287,38,10,25,26,21,23,42,23
ENSG00000078808,SDF4,406.8,206.8,200,0.966,0,6.9e-01,1.0e+00,0.8774,6288,182,204,220,221,199,184,227,190
ENSG00000133895,MEN1,61.2,29.8,31.5,1.061,0.1,6.9e-01,1.0e+00,0.8774,6289,34,32,27,26,38,31,21,36
ENSG00000223501,VPS52,44.2,24.2,20,0.832,-0.3,6.9e-01,1.0e+00,0.8774,6290,27,42,28,0,22,30,17,11
ENSG00000113141,IK,169,83,86,1.032,0,6.9e-01,1.0e+00,0.8774,6291,79,82,90,81,83,88,81,92
ENSG00000198894,CIPC,31.2,16.5,14.8,0.912,-0.1,6.9e-01,1.0e+00,0.8774,6292,15,18,16,17,19,14,6,20
ENSG00000175283,DOLK,36,17.5,18.5,1.089,0.1,6.9e-01,1.0e+00,0.8774,6293,22,21,11,16,25,12,22,15
ENSG00000145919,BOD1,93.2,48.5,44.8,0.933,-0.1,6.9e-01,1.0e+00,0.8774,6293,36,33,68,57,44,43,37,55
ENSG00000125648,SLC25A23,128.8,66.2,62.5,0.948,-0.1,6.9e-01,1.0e+00,0.8774,6295,56,69,70,70,50,74,78,48
ENSG00000162733,DDR2,1625.5,794.2,831.2,1.046,0.1,6.9e-01,1.0e+00,0.8774,6296,723,779,816,859,645,879,746,1055
ENSG00000101220,ADISSP,47,22.8,24.2,1.076,0.1,6.9e-01,1.0e+00,0.8774,6297,25,28,14,24,20,23,21,33
ENSG00000154258,ABCA9,162.5,78.2,84.2,1.077,0.1,6.9e-01,1.0e+00,0.8776,6299,54,83,72,104,75,94,52,116
ENSG00000125107,CNOT1,329,167.2,161.8,0.969,0,6.9e-01,1.0e+00,0.8779,6302,162,166,181,160,154,150,183,160
ENSG00000162585,FAAP20,62.8,30.5,32.2,1.07,0.1,6.9e-01,1.0e+00,0.8779,6302,36,29,19,38,35,28,27,39
ENSG00000141858,SAMD1,28.8,13.8,15,1.109,0.1,6.9e-01,1.0e+00,0.8779,6303,9,18,17,11,19,21,7,13
ENSG00000206450,HLA-B,35.2,20.2,15,0.75,-0.4,6.9e-01,1.0e+00,0.8779,6304,3,0,47,31,5,0,32,23
ENSG00000204941,PSG5,157.8,92.5,65.2,0.706,-0.5,6.9e-01,1.0e+00,0.8779,6305,16,304,47,3,8,214,36,3
ENSG00000183258,DDX41,89.2,46,43.2,0.94,-0.1,6.9e-01,1.0e+00,0.8779,6306,44,44,49,47,30,43,64,36
ENSG00000288534,ENSG00000288534,114.5,62.8,51.8,0.828,-0.3,6.9e-01,1.0e+00,0.8779,6307,83,76,28,64,84,0,70,53
ENSG00000164116,GUCY1A1,32,17.5,14.5,0.854,-0.2,6.9e-01,1.0e+00,0.8779,6308,20,22,7,21,35,8,10,5
ENSG00000177169,ULK1,122.2,63,59.2,0.939,-0.1,6.9e-01,1.0e+00,0.8779,6309,41,64,84,63,55,58,48,76
ENSG00000161654,LSM12,68.8,33.5,35.2,1.057,0.1,6.9e-01,1.0e+00,0.8779,6309,25,28,40,41,37,37,35,32
ENSG00000035862,TIMP2,4746.8,2324.8,2422,1.042,0.1,6.9e-01,1.0e+00,0.8779,6310,2048,2464,2487,2300,1948,2778,2625,2337
ENSG00000123349,PFDN5,360.5,184.8,175.8,0.953,-0.1,6.9e-01,1.0e+00,0.8779,6311,163,247,179,150,183,191,181,148
ENSG00000134644,PUM1,200.8,102.8,98,0.955,-0.1,6.9e-01,1.0e+00,0.8779,6312,101,107,114,89,77,85,113,117
ENSG00000107745,MICU1,144.8,74.2,70.5,0.95,-0.1,6.9e-01,1.0e+00,0.8779,6313,72,66,76,83,55,56,86,85
ENSG00000137161,CNPY3,51.8,25,26.8,1.073,0.1,6.9e-01,1.0e+00,0.8779,6314,29,21,31,19,24,32,18,33
ENSG00000262576,PCDHGA4,55.5,26.5,29,1.095,0.1,6.9e-01,1.0e+00,0.8779,6315,15,32,36,23,26,35,16,39
ENSG00000127948,POR,67.8,32.2,35.5,1.089,0.1,6.9e-01,1.0e+00,0.8779,6316,47,24,30,28,50,22,43,27
ENSG00000198862,LTN1,74.5,35.5,39,1.096,0.1,6.9e-01,1.0e+00,0.8779,6317,36,15,47,44,29,31,41,55
ENSG00000147121,KRBOX4,20.8,10,10.8,1.097,0.1,6.9e-01,1.0e+00,0.8779,6317,12,11,11,6,7,11,10,15
ENSG00000071054,MAP4K4,1011,513,498,0.971,0,6.9e-01,1.0e+00,0.8779,6318,527,496,494,535,486,511,462,533
ENSG00000067596,DHX8,87.2,45,42.2,0.948,-0.1,6.9e-01,1.0e+00,0.8779,6319,38,53,45,44,56,37,35,41
ENSG00000169564,PCBP1,278.2,136.8,141.5,1.032,0,6.9e-01,1.0e+00,0.878,6321,137,128,133,149,156,143,127,140
ENSG00000168497,CAVIN2,78.2,40.8,37.5,0.929,-0.1,6.9e-01,1.0e+00,0.8782,6323,33,59,48,23,40,36,35,39
ENSG00000068724,TTC7A,81.2,42.5,38.8,0.927,-0.1,6.9e-01,1.0e+00,0.8784,6325,33,66,27,44,31,41,37,46
ENSG00000130177,CDC16,108.5,53,55.5,1.045,0.1,6.9e-01,1.0e+00,0.8786,6328,49,48,64,51,51,64,60,47
ENSG00000164309,CMYA5,42.8,22.5,20.2,0.888,-0.2,6.9e-01,1.0e+00,0.8789,6330,22,17,11,40,12,19,16,34
ENSG00000165914,TTC7B,36,18.5,17.5,0.941,-0.1,6.9e-01,1.0e+00,0.8789,6332,23,18,17,16,14,20,17,19
ENSG00000144366,GULP1,99.5,51.5,48,0.938,-0.1,6.9e-01,1.0e+00,0.8789,6333,47,50,41,68,67,42,34,49
ENSG00000053371,AKR7A2,76.5,39.2,37.2,0.947,-0.1,6.9e-01,1.0e+00,0.8789,6334,42,45,30,40,49,36,33,31
ENSG00000160062,ZBTB8A,26.2,13.8,12.5,0.914,-0.1,6.9e-01,1.0e+00,0.879,6335,18,6,15,16,12,10,15,13
ENSG00000149231,CCDC82,62.2,30.2,32,1.063,0.1,6.9e-01,1.0e+00,0.8792,6337,35,33,34,19,30,34,27,37
ENSG00000145819,ARHGAP26,47,24.5,22.5,0.927,-0.1,6.9e-01,1.0e+00,0.8792,6338,22,26,21,29,14,20,33,23
ENSG00000124201,ZNFX1,254.5,129.5,125,0.967,0,6.9e-01,1.0e+00,0.8799,6344,127,139,112,140,135,127,123,115
ENSG00000054611,TBC1D22A,53.5,27.5,26,0.955,-0.1,6.9e-01,1.0e+00,0.88,6346,26,28,27,29,26,22,26,30
ENSG00000116030,SUMO1,128.8,62.8,66,1.056,0.1,6.9e-01,1.0e+00,0.8801,6347,47,66,71,67,80,61,76,47
ENSG00000204116,CHIC1,38.8,20,18.8,0.944,-0.1,6.9e-01,1.0e+00,0.8802,6349,16,18,20,26,19,17,20,19
ENSG00000135720,DYNC1LI2,373.5,183.2,190.2,1.038,0.1,6.9e-01,1.0e+00,0.8802,6350,225,154,176,178,192,204,185,180
ENSG00000125149,PHAF1,24.8,13,11.8,0.906,-0.1,6.9e-01,1.0e+00,0.8802,6351,17,13,15,7,12,13,16,6
ENSG00000112306,RPS12,1186.2,612.8,573.5,0.936,-0.1,6.9e-01,1.0e+00,0.8804,6353,835,604,452,560,841,513,439,501
ENSG00000149476,TKFC,25,12,13,1.082,0.1,6.9e-01,1.0e+00,0.8804,6354,16,14,9,9,13,12,16,11
ENSG00000153253,SCN3A,37,20.8,16.2,0.785,-0.3,6.9e-01,1.0e+00,0.8804,6355,7,34,3,39,2,35,2,26
ENSG00000214022,REPIN1,80.8,39.2,41.5,1.053,0.1,6.9e-01,1.0e+00,0.8804,6356,50,33,33,41,43,33,43,47
ENSG00000106052,TAX1BP1,274,134.5,139.5,1.034,0,7.0e-01,1.0e+00,0.8804,6357,119,155,142,122,148,141,136,133
ENSG00000039523,RIPOR1,147.5,72,75.5,1.048,0.1,7.0e-01,1.0e+00,0.8804,6358,75,51,80,82,86,66,81,69
ENSG00000174547,MRPL11,41,20,21,1.068,0.1,7.0e-01,1.0e+00,0.8804,6358,13,24,17,26,19,21,24,20
ENSG00000125844,RRBP1,1018.8,496.5,522.2,1.052,0.1,7.0e-01,1.0e+00,0.8809,6362,486,551,499,450,528,427,723,411
ENSG00000215305,VPS16,66.2,34,32.2,0.952,-0.1,7.0e-01,1.0e+00,0.8811,6365,34,31,34,37,35,24,33,37
ENSG00000072736,NFATC3,45,21.8,23.2,1.065,0.1,7.0e-01,1.0e+00,0.8811,6366,19,24,28,16,23,21,20,29
ENSG00000137275,RIPK1,85,43.8,41.2,0.942,-0.1,7.0e-01,1.0e+00,0.8813,6368,34,52,50,39,41,28,50,46
ENSG00000087589,CASS4,33.8,16,17.8,1.115,0.2,7.0e-01,1.0e+00,0.8819,6373,13,22,10,19,7,17,28,19
ENSG00000085433,WDR47,48.8,24,24.8,1.052,0.1,7.0e-01,1.0e+00,0.882,6375,28,23,26,19,26,25,26,22
ENSG00000276230,RNH1,426.5,207.5,219,1.055,0.1,7.0e-01,1.0e+00,0.8821,6376,250,240,162,178,285,198,172,221
ENSG00000198563,DDX39B,53.2,22.2,31,1.399,0.5,7.0e-01,1.0e+00,0.883,6384,45,44,0,0,81,43,0,0
ENSG00000161395,PGAP3,35,16.8,18.2,1.08,0.1,7.0e-01,1.0e+00,0.8831,6386,19,17,9,22,17,23,17,16
ENSG00000142186,SCYL1,160.2,82,78.2,0.954,-0.1,7.0e-01,1.0e+00,0.8831,6387,77,81,97,73,87,64,98,64
ENSG00000175110,MRPS22,37.5,19.8,17.8,0.926,-0.1,7.0e-01,1.0e+00,0.8831,6387,15,28,14,22,20,12,18,21
ENSG00000105472,CLEC11A,68.5,35.8,32.8,0.921,-0.1,7.0e-01,1.0e+00,0.8831,6388,20,24,55,44,34,31,36,30
ENSG00000104228,TRIM35,34.5,17.8,16.8,0.938,-0.1,7.0e-01,1.0e+00,0.8831,6389,17,12,23,19,15,20,15,17
ENSG00000051009,FHIP1B,36.5,17.8,18.8,1.063,0.1,7.0e-01,1.0e+00,0.8831,6390,21,12,19,19,22,18,18,17
ENSG00000122484,RPAP2,76.5,37.2,39.2,1.047,0.1,7.0e-01,1.0e+00,0.8831,6391,40,38,33,38,35,32,48,42
ENSG00000174080,CTSF,185,90.2,94.8,1.052,0.1,7.0e-01,1.0e+00,0.8831,6392,85,107,106,63,79,107,92,101
ENSG00000076641,PAG1,26.5,14,12.5,0.912,-0.1,7.0e-01,1.0e+00,0.8831,6393,13,17,14,12,7,11,21,11
ENSG00000108344,PSMD3,153,75,78,1.039,0.1,7.0e-01,1.0e+00,0.8833,6395,77,87,77,59,79,83,74,76
ENSG00000077380,DYNC1I2,245.2,124.5,120.8,0.97,0,7.0e-01,1.0e+00,0.8833,6396,119,137,122,120,120,119,112,132
ENSG00000141741,MIEN1,43.2,21.2,22,1.056,0.1,7.0e-01,1.0e+00,0.8833,6397,19,22,24,20,23,27,17,21
ENSG00000077232,DNAJC10,329.8,168,161.8,0.963,-0.1,7.0e-01,1.0e+00,0.8833,6398,181,165,141,185,142,190,151,164
ENSG00000122218,COPA,617.8,313.8,304,0.97,0,7.0e-01,1.0e+00,0.8833,6399,314,329,319,293,298,282,342,294
ENSG00000136536,MARCHF7,136.5,70,66.5,0.95,-0.1,7.0e-01,1.0e+00,0.8833,6400,68,65,85,62,61,91,57,57
ENSG00000151445,VIPAS39,38.5,20.2,18.2,0.917,-0.1,7.0e-01,1.0e+00,0.8833,6401,19,32,15,15,22,23,11,17
ENSG00000145780,FEM1C,46.2,22.5,23.8,1.073,0.1,7.0e-01,1.0e+00,0.8833,6402,21,23,17,29,33,20,25,17
ENSG00000059758,CDK17,64.8,33.2,31.5,0.951,-0.1,7.0e-01,1.0e+00,0.8833,6402,37,30,34,32,41,31,28,26
ENSG00000204370,SDHD,118,58,60,1.038,0.1,7.0e-01,1.0e+00,0.8833,6403,63,51,59,59,64,65,61,50
ENSG00000143258,USP21,29.2,15.5,13.8,0.889,-0.2,7.0e-01,1.0e+00,0.8833,6404,12,11,21,18,14,6,8,27
ENSG00000088766,CRLS1,27.5,13.2,14.2,1.076,0.1,7.0e-01,1.0e+00,0.8833,6405,17,16,11,9,16,14,12,15
ENSG00000111785,RIC8B,25,13,12,0.925,-0.1,7.0e-01,1.0e+00,0.8833,6406,13,10,13,16,11,9,18,10
ENSG00000117625,RCOR3,61.8,30,31.8,1.06,0.1,7.0e-01,1.0e+00,0.8833,6407,27,24,30,39,41,26,30,30
ENSG00000103335,PIEZO1,325,166.2,158.8,0.957,-0.1,7.0e-01,1.0e+00,0.8833,6408,132,180,164,189,128,144,190,173
ENSG00000241945,PWP2,27.8,13.2,14.5,1.096,0.1,7.0e-01,1.0e+00,0.8833,6409,16,13,13,11,10,8,18,22
ENSG00000111716,LDHB,469,229.5,239.5,1.044,0.1,7.0e-01,1.0e+00,0.8833,6409,248,255,228,187,287,264,213,194
ENSG00000162076,FLYWCH2,27.2,13,14.2,1.077,0.1,7.0e-01,1.0e+00,0.8834,6411,13,16,13,10,13,20,14,10
ENSG00000178104,PDE4DIP,588,301.2,286.8,0.951,-0.1,7.0e-01,1.0e+00,0.8837,6414,270,288,268,379,222,293,257,375
ENSG00000146425,DYNLT1,66.8,34.2,32.5,0.951,-0.1,7.0e-01,1.0e+00,0.8839,6416,36,41,31,29,37,30,36,27
ENSG00000156875,MFSD14A,81,39.5,41.5,1.058,0.1,7.0e-01,1.0e+00,0.884,6418,44,43,25,46,42,39,37,48
ENSG00000070610,GBA2,69,33.2,35.8,1.068,0.1,7.0e-01,1.0e+00,0.884,6419,38,22,39,34,33,27,49,34
ENSG00000059804,SLC2A3,97.8,47.2,50.5,1.071,0.1,7.0e-01,1.0e+00,0.884,6420,56,34,54,45,43,35,76,48
ENSG00000102103,PQBP1,34.5,18,16.5,0.933,-0.1,7.0e-01,1.0e+00,0.884,6421,13,18,21,20,22,17,12,15
ENSG00000204592,HLA-E,454.5,206.5,248,1.199,0.3,7.0e-01,1.0e+00,0.884,6421,24,268,307,227,49,292,363,288
ENSG00000159267,HLCS,67.8,32.8,35,1.077,0.1,7.0e-01,1.0e+00,0.8855,6433,24,23,34,50,25,43,37,35
ENSG00000017427,IGF1,75.8,40,35.8,0.898,-0.2,7.0e-01,1.0e+00,0.8855,6434,52,43,14,51,48,43,17,35
ENSG00000101882,NKAP,30.8,15.8,15,0.942,-0.1,7.0e-01,1.0e+00,0.8855,6435,17,17,16,13,13,19,15,13
ENSG00000130203,APOE,194,102.8,91.2,0.891,-0.2,7.0e-01,1.0e+00,0.8855,6436,93,84,177,57,62,73,178,52
ENSG00000188522,FAM83G,22.2,10.5,11.8,1.136,0.2,7.0e-01,1.0e+00,0.8855,6437,8,9,13,12,18,2,17,10
ENSG00000108523,RNF167,104.8,51.2,53.5,1.043,0.1,7.0e-01,1.0e+00,0.8856,6438,42,53,60,50,57,61,50,46
ENSG00000214517,PPME1,75.5,36.5,39,1.068,0.1,7.0e-01,1.0e+00,0.8857,6440,26,36,46,38,36,42,52,26
ENSG00000144677,CTDSPL,77.2,37.2,40,1.072,0.1,7.0e-01,1.0e+00,0.8857,6441,57,33,33,26,29,42,50,39
ENSG00000204356,NELFE,36.8,20.2,16.5,0.816,-0.3,7.0e-01,1.0e+00,0.8862,6445,30,3,5,43,11,31,3,21
ENSG00000006042,TMEM98,263.5,134,129.5,0.967,0,7.0e-01,1.0e+00,0.8862,6446,127,138,136,135,104,135,135,144
ENSG00000100412,ACO2,150.2,73.5,76.8,1.045,0.1,7.0e-01,1.0e+00,0.8862,6447,76,80,77,61,76,95,60,76
ENSG00000198931,APRT,61.8,30.2,31.5,1.052,0.1,7.1e-01,1.0e+00,0.8863,6449,28,28,30,35,35,35,34,22
ENSG00000004139,SARM1,28.5,15,13.5,0.905,-0.1,7.1e-01,1.0e+00,0.8863,6450,14,10,9,27,11,10,16,17
ENSG00000110717,NDUFS8,44.5,23.2,21.2,0.932,-0.1,7.1e-01,1.0e+00,0.8864,6451,24,27,24,18,21,23,29,12
ENSG00000084693,AGBL5,46.5,24,22.5,0.946,-0.1,7.1e-01,1.0e+00,0.8864,6452,26,21,28,21,28,22,22,18
ENSG00000069966,GNB5,70.2,34.2,36,1.049,0.1,7.1e-01,1.0e+00,0.8865,6454,38,33,28,38,41,35,28,40
ENSG00000149761,NUDT22,31.5,15.2,16.2,1.069,0.1,7.1e-01,1.0e+00,0.8865,6454,17,14,16,14,16,10,19,20
ENSG00000130520,LSM4,53.2,27.5,25.8,0.936,-0.1,7.1e-01,1.0e+00,0.8865,6456,23,20,29,38,32,21,22,28
ENSG00000149380,P4HA3,22.2,11.8,10.5,0.914,-0.1,7.1e-01,1.0e+00,0.8865,6457,9,9,19,10,7,12,12,11
ENSG00000141295,SCRN2,32,15.2,16.8,1.103,0.1,7.1e-01,1.0e+00,0.8865,6458,22,10,10,19,19,11,11,26
ENSG00000101346,POFUT1,186.5,95,91.5,0.962,-0.1,7.1e-01,1.0e+00,0.887,6462,106,103,91,80,95,109,82,80
ENSG00000254004,ZNF260,36.8,17.8,19,1.102,0.1,7.1e-01,1.0e+00,0.887,6463,6,26,24,15,19,20,21,16
ENSG00000069974,RAB27A,59.5,30.8,28.8,0.937,-0.1,7.1e-01,1.0e+00,0.887,6464,27,32,37,27,26,18,33,38
ENSG00000065970,FOXJ2,64.8,31.5,33.2,1.052,0.1,7.1e-01,1.0e+00,0.8872,6466,26,29,37,34,30,27,40,36
ENSG00000188191,PRKAR1B,28.5,13.8,14.8,1.094,0.1,7.1e-01,1.0e+00,0.8872,6467,9,13,17,16,8,12,19,20
ENSG00000130304,SLC27A1,52.2,25.5,26.8,1.066,0.1,7.1e-01,1.0e+00,0.8872,6468,25,28,19,30,36,23,29,19
ENSG00000198315,ZKSCAN8,114,58.8,55.2,0.942,-0.1,7.1e-01,1.0e+00,0.8872,6468,39,64,75,57,41,54,72,54
ENSG00000126243,LRFN3,27.8,13.5,14.2,1.075,0.1,7.1e-01,1.0e+00,0.8872,6469,13,16,13,12,13,9,19,16
ENSG00000124380,SNRNP27,42.2,20.5,21.8,1.079,0.1,7.1e-01,1.0e+00,0.8872,6470,15,32,18,17,18,23,29,17
ENSG00000162928,PEX13,30.8,16,14.8,0.939,-0.1,7.1e-01,1.0e+00,0.8872,6471,13,21,12,18,16,13,16,14
ENSG00000239306,RBM14,38.8,20,18.8,0.944,-0.1,7.1e-01,1.0e+00,0.8872,6472,18,17,27,18,22,17,18,18
ENSG00000067182,TNFRSF1A,326.8,166,160.8,0.969,0,7.1e-01,1.0e+00,0.8872,6473,167,141,187,169,167,161,156,159
ENSG00000091986,CCDC80,15145.8,7198,7947.8,1.104,0.1,7.1e-01,1.0e+00,0.8872,6474,6173,10400,3066,9153,6586,10479,4620,10106
ENSG00000168385,SEPTIN2,1200,608.5,591.5,0.972,0,7.1e-01,1.0e+00,0.8873,6475,678,590,582,584,612,599,594,561
ENSG00000153406,NMRAL1,14.2,6,8.2,1.352,0.4,7.1e-01,1.0e+00,0.8875,6478,0,14,0,10,0,20,13,0
ENSG00000166801,FAM111A,77.2,40.2,37,0.919,-0.1,7.1e-01,1.0e+00,0.8875,6478,47,34,28,52,17,40,38,53
ENSG00000144674,GOLGA4,266.2,136.5,129.8,0.951,-0.1,7.1e-01,1.0e+00,0.8882,6485,102,108,164,172,139,109,128,143
ENSG00000242485,MRPL20,45,21.8,23.2,1.076,0.1,7.1e-01,1.0e+00,0.8887,6489,25,26,13,23,30,23,15,25
ENSG00000070770,CSNK2A2,106.5,54.8,51.8,0.95,-0.1,7.1e-01,1.0e+00,0.8888,6491,54,58,68,39,52,40,55,60
ENSG00000166794,PPIB,646.2,328.5,317.8,0.968,0,7.1e-01,1.0e+00,0.8888,6492,353,301,333,327,321,315,366,269
ENSG00000123836,PFKFB2,27.5,14.2,13.2,0.918,-0.1,7.1e-01,1.0e+00,0.8889,6493,18,16,14,9,7,17,16,13
ENSG00000183718,TRIM52,28.8,13.8,15,1.077,0.1,7.1e-01,1.0e+00,0.8889,6494,16,8,16,15,14,20,11,15
ENSG00000164066,INTU,51.5,24.5,27,1.085,0.1,7.1e-01,1.0e+00,0.8889,6495,22,24,29,23,13,28,42,25
ENSG00000033100,CHPF2,195.2,99.2,96,0.968,0,7.1e-01,1.0e+00,0.8889,6496,92,110,94,101,93,83,106,102
ENSG00000154240,CEP112,28,13.5,14.5,1.074,0.1,7.1e-01,1.0e+00,0.8889,6497,13,12,11,18,17,9,15,17
ENSG00000166938,DIS3L,55,28.5,26.5,0.931,-0.1,7.1e-01,1.0e+00,0.8889,6498,14,30,32,38,22,29,24,31
ENSG00000196586,MYO6,133.8,68.5,65.2,0.944,-0.1,7.1e-01,1.0e+00,0.8889,6499,63,44,88,79,52,74,60,75
ENSG00000143207,COP1,43,22.2,20.8,0.943,-0.1,7.1e-01,1.0e+00,0.8889,6500,25,16,22,26,19,27,17,20
ENSG00000170456,DENND5B,38.5,20,18.5,0.933,-0.1,7.1e-01,1.0e+00,0.8889,6501,24,14,16,26,18,14,24,18
ENSG00000170677,SOCS6,51.8,26.8,25,0.938,-0.1,7.1e-01,1.0e+00,0.889,6502,37,22,21,27,18,26,27,29
ENSG00000072501,SMC1A,111,56.8,54.2,0.953,-0.1,7.1e-01,1.0e+00,0.889,6503,65,41,54,67,44,56,63,54
ENSG00000065427,KARS1,168,82.5,85.5,1.038,0.1,7.1e-01,1.0e+00,0.8893,6506,78,100,74,78,92,77,95,78
ENSG00000082014,SMARCD3,75,38.8,36.2,0.942,-0.1,7.1e-01,1.0e+00,0.8893,6507,37,44,50,24,36,42,37,30
ENSG00000102898,NUTF2,108,52.8,55.2,1.046,0.1,7.1e-01,1.0e+00,0.8893,6508,41,56,67,47,60,48,56,57
ENSG00000155393,HEATR3,22,10.5,11.5,1.09,0.1,7.1e-01,1.0e+00,0.8896,6511,14,7,8,13,17,9,11,9
ENSG00000213339,QTRT1,42.2,20.5,21.8,1.067,0.1,7.1e-01,1.0e+00,0.8896,6512,21,17,17,27,29,18,17,23
ENSG00000140575,IQGAP1,616.8,303.2,313.5,1.034,0,7.1e-01,1.0e+00,0.8896,6513,278,293,315,327,274,306,374,300
ENSG00000245680,ZNF585B,32,17,15,0.888,-0.2,7.1e-01,1.0e+00,0.8896,6514,10,17,19,22,3,19,16,22
ENSG00000110107,PRPF19,110.5,56.8,53.8,0.954,-0.1,7.1e-01,1.0e+00,0.8896,6515,58,61,48,60,69,41,59,46
ENSG00000169100,SLC25A6,610.5,314.2,296.2,0.943,-0.1,7.1e-01,1.0e+00,0.8896,6515,401,288,311,257,413,223,330,219
ENSG00000121716,PILRB,28,14.8,13.2,0.915,-0.1,7.1e-01,1.0e+00,0.8897,6517,17,16,9,17,22,9,11,11
ENSG00000278183,ABCC1,203.5,96.5,107,1.107,0.1,7.1e-01,1.0e+00,0.8897,6518,39,98,119,130,54,82,153,139
ENSG00000163798,SLC4A1AP,55,28.5,26.5,0.941,-0.1,7.1e-01,1.0e+00,0.8897,6519,27,25,32,30,26,29,35,16
ENSG00000162783,IER5,65,33.5,31.5,0.94,-0.1,7.1e-01,1.0e+00,0.8897,6520,50,26,31,27,35,32,33,26
ENSG00000168175,MAPK1IP1L,46,22,24,1.113,0.2,7.1e-01,1.0e+00,0.8897,6521,36,29,12,11,20,27,35,14
ENSG00000164190,NIPBL,149.5,76.2,73.2,0.962,-0.1,7.1e-01,1.0e+00,0.8898,6522,74,67,93,71,64,69,83,77
ENSG00000133275,CSNK1G2,97.2,47.5,49.8,1.043,0.1,7.1e-01,1.0e+00,0.8899,6524,55,36,47,52,51,48,55,45
ENSG00000276016,ABR,144.8,80.8,64,0.791,-0.3,7.1e-01,1.0e+00,0.8902,6527,1,129,114,79,7,121,18,110
ENSG00000225630,MTND2P28,136,64.8,71.2,1.097,0.1,7.1e-01,1.0e+00,0.8906,6531,44,111,59,45,43,113,56,73
ENSG00000160714,UBE2Q1,117.2,59.8,57.5,0.967,0,7.1e-01,1.0e+00,0.8907,6533,52,66,60,61,64,54,56,56
ENSG00000114491,UMPS,29.8,15.5,14.2,0.923,-0.1,7.1e-01,1.0e+00,0.8907,6534,21,15,8,18,18,11,16,12
ENSG00000168818,STX18,38,18.2,19.8,1.089,0.1,7.1e-01,1.0e+00,0.8907,6535,24,18,13,18,18,24,28,9
ENSG00000077942,FBLN1,13736.2,6981.8,6754.5,0.967,0,7.1e-01,1.0e+00,0.8907,6535,6946,7575,6755,6651,6497,7678,6335,6508
ENSG00000232126,HLA-B,82,46,36,0.774,-0.4,7.1e-01,1.0e+00,0.8912,6539,27,0,51,106,13,0,45,86
ENSG00000143353,LYPLAL1,21.2,10,11.2,1.119,0.2,7.2e-01,1.0e+00,0.8912,6540,14,15,4,7,8,13,8,16
ENSG00000198825,INPP5F,52.2,27.2,25,0.926,-0.1,7.2e-01,1.0e+00,0.8917,6545,30,34,13,32,25,32,18,25
ENSG00000128283,CDC42EP1,137.8,67.5,70.2,1.039,0.1,7.2e-01,1.0e+00,0.8918,6546,67,79,57,67,82,66,60,73
ENSG00000139163,ETNK1,53.5,26,27.5,1.069,0.1,7.2e-01,1.0e+00,0.8918,6547,31,29,17,27,27,28,18,37
ENSG00000143093,STRIP1,86.8,42.5,44.2,1.038,0.1,7.2e-01,1.0e+00,0.8918,6548,41,45,46,38,43,49,38,47
ENSG00000040199,PHLPP2,27.2,13,14.2,1.098,0.1,7.2e-01,1.0e+00,0.8918,6549,13,13,19,7,9,10,19,19
ENSG00000131788,PIAS3,63.2,30.8,32.5,1.06,0.1,7.2e-01,1.0e+00,0.8918,6550,35,40,28,20,35,34,26,35
ENSG00000144635,DYNC1LI1,60.8,31.2,29.5,0.947,-0.1,7.2e-01,1.0e+00,0.8918,6551,33,29,39,24,31,22,33,32
ENSG00000167986,DDB1,728.8,370,358.8,0.97,0,7.2e-01,1.0e+00,0.8918,6552,362,415,369,334,337,358,342,398
ENSG00000146674,IGFBP3,311.2,148.8,162.5,1.096,0.1,7.2e-01,1.0e+00,0.8922,6556,112,182,119,182,63,135,254,198
ENSG00000125450,NUP85,34.8,17,17.8,1.063,0.1,7.2e-01,1.0e+00,0.8922,6556,16,16,21,15,20,13,23,15
ENSG00000177879,AP3S1,191.2,93.8,97.5,1.035,0.1,7.2e-01,1.0e+00,0.8922,6557,91,94,101,89,83,117,88,102
ENSG00000184990,SIVA1,52,27.2,24.8,0.916,-0.1,7.2e-01,1.0e+00,0.8922,6558,35,29,10,35,30,18,26,25
ENSG00000075785,RAB7A,695,342,353,1.032,0,7.2e-01,1.0e+00,0.8922,6559,300,389,353,326,319,343,387,363
ENSG00000158545,ZC3H18,73.2,37.5,35.8,0.959,-0.1,7.2e-01,1.0e+00,0.8922,6560,35,34,46,35,41,33,35,34
ENSG00000129480,DTD2,18.2,8.8,9.5,1.105,0.1,7.2e-01,1.0e+00,0.8922,6561,4,6,12,13,10,7,9,12
ENSG00000141985,SH3GL1,171.8,83.8,88,1.051,0.1,7.2e-01,1.0e+00,0.8922,6562,93,70,79,93,111,61,78,102
ENSG00000137478,FCHSD2,63.5,32.5,31,0.957,-0.1,7.2e-01,1.0e+00,0.8922,6563,25,36,36,33,28,31,32,33
ENSG00000106246,PTCD1,14.8,6.8,8,1.206,0.3,7.2e-01,1.0e+00,0.8922,6564,11,3,11,2,14,6,0,12
ENSG00000070950,RAD18,21,11,10,0.929,-0.1,7.2e-01,1.0e+00,0.8922,6565,12,10,10,12,7,12,13,8
ENSG00000133243,BTBD2,179,91,88,0.968,0,7.2e-01,1.0e+00,0.8922,6565,87,79,107,91,95,89,82,86
ENSG00000197343,ZNF655,116,56.5,59.5,1.048,0.1,7.2e-01,1.0e+00,0.8922,6566,46,54,53,73,73,62,51,52
ENSG00000197024,ZNF398,28,14.5,13.5,0.935,-0.1,7.2e-01,1.0e+00,0.8922,6567,14,13,15,16,14,14,8,18
ENSG00000213995,NAXD,70.2,34,36.2,1.067,0.1,7.2e-01,1.0e+00,0.8922,6568,44,24,34,34,39,37,22,47
ENSG00000205155,PSENEN,32,15.5,16.5,1.066,0.1,7.2e-01,1.0e+00,0.8922,6569,14,15,13,20,22,17,14,13
ENSG00000110442,COMMD9,41.8,21.5,20.2,0.939,-0.1,7.2e-01,1.0e+00,0.8922,6570,21,17,26,22,19,19,14,29
ENSG00000109180,OCIAD1,156.8,79.5,77.2,0.967,0,7.2e-01,1.0e+00,0.8924,6572,70,74,90,84,68,82,80,79
ENSG00000099795,NDUFB7,51.2,26.5,24.8,0.944,-0.1,7.2e-01,1.0e+00,0.8924,6573,32,30,27,17,25,28,26,20
ENSG00000112110,MRPL18,54,28,26,0.934,-0.1,7.2e-01,1.0e+00,0.8924,6574,27,37,17,31,34,19,25,26
ENSG00000172172,MRPL13,27.2,13,14.2,1.079,0.1,7.2e-01,1.0e+00,0.8925,6576,19,13,10,10,13,18,16,10
ENSG00000213465,ARL2,116.2,56.8,59.5,1.045,0.1,7.2e-01,1.0e+00,0.8925,6577,65,55,55,52,78,59,52,49
ENSG00000153130,SCOC,72.2,35.2,37,1.049,0.1,7.2e-01,1.0e+00,0.8925,6578,40,30,27,44,39,34,34,41
ENSG00000185619,PCGF3,86.2,44.5,41.8,0.942,-0.1,7.2e-01,1.0e+00,0.8925,6579,44,34,58,42,45,36,29,57
ENSG00000083845,RPS5,709.5,364.2,345.2,0.949,-0.1,7.2e-01,1.0e+00,0.8932,6585,447,368,324,318,506,280,297,298
ENSG00000168916,ZNF608,39.8,21,18.8,0.914,-0.1,7.2e-01,1.0e+00,0.8932,6586,26,9,20,29,20,10,22,23
ENSG00000179526,SHARPIN,63.8,31.2,32.5,1.051,0.1,7.2e-01,1.0e+00,0.8932,6587,35,29,26,35,41,26,29,34
ENSG00000109670,FBXW7,30,15.5,14.5,0.923,-0.1,7.2e-01,1.0e+00,0.8932,6587,15,18,22,7,15,16,15,12
ENSG00000134470,IL15RA,46.8,22.2,24.5,1.111,0.2,7.2e-01,1.0e+00,0.8932,6588,28,23,18,20,29,23,6,40
ENSG00000187676,B3GLCT,24,12.8,11.2,0.881,-0.2,7.2e-01,1.0e+00,0.8932,6589,4,18,12,17,6,20,6,13
ENSG00000273772,SMN2,18,8,10,1.238,0.3,7.2e-01,1.0e+00,0.8932,6590,0,15,17,0,4,16,12,8
ENSG00000151276,MAGI1,42.5,20,22.5,1.099,0.1,7.2e-01,1.0e+00,0.8932,6591,20,12,27,21,12,20,18,40
ENSG00000132153,DHX30,87,41.8,45.2,1.082,0.1,7.2e-01,1.0e+00,0.8932,6592,46,53,20,48,28,53,41,59
ENSG00000174373,RALGAPA1,54.2,26.5,27.8,1.058,0.1,7.2e-01,1.0e+00,0.8932,6593,34,29,17,26,30,26,25,30
ENSG00000154473,BUB3,124,63.2,60.8,0.965,-0.1,7.2e-01,1.0e+00,0.8932,6594,71,64,53,65,56,68,64,55
ENSG00000262664,OVCA2,30.2,15.8,14.5,0.925,-0.1,7.2e-01,1.0e+00,0.8932,6595,18,15,22,8,16,12,18,12
ENSG00000100938,GMPR2,34.2,18.5,15.8,0.859,-0.2,7.2e-01,1.0e+00,0.8932,6595,25,13,24,12,22,26,15,0
ENSG00000106609,TMEM248,252,123.5,128.5,1.04,0.1,7.2e-01,1.0e+00,0.8932,6596,126,155,114,99,108,134,131,141
ENSG00000108219,TSPAN14,52.8,27.2,25.5,0.937,-0.1,7.2e-01,1.0e+00,0.8932,6597,26,30,28,25,27,34,13,28
ENSG00000237765,FAM200B,27.5,14.5,13,0.931,-0.1,7.2e-01,1.0e+00,0.8932,6598,11,12,19,16,18,13,10,11
ENSG00000047621,FERRY3,25.5,13.2,12.2,0.927,-0.1,7.2e-01,1.0e+00,0.8932,6599,17,11,16,9,14,8,16,11
ENSG00000082781,ITGB5,574.8,291.8,283,0.97,0,7.2e-01,1.0e+00,0.8934,6601,260,313,301,293,244,289,318,281
ENSG00000140988,RPS2,1882.5,963,919.5,0.955,-0.1,7.2e-01,1.0e+00,0.8935,6603,1187,965,887,813,1218,733,922,805
ENSG00000002330,BAD,62.5,32,30.5,0.956,-0.1,7.2e-01,1.0e+00,0.8935,6604,33,29,29,37,37,29,31,25
ENSG00000175931,UBE2O,42.5,20.8,21.8,1.059,0.1,7.2e-01,1.0e+00,0.8935,6605,22,20,24,17,16,22,28,21
ENSG00000015475,BID,26,12.5,13.5,1.098,0.1,7.2e-01,1.0e+00,0.8935,6606,8,15,18,9,15,12,20,7
ENSG00000163512,AZI2,163.5,80,83.5,1.041,0.1,7.2e-01,1.0e+00,0.8935,6607,73,74,97,76,68,79,85,102
ENSG00000143156,NME7,21.5,11.2,10.2,0.91,-0.1,7.2e-01,1.0e+00,0.8935,6608,14,10,15,6,14,10,5,12
ENSG00000159131,GART,89.8,46,43.8,0.951,-0.1,7.2e-01,1.0e+00,0.8935,6608,56,36,46,46,40,35,42,58
ENSG00000101751,POLI,50.5,24.8,25.8,1.054,0.1,7.2e-01,1.0e+00,0.8935,6609,27,21,24,27,18,32,25,28
ENSG00000126432,PRDX5,191.2,94,97.2,1.036,0.1,7.2e-01,1.0e+00,0.8935,6610,85,104,102,85,112,100,97,80
ENSG00000105887,MTPN,380.5,187,193.5,1.035,0.1,7.2e-01,1.0e+00,0.8935,6611,183,209,175,181,174,240,190,170
ENSG00000173726,TOMM20,243.8,124.2,119.5,0.96,-0.1,7.2e-01,1.0e+00,0.8937,6614,126,126,95,150,108,143,104,123
ENSG00000108591,DRG2,47,23,24,1.064,0.1,7.2e-01,1.0e+00,0.894,6616,28,23,14,27,28,27,20,21
ENSG00000163900,TMEM41A,29.5,14.2,15.2,1.072,0.1,7.2e-01,1.0e+00,0.894,6617,9,18,13,17,12,16,17,16
ENSG00000037042,TUBG2,37.2,19.5,17.8,0.927,-0.1,7.2e-01,1.0e+00,0.894,6618,11,20,27,20,18,21,21,11
ENSG00000108599,AKAP10,58.8,30,28.8,0.961,-0.1,7.2e-01,1.0e+00,0.894,6619,32,28,29,31,32,25,27,31
ENSG00000143368,SF3B4,81.5,39.8,41.8,1.053,0.1,7.2e-01,1.0e+00,0.894,6620,51,27,43,38,51,39,38,39
ENSG00000169641,LUZP1,131.2,67.8,63.5,0.944,-0.1,7.2e-01,1.0e+00,0.894,6621,79,71,58,63,69,37,88,60
ENSG00000153246,PLA2R1,109.8,56.5,53.2,0.945,-0.1,7.2e-01,1.0e+00,0.894,6622,47,76,36,67,55,53,44,61
ENSG00000267059,ENSG00000267059,31.5,17.5,14,0.812,-0.3,7.2e-01,1.0e+00,0.894,6623,0,33,16,21,0,17,26,13
ENSG00000040275,SPDL1,19.8,10.5,9.2,0.896,-0.2,7.2e-01,1.0e+00,0.8941,6624,11,14,5,12,18,7,6,6
ENSG00000145354,CISD2,34.2,17.8,16.5,0.949,-0.1,7.2e-01,1.0e+00,0.8941,6626,19,16,17,19,21,14,14,17
ENSG00000063176,SPHK2,28.5,13.5,15,1.094,0.1,7.2e-01,1.0e+00,0.8942,6627,13,15,18,8,17,24,9,10
ENSG00000062725,APPBP2,147.8,75.8,72,0.953,-0.1,7.2e-01,1.0e+00,0.8942,6627,68,67,101,67,60,94,67,67
ENSG00000188243,COMMD6,95.2,46.2,49,1.057,0.1,7.2e-01,1.0e+00,0.8942,6629,46,35,38,66,61,49,40,46
ENSG00000104915,STX10,51.5,25.2,26.2,1.063,0.1,7.2e-01,1.0e+00,0.8942,6630,38,22,18,23,25,28,29,23
ENSG00000163710,PCOLCE2,69.8,37.8,32,0.85,-0.2,7.2e-01,1.0e+00,0.8942,6631,20,61,10,60,15,53,7,53
ENSG00000150477,KIAA1328,30,14.5,15.5,1.07,0.1,7.3e-01,1.0e+00,0.8942,6632,15,18,8,17,16,14,15,17
ENSG00000145022,TCTA,45.8,22.2,23.5,1.064,0.1,7.3e-01,1.0e+00,0.8943,6633,13,24,23,29,24,27,18,25
ENSG00000101191,DIDO1,131,67,64,0.959,-0.1,7.3e-01,1.0e+00,0.8947,6637,84,60,72,52,56,62,66,72
ENSG00000180901,KCTD2,83,42.5,40.5,0.951,-0.1,7.3e-01,1.0e+00,0.8947,6638,45,40,36,49,32,50,31,49
ENSG00000165898,ISCA2,22.8,11,11.8,1.066,0.1,7.3e-01,1.0e+00,0.8947,6638,14,8,11,11,11,11,14,11
ENSG00000137509,PRCP,246.2,119,127.2,1.068,0.1,7.3e-01,1.0e+00,0.8947,6639,95,129,153,99,70,163,164,112
ENSG00000109762,SNX25,38,18.5,19.5,1.059,0.1,7.3e-01,1.0e+00,0.8947,6640,13,22,22,17,18,16,23,21
ENSG00000228253,MT-ATP8,957,489.2,467.8,0.956,-0.1,7.3e-01,1.0e+00,0.8947,6641,361,544,594,458,412,595,436,428
ENSG00000184924,PTRHD1,19.5,10.2,9.2,0.921,-0.1,7.3e-01,1.0e+00,0.8949,6644,7,11,15,8,8,11,11,7
ENSG00000183513,COA5,26.8,14,12.8,0.929,-0.1,7.3e-01,1.0e+00,0.8949,6645,12,9,16,19,15,11,16,9
ENSG00000165280,VCP,485,246.8,238.2,0.966,-0.1,7.3e-01,1.0e+00,0.895,6646,284,256,240,207,247,229,276,201
ENSG00000286070,ENSG00000286070,19.5,11,8.5,0.807,-0.3,7.3e-01,1.0e+00,0.895,6647,12,15,0,17,22,1,10,1
ENSG00000261221,ZNF865,18.8,9,9.8,1.102,0.1,7.3e-01,1.0e+00,0.895,6648,5,11,11,9,10,6,7,16
ENSG00000114999,TTL,120.2,61.5,58.8,0.955,-0.1,7.3e-01,1.0e+00,0.895,6649,80,53,53,60,46,71,56,62
ENSG00000158186,MRAS,99.2,50.5,48.8,0.965,-0.1,7.3e-01,1.0e+00,0.895,6650,50,60,48,44,44,54,50,47
ENSG00000100426,ZBED4,26,12.5,13.5,1.08,0.1,7.3e-01,1.0e+00,0.8959,6657,14,15,9,12,9,10,17,18
ENSG00000164615,CAMLG,99.2,50.5,48.8,0.966,-0.1,7.3e-01,1.0e+00,0.8959,6658,53,42,56,51,52,44,47,52
ENSG00000059145,UNKL,50,24.2,25.8,1.052,0.1,7.3e-01,1.0e+00,0.896,6660,30,18,27,22,28,22,24,29
ENSG00000229353,TNXB,30.8,17.8,13,0.741,-0.4,7.3e-01,1.0e+00,0.896,6661,0,48,0,23,0,13,0,39
ENSG00000125870,SNRPB2,49,25.2,23.8,0.951,-0.1,7.3e-01,1.0e+00,0.8963,6664,23,24,30,24,24,31,21,19
ENSG00000123064,DDX54,70.2,36,34.2,0.95,-0.1,7.3e-01,1.0e+00,0.8964,6666,29,29,46,40,34,33,42,28
ENSG00000126003,PLAGL2,32.2,15.8,16.5,1.068,0.1,7.3e-01,1.0e+00,0.8964,6667,12,13,23,15,16,13,16,21
ENSG00000105520,PLPPR2,77.2,39.5,37.8,0.95,-0.1,7.3e-01,1.0e+00,0.8964,6668,46,37,43,32,38,29,51,33
ENSG00000141367,CLTC,942.5,477.2,465.2,0.975,0,7.3e-01,1.0e+00,0.8968,6671,469,492,495,453,470,486,465,440
ENSG00000127415,IDUA,37.2,19.5,17.8,0.929,-0.1,7.3e-01,1.0e+00,0.8968,6672,26,16,14,22,26,12,20,13
ENSG00000198598,MMP17,22.2,10.5,11.8,1.113,0.2,7.3e-01,1.0e+00,0.8968,6673,17,11,5,9,14,5,10,18
ENSG00000137073,UBAP2,63.8,31.2,32.5,1.045,0.1,7.3e-01,1.0e+00,0.8968,6674,30,34,27,34,24,35,34,37
ENSG00000107290,SETX,269.5,132.5,137,1.035,0.1,7.3e-01,1.0e+00,0.8968,6675,131,121,122,156,157,124,151,116
ENSG00000139998,RAB15,24,11.5,12.5,1.108,0.1,7.3e-01,1.0e+00,0.8968,6676,6,11,19,10,7,11,21,11
ENSG00000204389,HSPA1A,87,36.8,50.2,1.369,0.5,7.3e-01,1.0e+00,0.8968,6677,53,94,0,0,77,124,0,0
ENSG00000146282,RARS2,93.8,45.8,48,1.046,0.1,7.3e-01,1.0e+00,0.8968,6678,50,40,52,41,35,58,53,46
ENSG00000169359,SLC33A1,70.2,34.2,36,1.05,0.1,7.3e-01,1.0e+00,0.8971,6681,43,32,27,35,37,29,44,34
ENSG00000204231,RXRB,15.5,9,6.5,0.759,-0.4,7.3e-01,1.0e+00,0.8973,6683,0,21,15,0,0,0,15,11
ENSG00000167695,TLCD3A,40,20.8,19.2,0.926,-0.1,7.3e-01,1.0e+00,0.8973,6684,22,9,27,25,18,16,26,17
ENSG00000105287,PRKD2,38.8,20,18.8,0.956,-0.1,7.3e-01,1.0e+00,0.8973,6685,20,20,21,19,22,19,16,18
ENSG00000165934,CPSF2,122,60,62,1.039,0.1,7.3e-01,1.0e+00,0.8973,6686,57,70,63,50,70,67,51,60
ENSG00000007520,TSR3,49.5,25.2,24.2,0.96,-0.1,7.3e-01,1.0e+00,0.8973,6687,25,25,27,24,24,22,23,28
ENSG00000105497,ZNF175,22,10.8,11.2,1.067,0.1,7.3e-01,1.0e+00,0.8973,6687,12,11,12,8,12,13,8,12
ENSG00000140598,EFL1,33.5,16.5,17,1.064,0.1,7.3e-01,1.0e+00,0.8973,6688,13,23,14,16,17,13,17,21
ENSG00000161618,ALDH16A1,22,10.8,11.2,1.086,0.1,7.3e-01,1.0e+00,0.8973,6689,10,14,9,10,18,9,7,11
ENSG00000166889,PATL1,82.5,42.2,40.2,0.957,-0.1,7.3e-01,1.0e+00,0.8973,6690,35,41,48,45,52,37,34,38
ENSG00000175395,ZNF25,30.2,15.5,14.8,0.941,-0.1,7.3e-01,1.0e+00,0.8975,6693,15,13,20,14,12,16,12,19
ENSG00000143575,HAX1,69.5,35.5,34,0.962,-0.1,7.3e-01,1.0e+00,0.8975,6694,34,33,39,36,37,29,38,32
ENSG00000114388,NPRL2,21.2,11,10.2,0.928,-0.1,7.3e-01,1.0e+00,0.8975,6695,13,11,11,9,16,7,10,8
ENSG00000149480,MTA2,107.5,52.5,55,1.045,0.1,7.3e-01,1.0e+00,0.8975,6696,71,50,44,45,62,56,53,49
ENSG00000197713,RPE,60.2,31,29.2,0.944,-0.1,7.3e-01,1.0e+00,0.8975,6696,25,34,29,36,31,26,41,19
ENSG00000150760,DOCK1,262,134,128,0.956,-0.1,7.3e-01,1.0e+00,0.8975,6697,163,94,124,155,141,101,144,126
ENSG00000166887,VPS39,244.5,120.5,124,1.028,0,7.3e-01,1.0e+00,0.8975,6698,134,114,108,126,131,117,128,120
ENSG00000141556,TBCD,137.2,67,70.2,1.047,0.1,7.3e-01,1.0e+00,0.8975,6699,63,82,74,49,53,74,76,78
ENSG00000160932,LY6E,183.2,99.5,83.8,0.841,-0.3,7.3e-01,1.0e+00,0.8976,6701,117,101,64,116,51,0,132,152
ENSG00000162441,LZIC,55,28.5,26.5,0.941,-0.1,7.3e-01,1.0e+00,0.8982,6706,28,23,29,34,26,33,32,15
ENSG00000175854,SWI5,27.8,14.8,13,0.913,-0.1,7.3e-01,1.0e+00,0.8982,6707,17,21,10,11,20,7,9,16
ENSG00000134248,LAMTOR5,78,38,40,1.051,0.1,7.3e-01,1.0e+00,0.8982,6708,31,36,52,33,46,32,45,37
ENSG00000186141,POLR3C,61.8,30.2,31.5,1.056,0.1,7.3e-01,1.0e+00,0.8985,6711,35,32,23,31,24,43,32,27
ENSG00000108055,SMC3,120.2,61.5,58.8,0.957,-0.1,7.3e-01,1.0e+00,0.8985,6712,70,40,68,68,61,62,55,57
ENSG00000173950,XXYLT1,35,18.2,16.8,0.938,-0.1,7.3e-01,1.0e+00,0.8988,6715,25,13,15,20,22,13,15,17
ENSG00000110801,PSMD9,57.5,28.2,29.2,1.046,0.1,7.3e-01,1.0e+00,0.8988,6716,28,31,24,30,30,30,22,35
ENSG00000137486,ARRB1,48.2,25.2,23,0.92,-0.1,7.3e-01,1.0e+00,0.8988,6717,35,30,13,23,26,30,11,25
ENSG00000182220,ATP6AP2,377.2,186,191.2,1.03,0,7.3e-01,1.0e+00,0.8988,6718,169,217,164,194,194,194,177,200
ENSG00000134001,EIF2S1,88.8,43,45.8,1.055,0.1,7.3e-01,1.0e+00,0.8991,6721,49,47,32,44,45,55,54,29
ENSG00000162129,CLPB,25.2,13,12.2,0.927,-0.1,7.4e-01,1.0e+00,0.8994,6724,14,11,18,9,11,19,9,10
ENSG00000132849,PATJ,21.2,10.2,11,1.094,0.1,7.4e-01,1.0e+00,0.9002,6731,6,9,8,18,8,14,11,11
ENSG00000117528,ABCD3,88.2,45.8,42.5,0.937,-0.1,7.4e-01,1.0e+00,0.9002,6732,46,26,54,57,59,42,30,39
ENSG00000103042,SLC38A7,58,30,28,0.937,-0.1,7.4e-01,1.0e+00,0.9006,6735,22,24,44,30,21,23,31,37
ENSG00000229833,PET100,21,10,11,1.097,0.1,7.4e-01,1.0e+00,0.9007,6737,16,3,10,11,12,11,11,10
ENSG00000198848,CES1,275.8,144,131.8,0.917,-0.1,7.4e-01,1.0e+00,0.9007,6738,197,175,125,79,216,148,95,68
ENSG00000196911,KPNA5,36.5,19.2,17.2,0.905,-0.1,7.4e-01,1.0e+00,0.9007,6739,23,20,24,10,5,19,24,21
ENSG00000138246,DNAJC13,338,172.2,165.8,0.964,-0.1,7.4e-01,1.0e+00,0.9007,6740,145,180,182,182,134,160,210,159
ENSG00000102908,NFAT5,182,93,89,0.953,-0.1,7.4e-01,1.0e+00,0.9009,6742,75,93,120,84,74,88,122,72
ENSG00000162377,COA7,31.5,16.2,15.2,0.944,-0.1,7.4e-01,1.0e+00,0.9009,6743,17,11,15,22,16,14,17,14
ENSG00000165782,PIP4P1,42.2,22,20.2,0.936,-0.1,7.4e-01,1.0e+00,0.9012,6746,18,24,21,25,26,10,19,26
ENSG00000078140,UBE2K,76.8,37.2,39.5,1.066,0.1,7.4e-01,1.0e+00,0.9012,6747,27,33,55,34,51,44,25,38
ENSG00000197976,AKAP17A,75.2,39,36.2,0.931,-0.1,7.4e-01,1.0e+00,0.9013,6749,37,35,45,39,55,17,42,31
ENSG00000013563,DNASE1L1,44.5,23.2,21.2,0.921,-0.1,7.4e-01,1.0e+00,0.9013,6750,13,29,34,17,17,26,28,14
ENSG00000185085,INTS5,39.5,19.5,20,1.045,0.1,7.4e-01,1.0e+00,0.9013,6751,18,20,18,22,20,19,18,23
ENSG00000147789,ZNF7,24.8,13,11.8,0.909,-0.1,7.4e-01,1.0e+00,0.9013,6752,16,7,16,13,5,9,15,18
ENSG00000135441,BLOC1S1,61.2,30,31.2,1.051,0.1,7.4e-01,1.0e+00,0.9013,6753,34,29,27,30,44,30,25,26
ENSG00000186591,UBE2H,522.8,257.5,265.2,1.03,0,7.4e-01,1.0e+00,0.9013,6753,220,260,269,281,233,298,274,256
ENSG00000154723,ATP5PF,70.5,36,34.5,0.962,-0.1,7.4e-01,1.0e+00,0.9013,6755,34,35,32,43,39,32,36,31
ENSG00000136247,ZDHHC4,61,31.5,29.5,0.955,-0.1,7.4e-01,1.0e+00,0.9014,6756,38,33,24,31,34,31,30,23
ENSG00000111875,ASF1A,22.2,11.5,10.8,0.935,-0.1,7.4e-01,1.0e+00,0.9017,6760,13,13,13,7,10,13,9,11
ENSG00000044459,CNTLN,44,21.2,22.8,1.079,0.1,7.4e-01,1.0e+00,0.9017,6760,15,25,32,13,19,32,24,16
ENSG00000165219,GAPVD1,80.2,41.2,39,0.953,-0.1,7.4e-01,1.0e+00,0.9019,6763,38,39,54,34,38,34,33,51
ENSG00000023516,AKAP11,158.2,80.8,77.5,0.961,-0.1,7.4e-01,1.0e+00,0.9021,6765,88,60,88,87,65,73,94,78
ENSG00000011376,LARS2,38,18.5,19.5,1.062,0.1,7.4e-01,1.0e+00,0.9021,6766,24,14,21,15,24,23,15,16
ENSG00000163785,RYK,19.8,9,10.8,1.19,0.3,7.4e-01,1.0e+00,0.9021,6767,2,0,15,19,10,18,5,10
ENSG00000103145,HCFC1R1,73.8,37.8,36,0.953,-0.1,7.4e-01,1.0e+00,0.9021,6768,39,36,28,48,38,32,29,45
ENSG00000168411,RFWD3,31.5,16.2,15.2,0.929,-0.1,7.4e-01,1.0e+00,0.9023,6770,20,17,10,18,13,20,9,19
ENSG00000116209,TMEM59,371.5,182.5,189,1.036,0.1,7.4e-01,1.0e+00,0.9023,6771,190,209,156,175,172,224,155,205
ENSG00000101745,ANKRD12,124.8,61,63.8,1.049,0.1,7.4e-01,1.0e+00,0.9023,6772,63,48,72,61,68,41,78,68
ENSG00000184557,SOCS3,103.5,53,50.5,0.949,-0.1,7.4e-01,1.0e+00,0.9023,6773,66,65,48,33,48,53,59,42
ENSG00000119042,SATB2,22.2,10.8,11.5,1.067,0.1,7.4e-01,1.0e+00,0.9023,6774,13,8,9,13,11,12,14,9
ENSG00000125846,ZNF133,24.8,12.8,12,0.942,-0.1,7.4e-01,1.0e+00,0.9023,6775,15,14,9,13,11,12,14,11
ENSG00000043093,DCUN1D1,59.2,29,30.2,1.047,0.1,7.4e-01,1.0e+00,0.9024,6776,33,22,33,28,36,31,26,28
ENSG00000197766,CFD,36,16.8,19.2,1.152,0.2,7.4e-01,1.0e+00,0.9029,6781,34,15,3,15,37,17,6,17
ENSG00000141252,VPS53,78.5,38.2,40.2,1.054,0.1,7.4e-01,1.0e+00,0.903,6782,40,37,41,35,39,36,27,59
ENSG00000176148,TCP11L1,44,22.5,21.5,0.934,-0.1,7.4e-01,1.0e+00,0.903,6783,18,18,31,23,12,21,27,26
ENSG00000182952,HMGN4,95.5,46.8,48.8,1.036,0.1,7.4e-01,1.0e+00,0.9032,6786,46,39,43,59,50,48,49,48
ENSG00000131966,ACTR10,103.8,52.8,51,0.964,-0.1,7.4e-01,1.0e+00,0.9032,6786,60,43,54,54,55,58,43,48
ENSG00000081154,PCNP,230.2,117.2,113,0.966,-0.1,7.4e-01,1.0e+00,0.9032,6788,136,101,108,124,120,126,89,117
ENSG00000106823,ECM2,78.2,41.5,36.8,0.887,-0.2,7.4e-01,1.0e+00,0.9032,6789,24,58,30,54,12,65,15,55
ENSG00000175899,A2M,1962,899,1063,1.182,0.2,7.4e-01,1.0e+00,0.9032,6789,848,1159,72,1517,736,1680,329,1507
ENSG00000167395,ZNF646,52,25.5,26.5,1.05,0.1,7.4e-01,1.0e+00,0.9032,6790,29,26,27,20,30,26,19,31
ENSG00000107404,DVL1,94.2,46,48.2,1.051,0.1,7.4e-01,1.0e+00,0.9032,6791,46,35,47,56,62,33,46,52
ENSG00000124588,NQO2,21.8,11.2,10.5,0.933,-0.1,7.4e-01,1.0e+00,0.9032,6792,14,7,9,15,12,10,11,9
ENSG00000106692,FKTN,96.2,49,47.2,0.962,-0.1,7.4e-01,1.0e+00,0.9032,6793,40,52,50,54,43,40,59,47
ENSG00000102763,VWA8,48.5,25,23.5,0.958,-0.1,7.4e-01,1.0e+00,0.9032,6794,23,27,27,23,25,28,22,19
ENSG00000177096,PHETA2,39.5,20.5,19,0.943,-0.1,7.4e-01,1.0e+00,0.9032,6795,23,23,17,19,28,17,17,14
ENSG00000285048,IRF9,65.5,33.5,32,0.957,-0.1,7.4e-01,1.0e+00,0.9032,6796,30,42,35,27,37,31,27,33
ENSG00000118096,IFT46,27,13,14,1.077,0.1,7.4e-01,1.0e+00,0.9032,6797,13,15,10,14,13,13,8,22
ENSG00000110881,ASIC1,19.5,9.5,10,1.073,0.1,7.4e-01,1.0e+00,0.9032,6798,11,11,8,8,11,12,6,11
ENSG00000181929,PRKAG1,116.8,59.5,57.2,0.965,-0.1,7.4e-01,1.0e+00,0.9034,6800,60,68,61,49,50,52,60,67
ENSG00000112855,HARS2,50.5,26,24.5,0.944,-0.1,7.4e-01,1.0e+00,0.9034,6801,29,20,31,24,27,22,16,33
ENSG00000009954,BAZ1B,247,125,122,0.974,0,7.4e-01,1.0e+00,0.9034,6802,134,121,135,110,127,124,123,114
ENSG00000122729,ACO1,260.5,133.2,127.2,0.954,-0.1,7.4e-01,1.0e+00,0.9034,6803,117,131,174,111,119,132,167,91
ENSG00000198113,TOR4A,61.2,31.5,29.8,0.938,-0.1,7.4e-01,1.0e+00,0.9035,6805,38,18,29,41,20,39,30,30
ENSG00000186567,CEACAM19,27.5,13.2,14.2,1.078,0.1,7.4e-01,1.0e+00,0.9035,6805,13,6,20,14,13,11,17,16
ENSG00000143751,SDE2,21.2,11.2,10,0.906,-0.1,7.4e-01,1.0e+00,0.9035,6806,8,7,12,18,13,4,15,8
ENSG00000171016,PYGO1,38,18.5,19.5,1.06,0.1,7.4e-01,1.0e+00,0.9035,6807,13,17,17,27,18,25,17,18
ENSG00000138231,DBR1,22.2,10.5,11.8,1.115,0.2,7.4e-01,1.0e+00,0.9035,6808,13,16,5,8,9,18,16,4
ENSG00000078304,PPP2R5C,185.8,94.2,91.5,0.97,0,7.4e-01,1.0e+00,0.9035,6809,95,103,94,85,81,94,83,108
ENSG00000123607,TTC21B,40,20.8,19.2,0.936,-0.1,7.4e-01,1.0e+00,0.9035,6810,16,15,21,31,17,13,24,23
ENSG00000153187,HNRNPU,584.8,287.8,297,1.032,0,7.4e-01,1.0e+00,0.9035,6811,274,276,337,264,280,257,358,293
ENSG00000144597,EAF1,26,12.5,13.5,1.081,0.1,7.4e-01,1.0e+00,0.9035,6812,9,14,19,8,9,17,12,16
ENSG00000196954,CASP4,72.2,37,35.2,0.953,-0.1,7.4e-01,1.0e+00,0.9036,6813,32,37,31,48,26,42,41,32
ENSG00000264364,DYNLL2,149,76,73,0.96,-0.1,7.5e-01,1.0e+00,0.9037,6815,72,102,56,74,72,68,80,72
ENSG00000172057,ORMDL3,132.2,67.8,64.5,0.951,-0.1,7.5e-01,1.0e+00,0.9038,6816,70,64,45,92,49,68,72,69
ENSG00000266028,SRGAP2,121.8,62.2,59.5,0.954,-0.1,7.5e-01,1.0e+00,0.9038,6817,73,49,55,72,62,77,42,57
ENSG00000105701,FKBP8,455.5,224.8,230.8,1.026,0,7.5e-01,1.0e+00,0.9039,6819,223,242,209,225,220,221,260,222
ENSG00000103415,HMOX2,15.8,8.8,7,0.823,-0.3,7.5e-01,1.0e+00,0.9039,6820,10,0,11,14,2,12,14,0
ENSG00000162889,MAPKAPK2,220,111.2,108.8,0.975,0,7.5e-01,1.0e+00,0.9041,6822,114,110,116,105,107,111,119,98
ENSG00000115694,STK25,127.2,62.8,64.5,1.031,0,7.5e-01,1.0e+00,0.9041,6824,68,61,61,61,73,66,66,53
ENSG00000101190,TCFL5,46.8,22.8,24,1.074,0.1,7.5e-01,1.0e+00,0.9041,6824,19,35,26,11,19,28,27,22
ENSG00000187098,MITF,113.8,55.8,58,1.046,0.1,7.5e-01,1.0e+00,0.9041,6825,62,44,56,61,70,40,53,69
ENSG00000101391,CDK5RAP1,23,12,11,0.935,-0.1,7.5e-01,1.0e+00,0.9041,6826,8,12,12,16,12,14,9,9
ENSG00000160584,SIK3,101,49.2,51.8,1.049,0.1,7.5e-01,1.0e+00,0.9046,6830,46,41,64,46,37,50,67,53
ENSG00000148824,MTG1,22,11.5,10.5,0.934,-0.1,7.5e-01,1.0e+00,0.9046,6831,12,8,17,9,10,13,10,9
ENSG00000204673,AKT1S1,118.8,60.5,58.2,0.968,0,7.5e-01,1.0e+00,0.9046,6832,51,60,63,68,63,63,52,55
ENSG00000185883,ATP6V0C,136.8,67.8,69,1.028,0,7.5e-01,1.0e+00,0.9046,6834,63,66,76,66,63,73,72,68
ENSG00000214193,SH3D21,36.8,17.8,19,1.077,0.1,7.5e-01,1.0e+00,0.9048,6835,20,26,11,14,12,17,24,23
ENSG00000162591,MEGF6,68,36,32,0.891,-0.2,7.5e-01,1.0e+00,0.9048,6836,16,51,19,58,17,30,19,62
ENSG00000117174,ZNHIT6,62.5,32,30.5,0.951,-0.1,7.5e-01,1.0e+00,0.9048,6838,29,29,41,29,23,32,41,26
ENSG00000099624,ATP5F1D,47,22.8,24.2,1.064,0.1,7.5e-01,1.0e+00,0.905,6840,18,29,25,19,17,20,35,25
ENSG00000074964,ARHGEF10L,64.5,31.8,32.8,1.042,0.1,7.5e-01,1.0e+00,0.9051,6842,28,38,26,35,32,30,31,38
ENSG00000005448,WDR54,21,10.2,10.8,1.069,0.1,7.5e-01,1.0e+00,0.9051,6843,11,11,13,6,11,10,13,9
ENSG00000101868,POLA1,20.5,10,10.5,1.072,0.1,7.5e-01,1.0e+00,0.9055,6846,13,10,6,11,8,12,10,12
ENSG00000117133,RPF1,36.2,17.8,18.5,1.049,0.1,7.5e-01,1.0e+00,0.9056,6848,21,15,20,15,18,18,22,16
ENSG00000163945,UVSSA,46.2,24.2,22,0.914,-0.1,7.5e-01,1.0e+00,0.9056,6849,39,21,13,24,39,16,17,16
ENSG00000100591,AHSA1,81.5,41.8,39.8,0.955,-0.1,7.5e-01,1.0e+00,0.9056,6850,28,53,43,43,46,40,35,38
ENSG00000120685,PROSER1,42.5,20.8,21.8,1.057,0.1,7.5e-01,1.0e+00,0.9056,6851,28,15,16,24,26,23,19,19
ENSG00000092203,TOX4,126.5,64.2,62.2,0.972,0,7.5e-01,1.0e+00,0.9056,6852,65,65,58,69,61,56,67,65
ENSG00000159086,PAXBP1,51.8,26.8,25,0.939,-0.1,7.5e-01,1.0e+00,0.9056,6852,27,13,33,34,23,27,30,20
ENSG00000237825,RGL2,59.5,27.5,32,1.158,0.2,7.5e-01,1.0e+00,0.9056,6853,53,26,31,0,43,17,27,41
ENSG00000185420,SMYD3,21.8,10.5,11.2,1.069,0.1,7.5e-01,1.0e+00,0.9056,6854,9,9,13,11,10,17,9,9
ENSG00000213281,NRAS,69.5,33.8,35.8,1.057,0.1,7.5e-01,1.0e+00,0.9056,6855,38,42,23,32,33,49,35,26
ENSG00000278458,KANSL1,61.5,28.8,32.8,1.145,0.2,7.5e-01,1.0e+00,0.9056,6856,38,15,23,39,46,42,1,42
ENSG00000168014,C2CD3,57.5,29.5,28,0.95,-0.1,7.5e-01,1.0e+00,0.9056,6857,23,34,32,29,26,20,38,28
ENSG00000115042,FAHD2A,30.5,15.8,14.8,0.942,-0.1,7.5e-01,1.0e+00,0.9056,6858,14,10,22,17,14,12,16,17
ENSG00000134897,BIVM,79,40.5,38.5,0.947,-0.1,7.5e-01,1.0e+00,0.9056,6859,44,41,53,24,37,49,35,33
ENSG00000112739,PRP4K,142,69.8,72.2,1.036,0.1,7.5e-01,1.0e+00,0.9056,6860,56,66,67,90,75,66,74,74
ENSG00000143669,LYST,84.5,43.2,41.2,0.957,-0.1,7.5e-01,1.0e+00,0.9056,6861,42,36,47,48,46,44,27,48
ENSG00000139684,ESD,158,77.8,80.2,1.027,0,7.5e-01,1.0e+00,0.9056,6862,73,79,80,79,77,87,72,85
ENSG00000148737,TCF7L2,67.5,34.5,33,0.954,-0.1,7.5e-01,1.0e+00,0.9056,6862,39,29,41,29,42,26,29,35
ENSG00000096093,EFHC1,60.8,29.8,31,1.046,0.1,7.5e-01,1.0e+00,0.9056,6863,25,26,41,27,31,33,28,32
ENSG00000033011,ALG1,58.8,28.8,30,1.045,0.1,7.5e-01,1.0e+00,0.9056,6864,30,30,29,26,30,21,32,37
ENSG00000254685,FPGT,28.2,14.5,13.8,0.95,-0.1,7.5e-01,1.0e+00,0.9056,6865,15,15,11,17,15,12,15,13
ENSG00000072849,DERL2,53.8,27.8,26,0.948,-0.1,7.5e-01,1.0e+00,0.9056,6866,32,27,29,23,23,24,38,19
ENSG00000158411,MITD1,25.8,13.2,12.5,0.945,-0.1,7.5e-01,1.0e+00,0.906,6870,13,11,12,17,15,12,9,14
ENSG00000104805,NUCB1,617.5,303,314.5,1.037,0.1,7.5e-01,1.0e+00,0.906,6871,279,279,298,356,234,325,313,386
ENSG00000185565,LSAMP,60.2,29,31.2,1.082,0.1,7.5e-01,1.0e+00,0.906,6872,13,37,27,39,46,19,26,34
ENSG00000205060,SLC35B4,51.2,25.2,26,1.048,0.1,7.5e-01,1.0e+00,0.9062,6874,28,31,22,20,31,25,27,21
ENSG00000138592,USP8,124.2,61.2,63,1.035,0.1,7.5e-01,1.0e+00,0.9063,6876,62,71,65,47,67,67,55,63
ENSG00000006652,IFRD1,87.8,45.2,42.5,0.947,-0.1,7.5e-01,1.0e+00,0.9067,6880,38,35,61,47,46,31,35,58
ENSG00000080603,SRCAP,153.8,78.5,75.2,0.958,-0.1,7.5e-01,1.0e+00,0.9067,6881,77,75,86,76,108,62,71,60
ENSG00000197818,SLC9A8,54.8,28.2,26.5,0.948,-0.1,7.5e-01,1.0e+00,0.907,6884,27,33,27,26,28,35,28,15
ENSG00000231925,TAPBP,65.8,30.2,35.5,1.177,0.2,7.5e-01,1.0e+00,0.9072,6887,29,5,75,12,18,14,82,28
ENSG00000143514,TP53BP2,84.5,41.5,43,1.034,0,7.5e-01,1.0e+00,0.9072,6887,46,40,42,38,38,44,40,50
ENSG00000143190,POU2F1,31.2,16.5,14.8,0.911,-0.1,7.5e-01,1.0e+00,0.9072,6888,10,17,8,31,14,12,12,21
ENSG00000115234,SNX17,170,86.2,83.8,0.968,0,7.5e-01,1.0e+00,0.9072,6889,100,75,81,89,73,99,76,87
ENSG00000168067,MAP4K2,21.5,10.5,11,1.068,0.1,7.5e-01,1.0e+00,0.9077,6894,9,11,10,12,9,8,11,16
ENSG00000150457,LATS2,205,101.2,103.8,1.029,0,7.5e-01,1.0e+00,0.9077,6895,88,97,113,107,103,91,105,116
ENSG00000127418,FGFRL1,53,25.8,27.2,1.055,0.1,7.5e-01,1.0e+00,0.9077,6895,20,33,27,23,35,26,18,30
ENSG00000196453,ZNF777,26.5,13.8,12.8,0.931,-0.1,7.5e-01,1.0e+00,0.9077,6896,13,8,17,17,12,7,16,16
ENSG00000185624,P4HB,1483.8,752.2,731.5,0.973,0,7.5e-01,1.0e+00,0.9077,6897,824,752,738,695,721,666,862,677
ENSG00000125827,TMX4,167.8,86,81.8,0.952,-0.1,7.5e-01,1.0e+00,0.9077,6898,82,94,78,90,59,100,57,111
ENSG00000177000,MTHFR,120.8,61.8,59,0.958,-0.1,7.5e-01,1.0e+00,0.9077,6899,69,68,45,65,64,66,42,64
ENSG00000101199,ARFGAP1,128.8,66,62.8,0.957,-0.1,7.5e-01,1.0e+00,0.9077,6900,77,65,55,67,74,45,80,52
ENSG00000128789,PSMG2,64.2,32.8,31.5,0.961,-0.1,7.5e-01,1.0e+00,0.9079,6902,38,26,30,37,30,36,31,29
ENSG00000173011,TADA2B,37.8,19.8,18,0.94,-0.1,7.5e-01,1.0e+00,0.9079,6903,20,23,14,22,25,11,15,21
ENSG00000138081,FBXO11,120.2,59.2,61,1.03,0,7.5e-01,1.0e+00,0.9079,6904,60,55,67,55,55,60,69,60
ENSG00000106804,C5,21.5,10.2,11.2,1.117,0.2,7.5e-01,1.0e+00,0.9079,6905,10,15,2,14,10,11,6,18
ENSG00000141376,BCAS3,61.8,30,31.8,1.06,0.1,7.6e-01,1.0e+00,0.9079,6906,17,30,32,41,32,35,22,38
ENSG00000163840,DTX3L,98.8,51,47.8,0.938,-0.1,7.6e-01,1.0e+00,0.9079,6908,77,31,41,55,40,67,36,48
ENSG00000176658,MYO1D,778.5,381.2,397.2,1.042,0.1,7.6e-01,1.0e+00,0.9079,6909,402,411,344,368,324,454,291,520
ENSG00000173273,TNKS,150.8,74.2,76.5,1.032,0,7.6e-01,1.0e+00,0.9079,6909,63,83,87,64,74,74,77,81
ENSG00000174165,ZDHHC24,36,18.8,17.2,0.928,-0.1,7.6e-01,1.0e+00,0.9079,6910,13,12,27,23,13,27,15,14
ENSG00000122257,RBBP6,97,49.2,47.8,0.968,0,7.6e-01,1.0e+00,0.908,6911,44,58,45,50,45,53,42,51
ENSG00000137040,RANBP6,38,18.5,19.5,1.06,0.1,7.6e-01,1.0e+00,0.908,6912,18,15,18,23,25,25,15,13
ENSG00000103275,UBE2I,185,91,94,1.029,0,7.6e-01,1.0e+00,0.908,6913,90,92,82,100,108,85,84,99
ENSG00000106853,PTGR1,116.2,60,56.2,0.934,-0.1,7.6e-01,1.0e+00,0.908,6914,51,56,96,37,71,52,68,34
ENSG00000174938,SEZ6L2,53.5,26,27.5,1.06,0.1,7.6e-01,1.0e+00,0.908,6915,17,25,37,25,19,26,32,33
ENSG00000105854,PON2,101.2,49.2,52,1.052,0.1,7.6e-01,1.0e+00,0.908,6916,39,56,64,38,37,60,64,47
ENSG00000285241,PCK2,25.5,13.2,12.2,0.942,-0.1,7.6e-01,1.0e+00,0.908,6917,11,16,12,14,13,8,12,16
ENSG00000101654,RNMT,95.8,48.8,47,0.962,-0.1,7.6e-01,1.0e+00,0.908,6918,45,52,47,51,55,58,38,37
ENSG00000141012,GALNS,55,28.5,26.5,0.939,-0.1,7.6e-01,1.0e+00,0.9083,6921,31,33,29,21,28,14,41,23
ENSG00000134825,TMEM258,65.5,33.5,32,0.959,-0.1,7.6e-01,1.0e+00,0.9083,6922,39,32,26,37,39,31,27,31
ENSG00000110697,PITPNM1,54.2,26.5,27.8,1.049,0.1,7.6e-01,1.0e+00,0.9083,6923,25,25,35,21,29,26,22,34
ENSG00000105583,WDR83OS,92.5,46.8,45.8,0.97,0,7.6e-01,1.0e+00,0.9083,6924,45,52,41,49,48,49,44,42
ENSG00000253159,PCDHGA12,143,76.8,66.2,0.864,-0.2,7.6e-01,1.0e+00,0.9083,6925,104,73,7,123,63,67,15,120
ENSG00000162542,TMCO4,31.8,15.5,16.2,1.051,0.1,7.6e-01,1.0e+00,0.9083,6926,11,17,18,16,15,17,18,15
ENSG00000182899,RPL35A,457.2,224.8,232.5,1.034,0,7.6e-01,1.0e+00,0.9083,6927,259,204,221,215,297,235,203,195
ENSG00000183520,UTP11,39.5,19.2,20.2,1.059,0.1,7.6e-01,1.0e+00,0.9083,6928,25,17,23,12,26,19,18,18
ENSG00000166326,TRIM44,229.5,113,116.5,1.03,0,7.6e-01,1.0e+00,0.9083,6929,116,93,118,125,110,103,136,117
ENSG00000063322,MED29,117,59.8,57.2,0.962,-0.1,7.6e-01,1.0e+00,0.9084,6930,54,79,54,52,59,63,47,60
ENSG00000170160,CCDC144A,40,19.2,20.8,1.075,0.1,7.6e-01,1.0e+00,0.9092,6937,13,17,26,21,10,20,27,26
ENSG00000125630,POLR1B,24,11.8,12.2,1.063,0.1,7.6e-01,1.0e+00,0.9093,6939,12,10,11,14,11,8,13,17
ENSG00000079246,XRCC5,421.2,207.5,213.8,1.03,0,7.6e-01,1.0e+00,0.9093,6940,222,182,240,186,200,221,241,193
ENSG00000182247,UBE2E2,65,33.5,31.5,0.951,-0.1,7.6e-01,1.0e+00,0.9093,6941,27,44,27,36,23,40,33,30
ENSG00000198792,TMEM184B,158.8,78,80.8,1.029,0,7.6e-01,1.0e+00,0.9093,6942,67,79,87,79,80,78,91,74
ENSG00000198759,EGFL6,140.8,76.2,64.5,0.85,-0.2,7.6e-01,1.0e+00,0.9093,6943,82,157,12,54,60,150,9,39
ENSG00000003056,M6PR,144.8,73.5,71.2,0.968,0,7.6e-01,1.0e+00,0.9095,6945,72,66,69,87,57,82,69,77
ENSG00000170276,HSPB2,27.5,14.2,13.2,0.917,-0.1,7.6e-01,1.0e+00,0.9095,6946,15,18,15,9,6,23,15,9
ENSG00000213533,STIMATE,59.2,30.2,29,0.963,-0.1,7.6e-01,1.0e+00,0.9095,6946,31,26,30,34,24,29,29,34
ENSG00000182240,BACE2,77.5,37.5,40,1.062,0.1,7.6e-01,1.0e+00,0.9095,6947,46,22,44,38,41,27,57,35
ENSG00000274336,CDIP1,24.2,10.8,13.5,1.237,0.3,7.6e-01,1.0e+00,0.9095,6948,27,0,16,0,13,26,0,15
ENSG00000132694,ARHGEF11,110.5,56.2,54.2,0.965,-0.1,7.6e-01,1.0e+00,0.9096,6950,56,43,61,65,45,61,53,58
ENSG00000101310,SEC23B,43.8,21.5,22.2,1.053,0.1,7.6e-01,1.0e+00,0.9096,6951,18,25,24,19,26,28,21,14
ENSG00000180543,TSPYL5,37.8,19.5,18.2,0.944,-0.1,7.6e-01,1.0e+00,0.9096,6952,29,14,16,19,22,20,16,15
ENSG00000100612,DHRS7,72.5,37,35.5,0.964,-0.1,7.6e-01,1.0e+00,0.9096,6953,34,46,34,34,34,41,34,33
ENSG00000139631,CSAD,32,16.5,15.5,0.944,-0.1,7.6e-01,1.0e+00,0.9105,6961,18,15,16,17,18,22,12,10
ENSG00000174010,KLHL15,23.5,11.5,12,1.062,0.1,7.6e-01,1.0e+00,0.9105,6962,12,12,9,13,15,8,10,15
ENSG00000198242,RPL23A,558.2,285.5,272.8,0.955,-0.1,7.6e-01,1.0e+00,0.9105,6963,387,247,256,252,372,265,258,196
ENSG00000158987,RAPGEF6,76.8,39.2,37.5,0.947,-0.1,7.6e-01,1.0e+00,0.9105,6963,41,35,37,44,47,21,50,32
ENSG00000159348,CYB5R1,68,35,33,0.951,-0.1,7.6e-01,1.0e+00,0.9105,6964,26,47,27,40,37,32,25,38
ENSG00000213593,TMX2,86.2,42.2,44,1.033,0,7.6e-01,1.0e+00,0.9105,6965,40,41,49,39,39,50,47,40
ENSG00000213523,SRA1,42,20.2,21.8,1.084,0.1,7.6e-01,1.0e+00,0.9106,6967,31,17,25,8,21,19,32,15
ENSG00000069869,NEDD4,117,59.8,57.2,0.964,-0.1,7.6e-01,1.0e+00,0.9109,6970,56,51,71,61,62,44,69,54
ENSG00000052802,MSMO1,28,13.8,14.2,1.071,0.1,7.6e-01,1.0e+00,0.9111,6972,14,22,11,8,18,11,13,15
ENSG00000118600,RXYLT1,23.5,11.5,12,1.064,0.1,7.6e-01,1.0e+00,0.9111,6974,13,6,13,14,15,12,10,11
ENSG00000082701,GSK3B,124.5,63.5,61,0.967,0,7.6e-01,1.0e+00,0.9113,6976,57,76,62,59,57,71,66,50
ENSG00000005483,KMT2E,158,77.5,80.5,1.036,0.1,7.6e-01,1.0e+00,0.9116,6979,72,64,89,85,86,63,77,96
ENSG00000164347,GFM2,33,16,17,1.052,0.1,7.6e-01,1.0e+00,0.9116,6980,13,13,22,16,16,21,14,17
ENSG00000135940,COX5B,81.2,39.8,41.5,1.038,0.1,7.6e-01,1.0e+00,0.9116,6981,38,45,33,43,35,38,53,40
ENSG00000079805,DNM2,200,101.8,98.2,0.966,0,7.6e-01,1.0e+00,0.9116,6982,122,103,100,82,77,103,113,100
ENSG00000167994,RAB3IL1,85.2,41.2,44,1.064,0.1,7.6e-01,1.0e+00,0.9116,6983,63,39,37,26,57,52,30,37
ENSG00000165424,ZCCHC24,518.5,262.8,255.8,0.974,0,7.6e-01,1.0e+00,0.9117,6984,288,270,232,261,265,241,225,292
ENSG00000005175,RPAP3,30.2,15.8,14.5,0.94,-0.1,7.6e-01,1.0e+00,0.9117,6985,13,11,22,17,14,10,20,14
ENSG00000101365,IDH3B,64.2,32.8,31.5,0.964,-0.1,7.6e-01,1.0e+00,0.9118,6987,26,35,36,34,34,29,28,35
ENSG00000049130,KITLG,238.8,122.5,116.2,0.947,-0.1,7.6e-01,1.0e+00,0.9119,6989,108,116,172,94,91,108,176,90
ENSG00000165617,DACT1,45,23.2,21.8,0.943,-0.1,7.6e-01,1.0e+00,0.9119,6989,22,28,18,25,20,21,13,33
ENSG00000170558,CDH2,32.5,17,15.5,0.902,-0.1,7.6e-01,1.0e+00,0.9121,6992,10,17,15,26,8,22,5,27
ENSG00000129562,DAD1,124.2,61,63.2,1.041,0.1,7.6e-01,1.0e+00,0.9121,6993,73,68,45,58,62,71,72,48
ENSG00000162976,SLC66A3,50.2,24.5,25.8,1.062,0.1,7.6e-01,1.0e+00,0.9121,6994,26,23,17,32,26,33,14,30
ENSG00000182218,HHIPL1,23,12.2,10.8,0.892,-0.2,7.6e-01,1.0e+00,0.9121,6995,8,15,9,17,16,3,4,20
ENSG00000065457,ADAT1,31.2,16,15.2,0.943,-0.1,7.6e-01,1.0e+00,0.9121,6996,17,11,22,14,17,20,13,11
ENSG00000104205,SGK3,18,8.5,9.5,1.137,0.2,7.7e-01,1.0e+00,0.9123,6998,0,10,11,13,7,14,6,11
ENSG00000124784,RIOK1,28,13.8,14.2,1.055,0.1,7.7e-01,1.0e+00,0.9123,6999,11,17,14,13,13,11,15,18
ENSG00000166881,NEMP1,49,25.5,23.5,0.941,-0.1,7.7e-01,1.0e+00,0.9124,7001,30,23,24,25,29,32,11,22
ENSG00000180902,D2HGDH,31.5,15.2,16.2,1.054,0.1,7.7e-01,1.0e+00,0.9124,7002,18,11,14,18,16,17,20,12
ENSG00000142733,MAP3K6,68.2,33.5,34.8,1.048,0.1,7.7e-01,1.0e+00,0.9124,7003,37,39,24,34,41,26,30,42
ENSG00000107960,STN1,32.8,17,15.8,0.931,-0.1,7.7e-01,1.0e+00,0.9124,7004,15,20,9,24,9,17,19,18
ENSG00000137033,IL33,82,39.8,42.2,1.062,0.1,7.7e-01,1.0e+00,0.9128,7007,38,45,30,46,48,36,22,63
ENSG00000072422,RHOBTB1,61.2,31.2,30,0.964,-0.1,7.7e-01,1.0e+00,0.9128,7008,30,27,30,38,31,28,26,35
ENSG00000172059,KLF11,34,16.2,17.8,1.07,0.1,7.7e-01,1.0e+00,0.9129,7010,17,10,20,18,13,20,11,27
ENSG00000108239,TBC1D12,59,30.5,28.5,0.944,-0.1,7.7e-01,1.0e+00,0.9131,7013,33,34,22,33,35,37,15,27
ENSG00000164587,RPS14,782,398.2,383.8,0.964,-0.1,7.7e-01,1.0e+00,0.9131,7014,486,386,391,330,506,332,364,333
ENSG00000121892,PDS5A,211.8,104.5,107.2,1.026,0,7.7e-01,1.0e+00,0.9132,7015,109,105,106,98,101,114,92,122
ENSG00000224320,HLA-A,53.2,29,24.2,0.839,-0.3,7.7e-01,1.0e+00,0.9133,7017,45,0,24,47,44,0,26,27
ENSG00000128581,IFT22,39.2,19.2,20,1.046,0.1,7.7e-01,1.0e+00,0.9133,7018,17,21,15,24,18,19,21,22
ENSG00000165246,NLGN4Y,39.2,21.5,17.8,0.845,-0.2,7.7e-01,1.0e+00,0.9133,7018,37,22,27,0,24,28,19,0
ENSG00000063978,RNF4,93.2,47.2,46,0.971,0,7.7e-01,1.0e+00,0.9134,7021,41,53,50,45,44,42,51,47
ENSG00000123136,DDX39A,33.5,16.2,17.2,1.053,0.1,7.7e-01,1.0e+00,0.9134,7021,21,12,16,16,14,20,21,14
ENSG00000110871,COQ5,34.2,16.8,17.5,1.05,0.1,7.7e-01,1.0e+00,0.9134,7022,13,14,23,17,18,20,14,18
ENSG00000148843,PDCD11,75.5,39.2,36.2,0.935,-0.1,7.7e-01,1.0e+00,0.9134,7023,50,28,46,33,60,26,38,21
ENSG00000108528,SLC25A11,47.5,23.5,24,1.042,0.1,7.7e-01,1.0e+00,0.9134,7024,26,21,21,26,25,28,25,18
ENSG00000123684,LPGAT1,93.8,46,47.8,1.034,0,7.7e-01,1.0e+00,0.9134,7025,48,37,51,48,42,54,43,52
ENSG00000196628,TCF4,151,74.5,76.5,1.027,0,7.7e-01,1.0e+00,0.9134,7026,86,75,63,74,77,72,77,80
ENSG00000182541,LIMK2,46.2,22.5,23.8,1.054,0.1,7.7e-01,1.0e+00,0.9137,7029,21,26,19,24,16,20,25,34
ENSG00000143222,UFC1,76.2,38.8,37.5,0.967,0,7.7e-01,1.0e+00,0.9137,7030,33,37,42,43,36,32,43,39
ENSG00000146072,TNFRSF21,160,81.2,78.8,0.968,0,7.7e-01,1.0e+00,0.9137,7031,79,67,84,95,82,69,69,95
ENSG00000181817,LSM10,27.5,14.2,13.2,0.931,-0.1,7.7e-01,1.0e+00,0.9137,7032,15,14,16,12,17,5,12,19
ENSG00000087263,OGFOD1,56.8,28,28.8,1.039,0.1,7.7e-01,1.0e+00,0.9137,7033,27,27,30,28,27,37,28,23
ENSG00000112378,PERP,555.8,282.5,273.2,0.967,0,7.7e-01,1.0e+00,0.9137,7034,253,290,318,269,201,336,281,275
ENSG00000105397,TYK2,92.2,45.2,47,1.038,0.1,7.7e-01,1.0e+00,0.9137,7035,48,44,54,35,41,42,58,47
ENSG00000293516,ZNF271P,56,28.8,27.2,0.945,-0.1,7.7e-01,1.0e+00,0.9137,7036,38,21,38,18,25,25,32,27
ENSG00000107951,MTPAP,27.2,13.2,14,1.057,0.1,7.7e-01,1.0e+00,0.9137,7036,18,14,9,12,17,13,12,14
ENSG00000103227,LMF1,20.8,11,9.8,0.903,-0.1,7.7e-01,1.0e+00,0.9137,7037,4,10,20,10,12,8,15,4
ENSG00000105677,TMEM147,72,35.2,36.8,1.036,0.1,7.7e-01,1.0e+00,0.9148,7046,38,36,34,33,27,39,43,38
ENSG00000157106,SMG1,262.8,129.5,133.2,1.028,0,7.7e-01,1.0e+00,0.915,7049,142,118,116,142,132,111,141,149
ENSG00000110514,MADD,62.8,31,31.8,1.036,0.1,7.7e-01,1.0e+00,0.9152,7052,36,30,26,32,35,30,27,35
ENSG00000189060,H1-0,182.2,93.2,89,0.953,-0.1,7.7e-01,1.0e+00,0.9152,7052,75,133,78,87,98,115,63,80
ENSG00000162600,OMA1,23.5,11.5,12,1.063,0.1,7.7e-01,1.0e+00,0.9152,7053,11,12,16,7,12,9,12,15
ENSG00000143418,CERS2,292.8,144.5,148.2,1.025,0,7.7e-01,1.0e+00,0.9152,7054,148,145,136,149,155,156,122,160
ENSG00000107771,CCSER2,104.8,51.2,53.5,1.04,0.1,7.7e-01,1.0e+00,0.9156,7058,43,44,48,70,52,65,52,45
ENSG00000231500,RPS18,1761.2,901.5,859.8,0.954,-0.1,7.7e-01,1.0e+00,0.9156,7059,1191,897,716,802,1267,809,664,699
ENSG00000102901,CENPT,58.8,30,28.8,0.958,-0.1,7.7e-01,1.0e+00,0.9156,7060,29,33,31,27,40,27,22,26
ENSG00000106682,EIF4H,515.2,261.2,254,0.972,0,7.7e-01,1.0e+00,0.9156,7061,315,214,248,268,277,239,255,245
ENSG00000187555,USP7,145.2,71.5,73.8,1.031,0,7.7e-01,1.0e+00,0.9156,7062,61,76,75,74,86,68,60,81
ENSG00000007933,FMO3,70,32.2,37.8,1.182,0.2,7.7e-01,1.0e+00,0.9156,7063,33,76,8,12,39,95,10,7
ENSG00000138382,METTL5,33,16,17,1.051,0.1,7.7e-01,1.0e+00,0.9157,7064,13,13,24,14,18,18,17,15
ENSG00000050327,ARHGEF5,20.2,9.2,11,1.182,0.2,7.7e-01,1.0e+00,0.9157,7065,0,13,5,19,6,20,1,17
ENSG00000157240,FZD1,175,85.8,89.2,1.044,0.1,7.7e-01,1.0e+00,0.9157,7066,88,68,75,112,96,70,74,117
ENSG00000123728,RAP2C,58,28.5,29.5,1.049,0.1,7.7e-01,1.0e+00,0.9157,7067,33,22,26,33,25,24,27,42
ENSG00000044574,HSPA5,1282.8,620.5,662.2,1.068,0.1,7.7e-01,1.0e+00,0.9157,7068,690,704,617,471,615,499,1181,354
ENSG00000145555,MYO10,672.8,326.5,346.2,1.06,0.1,7.7e-01,1.0e+00,0.9157,7069,265,268,412,361,203,283,562,337
ENSG00000108389,MTMR4,78.2,39.8,38.5,0.97,0,7.7e-01,1.0e+00,0.9158,7071,44,41,39,35,35,39,37,43
ENSG00000165861,ZFYVE1,85.8,43.8,42,0.962,-0.1,7.7e-01,1.0e+00,0.9158,7072,53,42,31,49,48,44,35,41
ENSG00000064726,BTBD1,174.5,85.8,88.8,1.031,0,7.7e-01,1.0e+00,0.9158,7073,68,94,100,81,80,96,97,82
ENSG00000178952,TUFM,151.5,74.2,77.2,1.039,0.1,7.7e-01,1.0e+00,0.9158,7074,79,80,87,51,85,60,80,84
ENSG00000105640,RPL18A,1054.5,539.2,515.2,0.956,-0.1,7.7e-01,1.0e+00,0.9158,7074,687,486,479,505,760,391,430,480
ENSG00000109452,INPP4B,22.8,11,11.8,1.087,0.1,7.7e-01,1.0e+00,0.9161,7078,4,7,15,18,13,9,13,12
ENSG00000082805,ERC1,179.5,91.2,88.2,0.967,0,7.7e-01,1.0e+00,0.9161,7079,101,81,96,87,109,73,71,100
ENSG00000284369,COG5,27.5,12.5,15,1.209,0.3,7.7e-01,1.0e+00,0.9161,7080,5,15,30,0,31,3,25,1
ENSG00000145912,NHP2,47.8,23.5,24.2,1.052,0.1,7.7e-01,1.0e+00,0.9162,7081,31,20,25,18,30,20,29,18
ENSG00000116641,DOCK7,233,118,115,0.972,0,7.7e-01,1.0e+00,0.9162,7082,119,118,135,100,107,115,138,100
ENSG00000165650,PDZD8,89.2,43.5,45.8,1.047,0.1,7.7e-01,1.0e+00,0.9162,7083,26,48,58,42,44,51,49,39
ENSG00000107651,SEC23IP,101.5,51.8,49.8,0.96,-0.1,7.7e-01,1.0e+00,0.9162,7084,52,45,61,49,32,51,60,56
ENSG00000139697,SBNO1,111.5,56.8,54.8,0.964,-0.1,7.7e-01,1.0e+00,0.9162,7085,49,50,57,71,42,54,56,67
ENSG00000132388,UBE2G1,79.8,39,40.8,1.038,0.1,7.7e-01,1.0e+00,0.9162,7086,32,42,44,38,42,47,44,30
ENSG00000161800,RACGAP1,35,17,18,1.064,0.1,7.8e-01,1.0e+00,0.9166,7090,18,20,20,10,19,18,10,25
ENSG00000113360,DROSHA,101.2,51.5,49.8,0.966,-0.1,7.8e-01,1.0e+00,0.9166,7091,48,58,49,51,49,65,40,45
ENSG00000169446,MMGT1,65,32,33,1.037,0.1,7.8e-01,1.0e+00,0.9167,7092,33,33,29,33,29,36,26,41
ENSG00000142197,DOP1B,28,13.5,14.5,1.06,0.1,7.8e-01,1.0e+00,0.9167,7094,14,10,18,12,10,20,16,12
ENSG00000063245,EPN1,201.8,99.2,102.5,1.031,0,7.8e-01,1.0e+00,0.917,7096,127,91,91,88,116,92,97,105
ENSG00000105270,CLIP3,245.5,124.5,121,0.969,0,7.8e-01,1.0e+00,0.917,7097,100,131,157,110,107,122,125,130
ENSG00000103811,CTSH,92.2,44.2,48,1.086,0.1,7.8e-01,1.0e+00,0.917,7098,48,52,26,51,37,83,16,56
ENSG00000109929,SC5D,54.5,26.5,28,1.059,0.1,7.8e-01,1.0e+00,0.917,7099,17,28,35,26,23,39,18,32
ENSG00000117408,IPO13,66,34,32,0.948,-0.1,7.8e-01,1.0e+00,0.9171,7101,43,34,24,35,27,38,20,43
ENSG00000085274,MYNN,30,15.5,14.5,0.94,-0.1,7.8e-01,1.0e+00,0.9171,7102,12,13,22,15,9,16,13,20
ENSG00000128829,EIF2AK4,208.2,101.8,106.5,1.043,0.1,7.8e-01,1.0e+00,0.9171,7103,71,95,141,100,90,102,133,101
ENSG00000176155,CCDC57,35.2,17.2,18,1.064,0.1,7.8e-01,1.0e+00,0.9172,7105,28,14,14,13,23,14,21,14
ENSG00000197971,MBP,52,27.2,24.8,0.908,-0.1,7.8e-01,1.0e+00,0.9173,7106,13,31,18,47,9,21,25,44
ENSG00000151366,NDUFC2,122.5,62.2,60.2,0.973,0,7.8e-01,1.0e+00,0.9175,7109,51,73,62,63,62,59,63,57
ENSG00000184445,KNTC1,21.2,11,10.2,0.93,-0.1,7.8e-01,1.0e+00,0.9175,7110,15,11,7,11,13,9,5,14
ENSG00000105829,BET1,33.2,17.2,16,0.933,-0.1,7.8e-01,1.0e+00,0.9175,7111,16,13,20,20,14,10,29,11
ENSG00000026103,FAS,116,57.2,58.8,1.029,0,7.8e-01,1.0e+00,0.9175,7112,49,54,68,58,56,57,66,56
ENSG00000139218,SCAF11,187.2,94.8,92.5,0.973,0,7.8e-01,1.0e+00,0.9175,7113,97,89,100,93,87,80,115,88
ENSG00000212866,HSPA1B,67.8,36.8,31,0.838,-0.3,7.8e-01,1.0e+00,0.9178,7116,23,28,48,48,0,0,52,72
ENSG00000150712,MTMR12,55,27,28,1.048,0.1,7.8e-01,1.0e+00,0.9178,7117,28,31,19,30,26,33,19,34
ENSG00000156500,PABIR3,19,10,9,0.917,-0.1,7.8e-01,1.0e+00,0.9178,7118,6,6,14,14,13,4,12,7
ENSG00000106244,PDAP1,156.5,79,77.5,0.974,0,7.8e-01,1.0e+00,0.9178,7118,65,93,81,77,75,82,75,78
ENSG00000175414,ARL10,54.2,28,26.2,0.942,-0.1,7.8e-01,1.0e+00,0.9178,7119,38,17,27,30,23,24,41,17
ENSG00000135245,HILPDA,20,9.8,10.2,1.07,0.1,7.8e-01,1.0e+00,0.918,7122,12,8,6,13,14,10,11,6
ENSG00000142039,CCDC97,52.5,25.8,26.8,1.047,0.1,7.8e-01,1.0e+00,0.9184,7126,29,35,18,21,30,25,25,27
ENSG00000111145,ELK3,148.8,73.5,75.2,1.029,0,7.8e-01,1.0e+00,0.9186,7128,84,74,74,62,86,66,82,67
ENSG00000165655,ZNF503,97.5,50,47.5,0.958,-0.1,7.8e-01,1.0e+00,0.9187,7130,55,39,46,60,67,40,36,47
ENSG00000100603,SNW1,107.5,54.5,53,0.97,0,7.8e-01,1.0e+00,0.9187,7131,53,52,56,57,44,49,67,52
ENSG00000174749,FAM241A,47.5,23.2,24.2,1.051,0.1,7.8e-01,1.0e+00,0.9187,7132,13,24,27,29,24,26,22,25
ENSG00000131127,ZNF141,24.2,12.8,11.5,0.923,-0.1,7.8e-01,1.0e+00,0.9189,7134,13,11,15,12,4,11,21,10
ENSG00000130312,MRPL34,31.8,16.5,15.2,0.941,-0.1,7.8e-01,1.0e+00,0.9189,7135,15,24,19,8,18,12,16,15
ENSG00000127837,AAMP,119.5,61,58.5,0.963,-0.1,7.8e-01,1.0e+00,0.9191,7138,63,64,49,68,78,44,50,62
ENSG00000140264,SERF2,548.8,277.5,271.2,0.977,0,7.8e-01,1.0e+00,0.9191,7139,305,282,244,279,303,250,259,273
ENSG00000153561,RMND5A,47.8,24.5,23.2,0.948,-0.1,7.8e-01,1.0e+00,0.9191,7140,26,14,26,32,28,16,24,25
ENSG00000116213,WRAP73,25.2,13,12.2,0.945,-0.1,7.8e-01,1.0e+00,0.9191,7140,16,14,14,8,9,12,14,14
ENSG00000148335,NTMT1,23.8,11.5,12.2,1.084,0.1,7.8e-01,1.0e+00,0.9191,7141,10,8,8,20,16,5,14,14
ENSG00000163516,ANKZF1,48.8,24,24.8,1.04,0.1,7.8e-01,1.0e+00,0.9192,7143,26,22,24,24,31,20,21,27
ENSG00000148384,INPP5E,30,15.5,14.5,0.956,-0.1,7.8e-01,1.0e+00,0.9192,7144,19,13,16,14,18,14,12,14
ENSG00000100342,APOL1,87,45,42,0.94,-0.1,7.8e-01,1.0e+00,0.9192,7145,34,61,29,56,35,62,24,47
ENSG00000149948,HMGA2,50.5,26,24.5,0.947,-0.1,7.8e-01,1.0e+00,0.9199,7151,29,14,33,28,19,22,34,23
ENSG00000143545,RAB13,384.8,190,194.8,1.024,0,7.8e-01,1.0e+00,0.9199,7152,192,159,204,205,195,217,184,183
ENSG00000148985,PGAP2,24.2,12.5,11.8,0.941,-0.1,7.8e-01,1.0e+00,0.9199,7153,18,12,8,12,12,8,15,12
ENSG00000119927,GPAM,34.2,17.8,16.5,0.95,-0.1,7.8e-01,1.0e+00,0.9199,7154,22,12,16,21,20,11,17,18
ENSG00000100578,KIAA0586,30,15.2,14.8,0.956,-0.1,7.8e-01,1.0e+00,0.9201,7157,18,14,14,15,12,19,14,14
ENSG00000101193,GID8,68.2,34.8,33.5,0.963,-0.1,7.8e-01,1.0e+00,0.9201,7158,37,34,33,35,27,35,45,27
ENSG00000228299,HLA-C,121.2,67,54.2,0.812,-0.3,7.8e-01,1.0e+00,0.9201,7159,179,0,47,42,156,0,32,29
ENSG00000143924,EML4,77.2,39.5,37.8,0.953,-0.1,7.8e-01,1.0e+00,0.9202,7160,29,41,38,50,37,29,55,30
ENSG00000115904,SOS1,282,139.2,142.8,1.027,0,7.8e-01,1.0e+00,0.9202,7161,132,139,163,123,133,166,126,146
ENSG00000103356,EARS2,28.2,14.8,13.5,0.948,-0.1,7.8e-01,1.0e+00,0.9202,7162,10,20,13,16,14,14,16,10
ENSG00000141456,PELP1,70,35.8,34.2,0.961,-0.1,7.8e-01,1.0e+00,0.9202,7163,25,44,31,43,32,38,33,34
ENSG00000121068,TBX2,265.5,130.5,135,1.033,0,7.8e-01,1.0e+00,0.9202,7163,164,104,116,138,144,109,137,150
ENSG00000168765,GSTM4,33,16,17,1.066,0.1,7.8e-01,1.0e+00,0.9211,7172,19,10,20,15,24,19,17,8
ENSG00000174903,RAB1B,227.8,115.5,112.2,0.974,0,7.8e-01,1.0e+00,0.9211,7172,116,112,123,111,136,102,116,95
ENSG00000164896,FASTK,97.8,48,49.8,1.033,0,7.8e-01,1.0e+00,0.9211,7173,50,56,41,45,55,41,59,44
ENSG00000274636,GLIS2,80,39,41,1.055,0.1,7.8e-01,1.0e+00,0.9214,7177,28,61,30,37,40,55,28,41
ENSG00000046651,OFD1,58,29.8,28.2,0.938,-0.1,7.8e-01,1.0e+00,0.9214,7178,20,23,38,38,15,26,44,28
ENSG00000167595,PROSER3,20,10.5,9.5,0.924,-0.1,7.8e-01,1.0e+00,0.9214,7179,12,5,10,15,11,4,9,14
ENSG00000107262,BAG1,46.5,23,23.5,1.041,0.1,7.8e-01,1.0e+00,0.9214,7180,26,21,26,19,30,20,21,23
ENSG00000131469,RPL27,651.5,331.5,320,0.965,-0.1,7.9e-01,1.0e+00,0.9216,7182,390,341,329,266,441,270,289,280
ENSG00000237724,HSPA1A,76,42.5,33.5,0.783,-0.4,7.9e-01,1.0e+00,0.9216,7183,0,0,79,91,0,0,41,93
ENSG00000167671,UBXN6,230,116.2,113.8,0.978,0,7.9e-01,1.0e+00,0.9216,7184,117,113,126,109,127,117,107,104
ENSG00000196705,ZNF431,24.5,12.8,11.8,0.938,-0.1,7.9e-01,1.0e+00,0.9216,7185,13,18,8,12,14,11,7,15
ENSG00000186187,ZNRF1,60.2,29.2,31,1.061,0.1,7.9e-01,1.0e+00,0.9218,7187,29,44,31,13,29,32,25,38
ENSG00000244687,UBE2V1,209.5,106.8,102.8,0.964,-0.1,7.9e-01,1.0e+00,0.9218,7188,76,99,133,119,86,119,116,90
ENSG00000119013,NDUFB3,33.5,16.2,17.2,1.065,0.1,7.9e-01,1.0e+00,0.9218,7189,18,17,23,7,22,17,17,13
ENSG00000134086,VHL,68.5,33.8,34.8,1.036,0.1,7.9e-01,1.0e+00,0.9224,7194,28,33,33,41,27,39,38,35
ENSG00000101343,CRNKL1,63.8,31.5,32.2,1.035,0,7.9e-01,1.0e+00,0.9224,7195,29,33,26,38,32,29,30,38
ENSG00000125459,MSTO1,29.5,14.5,15,1.051,0.1,7.9e-01,1.0e+00,0.9224,7196,14,16,14,14,20,10,18,12
ENSG00000149932,TMEM219,89.8,44.2,45.5,1.033,0,7.9e-01,1.0e+00,0.9225,7198,53,44,42,38,43,45,38,56
ENSG00000142599,RERE,249,122.8,126.2,1.03,0,7.9e-01,1.0e+00,0.9225,7199,108,157,104,122,122,125,115,143
ENSG00000117139,KDM5B,177.5,89.8,87.8,0.976,0,7.9e-01,1.0e+00,0.9225,7200,83,85,91,100,78,89,101,83
ENSG00000081177,EXD2,39.2,19,20.2,1.06,0.1,7.9e-01,1.0e+00,0.9225,7201,16,23,14,23,18,23,11,29
ENSG00000138785,INTS12,23.2,12,11.2,0.934,-0.1,7.9e-01,1.0e+00,0.923,7206,8,15,14,11,12,18,9,6
ENSG00000107341,UBE2R2,143.2,72.8,70.5,0.969,0,7.9e-01,1.0e+00,0.9233,7209,61,73,74,83,78,61,58,85
ENSG00000023572,GLRX2,18.2,9.5,8.8,0.94,-0.1,7.9e-01,1.0e+00,0.9233,7210,11,9,10,8,10,4,11,10
ENSG00000125652,ALKBH7,24.8,12,12.8,1.077,0.1,7.9e-01,1.0e+00,0.9233,7211,14,13,8,13,21,5,15,10
ENSG00000143947,RPS27A,631.2,321.8,309.5,0.963,-0.1,7.9e-01,1.0e+00,0.9233,7212,405,306,286,290,436,286,258,258
ENSG00000106153,CHCHD2,168,83,85,1.026,0,7.9e-01,1.0e+00,0.9233,7213,83,92,78,79,95,69,93,83
ENSG00000253485,PCDHGA5,18.5,9.8,8.8,0.914,-0.1,7.9e-01,1.0e+00,0.9233,7214,6,12,9,12,11,5,3,16
ENSG00000197622,CDC42SE1,89.5,45.5,44,0.966,0,7.9e-01,1.0e+00,0.9233,7215,46,31,52,53,45,42,47,42
ENSG00000177311,ZBTB38,306.2,155.5,150.8,0.97,0,7.9e-01,1.0e+00,0.9233,7216,168,140,177,137,192,122,156,133
ENSG00000163257,DCAF16,47.8,24.5,23.2,0.959,-0.1,7.9e-01,1.0e+00,0.9233,7216,21,21,33,23,23,28,19,23
ENSG00000144649,GASK1A,136.5,69.8,66.8,0.959,-0.1,7.9e-01,1.0e+00,0.9233,7217,59,99,58,63,82,54,54,77
ENSG00000196656,ENSG00000196656,158,82.5,75.5,0.916,-0.1,7.9e-01,1.0e+00,0.9233,7218,121,119,44,46,131,92,41,38
ENSG00000146701,MDH2,154.2,76,78.2,1.029,0,7.9e-01,1.0e+00,0.9233,7219,89,72,78,65,91,63,80,79
ENSG00000139350,NEDD1,36,18.5,17.5,0.964,-0.1,7.9e-01,1.0e+00,0.9233,7220,17,22,18,17,18,18,15,19
ENSG00000163933,RFT1,23.5,11.5,12,1.063,0.1,7.9e-01,1.0e+00,0.9233,7221,11,13,7,15,10,8,15,15
ENSG00000007202,BLTP2,388,189.8,198.2,1.045,0.1,7.9e-01,1.0e+00,0.9233,7222,203,227,140,189,232,131,160,270
ENSG00000059588,TARBP1,32.5,16.8,15.8,0.947,-0.1,7.9e-01,1.0e+00,0.9233,7223,27,15,12,13,17,13,17,16
ENSG00000120709,FAM53C,119.8,60.8,59,0.977,0,7.9e-01,1.0e+00,0.9233,7224,61,65,57,60,64,60,53,59
ENSG00000149474,KAT14,37.8,18.5,19.2,1.062,0.1,7.9e-01,1.0e+00,0.924,7230,22,23,13,16,18,29,10,20
ENSG00000129103,SUMF2,240,118,122,1.031,0,7.9e-01,1.0e+00,0.9244,7234,139,123,121,89,130,140,120,98
ENSG00000136279,DBNL,172.2,87,85.2,0.975,0,7.9e-01,1.0e+00,0.9244,7235,100,79,88,81,85,77,100,79
ENSG00000129824,RPS4Y1,275.5,150.8,124.8,0.829,-0.3,7.9e-01,1.0e+00,0.9244,7236,213,178,212,0,191,148,160,0
ENSG00000115392,FANCL,38,19.5,18.5,0.967,0,7.9e-01,1.0e+00,0.9252,7243,18,22,20,18,20,18,19,17
ENSG00000132718,SYT11,185.2,94,91.2,0.97,0,7.9e-01,1.0e+00,0.9252,7244,79,94,91,112,69,96,96,104
ENSG00000263160,TMEM50B,23.5,11.2,12.2,1.132,0.2,7.9e-01,1.0e+00,0.9253,7246,11,27,4,3,4,11,23,11
ENSG00000130669,PAK4,33.8,17.2,16.5,0.962,-0.1,7.9e-01,1.0e+00,0.9253,7247,17,14,19,19,17,13,19,17
ENSG00000130821,SLC6A8,80.5,40.8,39.8,0.971,0,7.9e-01,1.0e+00,0.9253,7248,40,38,41,44,39,36,50,34
ENSG00000188636,RTL6,83,42,41,0.973,0,7.9e-01,1.0e+00,0.9253,7249,49,38,39,42,42,38,46,38
ENSG00000266964,FXYD1,26.8,14,12.8,0.928,-0.1,7.9e-01,1.0e+00,0.9253,7250,13,15,6,22,17,14,6,14
ENSG00000282522,PKD1P1,18,8.2,9.8,1.204,0.3,7.9e-01,1.0e+00,0.9253,7251,0,0,18,15,6,0,11,22
ENSG00000131653,TRAF7,227.8,112.2,115.5,1.029,0,7.9e-01,1.0e+00,0.9253,7251,124,100,126,99,125,89,132,116
ENSG00000196187,TMEM63A,58.5,28.5,30,1.048,0.1,7.9e-01,1.0e+00,0.9253,7252,30,31,29,24,18,24,41,37
ENSG00000182858,ALG12,45,21.8,23.2,1.077,0.1,7.9e-01,1.0e+00,0.9253,7253,39,23,11,14,32,24,24,13
ENSG00000169288,MRPL1,17.2,9,8.2,0.936,-0.1,7.9e-01,1.0e+00,0.9255,7256,10,4,12,10,11,6,8,8
ENSG00000135677,GNS,826.5,419.8,406.8,0.968,0,7.9e-01,1.0e+00,0.9255,7257,328,475,488,388,303,452,438,434
ENSG00000085382,HACE1,26,12.5,13.5,1.062,0.1,7.9e-01,1.0e+00,0.9262,7263,18,11,9,12,9,17,18,10
ENSG00000172590,MRPL52,30.5,15.8,14.8,0.954,-0.1,7.9e-01,1.0e+00,0.9262,7264,11,18,13,21,15,14,16,14
ENSG00000288401,CTTN,792.2,391.8,400.5,1.022,0,7.9e-01,1.0e+00,0.9262,7265,377,385,405,400,388,371,474,369
ENSG00000276023,DUSP14,42,19.2,22.8,1.163,0.2,7.9e-01,1.0e+00,0.9267,7270,38,18,0,21,30,29,0,32
ENSG00000012061,ERCC1,91.2,44.5,46.8,1.049,0.1,7.9e-01,1.0e+00,0.9267,7271,44,36,51,47,51,52,61,23
ENSG00000134824,FADS2,165.5,80.2,85.2,1.063,0.1,8.0e-01,1.0e+00,0.9269,7274,84,108,62,67,38,77,138,88
ENSG00000160972,PPP1R16A,30.8,15.8,15,0.954,-0.1,8.0e-01,1.0e+00,0.9272,7276,15,22,11,15,16,18,14,12
ENSG00000120733,KDM3B,146.8,74.8,72,0.96,-0.1,8.0e-01,1.0e+00,0.9274,7279,56,79,87,77,46,67,90,85
ENSG00000112130,RNF8,31.8,15.5,16.2,1.053,0.1,8.0e-01,1.0e+00,0.9274,7280,11,11,21,19,18,20,14,13
ENSG00000108651,UTP6,46.2,23,23.2,1.031,0,8.0e-01,1.0e+00,0.9274,7281,22,24,24,22,22,23,26,22
ENSG00000141560,FN3KRP,32.5,15.8,16.8,1.053,0.1,8.0e-01,1.0e+00,0.9278,7285,14,18,18,13,10,19,15,23
ENSG00000076321,KLHL20,66.2,33.8,32.5,0.967,0,8.0e-01,1.0e+00,0.9279,7287,37,31,32,35,38,27,26,39
ENSG00000123143,PKN1,240.8,118.2,122.5,1.034,0,8.0e-01,1.0e+00,0.9282,7290,109,133,91,140,122,143,90,135
ENSG00000064102,INTS13,34.8,18,16.8,0.949,-0.1,8.0e-01,1.0e+00,0.9282,7291,24,20,18,10,20,18,17,12
ENSG00000223980,HLA-A,49.2,22.8,26.5,1.173,0.2,8.0e-01,1.0e+00,0.9283,7293,52,0,21,18,55,0,30,21
ENSG00000011451,WIZ,129,65.5,63.5,0.975,0,8.0e-01,1.0e+00,0.9284,7295,60,65,68,69,77,57,57,63
ENSG00000151532,VTI1A,50,25.8,24.2,0.958,-0.1,8.0e-01,1.0e+00,0.9285,7296,29,27,21,26,35,18,21,23
ENSG00000154124,OTULIN,28.2,13.5,14.8,1.076,0.1,8.0e-01,1.0e+00,0.9285,7297,21,12,10,11,16,6,12,25
ENSG00000114127,XRN1,128.2,63,65.2,1.034,0,8.0e-01,1.0e+00,0.9289,7301,62,58,51,81,55,65,60,81
ENSG00000220205,VAMP2,71,35,36,1.035,0,8.0e-01,1.0e+00,0.9289,7302,35,31,43,31,42,40,28,34
ENSG00000058804,NDC1,21.2,10.5,10.8,1.045,0.1,8.0e-01,1.0e+00,0.9291,7304,11,10,11,10,9,12,12,10
ENSG00000166136,NDUFB8,76.5,38.8,37.8,0.969,0,8.0e-01,1.0e+00,0.9295,7309,50,38,33,34,41,36,41,33
ENSG00000187630,DHRS4L2,26.2,12.8,13.5,1.06,0.1,8.0e-01,1.0e+00,0.9295,7310,7,10,19,15,12,17,11,14
ENSG00000124313,IQSEC2,26.2,12.8,13.5,1.06,0.1,8.0e-01,1.0e+00,0.9295,7311,12,15,13,11,9,19,18,8
ENSG00000165678,GHITM,203.5,100.5,103,1.027,0,8.0e-01,1.0e+00,0.9295,7312,82,97,102,121,103,120,95,94
ENSG00000086666,ZFAND6,81,40,41,1.025,0,8.0e-01,1.0e+00,0.9295,7313,38,43,43,36,44,41,38,41
ENSG00000137054,POLR1E,36.8,19,17.8,0.952,-0.1,8.0e-01,1.0e+00,0.9295,7313,18,18,19,21,26,13,11,21
ENSG00000109046,WSB1,371.8,183,188.8,1.031,0,8.0e-01,1.0e+00,0.9297,7315,174,176,212,170,150,179,256,170
ENSG00000125656,CLPP,47,23,24,1.042,0.1,8.0e-01,1.0e+00,0.9297,7316,17,17,26,32,23,24,23,26
ENSG00000008988,RPS20,912.8,462,450.8,0.975,0,8.0e-01,1.0e+00,0.9297,7318,547,488,410,403,510,429,404,460
ENSG00000101773,RBBP8,37.5,19.5,18,0.938,-0.1,8.0e-01,1.0e+00,0.9297,7319,9,30,23,16,13,18,24,17
ENSG00000285193,RABGGTA,19.5,9.5,10,1.07,0.1,8.0e-01,1.0e+00,0.9301,7322,6,11,8,13,12,6,15,7
ENSG00000122042,UBL3,88.5,43.5,45,1.038,0.1,8.0e-01,1.0e+00,0.9301,7323,38,43,45,48,43,49,29,59
ENSG00000076555,ACACB,35.5,17.5,18,1.034,0,8.0e-01,1.0e+00,0.9301,7324,19,16,18,17,19,20,15,18
ENSG00000156273,BACH1,126,62.2,63.8,1.03,0,8.0e-01,1.0e+00,0.9301,7325,71,61,69,48,57,60,77,61
ENSG00000126822,PLEKHG3,20,9.8,10.2,1.07,0.1,8.0e-01,1.0e+00,0.9302,7327,11,9,6,13,13,4,12,12
ENSG00000119522,DENND1A,28,14.5,13.5,0.951,-0.1,8.0e-01,1.0e+00,0.9302,7328,13,10,17,18,18,12,9,15
ENSG00000137103,TMEM8B,69.8,34.2,35.5,1.038,0.1,8.0e-01,1.0e+00,0.9303,7330,32,26,41,38,30,47,31,34
ENSG00000106565,TMEM176B,67.2,30.8,36.5,1.2,0.3,8.0e-01,1.0e+00,0.9303,7331,81,33,1,8,98,39,1,8
ENSG00000170638,TRABD,39.8,20.5,19.2,0.956,-0.1,8.0e-01,1.0e+00,0.9303,7332,20,24,17,21,22,14,14,27
ENSG00000102158,MAGT1,205.2,104.2,101,0.968,0,8.0e-01,1.0e+00,0.9303,7333,88,107,94,128,77,124,115,88
ENSG00000137992,DBT,61.2,30.2,31,1.03,0,8.0e-01,1.0e+00,0.9305,7335,35,25,29,32,31,30,29,34
ENSG00000179348,GATA2,19.2,10.2,9,0.896,-0.2,8.0e-01,1.0e+00,0.9306,7337,10,7,5,19,13,5,1,17
ENSG00000064651,SLC12A2,46.5,22.5,24,1.057,0.1,8.0e-01,1.0e+00,0.9306,7338,19,14,22,35,14,29,25,28
ENSG00000166411,IDH3A,36.5,18.8,17.8,0.954,-0.1,8.0e-01,1.0e+00,0.9307,7340,14,13,27,21,21,14,18,18
ENSG00000258643,BCL2L2-PABPN1,22,12,10,0.864,-0.2,8.0e-01,1.0e+00,0.9307,7341,0,21,15,12,13,6,21,0
ENSG00000100418,DESI1,54.5,27.8,26.8,0.967,0,8.0e-01,1.0e+00,0.9308,7342,23,24,34,30,23,27,26,31
ENSG00000226916,WDR46,16.5,9,7.5,0.846,-0.2,8.0e-01,1.0e+00,0.9308,7343,2,16,0,18,16,11,0,3
ENSG00000091947,TMEM101,34.8,17.8,17,0.953,-0.1,8.0e-01,1.0e+00,0.9308,7344,24,11,18,18,13,17,22,16
ENSG00000204611,ZNF616,22.8,11,11.8,1.065,0.1,8.0e-01,1.0e+00,0.9308,7345,10,13,7,14,12,18,11,6
ENSG00000099917,MED15,157.8,80,77.8,0.972,0,8.0e-01,1.0e+00,0.9308,7346,73,94,65,88,65,71,90,85
ENSG00000141646,SMAD4,129.2,63.5,65.8,1.036,0.1,8.0e-01,1.0e+00,0.9309,7348,79,67,59,49,77,77,47,62
ENSG00000000003,TSPAN6,60.5,31,29.5,0.939,-0.1,8.0e-01,1.0e+00,0.9309,7348,21,41,38,24,14,24,48,32
ENSG00000113638,TTC33,23.2,12,11.2,0.936,-0.1,8.0e-01,1.0e+00,0.9309,7350,9,11,12,16,11,20,6,8
ENSG00000101444,AHCY,114,58.2,55.8,0.956,-0.1,8.0e-01,1.0e+00,0.9309,7351,87,54,55,37,68,59,55,41
ENSG00000123496,IL13RA2,23,12,11,0.936,-0.1,8.0e-01,1.0e+00,0.931,7352,7,14,13,14,6,14,8,16
ENSG00000123131,PRDX4,129.5,65.8,63.8,0.976,0,8.0e-01,1.0e+00,0.9313,7356,61,63,74,65,68,53,68,66
ENSG00000110046,ATG2A,64.5,31.8,32.8,1.037,0.1,8.0e-01,1.0e+00,0.9313,7357,38,26,23,40,33,32,32,34
ENSG00000167842,MIS12,21.5,10.5,11,1.066,0.1,8.0e-01,1.0e+00,0.9313,7358,12,17,8,5,11,11,9,13
ENSG00000121440,PDZRN3,214.8,110,104.8,0.952,-0.1,8.0e-01,1.0e+00,0.9318,7362,131,91,76,142,147,93,59,120
ENSG00000103544,VPS35L,134,66.2,67.8,1.024,0,8.1e-01,1.0e+00,0.9319,7364,72,63,54,76,65,69,71,66
ENSG00000136143,SUCLA2,61.2,31.5,29.8,0.956,-0.1,8.1e-01,1.0e+00,0.9319,7365,30,28,44,24,35,37,28,19
ENSG00000165669,FAM204A,50.2,25.8,24.5,0.97,0,8.1e-01,1.0e+00,0.9319,7365,22,26,26,29,26,28,22,22
ENSG00000136710,VMA22,56.5,28.8,27.8,0.968,0,8.1e-01,1.0e+00,0.9319,7366,36,26,28,25,33,28,24,26
ENSG00000166278,C2,46.8,24.5,22.2,0.892,-0.2,8.1e-01,1.0e+00,0.9319,7367,40,17,0,41,15,27,18,29
ENSG00000135297,MTO1,34.5,16.8,17.8,1.051,0.1,8.1e-01,1.0e+00,0.9319,7368,24,15,17,11,17,17,24,13
ENSG00000143436,MRPL9,39,20,19,0.957,-0.1,8.1e-01,1.0e+00,0.9319,7369,16,17,27,20,22,24,13,17
ENSG00000276547,PCDHGB5,97.2,50,47.2,0.943,-0.1,8.1e-01,1.0e+00,0.9319,7370,42,70,35,53,47,82,26,34
ENSG00000055208,TAB2,137.8,69.8,68,0.977,0,8.1e-01,1.0e+00,0.9319,7371,67,76,75,61,59,68,68,77
ENSG00000255112,CHMP1B,83.5,42.5,41,0.958,-0.1,8.1e-01,1.0e+00,0.9319,7372,38,43,52,37,48,22,50,44
ENSG00000138663,COPS4,58.2,29.8,28.5,0.962,-0.1,8.1e-01,1.0e+00,0.9319,7373,29,25,37,28,29,38,21,26
ENSG00000229300,SNHG32,269.8,140.5,129.2,0.921,-0.1,8.1e-01,1.0e+00,0.9319,7374,238,123,92,109,277,97,54,89
ENSG00000102024,PLS3,584.5,287.8,296.8,1.031,0,8.1e-01,1.0e+00,0.9323,7379,245,350,248,308,226,364,307,290
ENSG00000047188,YTHDC2,58.5,29.8,28.8,0.969,0,8.1e-01,1.0e+00,0.9323,7379,33,24,31,31,34,29,25,27
ENSG00000166813,KIF7,23.2,11.5,11.8,1.061,0.1,8.1e-01,1.0e+00,0.9327,7383,13,12,13,8,20,9,9,9
ENSG00000204713,TRIM27,37.8,20.5,17.2,0.861,-0.2,8.1e-01,1.0e+00,0.9327,7384,0,29,29,24,39,7,23,0
ENSG00000112335,SNX3,311.8,154.5,157.2,1.019,0,8.1e-01,1.0e+00,0.9327,7385,157,166,157,138,166,150,153,160
ENSG00000104679,R3HCC1,24,12.2,11.8,0.959,-0.1,8.1e-01,1.0e+00,0.9327,7386,13,9,14,13,14,10,11,12
ENSG00000144579,CTDSP1,146,73.8,72.2,0.98,0,8.1e-01,1.0e+00,0.9327,7387,77,68,70,80,68,71,77,73
ENSG00000105968,H2AZ2,162,81.8,80.2,0.978,0,8.1e-01,1.0e+00,0.9328,7388,85,74,94,74,78,77,77,89
ENSG00000187091,PLCD1,47,24,23,0.958,-0.1,8.1e-01,1.0e+00,0.9329,7390,27,27,23,19,16,22,21,33
ENSG00000180104,EXOC3,85.8,43.5,42.2,0.969,0,8.1e-01,1.0e+00,0.9329,7391,55,46,32,41,39,38,50,42
ENSG00000198648,STK39,51.8,25.5,26.2,1.031,0,8.1e-01,1.0e+00,0.9329,7392,28,23,28,23,25,24,30,26
ENSG00000165526,RPUSD4,35.5,17.5,18,1.035,0,8.1e-01,1.0e+00,0.933,7394,17,14,22,17,18,18,17,19
ENSG00000138641,HERC3,26.2,11.8,14.5,1.222,0.3,8.1e-01,1.0e+00,0.933,7395,29,0,18,0,0,0,18,40
ENSG00000149600,COMMD7,58.5,29.8,28.8,0.969,0,8.1e-01,1.0e+00,0.933,7396,24,27,33,35,29,33,26,27
ENSG00000136810,TXN,228.8,116,112.8,0.971,0,8.1e-01,1.0e+00,0.933,7396,113,133,118,100,126,132,78,115
ENSG00000282130,NSMCE3,28.5,13.8,14.8,1.059,0.1,8.1e-01,1.0e+00,0.933,7397,22,11,7,15,12,16,17,14
ENSG00000104853,CLPTM1,164.8,83,81.8,0.979,0,8.1e-01,1.0e+00,0.933,7398,73,91,84,84,77,78,90,82
ENSG00000158435,CNOT11,56.5,27.8,28.8,1.04,0.1,8.1e-01,1.0e+00,0.933,7399,28,22,34,27,23,30,40,22
ENSG00000104067,TJP1,77.8,41.5,36.2,0.869,-0.2,8.1e-01,1.0e+00,0.933,7400,76,16,13,61,6,26,8,105
ENSG00000156265,MAP3K7CL,42.8,22,20.8,0.943,-0.1,8.1e-01,1.0e+00,0.933,7401,19,21,31,17,10,21,33,19
ENSG00000179918,SEPHS2,77.2,38.2,39,1.026,0,8.1e-01,1.0e+00,0.933,7402,38,39,34,42,43,41,33,39
ENSG00000161202,DVL3,228.5,112.8,115.8,1.027,0,8.1e-01,1.0e+00,0.933,7403,104,111,129,107,105,90,133,135
ENSG00000105722,ERF,52.5,25.8,26.8,1.047,0.1,8.1e-01,1.0e+00,0.933,7404,33,25,27,18,40,20,25,22
ENSG00000196967,ZNF585A,30.5,15,15.5,1.052,0.1,8.1e-01,1.0e+00,0.933,7405,10,22,12,16,14,21,12,15
ENSG00000228333,RXRB,29.2,13.2,16,1.219,0.3,8.1e-01,1.0e+00,0.933,7406,0,0,24,29,0,38,26,0
ENSG00000061918,GUCY1B1,139.8,68,71.8,1.055,0.1,8.1e-01,1.0e+00,0.933,7407,75,64,53,80,97,86,27,77
ENSG00000117262,GPR89A,32.5,16.8,15.8,0.933,-0.1,8.1e-01,1.0e+00,0.933,7408,26,18,19,4,15,19,13,16
ENSG00000206268,NELFE,35.8,19.5,16.2,0.857,-0.2,8.1e-01,1.0e+00,0.933,7409,10,34,34,0,23,0,35,7
ENSG00000187735,TCEA1,191.2,96.8,94.5,0.976,0,8.1e-01,1.0e+00,0.933,7410,113,81,85,108,91,100,85,102
ENSG00000117597,UTP25,59.2,30.2,29,0.961,-0.1,8.1e-01,1.0e+00,0.933,7410,20,27,30,44,27,31,31,27
ENSG00000147364,FBXO25,48.8,25,23.8,0.968,0,8.1e-01,1.0e+00,0.933,7411,18,26,26,30,23,25,24,23
ENSG00000175137,SH3BP5L,54.8,27,27.8,1.039,0.1,8.1e-01,1.0e+00,0.933,7412,36,24,27,21,31,23,34,23
ENSG00000137818,RPLP1,1641.2,810.8,830.5,1.025,0,8.1e-01,1.0e+00,0.9332,7415,924,832,713,774,1025,793,773,731
ENSG00000186468,RPS23,1002.2,511,491.2,0.961,-0.1,8.1e-01,1.0e+00,0.9333,7417,622,552,414,456,709,525,334,397
ENSG00000250571,GLI4,25.8,13.2,12.5,0.943,-0.1,8.1e-01,1.0e+00,0.9334,7419,13,13,15,12,17,10,18,5
ENSG00000215030,RPL13P12,29,13.2,15.8,1.206,0.3,8.1e-01,1.0e+00,0.9334,7420,34,0,19,0,40,0,21,2
ENSG00000112031,MTRF1L,48.5,23.8,24.8,1.042,0.1,8.1e-01,1.0e+00,0.9334,7421,25,17,29,24,28,33,20,18
ENSG00000173614,NMNAT1,32.2,16.8,15.5,0.946,-0.1,8.1e-01,1.0e+00,0.9334,7422,25,11,11,20,18,13,20,11
ENSG00000169371,SNUPN,39.5,20.2,19.2,0.968,0,8.1e-01,1.0e+00,0.9334,7423,17,25,20,19,20,20,20,17
ENSG00000113812,ACTR8,47.2,23,24.2,1.051,0.1,8.1e-01,1.0e+00,0.9334,7423,19,16,26,31,31,16,18,32
ENSG00000009307,CSDE1,1329.8,672.2,657.5,0.979,0,8.1e-01,1.0e+00,0.9336,7426,616,752,716,605,581,726,637,686
ENSG00000041357,PSMA4,110.2,54.5,55.8,1.027,0,8.1e-01,1.0e+00,0.9336,7427,48,66,55,49,59,60,45,59
ENSG00000187601,MAGEH1,30.5,14.8,15.8,1.056,0.1,8.1e-01,1.0e+00,0.9336,7428,18,17,9,15,10,21,12,20
ENSG00000100139,MICALL1,59.2,30.5,28.8,0.951,-0.1,8.1e-01,1.0e+00,0.9336,7429,30,27,42,23,40,18,36,21
ENSG00000133805,AMPD3,65.8,32.2,33.5,1.05,0.1,8.1e-01,1.0e+00,0.9336,7430,33,41,14,41,28,37,35,34
ENSG00000120533,ENY2,54.5,27,27.5,1.029,0,8.1e-01,1.0e+00,0.9337,7431,30,28,27,23,29,31,27,23
ENSG00000104980,TIMM44,33.2,16.2,17,1.054,0.1,8.1e-01,1.0e+00,0.9337,7432,22,9,13,21,13,14,21,20
ENSG00000137145,DENND4C,132.5,65.2,67.2,1.028,0,8.1e-01,1.0e+00,0.9342,7437,76,53,67,65,55,75,60,79
ENSG00000213246,SUPT4H1,69.8,34.5,35.2,1.027,0,8.1e-01,1.0e+00,0.9342,7438,36,39,30,33,34,37,30,40
ENSG00000122121,XPNPEP2,32.8,17.5,15.2,0.899,-0.2,8.1e-01,1.0e+00,0.9342,7439,11,25,5,29,18,25,1,17
ENSG00000150347,ARID5B,874.5,432.8,441.8,1.019,0,8.1e-01,1.0e+00,0.9342,7440,420,401,453,457,405,419,441,502
ENSG00000141580,WDR45B,169,85.5,83.5,0.976,0,8.1e-01,1.0e+00,0.9342,7441,78,104,81,79,85,68,91,90
ENSG00000137947,GTF2B,25.2,13,12.2,0.961,-0.1,8.1e-01,1.0e+00,0.9342,7442,10,14,12,16,12,13,12,12
ENSG00000105373,NOP53,316.5,160.8,155.8,0.968,0,8.1e-01,1.0e+00,0.9342,7443,195,163,143,142,213,113,143,154
ENSG00000122140,MRPS2,38.2,18.8,19.5,1.047,0.1,8.1e-01,1.0e+00,0.9343,7445,18,23,17,17,14,13,23,28
ENSG00000138668,HNRNPD,133.8,67.8,66,0.98,0,8.1e-01,1.0e+00,0.9343,7446,73,61,69,68,70,67,59,68
ENSG00000142168,SOD1,264.8,130.8,134,1.021,0,8.1e-01,1.0e+00,0.9343,7447,122,132,148,121,120,147,145,124
ENSG00000119574,ZBTB45,26,12.5,13.5,1.061,0.1,8.1e-01,1.0e+00,0.9343,7448,15,18,8,9,8,19,13,14
ENSG00000136930,PSMB7,143.2,72.5,70.8,0.976,0,8.1e-01,1.0e+00,0.9343,7448,89,74,66,61,73,67,65,78
ENSG00000067048,DDX3Y,81.5,37.8,43.8,1.152,0.2,8.1e-01,1.0e+00,0.9343,7449,52,43,56,0,55,53,67,0
ENSG00000170088,TMEM192,56.5,27.8,28.8,1.046,0.1,8.1e-01,1.0e+00,0.9344,7451,28,31,20,32,31,24,18,42
ENSG00000104957,YJU2B,30.8,15,15.8,1.036,0.1,8.1e-01,1.0e+00,0.9346,7453,17,16,13,14,18,17,13,15
ENSG00000126775,ATG14,74,36.5,37.5,1.036,0.1,8.1e-01,1.0e+00,0.9346,7454,34,35,38,39,29,44,27,50
ENSG00000167397,VKORC1,191,94.2,96.8,1.025,0,8.2e-01,1.0e+00,0.9346,7455,92,86,91,108,73,100,106,108
ENSG00000145337,PYURF,76.5,37.5,39,1.039,0.1,8.2e-01,1.0e+00,0.9346,7456,43,31,27,49,49,33,30,44
ENSG00000197614,MFAP5,111,52.2,58.8,1.132,0.2,8.2e-01,1.0e+00,0.9347,7458,11,123,19,56,24,108,14,89
ENSG00000129657,SEC14L1,115.8,58.8,57,0.974,0,8.2e-01,1.0e+00,0.9347,7459,62,60,50,63,46,67,53,62
ENSG00000085760,MTIF2,47.8,23.5,24.2,1.042,0.1,8.2e-01,1.0e+00,0.9348,7461,24,28,23,19,21,29,15,32
ENSG00000124523,SIRT5,27.2,14.2,13,0.946,-0.1,8.2e-01,1.0e+00,0.935,7463,11,21,18,7,13,12,11,16
ENSG00000142330,CAPN10,23.2,12,11.2,0.939,-0.1,8.2e-01,1.0e+00,0.9352,7466,21,7,10,10,16,12,10,7
ENSG00000109586,GALNT7,37.2,19.5,17.8,0.95,-0.1,8.2e-01,1.0e+00,0.9352,7467,11,25,23,19,23,14,12,22
ENSG00000109270,LAMTOR3,49.2,24.2,25,1.039,0.1,8.2e-01,1.0e+00,0.9352,7467,21,29,29,18,30,29,20,21
ENSG00000050820,BCAR1,46.8,21.5,25.2,1.167,0.2,8.2e-01,1.0e+00,0.9352,7468,0,4,33,49,0,26,37,38
ENSG00000185753,CXorf38,24.2,12.5,11.8,0.958,-0.1,8.2e-01,1.0e+00,0.9352,7469,10,15,13,12,13,12,14,8
ENSG00000155256,ZFYVE27,34,17.2,16.8,0.962,-0.1,8.2e-01,1.0e+00,0.9352,7470,15,18,22,14,17,20,12,18
ENSG00000183495,EP400,116.5,59,57.5,0.974,0,8.2e-01,1.0e+00,0.9352,7471,57,52,70,57,51,48,67,64
ENSG00000047249,ATP6V1H,73.5,37.5,36,0.964,-0.1,8.2e-01,1.0e+00,0.9352,7472,50,32,35,33,27,41,30,46
ENSG00000084733,RAB10,203.2,102.8,100.5,0.974,0,8.2e-01,1.0e+00,0.9352,7473,120,92,95,104,105,107,115,75
ENSG00000102226,USP11,124.5,63.2,61.2,0.972,0,8.2e-01,1.0e+00,0.9352,7474,59,86,53,55,68,58,61,58
ENSG00000149923,PPP4C,91.5,45.2,46.2,1.024,0,8.2e-01,1.0e+00,0.9352,7475,46,47,43,45,55,45,41,44
ENSG00000215421,ZNF407,38,19.5,18.5,0.956,-0.1,8.2e-01,1.0e+00,0.9352,7476,20,20,20,18,18,28,18,10
ENSG00000020922,MRE11,46.2,23.8,22.5,0.965,-0.1,8.2e-01,1.0e+00,0.9352,7477,20,24,22,29,28,25,16,21
ENSG00000174684,B4GAT1,64.2,33,31.2,0.959,-0.1,8.2e-01,1.0e+00,0.9352,7478,37,39,21,35,30,44,22,29
ENSG00000111142,METAP2,150.8,76.2,74.5,0.978,0,8.2e-01,1.0e+00,0.9352,7479,65,81,72,87,80,71,81,66
ENSG00000118873,RAB3GAP2,114.8,56.5,58.2,1.029,0,8.2e-01,1.0e+00,0.9352,7480,51,64,61,50,51,52,53,77
ENSG00000011295,TTC19,35.8,18.2,17.5,0.963,-0.1,8.2e-01,1.0e+00,0.9352,7481,13,17,19,24,21,16,17,16
ENSG00000159140,SON,510.2,252.5,257.8,1.02,0,8.2e-01,1.0e+00,0.9352,7482,248,267,265,230,226,250,304,251
ENSG00000105656,ELL,35.8,18.5,17.2,0.954,-0.1,8.2e-01,1.0e+00,0.9352,7482,27,12,14,21,18,12,20,19
ENSG00000183530,PRR14L,49.5,25.2,24.2,0.96,-0.1,8.2e-01,1.0e+00,0.9352,7483,15,24,34,28,20,24,24,29
ENSG00000137038,DMAC1,29.2,15,14.2,0.955,-0.1,8.2e-01,1.0e+00,0.9353,7485,19,8,18,15,18,14,12,13
ENSG00000107021,TBC1D13,87.2,44.2,43,0.972,0,8.2e-01,1.0e+00,0.9354,7487,48,37,45,47,34,41,42,55
ENSG00000110911,SLC11A2,98.8,50,48.8,0.976,0,8.2e-01,1.0e+00,0.9356,7489,51,45,49,55,41,45,58,51
ENSG00000064932,SBNO2,36.2,16.5,19.8,1.218,0.3,8.2e-01,1.0e+00,0.9356,7490,0,0,43,23,61,0,18,0
ENSG00000148334,PTGES2,37.2,19,18.2,0.967,0,8.2e-01,1.0e+00,0.9356,7491,17,15,24,20,21,18,17,17
ENSG00000182923,CEP63,50,25.5,24.5,0.963,-0.1,8.2e-01,1.0e+00,0.9356,7493,29,18,35,20,27,22,26,23
ENSG00000149273,RPS3,1109.2,565.2,544,0.962,-0.1,8.2e-01,1.0e+00,0.9356,7494,759,524,462,516,824,475,444,433
ENSG00000186350,RXRA,147,72.5,74.5,1.029,0,8.2e-01,1.0e+00,0.9356,7494,87,70,56,77,67,69,67,95
ENSG00000163626,COX18,23.5,11.5,12,1.043,0.1,8.2e-01,1.0e+00,0.9356,7495,14,11,11,10,10,13,15,10
ENSG00000018408,WWTR1,238.5,118,120.5,1.021,0,8.2e-01,1.0e+00,0.9359,7499,128,110,116,118,139,109,130,104
ENSG00000106799,TGFBR1,293.8,149.8,144,0.963,-0.1,8.2e-01,1.0e+00,0.9359,7500,140,212,119,128,160,124,190,102
ENSG00000196792,STRN3,72,36.5,35.5,0.968,0,8.2e-01,1.0e+00,0.9359,7501,47,27,33,39,34,38,41,29
ENSG00000110048,OSBP,133.2,67.5,65.8,0.978,0,8.2e-01,1.0e+00,0.9362,7503,75,63,67,65,77,57,61,68
ENSG00000164182,NDUFAF2,30,14.8,15.2,1.053,0.1,8.2e-01,1.0e+00,0.9364,7506,16,13,18,12,18,12,23,8
ENSG00000138386,NAB1,52.2,26.8,25.5,0.947,-0.1,8.2e-01,1.0e+00,0.9364,7507,35,17,29,26,25,11,41,25
ENSG00000266338,NBPF15,121.8,61.8,60,0.978,0,8.2e-01,1.0e+00,0.9364,7508,59,64,66,58,65,65,62,48
ENSG00000131791,PRKAB2,83.5,41,42.5,1.035,0.1,8.2e-01,1.0e+00,0.9365,7510,33,41,48,42,53,43,47,27
ENSG00000092020,PPP2R3C,37.2,18.2,19,1.06,0.1,8.2e-01,1.0e+00,0.9365,7511,16,28,17,12,18,32,16,10
ENSG00000081386,ZNF510,31.8,16.5,15.2,0.941,-0.1,8.2e-01,1.0e+00,0.9365,7512,10,25,12,19,8,18,13,22
ENSG00000141279,NPEPPS,429.5,217.2,212.2,0.977,0,8.2e-01,1.0e+00,0.9368,7515,209,228,205,227,228,208,160,253
ENSG00000197111,PCBP2,711.8,352.5,359.2,1.02,0,8.2e-01,1.0e+00,0.9374,7521,338,349,378,345,319,435,350,333
ENSG00000188735,TMEM120B,47.8,24.5,23.2,0.967,0,8.2e-01,1.0e+00,0.9375,7523,23,26,23,26,25,27,26,15
ENSG00000105618,PRPF31,40.5,19.5,21,1.109,0.1,8.2e-01,1.0e+00,0.9375,7523,11,21,14,32,27,36,21,0
ENSG00000172992,DCAKD,49.8,24.2,25.5,1.052,0.1,8.2e-01,1.0e+00,0.9376,7525,34,18,27,18,34,35,17,16
ENSG00000213516,RBMXL1,23.2,12,11.2,0.955,-0.1,8.2e-01,1.0e+00,0.9376,7526,13,16,7,12,12,11,10,12
ENSG00000198752,CDC42BPB,319.8,161.5,158.2,0.979,0,8.2e-01,1.0e+00,0.9376,7527,142,158,187,159,131,161,173,168
ENSG00000235162,C12orf75,177,90,87,0.967,0,8.2e-01,1.0e+00,0.9376,7528,81,103,66,110,70,118,74,86
ENSG00000106355,LSM5,23,11.2,11.8,1.043,0.1,8.2e-01,1.0e+00,0.9377,7529,12,11,10,12,10,17,9,11
ENSG00000243927,MRPS6,41,21,20,0.971,0,8.2e-01,1.0e+00,0.9377,7530,19,21,20,24,18,20,23,19
ENSG00000132478,UNK,32,15.8,16.2,1.05,0.1,8.2e-01,1.0e+00,0.9377,7531,21,14,16,12,24,9,15,17
ENSG00000181513,ACBD4,19.2,10,9.2,0.943,-0.1,8.2e-01,1.0e+00,0.938,7535,10,7,7,16,12,5,9,11
ENSG00000170619,COMMD5,23.2,12,11.2,0.954,-0.1,8.2e-01,1.0e+00,0.938,7536,10,18,11,9,14,11,11,9
ENSG00000158805,ZNF276,24.8,12.8,12,0.96,-0.1,8.2e-01,1.0e+00,0.938,7537,13,12,12,14,11,8,14,15
ENSG00000284770,TBCE,30,14.8,15.2,1.051,0.1,8.2e-01,1.0e+00,0.9385,7541,10,18,15,16,18,9,12,22
ENSG00000160803,UBQLN4,51.8,26.2,25.5,0.971,0,8.2e-01,1.0e+00,0.9385,7542,23,23,28,31,30,22,24,26
ENSG00000065000,AP3D1,332.8,168.2,164.5,0.98,0,8.2e-01,1.0e+00,0.9385,7543,168,187,175,143,170,165,184,139
ENSG00000169221,TBC1D10B,75.5,37.2,38.2,1.034,0,8.2e-01,1.0e+00,0.9385,7544,37,26,36,50,42,35,31,45
ENSG00000110719,TCIRG1,88,43.2,44.8,1.032,0,8.3e-01,1.0e+00,0.9387,7547,49,40,49,35,44,37,61,37
ENSG00000123472,ATPAF1,69.5,34.2,35.2,1.027,0,8.3e-01,1.0e+00,0.9388,7549,32,40,35,30,28,37,41,35
ENSG00000113583,C5orf15,125.2,61.8,63.5,1.027,0,8.3e-01,1.0e+00,0.9388,7550,64,59,66,58,55,80,49,70
ENSG00000168259,DNAJC7,103.5,51,52.5,1.025,0,8.3e-01,1.0e+00,0.9389,7552,44,55,59,46,48,56,60,46
ENSG00000055483,USP36,66.5,34,32.5,0.963,-0.1,8.3e-01,1.0e+00,0.9392,7555,31,38,26,41,48,26,26,30
ENSG00000136950,ARPC5L,32,15.8,16.2,1.037,0.1,8.3e-01,1.0e+00,0.9392,7556,18,11,18,16,18,19,13,15
ENSG00000101166,PRELID3B,54,26.5,27.5,1.043,0.1,8.3e-01,1.0e+00,0.9392,7557,22,29,27,28,42,17,29,22
ENSG00000013306,SLC25A39,84,42.5,41.5,0.977,0,8.3e-01,1.0e+00,0.9392,7558,37,47,46,40,41,45,42,38
ENSG00000105821,DNAJC2,35,17,18,1.054,0.1,8.3e-01,1.0e+00,0.9395,7561,16,9,26,17,12,25,21,14
ENSG00000205670,SMIM11,22.8,11.8,11,0.955,-0.1,8.3e-01,1.0e+00,0.9396,7563,11,13,12,11,10,6,13,15
ENSG00000091542,ALKBH5,155.2,78.8,76.5,0.97,0,8.3e-01,1.0e+00,0.9396,7564,78,95,52,90,72,63,93,78
ENSG00000168566,SNRNP48,24.2,12.5,11.8,0.958,-0.1,8.3e-01,1.0e+00,0.9396,7565,10,12,16,12,16,13,9,9
ENSG00000269335,IKBKG,78.5,39.8,38.8,0.968,0,8.3e-01,1.0e+00,0.9396,7566,41,34,36,48,48,32,47,28
ENSG00000178467,P4HTM,41,21,20,0.961,-0.1,8.3e-01,1.0e+00,0.9396,7567,27,20,13,24,16,21,23,20
ENSG00000231370,PRRC2A,101.5,55.5,46,0.825,-0.3,8.3e-01,1.0e+00,0.9396,7567,0,2,94,126,0,1,110,73
ENSG00000077097,TOP2B,253.2,129,124.2,0.963,-0.1,8.3e-01,1.0e+00,0.9396,7568,148,154,131,83,156,75,131,135
ENSG00000090971,NAT14,22,10.8,11.2,1.044,0.1,8.3e-01,1.0e+00,0.9396,7569,13,8,11,11,13,14,8,10
ENSG00000023287,RB1CC1,241.2,118.8,122.5,1.03,0,8.3e-01,1.0e+00,0.9396,7570,122,97,139,117,109,138,86,157
ENSG00000168827,GFM1,72,36.5,35.5,0.972,0,8.3e-01,1.0e+00,0.9396,7571,42,34,28,42,41,36,28,37
ENSG00000119632,IFI27L2,43.8,22.5,21.2,0.956,-0.1,8.3e-01,1.0e+00,0.9396,7572,30,13,23,24,22,26,25,12
ENSG00000075142,SRI,124.8,61.8,63,1.025,0,8.3e-01,1.0e+00,0.9396,7573,62,68,48,69,76,64,56,56
ENSG00000240184,PCDHGC3,532.5,263.2,269.2,1.023,0,8.3e-01,1.0e+00,0.9396,7574,311,245,232,265,293,309,257,218
ENSG00000155876,RRAGA,173.2,85.5,87.8,1.024,0,8.3e-01,1.0e+00,0.9398,7576,104,89,66,83,88,95,89,79
ENSG00000188643,S100A16,106.8,52.2,54.5,1.047,0.1,8.3e-01,1.0e+00,0.9398,7577,42,61,27,79,55,69,44,50
ENSG00000175334,BANF1,85.5,43.2,42.2,0.973,0,8.3e-01,1.0e+00,0.9398,7578,49,38,44,42,47,36,52,34
ENSG00000149823,VPS51,114.5,58.2,56.2,0.965,-0.1,8.3e-01,1.0e+00,0.9398,7579,65,47,62,59,87,43,46,49
ENSG00000239672,NME1,28.2,13.8,14.5,1.073,0.1,8.3e-01,1.0e+00,0.9398,7580,17,20,6,12,12,7,28,11
ENSG00000243678,NME2,351.2,177.8,173.5,0.976,0,8.3e-01,1.0e+00,0.9398,7581,211,195,153,152,201,189,159,145
ENSG00000173486,FKBP2,42.2,21.8,20.5,0.944,-0.1,8.3e-01,1.0e+00,0.9398,7582,28,14,33,12,21,32,13,16
ENSG00000258659,TRIM34,19.8,10.2,9.5,0.943,-0.1,8.3e-01,1.0e+00,0.9398,7583,13,14,8,6,14,5,11,8
ENSG00000135164,DMTF1,89.2,44,45.2,1.026,0,8.3e-01,1.0e+00,0.9398,7584,39,48,43,46,39,54,36,52
ENSG00000188783,PRELP,1174.5,575.5,599,1.041,0.1,8.3e-01,1.0e+00,0.9398,7585,422,767,435,678,377,789,547,683
ENSG00000115514,TXNDC9,33.2,16.5,16.8,1.035,0,8.3e-01,1.0e+00,0.9398,7586,18,16,20,12,18,14,19,16
ENSG00000135457,TFCP2,39,20,19,0.957,-0.1,8.3e-01,1.0e+00,0.9398,7587,16,23,19,22,16,27,23,10
ENSG00000101901,ALG13,34.8,18,16.8,0.96,-0.1,8.3e-01,1.0e+00,0.9398,7588,11,21,19,21,20,19,16,12
ENSG00000121775,TMEM39B,23.2,12,11.2,0.938,-0.1,8.3e-01,1.0e+00,0.9398,7589,21,11,8,8,14,8,17,6
ENSG00000141027,NCOR1,234.2,118,116.2,0.984,0,8.3e-01,1.0e+00,0.9398,7589,121,115,116,120,115,116,128,106
ENSG00000099364,FBXL19,27.2,14,13.2,0.948,-0.1,8.3e-01,1.0e+00,0.9398,7591,17,13,6,20,17,9,15,12
ENSG00000136040,PLXNC1,396.8,202,194.8,0.965,-0.1,8.3e-01,1.0e+00,0.9399,7593,173,207,277,151,165,190,274,150
ENSG00000119285,HEATR1,113,57,56,0.976,0,8.3e-01,1.0e+00,0.9399,7593,65,55,48,60,53,50,69,52
ENSG00000021762,OSBPL5,101.5,50,51.5,1.03,0,8.3e-01,1.0e+00,0.9399,7594,67,47,48,38,59,41,56,50
ENSG00000276726,DNAJA3,47.2,22.5,24.8,1.082,0.1,8.3e-01,1.0e+00,0.9399,7595,16,9,35,30,5,31,38,25
ENSG00000169155,ZBTB43,29.5,14.5,15,1.052,0.1,8.3e-01,1.0e+00,0.9399,7596,11,16,17,14,17,7,23,13
ENSG00000253846,PCDHGA10,85,41.8,43.2,1.032,0,8.3e-01,1.0e+00,0.9399,7597,46,37,32,52,41,31,48,53
ENSG00000005100,DHX33,38.8,19.2,19.5,1.032,0,8.3e-01,1.0e+00,0.9399,7598,14,22,21,20,18,18,19,23
ENSG00000081014,AP4E1,40,19.8,20.2,1.033,0,8.3e-01,1.0e+00,0.9401,7601,19,20,18,22,20,22,14,25
ENSG00000105738,SIPA1L3,24.2,12.5,11.8,0.956,-0.1,8.3e-01,1.0e+00,0.9401,7602,9,18,13,10,15,9,11,12
ENSG00000130703,OSBPL2,61.5,30,31.5,1.04,0.1,8.3e-01,1.0e+00,0.9401,7603,38,18,29,35,28,23,34,41
ENSG00000108091,CCDC6,124,61.5,62.5,1.019,0,8.3e-01,1.0e+00,0.9401,7604,63,60,57,66,69,58,65,58
ENSG00000137814,HAUS2,37.8,18.5,19.2,1.037,0.1,8.3e-01,1.0e+00,0.9401,7605,24,13,19,18,15,21,18,23
ENSG00000132842,AP3B1,156.8,79.2,77.5,0.979,0,8.3e-01,1.0e+00,0.9402,7606,90,80,77,70,73,66,84,87
ENSG00000148606,POLR3A,44.8,23,21.8,0.964,-0.1,8.3e-01,1.0e+00,0.9402,7607,24,21,25,22,23,18,31,15
ENSG00000187778,MCRS1,66.2,32.8,33.5,1.026,0,8.3e-01,1.0e+00,0.9402,7608,29,38,37,27,34,31,32,37
ENSG00000101000,PROCR,19.2,10,9.2,0.944,-0.1,8.3e-01,1.0e+00,0.9402,7609,11,9,8,12,13,12,3,9
ENSG00000011021,CLCN6,65.2,32,33.2,1.039,0.1,8.3e-01,1.0e+00,0.9402,7610,48,22,28,30,33,28,29,43
ENSG00000184203,PPP1R2,58,28.5,29.5,1.04,0.1,8.3e-01,1.0e+00,0.9402,7611,28,33,23,30,18,42,25,33
ENSG00000005339,CREBBP,229,115.5,113.5,0.981,0,8.3e-01,1.0e+00,0.9402,7612,114,122,111,115,96,105,133,120
ENSG00000168016,TRANK1,144,73.2,70.8,0.967,0,8.3e-01,1.0e+00,0.9403,7613,77,51,80,85,67,45,81,90
ENSG00000205413,SAMD9,39,19.2,19.8,1.044,0.1,8.3e-01,1.0e+00,0.9403,7615,24,25,11,17,26,19,17,17
ENSG00000129933,MAU2,104.5,52.8,51.8,0.977,0,8.3e-01,1.0e+00,0.9405,7617,51,54,42,64,49,51,48,59
ENSG00000110958,PTGES3,226.8,114.5,112.2,0.979,0,8.3e-01,1.0e+00,0.9407,7619,131,114,89,124,110,115,100,124
ENSG00000160785,SLC25A44,44.5,22.8,21.8,0.963,-0.1,8.3e-01,1.0e+00,0.9407,7620,21,21,27,22,31,21,22,13
ENSG00000004779,NDUFAB1,30.8,15.8,15,0.955,-0.1,8.3e-01,1.0e+00,0.9407,7621,9,16,21,17,13,19,18,10
ENSG00000140153,WDR20,24.8,12.2,12.5,1.04,0.1,8.3e-01,1.0e+00,0.9407,7622,9,12,17,11,14,13,11,12
ENSG00000133265,HSPBP1,27.8,13.5,14.2,1.038,0.1,8.3e-01,1.0e+00,0.9407,7623,15,13,15,11,18,17,11,11
ENSG00000060339,CCAR1,134.2,66.5,67.8,1.02,0,8.3e-01,1.0e+00,0.9407,7624,59,59,71,77,66,66,66,73
ENSG00000145782,ATG12,120,59.5,60.5,1.021,0,8.3e-01,1.0e+00,0.9407,7625,63,54,56,65,59,72,59,52
ENSG00000102974,CTCF,61.5,31.5,30,0.971,0,8.3e-01,1.0e+00,0.9407,7626,37,29,25,35,33,30,34,23
ENSG00000178980,SELENOW,65.5,33.2,32.2,0.975,0,8.3e-01,1.0e+00,0.9407,7627,29,30,35,39,30,36,28,35
ENSG00000276234,TADA2A,19,9.2,9.8,1.071,0.1,8.3e-01,1.0e+00,0.9407,7628,6,12,5,14,11,8,16,4
ENSG00000100109,TFIP11,58.2,29.8,28.5,0.968,0,8.3e-01,1.0e+00,0.9407,7629,38,25,25,31,36,22,26,30
ENSG00000100814,CCNB1IP1,47.2,24.2,23,0.969,0,8.3e-01,1.0e+00,0.9407,7630,33,21,19,24,23,24,22,23
ENSG00000170946,DNAJC24,32,15.8,16.2,1.036,0.1,8.3e-01,1.0e+00,0.9407,7631,17,17,18,11,15,13,18,19
ENSG00000215193,PEX26,93.8,46.2,47.5,1.025,0,8.3e-01,1.0e+00,0.9408,7633,37,48,46,54,40,55,52,43
ENSG00000141568,FOXK2,63.5,32.2,31.2,0.967,0,8.3e-01,1.0e+00,0.9408,7634,42,24,36,27,36,27,36,26
ENSG00000198453,ZNF568,20.8,10.2,10.5,1.044,0.1,8.3e-01,1.0e+00,0.9409,7635,9,10,15,7,10,9,11,12
ENSG00000109466,KLHL2,26.8,13,13.8,1.039,0.1,8.4e-01,1.0e+00,0.9415,7641,16,12,13,11,17,16,9,13
ENSG00000104381,GDAP1,18.8,9.2,9.5,1.045,0.1,8.4e-01,1.0e+00,0.9415,7642,7,12,7,11,10,11,9,8
ENSG00000165233,CARD19,23.8,11.8,12,1.059,0.1,8.4e-01,1.0e+00,0.9415,7643,10,10,16,11,22,6,9,11
ENSG00000165916,PSMC3,118.2,60,58.2,0.974,0,8.4e-01,1.0e+00,0.9415,7644,68,70,61,41,57,64,52,60
ENSG00000138600,SPPL2A,149.8,73.5,76.2,1.032,0,8.4e-01,1.0e+00,0.9415,7645,76,85,60,73,62,112,57,74
ENSG00000241837,ATP5PO,139,70.5,68.5,0.974,0,8.4e-01,1.0e+00,0.9415,7646,90,73,65,54,71,66,80,57
ENSG00000187097,ENTPD5,25.8,12.8,13,1.058,0.1,8.4e-01,1.0e+00,0.9415,7647,10,20,12,9,12,6,14,20
ENSG00000282905,NFKBIB,37.2,18.2,19,1.035,0.1,8.4e-01,1.0e+00,0.9415,7648,25,16,19,13,18,18,22,18
ENSG00000224877,NDUFAF8,21.5,11,10.5,0.951,-0.1,8.4e-01,1.0e+00,0.9415,7649,13,11,13,7,16,6,12,8
ENSG00000159461,AMFR,210.2,104,106.2,1.023,0,8.4e-01,1.0e+00,0.9416,7651,84,111,109,112,81,122,112,110
ENSG00000185885,IFITM1,55.8,28.5,27.2,0.961,-0.1,8.4e-01,1.0e+00,0.9421,7655,31,16,41,26,28,31,30,20
ENSG00000094914,AAAS,58.2,28.8,29.5,1.04,0.1,8.4e-01,1.0e+00,0.9422,7657,35,34,26,20,23,44,22,29
ENSG00000256043,CTSO,178,87,91,1.042,0.1,8.4e-01,1.0e+00,0.9422,7658,80,89,68,111,81,114,46,123
ENSG00000137200,CMTR1,108.2,54.8,53.5,0.979,0,8.4e-01,1.0e+00,0.9424,7661,59,52,51,57,58,63,47,46
ENSG00000144115,THNSL2,45.8,22.2,23.5,1.065,0.1,8.4e-01,1.0e+00,0.9425,7662,41,20,10,18,37,25,12,20
ENSG00000198420,TCAF1,269.5,133.5,136,1.017,0,8.4e-01,1.0e+00,0.9428,7666,146,117,146,125,145,130,134,135
ENSG00000157895,C12orf43,25.5,13,12.5,0.963,-0.1,8.4e-01,1.0e+00,0.9428,7667,16,11,15,10,16,13,10,11
ENSG00000004478,FKBP4,48.5,23.8,24.8,1.038,0.1,8.4e-01,1.0e+00,0.9432,7671,17,28,32,18,27,18,29,25
ENSG00000174485,DENND4A,90.2,46,44.2,0.968,0,8.4e-01,1.0e+00,0.9432,7672,35,61,41,47,43,58,31,45
ENSG00000213694,S1PR3,301.8,153,148.8,0.971,0,8.4e-01,1.0e+00,0.9432,7673,115,154,163,180,187,140,101,167
ENSG00000119638,NEK9,325.2,164.2,161,0.982,0,8.4e-01,1.0e+00,0.9434,7676,186,143,166,162,155,143,186,160
ENSG00000128654,MTX2,35,17.8,17.2,0.953,-0.1,8.4e-01,1.0e+00,0.9435,7677,23,16,22,10,11,16,15,27
ENSG00000137166,FOXP4,33.2,16.2,17,1.037,0.1,8.4e-01,1.0e+00,0.9435,7678,14,12,17,22,13,22,17,16
ENSG00000176788,BASP1,452.2,229.5,222.8,0.971,0,8.4e-01,1.0e+00,0.9435,7679,214,207,291,206,230,143,291,227
ENSG00000138698,RAP1GDS1,89.5,45.2,44.2,0.973,0,8.4e-01,1.0e+00,0.9435,7680,42,55,43,41,47,40,57,33
ENSG00000134375,TIMM17A,56,27.5,28.5,1.038,0.1,8.4e-01,1.0e+00,0.9435,7681,23,27,31,29,26,26,44,18
ENSG00000243725,TTC4,23.5,12,11.5,0.956,-0.1,8.4e-01,1.0e+00,0.9435,7682,10,14,10,14,11,16,13,6
ENSG00000165689,ENTR1,39.5,19.2,20.2,1.036,0.1,8.4e-01,1.0e+00,0.9435,7683,20,14,20,23,15,25,16,25
ENSG00000147419,CCDC25,77.2,39.5,37.8,0.962,-0.1,8.4e-01,1.0e+00,0.9438,7686,46,42,26,44,43,41,20,47
ENSG00000176022,B3GALT6,36.5,17.8,18.8,1.048,0.1,8.4e-01,1.0e+00,0.9438,7687,15,16,16,24,14,17,32,12
ENSG00000181458,TMEM45A,122.2,62,60.2,0.976,0,8.4e-01,1.0e+00,0.9438,7688,65,66,70,47,57,65,71,48
ENSG00000101966,XIAP,73,37,36,0.973,0,8.4e-01,1.0e+00,0.9438,7689,47,31,38,32,41,30,33,40
ENSG00000130175,PRKCSH,444,223.8,220.2,0.984,0,8.4e-01,1.0e+00,0.9438,7690,228,247,225,195,219,217,217,228
ENSG00000197063,MAFG,74.2,36.8,37.5,1.025,0,8.4e-01,1.0e+00,0.9438,7691,38,39,37,33,43,30,32,45
ENSG00000166507,NDST2,43.5,22.2,21.2,0.964,-0.1,8.4e-01,1.0e+00,0.9438,7692,25,27,24,13,18,25,25,17
ENSG00000197451,HNRNPAB,93.2,47.2,46,0.972,0,8.4e-01,1.0e+00,0.9438,7693,45,42,60,42,49,37,61,37
ENSG00000164114,MAP9,58.5,29,29.5,1.029,0,8.4e-01,1.0e+00,0.9438,7694,35,35,23,23,27,31,28,32
ENSG00000144134,RABL2A,23.5,12.2,11.2,0.955,-0.1,8.4e-01,1.0e+00,0.9438,7695,12,13,13,11,18,12,8,7
ENSG00000102054,RBBP7,153,77.2,75.8,0.981,0,8.4e-01,1.0e+00,0.9438,7696,82,75,74,78,77,84,82,60
ENSG00000168056,LTBP3,473.2,239,234.2,0.98,0,8.4e-01,1.0e+00,0.9438,7697,240,253,200,263,205,227,221,284
ENSG00000170606,HSPA4,264.2,130.2,134,1.029,0,8.4e-01,1.0e+00,0.9438,7698,100,147,154,120,103,112,179,142
ENSG00000102786,INTS6,57.2,28.2,29,1.038,0.1,8.4e-01,1.0e+00,0.9438,7699,28,26,25,34,25,26,46,19
ENSG00000159479,MED8,45.2,22,23.2,1.034,0,8.4e-01,1.0e+00,0.9438,7700,24,18,28,18,16,24,26,27
ENSG00000124587,PEX6,57.5,28,29.5,1.05,0.1,8.4e-01,1.0e+00,0.9445,7706,45,17,22,28,31,21,20,46
ENSG00000164403,SHROOM1,24,12.2,11.8,0.96,-0.1,8.4e-01,1.0e+00,0.9448,7709,17,13,9,10,11,13,14,9
ENSG00000277656,GSTT1,37.5,17.8,19.8,1.129,0.2,8.4e-01,1.0e+00,0.945,7712,14,40,17,0,21,42,16,0
ENSG00000104880,ARHGEF18,69.8,35.5,34.2,0.963,-0.1,8.4e-01,1.0e+00,0.9452,7715,33,31,40,38,31,19,53,34
ENSG00000110700,RPS13,485,239,246,1.029,0,8.4e-01,1.0e+00,0.9453,7716,298,238,200,220,348,190,207,239
ENSG00000116221,MRPL37,73,37.2,35.8,0.97,0,8.4e-01,1.0e+00,0.9453,7717,38,31,42,38,22,43,35,43
ENSG00000123091,RNF11,194.5,98,96.5,0.982,0,8.4e-01,1.0e+00,0.9453,7719,89,101,105,97,86,113,88,99
ENSG00000187257,RSBN1L,28.2,14.5,13.8,0.967,0,8.4e-01,1.0e+00,0.9453,7720,15,13,15,15,19,13,11,12
ENSG00000237022,HLA-C,220.2,118.8,101.5,0.856,-0.2,8.4e-01,1.0e+00,0.9454,7721,7,218,239,11,7,178,210,11
ENSG00000115368,WDR75,49.8,24.8,25,1.029,0,8.4e-01,1.0e+00,0.9454,7722,23,24,27,25,27,19,32,22
ENSG00000175040,CHST2,23.2,12,11.2,0.957,-0.1,8.4e-01,1.0e+00,0.9454,7723,11,11,9,17,8,13,15,9
ENSG00000134698,AGO4,51.8,25.5,26.2,1.03,0,8.4e-01,1.0e+00,0.9454,7724,31,27,28,16,27,27,25,26
ENSG00000169592,INO80E,57.2,29,28.2,0.975,0,8.4e-01,1.0e+00,0.9454,7725,25,31,32,28,29,22,32,30
ENSG00000096433,ITPR3,218.2,110.5,107.8,0.976,0,8.4e-01,1.0e+00,0.9454,7726,86,127,126,103,84,105,113,129
ENSG00000082269,FAM135A,21.2,10.5,10.8,1.046,0.1,8.4e-01,1.0e+00,0.9454,7727,12,5,14,11,10,9,10,14
ENSG00000134668,SPOCD1,55,27,28,1.04,0.1,8.4e-01,1.0e+00,0.9454,7728,24,29,19,36,17,26,37,32
ENSG00000167508,MVD,28.5,14,14.5,1.036,0.1,8.5e-01,1.0e+00,0.9454,7729,14,18,10,14,15,11,17,15
ENSG00000142188,TMEM50B,46.5,22.2,24.2,1.091,0.1,8.5e-01,1.0e+00,0.9454,7730,42,0,27,20,38,18,24,17
ENSG00000119402,FBXW2,175.8,87,88.8,1.016,0,8.5e-01,1.0e+00,0.9454,7731,88,92,87,81,96,82,90,87
ENSG00000119446,RBM18,40,19.8,20.2,1.033,0,8.5e-01,1.0e+00,0.9454,7732,16,15,20,28,19,25,19,18
ENSG00000272391,POM121C,71.2,35.2,36,1.025,0,8.5e-01,1.0e+00,0.9454,7733,31,43,32,35,35,34,30,45
ENSG00000279170,TSTD3,21,10.8,10.2,0.95,-0.1,8.5e-01,1.0e+00,0.9458,7736,13,13,13,4,14,7,10,10
ENSG00000189195,BTBD8,20,9.5,10.5,1.074,0.1,8.5e-01,1.0e+00,0.9458,7737,13,10,5,10,9,20,2,11
ENSG00000130813,SHFL,58.8,30,28.8,0.968,0,8.5e-01,1.0e+00,0.9458,7738,35,38,22,25,27,24,26,38
ENSG00000196867,ZFP28,24.5,12.5,12,0.961,-0.1,8.5e-01,1.0e+00,0.946,7741,13,11,10,16,8,17,11,12
ENSG00000119335,SET,327.8,162.8,165,1.016,0,8.5e-01,1.0e+00,0.946,7742,145,183,169,154,177,156,165,162
ENSG00000149196,HIKESHI,30,14.8,15.2,1.036,0.1,8.5e-01,1.0e+00,0.946,7743,17,13,14,15,20,18,13,10
ENSG00000138821,SLC39A8,27,13.2,13.8,1.056,0.1,8.5e-01,1.0e+00,0.946,7744,7,16,9,21,11,11,11,22
ENSG00000115233,PSMD14,60.2,29.8,30.5,1.034,0,8.5e-01,1.0e+00,0.946,7745,30,30,31,28,41,32,33,16
ENSG00000064961,HMG20B,100.5,49.8,50.8,1.024,0,8.5e-01,1.0e+00,0.946,7746,55,42,49,53,62,39,46,56
ENSG00000144381,HSPD1,209.5,106.2,103.2,0.973,0,8.5e-01,1.0e+00,0.946,7747,99,104,120,102,113,99,136,65
ENSG00000204316,MRPL38,33,16.2,16.8,1.034,0,8.5e-01,1.0e+00,0.9461,7749,13,16,14,22,19,20,13,15
ENSG00000163960,UBXN7,139,68.8,70.2,1.022,0,8.5e-01,1.0e+00,0.9461,7750,71,66,84,54,67,74,63,77
ENSG00000161533,ACOX1,80.5,40.8,39.8,0.976,0,8.5e-01,1.0e+00,0.9465,7753,44,50,39,30,41,41,35,42
ENSG00000170949,ZNF160,60.5,30.8,29.8,0.97,0,8.5e-01,1.0e+00,0.9465,7754,23,38,38,24,24,33,32,30
ENSG00000158156,XKR8,22.8,11.2,11.5,1.041,0.1,8.5e-01,1.0e+00,0.9465,7755,9,14,11,11,12,12,7,15
ENSG00000060491,OGFR,70.8,34.8,36,1.028,0,8.5e-01,1.0e+00,0.9466,7757,48,32,27,32,38,30,41,35
ENSG00000110955,ATP5F1B,528,266,262,0.986,0,8.5e-01,1.0e+00,0.9466,7758,255,259,291,259,270,277,254,247
ENSG00000169228,RAB24,40,20.2,19.8,0.971,0,8.5e-01,1.0e+00,0.9469,7762,23,23,20,15,17,18,19,25
ENSG00000099800,TIMM13,40.5,20,20.5,1.031,0,8.5e-01,1.0e+00,0.947,7764,19,16,22,23,27,16,20,19
ENSG00000167548,KMT2D,175.2,86.8,88.5,1.019,0,8.5e-01,1.0e+00,0.947,7765,85,98,88,76,80,77,105,92
ENSG00000132604,TERF2,44,21.8,22.2,1.033,0,8.5e-01,1.0e+00,0.947,7765,28,15,17,27,25,23,21,20
ENSG00000116754,SRSF11,388.5,196,192.5,0.983,0,8.5e-01,1.0e+00,0.9473,7769,205,178,186,215,189,200,160,221
ENSG00000131067,GGT7,49.8,25.5,24.2,0.967,0,8.5e-01,1.0e+00,0.9473,7770,23,33,16,30,27,19,28,23
ENSG00000162813,BPNT1,34.2,17.5,16.8,0.964,-0.1,8.5e-01,1.0e+00,0.9473,7771,21,15,21,13,18,23,11,15
ENSG00000127554,GFER,27.5,13.5,14,1.038,0.1,8.5e-01,1.0e+00,0.9473,7772,13,11,16,14,18,13,8,17
ENSG00000006704,GTF2IRD1,27.5,13.5,14,1.037,0.1,8.5e-01,1.0e+00,0.9473,7773,15,18,12,9,15,11,14,16
ENSG00000167315,ACAA2,103.2,52.5,50.8,0.97,0,8.5e-01,1.0e+00,0.9473,7773,45,40,57,68,42,53,38,70
ENSG00000166275,BORCS7,40,19.8,20.2,1.032,0,8.5e-01,1.0e+00,0.9473,7774,19,24,19,17,20,22,13,26
ENSG00000152683,SLC30A6,60,29.8,30.2,1.021,0,8.5e-01,1.0e+00,0.9473,7775,33,28,31,27,28,29,31,33
ENSG00000117791,MTARC2,23.5,12,11.5,0.96,-0.1,8.5e-01,1.0e+00,0.9473,7776,13,11,11,13,6,13,12,15
ENSG00000133422,MORC2,72.2,36.8,35.5,0.971,0,8.5e-01,1.0e+00,0.9473,7777,43,37,37,30,46,40,33,23
ENSG00000215021,PHB2,200.2,101,99.2,0.982,0,8.5e-01,1.0e+00,0.9473,7778,103,118,94,89,114,96,98,89
ENSG00000139324,TMTC3,95.2,46.8,48.5,1.035,0,8.5e-01,1.0e+00,0.9473,7779,50,48,37,52,25,51,53,65
ENSG00000176871,WSB2,123.8,61.2,62.5,1.028,0,8.5e-01,1.0e+00,0.9474,7781,72,58,72,43,73,45,69,63
ENSG00000123106,CCDC91,33,16.2,16.8,1.034,0,8.5e-01,1.0e+00,0.9475,7783,18,17,13,17,20,16,20,11
ENSG00000078061,ARAF,69.5,34.2,35.2,1.026,0,8.5e-01,1.0e+00,0.9475,7784,38,36,33,30,37,24,42,38
ENSG00000113643,RARS1,115,58.2,56.8,0.974,0,8.5e-01,1.0e+00,0.9476,7786,76,49,62,46,59,51,70,47
ENSG00000125534,PPDPF,179.5,90.5,89,0.983,0,8.5e-01,1.0e+00,0.9477,7787,85,104,93,80,81,97,89,89
ENSG00000134352,IL6ST,3919.5,1938.8,1980.8,1.022,0,8.5e-01,1.0e+00,0.9477,7788,2043,2032,1472,2208,1691,2237,1815,2180
ENSG00000165832,TRUB1,30.5,15.5,15,0.971,0,8.5e-01,1.0e+00,0.9477,7789,18,16,14,14,16,12,18,14
ENSG00000116786,PLEKHM2,327,162.2,164.8,1.017,0,8.5e-01,1.0e+00,0.9477,7790,157,141,172,179,157,160,152,190
ENSG00000146731,CCT6A,149,74,75,1.022,0,8.5e-01,1.0e+00,0.9477,7791,84,68,77,67,97,63,72,68
ENSG00000125818,PSMF1,156.2,77.2,79,1.022,0,8.5e-01,1.0e+00,0.9477,7792,76,92,83,58,80,84,86,66
ENSG00000271303,SRXN1,74.8,37.8,37,0.976,0,8.5e-01,1.0e+00,0.9477,7793,41,30,47,33,34,40,41,33
ENSG00000037637,FBXO42,55.5,28.2,27.2,0.964,-0.1,8.5e-01,1.0e+00,0.9477,7794,22,40,30,21,24,23,22,40
ENSG00000069248,NUP133,94.8,46.8,48,1.024,0,8.5e-01,1.0e+00,0.9479,7796,42,46,39,60,53,55,37,47
ENSG00000143776,CDC42BPA,198,100,98,0.981,0,8.5e-01,1.0e+00,0.9481,7799,82,121,103,94,109,97,101,85
ENSG00000065357,DGKA,79.8,39.2,40.5,1.024,0,8.5e-01,1.0e+00,0.9481,7800,43,44,39,31,48,33,45,36
ENSG00000244038,DDOST,427.5,212.2,215.2,1.015,0,8.5e-01,1.0e+00,0.9481,7801,230,215,197,207,224,204,235,198
ENSG00000135916,ITM2C,322,162.5,159.5,0.984,0,8.5e-01,1.0e+00,0.9481,7802,163,142,175,170,148,155,184,151
ENSG00000198380,GFPT1,156.5,77.2,79.2,1.028,0,8.5e-01,1.0e+00,0.9485,7806,65,76,103,65,61,80,107,69
ENSG00000138061,CYP1B1,149.5,73.8,75.8,1.032,0,8.5e-01,1.0e+00,0.9485,7807,52,78,100,65,102,68,80,53
ENSG00000185379,RAD51D,38,19.2,18.8,0.97,0,8.5e-01,1.0e+00,0.9485,7808,26,16,15,20,18,22,20,15
ENSG00000114520,SNX4,32.5,16.5,16,0.962,-0.1,8.5e-01,1.0e+00,0.9485,7809,20,10,14,22,16,22,11,15
ENSG00000198060,MARCHF5,56,27.8,28.2,1.031,0,8.5e-01,1.0e+00,0.9485,7810,36,22,19,34,25,26,29,33
ENSG00000258315,BACC1,68.8,34,34.8,1.024,0,8.5e-01,1.0e+00,0.9485,7811,31,38,30,37,43,33,26,37
ENSG00000256646,ENSG00000256646,32.2,15.5,16.8,1.084,0.1,8.5e-01,1.0e+00,0.9485,7812,24,10,11,17,27,18,0,22
ENSG00000151883,PARP8,28.2,14.8,13.5,0.935,-0.1,8.5e-01,1.0e+00,0.9485,7813,19,11,25,4,20,7,20,7
ENSG00000070761,CFAP20,28.5,14.5,14,0.97,0,8.5e-01,1.0e+00,0.9485,7814,16,11,18,13,13,12,15,16
ENSG00000172534,HCFC1,130.2,64.5,65.8,1.021,0,8.5e-01,1.0e+00,0.9485,7815,64,61,66,67,80,48,72,63
ENSG00000131051,RBM39,386.2,192,194.2,1.013,0,8.5e-01,1.0e+00,0.9486,7817,189,201,190,188,209,193,180,195
ENSG00000101557,USP14,97.2,49,48.2,0.98,0,8.5e-01,1.0e+00,0.9486,7818,44,48,51,53,37,51,53,52
ENSG00000128524,ATP6V1F,97.8,48.2,49.5,1.024,0,8.5e-01,1.0e+00,0.9486,7819,57,50,40,46,60,55,45,38
ENSG00000010810,FYN,130,64.2,65.8,1.027,0,8.6e-01,1.0e+00,0.949,7823,60,58,84,55,71,64,83,45
ENSG00000239900,ADSL,56.2,28.5,27.8,0.976,0,8.6e-01,1.0e+00,0.9491,7825,25,30,32,27,25,30,22,34
ENSG00000099810,MTAP,62.2,31.5,30.8,0.98,0,8.6e-01,1.0e+00,0.9492,7826,35,32,28,31,33,30,26,34
ENSG00000178163,ZNF518B,38.5,19,19.5,1.033,0,8.6e-01,1.0e+00,0.9492,7827,14,14,25,23,21,19,15,23
ENSG00000132323,ILKAP,27.8,14.2,13.5,0.965,-0.1,8.6e-01,1.0e+00,0.9492,7828,12,14,13,18,18,16,9,11
ENSG00000102409,BEX4,27.8,13.8,14,1.038,0.1,8.6e-01,1.0e+00,0.9493,7830,12,13,18,12,15,14,8,19
ENSG00000084234,APLP2,2191.8,1085.2,1106.5,1.02,0,8.6e-01,1.0e+00,0.9493,7831,878,1135,1221,1107,901,1218,1060,1247
ENSG00000132953,XPO4,58.2,28.8,29.5,1.028,0,8.6e-01,1.0e+00,0.9493,7832,31,32,30,22,29,22,38,29
ENSG00000166716,ZNF592,69.8,34.5,35.2,1.022,0,8.6e-01,1.0e+00,0.9494,7834,38,26,39,35,33,34,35,39
ENSG00000163882,POLR2H,33,16.5,16.5,1.032,0,8.6e-01,1.0e+00,0.9494,7835,16,20,17,13,21,11,19,15
ENSG00000166226,CCT2,147.5,73,74.5,1.024,0,8.6e-01,1.0e+00,0.9494,7835,86,60,86,60,87,73,82,56
ENSG00000250305,TRMT9B,30.8,15,15.8,1.037,0.1,8.6e-01,1.0e+00,0.9494,7836,13,18,14,15,11,19,11,22
ENSG00000142409,ZNF787,26.5,13.5,13,0.949,-0.1,8.6e-01,1.0e+00,0.9494,7837,18,10,13,13,8,6,13,25
ENSG00000198406,BZW1P2,39,18.8,20.2,1.082,0.1,8.6e-01,1.0e+00,0.9494,7838,0,30,31,14,17,16,25,23
ENSG00000213024,NUP62,70.5,35.8,34.8,0.974,0,8.6e-01,1.0e+00,0.9494,7839,32,47,38,26,39,30,36,34
ENSG00000125730,C3,727.8,355.8,372,1.046,0.1,8.6e-01,1.0e+00,0.9494,7840,314,505,181,423,352,526,177,433
ENSG00000155906,RMND1,40.8,20,20.8,1.044,0.1,8.6e-01,1.0e+00,0.9494,7841,8,22,28,22,17,22,26,18
ENSG00000115211,EIF2B4,55.8,27.5,28.2,1.036,0.1,8.6e-01,1.0e+00,0.9494,7842,27,24,17,42,36,23,25,29
ENSG00000144642,RBMS3,115.5,57,58.5,1.028,0,8.6e-01,1.0e+00,0.9496,7845,42,67,74,45,49,67,70,48
ENSG00000177646,ACAD9,49.8,24.8,25,1.027,0,8.6e-01,1.0e+00,0.9497,7846,16,28,27,28,29,25,23,23
ENSG00000172115,CYCS,56.2,27.8,28.5,1.028,0,8.6e-01,1.0e+00,0.9498,7848,31,20,30,30,37,23,29,25
ENSG00000137312,FLOT1,171.2,81.8,89.5,1.095,0.1,8.6e-01,1.0e+00,0.9498,7849,101,117,50,59,0,102,151,105
ENSG00000101350,KIF3B,194.8,98.2,96.5,0.983,0,8.6e-01,1.0e+00,0.95,7852,101,98,111,83,89,91,91,115
ENSG00000138758,SEPTIN11,1919.2,949,970.2,1.023,0,8.6e-01,1.0e+00,0.95,7853,856,921,952,1067,859,724,1285,1013
ENSG00000011275,RNF216,137,68,69,1.016,0,8.6e-01,1.0e+00,0.95,7854,72,68,72,60,74,64,64,74
ENSG00000065054,NHERF2,66.5,32.5,34,1.042,0.1,8.6e-01,1.0e+00,0.95,7855,26,29,33,42,27,18,59,32
ENSG00000283847,HBP1,180,90.8,89.2,0.98,0,8.6e-01,1.0e+00,0.95,7856,78,85,107,93,77,107,75,98
ENSG00000136044,APPL2,195.5,99,96.5,0.974,0,8.6e-01,1.0e+00,0.95,7857,77,117,88,114,99,100,64,123
ENSG00000080608,PUM3,42.5,21.8,20.8,0.972,0,8.6e-01,1.0e+00,0.95,7858,18,24,27,18,21,24,23,15
ENSG00000115380,EFEMP1,1860.8,915.2,945.5,1.033,0,8.6e-01,1.0e+00,0.95,7859,616,1296,1010,739,654,1228,1085,815
ENSG00000157450,RNF111,65.2,32.2,33,1.021,0,8.6e-01,1.0e+00,0.95,7860,38,32,30,29,31,36,36,29
ENSG00000096080,MRPS18A,21,10.8,10.2,0.954,-0.1,8.6e-01,1.0e+00,0.95,7861,13,8,9,13,4,12,14,11
ENSG00000118816,CCNI,411,203.5,207.5,1.02,0,8.6e-01,1.0e+00,0.95,7862,202,198,203,211,179,275,163,213
ENSG00000136021,SCYL2,92,46.2,45.8,0.982,0,8.6e-01,1.0e+00,0.9504,7865,41,45,44,55,44,52,43,44
ENSG00000116918,TSNAX,72.8,36,36.8,1.028,0,8.6e-01,1.0e+00,0.9504,7867,31,25,38,50,39,37,31,40
ENSG00000275618,BFAR,47.8,24.8,23,0.939,-0.1,8.6e-01,1.0e+00,0.9505,7868,13,22,31,33,15,13,11,53
ENSG00000144029,MRPS5,58.5,29,29.5,1.028,0,8.6e-01,1.0e+00,0.9506,7870,29,35,30,22,30,36,32,20
ENSG00000168653,NDUFS5,106.8,54.2,52.5,0.973,0,8.6e-01,1.0e+00,0.9506,7871,59,38,70,50,66,42,58,44
ENSG00000164654,MIOS,21.8,10.8,11,1.04,0.1,8.6e-01,1.0e+00,0.9508,7874,7,12,12,12,16,7,11,10
ENSG00000183054,RGPD6,33.8,16,17.8,1.139,0.2,8.6e-01,1.0e+00,0.9508,7875,8,25,0,31,26,0,0,45
ENSG00000164032,H2AZ1,62.8,31.8,31,0.973,0,8.6e-01,1.0e+00,0.9519,7884,38,22,31,36,40,30,28,26
ENSG00000018699,TTC27,23.8,11.8,12,1.039,0.1,8.6e-01,1.0e+00,0.9519,7885,11,11,7,18,15,10,13,10
ENSG00000181690,PLAG1,35.5,17.2,18.2,1.036,0.1,8.6e-01,1.0e+00,0.9524,7891,18,14,17,20,18,21,9,25
ENSG00000107566,ERLIN1,140.2,69.5,70.8,1.016,0,8.6e-01,1.0e+00,0.9524,7892,65,78,69,66,64,78,63,78
ENSG00000136933,RABEPK,30.8,15,15.8,1.039,0.1,8.6e-01,1.0e+00,0.9525,7893,20,9,12,19,16,21,16,10
ENSG00000280477,RASA3,92,45.5,46.5,1.02,0,8.6e-01,1.0e+00,0.9526,7895,43,47,49,43,42,40,44,60
ENSG00000170903,MSANTD4,40.2,20.5,19.8,0.972,0,8.6e-01,1.0e+00,0.9527,7897,24,16,26,16,22,16,23,18
ENSG00000162923,WDR26,320.2,161.5,158.8,0.983,0,8.6e-01,1.0e+00,0.9528,7898,156,138,191,161,156,189,148,142
ENSG00000162623,TYW3,44.5,22.8,21.8,0.974,0,8.6e-01,1.0e+00,0.9528,7899,23,27,23,18,24,27,18,18
ENSG00000103876,FAH,34.5,17.2,17.2,1.032,0,8.6e-01,1.0e+00,0.9528,7901,13,22,19,15,20,12,15,22
ENSG00000154553,PDLIM3,13.8,7.2,6.5,0.915,-0.1,8.6e-01,1.0e+00,0.9528,7902,11,7,1,10,10,4,0,12
ENSG00000136874,STX17,65,33,32,0.969,0,8.6e-01,1.0e+00,0.9528,7903,26,33,37,36,17,36,35,40
ENSG00000182774,RPS17,961.8,475,486.8,1.025,0,8.6e-01,1.0e+00,0.9533,7908,600,470,405,425,689,447,422,389
ENSG00000105939,ZC3HAV1,132.5,65.8,66.8,1.018,0,8.6e-01,1.0e+00,0.9536,7911,77,61,53,72,63,73,67,64
ENSG00000259781,HMGB1P6,36,18.8,17.2,0.927,-0.1,8.7e-01,1.0e+00,0.9539,7914,18,9,19,29,27,28,0,14
ENSG00000134014,ELP3,47.2,23.2,24,1.033,0,8.7e-01,1.0e+00,0.955,7925,29,18,28,18,26,33,15,22
ENSG00000166908,PIP4K2C,34.2,17.2,17,0.964,-0.1,8.7e-01,1.0e+00,0.955,7926,25,18,13,13,14,17,12,25
ENSG00000137824,RMDN3,48.5,24.8,23.8,0.969,0,8.7e-01,1.0e+00,0.955,7927,23,26,33,17,26,31,16,22
ENSG00000137573,SULF1,1378.2,668,710.2,1.064,0.1,8.7e-01,1.0e+00,0.955,7928,334,1347,264,727,423,1174,387,857
ENSG00000147457,CHMP7,64,31.8,32.2,1.02,0,8.7e-01,1.0e+00,0.955,7929,33,28,32,34,34,26,35,34
ENSG00000157540,DYRK1A,76.5,37.8,38.8,1.023,0,8.7e-01,1.0e+00,0.955,7930,40,35,35,41,30,53,37,35
ENSG00000005436,GCFC2,23.8,11.8,12,1.04,0.1,8.7e-01,1.0e+00,0.955,7931,8,11,15,13,13,6,16,13
ENSG00000174953,DHX36,86.8,43.8,43,0.979,0,8.7e-01,1.0e+00,0.955,7932,52,43,33,47,51,43,43,35
ENSG00000157181,ODR4,41.8,21.2,20.5,0.973,0,8.7e-01,1.0e+00,0.9551,7933,20,24,19,22,15,27,23,17
ENSG00000213585,VDAC1,214.2,105.8,108.5,1.024,0,8.7e-01,1.0e+00,0.9551,7934,105,124,103,91,116,92,149,77
ENSG00000053770,AP5M1,52.2,26.5,25.8,0.974,0,8.7e-01,1.0e+00,0.9555,7938,27,23,33,23,21,21,34,27
ENSG00000144560,VGLL4,78.5,38.8,39.8,1.02,0,8.7e-01,1.0e+00,0.9555,7939,40,29,41,45,45,38,40,36
ENSG00000198055,GRK6,28.5,14.5,14,0.969,0,8.7e-01,1.0e+00,0.9556,7941,14,12,17,15,13,10,21,12
ENSG00000138035,PNPT1,40.2,19.8,20.5,1.033,0,8.7e-01,1.0e+00,0.9557,7943,15,21,30,13,18,23,18,23
ENSG00000049449,RCN1,502.2,248.8,253.5,1.019,0,8.7e-01,1.0e+00,0.9557,7944,266,252,197,280,240,213,325,236
ENSG00000115947,ORC4,43,22,21,0.976,0,8.7e-01,1.0e+00,0.9557,7945,24,21,25,18,19,28,19,18
ENSG00000163961,RNF168,35,17.5,17.5,1.032,0,8.7e-01,1.0e+00,0.9557,7946,16,22,17,15,20,10,17,23
ENSG00000085788,DDHD2,99.5,49,50.5,1.029,0,8.7e-01,1.0e+00,0.9557,7947,49,63,32,52,43,44,41,74
ENSG00000164414,SLC35A1,41.2,20,21.2,1.048,0.1,8.7e-01,1.0e+00,0.9557,7948,19,17,11,33,11,29,14,31
ENSG00000160691,SHC1,516.2,260.8,255.5,0.98,0,8.7e-01,1.0e+00,0.9557,7948,290,282,257,214,259,248,328,187
ENSG00000110925,CSRNP2,48,23.8,24.2,1.03,0,8.7e-01,1.0e+00,0.9557,7949,21,20,35,19,30,27,20,20
ENSG00000077238,IL4R,38,18.5,19.5,1.034,0,8.7e-01,1.0e+00,0.9557,7950,16,16,27,15,18,17,28,15
ENSG00000185658,BRWD1,129.2,65.2,64,0.979,0,8.7e-01,1.0e+00,0.9557,7951,57,59,63,82,75,54,53,74
ENSG00000163848,ZNF148,109.5,55.2,54.2,0.981,0,8.7e-01,1.0e+00,0.9557,7952,54,46,63,58,51,67,55,44
ENSG00000173275,ZNF449,29.2,14.2,15,1.055,0.1,8.7e-01,1.0e+00,0.9557,7953,7,8,12,30,16,22,10,12
ENSG00000155254,MARVELD1,208,104.8,103.2,0.986,0,8.7e-01,1.0e+00,0.9558,7955,96,120,100,103,91,110,102,110
ENSG00000049860,HEXB,375.2,186,189.2,1.016,0,8.7e-01,1.0e+00,0.9558,7956,163,190,207,184,153,202,213,189
ENSG00000085872,CHERP,60,29.8,30.2,1.02,0,8.7e-01,1.0e+00,0.956,7958,35,29,29,26,34,33,26,28
ENSG00000152894,PTPRK,173,83,90,1.079,0.1,8.7e-01,1.0e+00,0.956,7960,113,0,104,115,75,89,95,101
ENSG00000104946,TBC1D17,106.5,52.8,53.8,1.016,0,8.7e-01,1.0e+00,0.9563,7963,62,47,50,52,55,52,48,60
ENSG00000116863,ADPRS,30.2,15.2,15,0.971,0,8.7e-01,1.0e+00,0.9564,7965,19,14,15,13,18,19,11,12
ENSG00000285023,CHORDC1,43.2,22,21.2,0.973,0,8.7e-01,1.0e+00,0.9564,7966,21,18,24,25,29,22,14,20
ENSG00000066651,TRMT11,20.8,10,10.8,1.046,0.1,8.7e-01,1.0e+00,0.9568,7970,13,7,10,10,14,16,4,9
ENSG00000122085,MTERF4,42,21.5,20.5,0.972,0,8.7e-01,1.0e+00,0.9572,7975,22,20,22,22,24,23,24,11
ENSG00000182606,TRAK1,107.5,53.2,54.2,1.021,0,8.7e-01,1.0e+00,0.9576,7978,55,60,61,37,48,52,55,62
ENSG00000171960,PPIH,21,10.8,10.2,0.973,0,8.7e-01,1.0e+00,0.9576,7979,10,12,11,10,9,11,10,11
ENSG00000092108,SCFD1,94.8,47,47.8,1.018,0,8.7e-01,1.0e+00,0.9576,7980,53,48,42,45,56,42,53,40
ENSG00000148399,DPH7,25.8,13.2,12.5,0.963,-0.1,8.7e-01,1.0e+00,0.9576,7981,10,9,21,13,15,11,8,16
ENSG00000164236,ANKRD33B,236.8,119.5,117.2,0.982,0,8.7e-01,1.0e+00,0.9577,7983,99,152,115,112,111,134,98,126
ENSG00000112701,SENP6,130.8,66,64.8,0.985,0,8.7e-01,1.0e+00,0.9579,7986,58,65,67,74,61,68,71,59
ENSG00000145495,MARCHF6,207.8,103.2,104.5,1.013,0,8.7e-01,1.0e+00,0.9579,7987,105,103,94,111,105,109,95,109
ENSG00000138593,SECISBP2L,168.2,83.2,85,1.015,0,8.7e-01,1.0e+00,0.9579,7988,67,90,93,83,82,84,94,80
ENSG00000085063,CD59,1084.8,538.2,546.5,1.015,0,8.7e-01,1.0e+00,0.9579,7989,447,537,590,579,465,613,548,560
ENSG00000204084,INPP5B,28,14.2,13.8,0.956,-0.1,8.7e-01,1.0e+00,0.9579,7990,24,8,15,10,8,22,12,13
ENSG00000102081,FMR1,57,29,28,0.977,0,8.7e-01,1.0e+00,0.9579,7991,36,30,25,25,29,32,20,31
ENSG00000275199,AKT3,36.8,17.2,19.5,1.113,0.2,8.7e-01,1.0e+00,0.9579,7992,13,0,33,23,3,0,29,46
ENSG00000130021,PUDP,28.2,14.2,14,0.969,0,8.7e-01,1.0e+00,0.9579,7993,18,10,10,19,13,16,14,13
ENSG00000090432,MUL1,54.2,27,27.2,1.022,0,8.7e-01,1.0e+00,0.9579,7994,34,23,27,24,27,29,22,31
ENSG00000134597,RBMX2,21,10.8,10.2,0.973,0,8.7e-01,1.0e+00,0.9579,7995,11,10,11,11,9,9,11,12
ENSG00000105518,TMEM205,42.8,22,20.8,0.972,0,8.7e-01,1.0e+00,0.9579,7996,22,22,22,22,24,12,29,18
ENSG00000040531,CTNS,43.5,22,21.5,0.974,0,8.7e-01,1.0e+00,0.9579,7997,16,25,24,23,16,18,24,28
ENSG00000052723,SIKE1,66.5,33.8,32.8,0.975,0,8.7e-01,1.0e+00,0.958,7998,33,40,40,22,32,41,31,27
ENSG00000174606,ANGEL2,49.2,25.2,24,0.971,0,8.7e-01,1.0e+00,0.9581,8000,24,22,22,33,22,33,27,14
ENSG00000188811,NHLRC3,53.8,27.5,26.2,0.966,-0.1,8.7e-01,1.0e+00,0.9582,8002,27,31,22,30,21,36,12,36
ENSG00000173141,MRPL57,23.2,12,11.2,0.959,-0.1,8.8e-01,1.0e+00,0.9582,8003,13,7,18,10,8,7,18,12
ENSG00000262435,WASH8P,34.5,17.8,16.8,0.96,-0.1,8.8e-01,1.0e+00,0.9582,8004,23,26,14,8,25,16,14,12
ENSG00000005243,COPZ2,83.2,41.2,42,1.022,0,8.8e-01,1.0e+00,0.9582,8005,51,36,40,38,44,45,29,50
ENSG00000169184,MN1,181,92.5,88.5,0.954,-0.1,8.8e-01,1.0e+00,0.9582,8006,63,139,30,138,82,93,55,124
ENSG00000167674,HDGFL2,106.5,53.8,52.8,0.982,0,8.8e-01,1.0e+00,0.9582,8007,56,59,57,43,51,47,66,47
ENSG00000087206,UIMC1,40.8,20.8,20,0.973,0,8.8e-01,1.0e+00,0.9582,8008,28,21,13,21,17,22,20,21
ENSG00000137106,GRHPR,101.2,51.2,50,0.976,0,8.8e-01,1.0e+00,0.9582,8009,54,59,46,46,38,56,69,37
ENSG00000112685,EXOC2,77.2,38.2,39,1.021,0,8.8e-01,1.0e+00,0.9582,8010,42,34,48,29,43,42,35,36
ENSG00000198677,SKIC3,259.2,128.5,130.8,1.015,0,8.8e-01,1.0e+00,0.9583,8011,131,122,147,114,114,152,125,132
ENSG00000138085,ATRAID,152,75.2,76.8,1.017,0,8.8e-01,1.0e+00,0.9583,8012,77,71,75,78,85,80,57,85
ENSG00000274726,ARHGEF10,130.5,63.2,67.2,1.06,0.1,8.8e-01,1.0e+00,0.9583,8013,97,66,5,85,70,60,60,79
ENSG00000146776,ATXN7L1,23,11.8,11.2,0.96,-0.1,8.8e-01,1.0e+00,0.9583,8014,14,6,12,15,7,9,11,18
ENSG00000293319,ENSG00000293319,525.5,250,275.5,1.102,0.1,8.8e-01,1.0e+00,0.9584,8016,403,251,0,346,475,292,61,274
ENSG00000196505,GDAP2,18.5,9,9.5,1.049,0.1,8.8e-01,1.0e+00,0.9597,8028,14,12,5,5,5,9,12,12
ENSG00000100883,SRP54,77.5,39.2,38.2,0.983,0,8.8e-01,1.0e+00,0.9597,8029,36,33,47,41,35,39,37,42
ENSG00000186298,PPP1CC,160.5,80.5,80,0.986,0,8.8e-01,1.0e+00,0.9597,8030,67,87,84,84,87,78,80,75
ENSG00000115761,NOL10,45.5,22.8,22.8,1.019,0,8.8e-01,1.0e+00,0.9597,8031,24,22,22,23,24,19,25,23
ENSG00000293311,SMPD4BP,21.8,11.2,10.5,0.952,-0.1,8.8e-01,1.0e+00,0.9597,8032,16,8,7,14,19,5,6,12
ENSG00000149089,APIP,24.8,12.2,12.5,1.041,0.1,8.8e-01,1.0e+00,0.9599,8035,13,12,19,5,12,14,16,8
ENSG00000169398,PTK2,161.2,80,81.2,1.014,0,8.8e-01,1.0e+00,0.9599,8036,74,85,90,71,77,86,77,85
ENSG00000225840,ENSG00000225840,379.2,186.2,193,1.036,0.1,8.8e-01,1.0e+00,0.9599,8037,234,169,205,137,91,188,168,325
ENSG00000164733,CTSB,1344.5,665.5,679,1.02,0,8.8e-01,1.0e+00,0.9599,8038,683,554,830,595,803,518,810,585
ENSG00000145246,ATP10D,83.8,41.2,42.5,1.021,0,8.8e-01,1.0e+00,0.9599,8039,42,48,33,42,29,48,43,50
ENSG00000143337,TOR1AIP1,323.5,163.2,160.2,0.981,0,8.8e-01,1.0e+00,0.9599,8040,132,189,145,187,125,196,150,170
ENSG00000144749,LRIG1,238,117.8,120.2,1.02,0,8.8e-01,1.0e+00,0.9599,8041,105,100,120,146,89,109,148,135
ENSG00000185728,YTHDF3,176.8,87.8,89,1.016,0,8.8e-01,1.0e+00,0.96,8042,93,97,83,78,97,89,100,70
ENSG00000090581,GNPTG,116.8,58,58.8,1.016,0,8.8e-01,1.0e+00,0.9601,8044,58,51,65,58,57,49,70,59
ENSG00000138757,G3BP2,229.5,114,115.5,1.012,0,8.8e-01,1.0e+00,0.9601,8045,103,119,113,121,112,119,127,104
ENSG00000196700,ZNF512B,76,38.2,37.8,0.979,0,8.8e-01,1.0e+00,0.9601,8046,45,37,39,32,46,28,43,34
ENSG00000181404,WASHC1,27,13.8,13.2,0.964,-0.1,8.8e-01,1.0e+00,0.9601,8047,13,14,9,19,17,9,8,19
ENSG00000184182,UBE2F,58.5,29.8,28.8,0.977,0,8.8e-01,1.0e+00,0.9601,8048,26,37,22,34,22,34,28,31
ENSG00000103549,RNF40,146,73.5,72.5,0.986,0,8.8e-01,1.0e+00,0.9603,8050,73,66,85,70,74,64,80,72
ENSG00000167515,TRAPPC2L,58,29.5,28.5,0.976,0,8.8e-01,1.0e+00,0.9603,8051,27,33,23,35,28,24,22,40
ENSG00000124535,WRNIP1,65.2,33,32.2,0.982,0,8.8e-01,1.0e+00,0.9603,8052,33,34,28,37,32,36,25,36
ENSG00000152256,PDK1,54.8,27,27.8,1.039,0.1,8.8e-01,1.0e+00,0.9603,8053,26,28,24,30,20,22,54,15
ENSG00000092036,HAUS4,36.8,18.2,18.5,1.031,0,8.8e-01,1.0e+00,0.9603,8054,18,20,18,17,24,17,24,9
ENSG00000173801,JUP,22,10.8,11.2,1.047,0.1,8.8e-01,1.0e+00,0.9603,8055,9,9,12,13,4,17,7,17
ENSG00000169083,AR,108.8,53.8,55,1.025,0,8.8e-01,1.0e+00,0.9603,8056,48,41,73,53,53,38,76,53
ENSG00000171206,TRIM8,230.2,114.2,116,1.015,0,8.8e-01,1.0e+00,0.9603,8057,98,124,119,116,109,108,106,141
ENSG00000129472,RAB2B,29,14.2,14.8,1.04,0.1,8.8e-01,1.0e+00,0.9603,8058,11,16,19,11,6,22,17,14
ENSG00000229470,GNL1,42.2,22.2,20,0.928,-0.1,8.8e-01,1.0e+00,0.9603,8059,8,27,38,16,55,3,11,11
ENSG00000141380,SS18,129.2,65.2,64,0.986,0,8.8e-01,1.0e+00,0.9603,8060,60,56,73,72,61,62,72,61
ENSG00000282017,ENSG00000282017,1750.8,887.5,863.2,0.972,0,8.8e-01,1.0e+00,0.9603,8060,624,946,1314,666,683,1025,1096,649
ENSG00000204463,BAG6,111.5,53.8,57.8,1.072,0.1,8.8e-01,1.0e+00,0.9603,8061,59,53,103,0,71,51,52,57
ENSG00000274180,NATD1,111.8,55.5,56.2,1.016,0,8.8e-01,1.0e+00,0.9603,8063,50,59,56,57,50,66,47,62
ENSG00000139278,GLIPR1,217.2,107.8,109.5,1.018,0,8.8e-01,1.0e+00,0.9605,8065,83,120,101,127,93,105,138,102
ENSG00000107537,PHYH,57,29,28,0.979,0,8.8e-01,1.0e+00,0.9605,8066,35,23,27,31,24,35,25,28
ENSG00000140577,CRTC3,114.8,56.8,58,1.021,0,8.8e-01,1.0e+00,0.9607,8069,57,41,80,49,64,55,59,54
ENSG00000169895,SYAP1,95,47.8,47.2,0.981,0,8.8e-01,1.0e+00,0.9608,8071,38,43,46,64,54,48,43,44
ENSG00000125901,MRPS26,20.2,10,10.2,1.042,0.1,8.8e-01,1.0e+00,0.9608,8071,4,14,12,10,11,10,6,14
ENSG00000242335,CFB,73.8,35.5,38.2,1.069,0.1,8.8e-01,1.0e+00,0.9608,8072,46,1,48,47,14,65,29,45
ENSG00000118473,SGIP1,76,38.8,37.2,0.959,-0.1,8.8e-01,1.0e+00,0.9608,8073,42,21,62,30,27,24,68,30
ENSG00000196422,PPP1R26,21,10.8,10.2,0.973,0,8.8e-01,1.0e+00,0.9608,8074,11,11,13,8,10,12,9,10
ENSG00000182831,HAPSTR1,135,67,68,1.014,0,8.8e-01,1.0e+00,0.9608,8075,72,55,68,73,70,73,66,63
ENSG00000089157,RPLP0,3419,1688.2,1730.8,1.025,0,8.8e-01,1.0e+00,0.9608,8076,2265,1639,1298,1551,2587,1470,1314,1552
ENSG00000080819,CPOX,40.8,20.2,20.5,1.019,0,8.8e-01,1.0e+00,0.9608,8077,20,18,24,19,23,19,21,19
ENSG00000206452,HLA-C,87,46.8,40.2,0.864,-0.2,8.8e-01,1.0e+00,0.9608,8078,0,163,24,0,0,138,0,23
ENSG00000178074,C2orf69,36.8,18.8,18,0.978,0,8.8e-01,1.0e+00,0.9608,8079,15,20,16,24,18,20,18,16
ENSG00000168005,SPINDOC,33.5,17,16.5,0.976,0,8.8e-01,1.0e+00,0.9608,8080,16,15,23,14,19,18,17,12
ENSG00000174231,PRPF8,617.2,306.8,310.5,1.012,0,8.8e-01,1.0e+00,0.9608,8081,318,307,306,296,326,257,341,318
ENSG00000197858,GPAA1,140,70.8,69.2,0.983,0,8.8e-01,1.0e+00,0.9608,8082,79,70,62,72,78,53,85,61
ENSG00000148331,ASB6,49.8,25.2,24.5,0.98,0,8.8e-01,1.0e+00,0.9608,8083,28,30,21,22,20,24,27,27
ENSG00000040341,STAU2,55.2,27.2,28,1.032,0,8.8e-01,1.0e+00,0.9608,8084,26,27,41,15,20,26,28,38
ENSG00000072042,RDH11,71,35.8,35.2,0.981,0,8.8e-01,1.0e+00,0.9608,8085,40,32,36,35,26,36,46,33
ENSG00000113971,NPHP3,63,31,32,1.034,0,8.8e-01,1.0e+00,0.9608,8086,20,50,29,25,24,42,21,41
ENSG00000288920,RPSA2,65.8,30.8,35,1.142,0.2,8.8e-01,1.0e+00,0.9608,8087,100,22,0,1,116,23,0,1
ENSG00000149016,TUT1,18.8,9.8,9,0.942,-0.1,8.8e-01,1.0e+00,0.9608,8088,2,15,9,13,2,14,9,11
ENSG00000173272,MZT2A,28,14.2,13.8,0.967,0,8.8e-01,1.0e+00,0.9608,8089,20,14,7,16,15,10,17,13
ENSG00000215012,RTL10,27.2,14,13.2,0.964,-0.1,8.8e-01,1.0e+00,0.9608,8090,13,14,17,12,14,5,21,13
ENSG00000105197,TIMM50,60.5,30,30.5,1.02,0,8.8e-01,1.0e+00,0.9608,8091,38,32,23,27,30,30,34,28
ENSG00000204590,GNL1,67,32,35,1.099,0.1,8.8e-01,1.0e+00,0.9608,8092,0,43,18,67,0,34,71,35
ENSG00000007047,MARK4,71.5,36.2,35.2,0.977,0,8.8e-01,1.0e+00,0.9608,8093,25,31,45,44,39,41,29,32
ENSG00000160075,SSU72,168,83.2,84.8,1.013,0,8.8e-01,1.0e+00,0.9608,8094,88,85,75,85,91,85,91,72
ENSG00000172315,TP53RK,37,18.8,18.2,0.979,0,8.9e-01,1.0e+00,0.961,8096,17,16,18,24,20,16,18,19
ENSG00000168036,CTNNB1,440.8,221.8,219,0.988,0,8.9e-01,1.0e+00,0.9617,8103,247,213,191,236,211,226,231,208
ENSG00000128185,DGCR6L,54.2,27,27.2,1.019,0,8.9e-01,1.0e+00,0.9617,8104,31,24,23,30,33,26,24,26
ENSG00000274287,SCRIB,73.8,36.2,37.5,1.027,0,8.9e-01,1.0e+00,0.9617,8105,32,46,31,36,54,23,43,30
ENSG00000179454,KLHL28,29.5,15,14.5,0.969,0,8.9e-01,1.0e+00,0.9621,8109,14,15,9,22,16,13,10,19
ENSG00000280789,PAGR1,21.2,11,10.2,0.949,-0.1,8.9e-01,1.0e+00,0.9622,8111,10,14,11,9,14,8,1,18
ENSG00000188130,MAPK12,39.5,19.5,20,1.021,0,8.9e-01,1.0e+00,0.9622,8112,23,20,17,18,18,20,17,25
ENSG00000111726,CMAS,39.2,19.5,19.8,1.021,0,8.9e-01,1.0e+00,0.9622,8114,16,20,22,20,16,23,18,22
ENSG00000144935,TRPC1,43,21.8,21.2,0.975,0,8.9e-01,1.0e+00,0.9622,8115,22,17,22,26,22,26,12,25
ENSG00000198804,MT-CO1,22543.5,11368.8,11174.8,0.983,0,8.9e-01,1.0e+00,0.9622,8116,9163,10174,14917,11221,10214,10973,12346,11166
ENSG00000106459,NRF1,19.5,10,9.5,0.967,0,8.9e-01,1.0e+00,0.9622,8117,10,14,10,6,13,10,7,8
ENSG00000198874,TYW1,27.2,13.5,13.8,1.038,0.1,8.9e-01,1.0e+00,0.9624,8118,16,6,17,15,20,10,17,8
ENSG00000204568,MRPS18B,54.8,27.2,27.5,1.018,0,8.9e-01,1.0e+00,0.9628,8123,28,31,23,27,30,24,24,32
ENSG00000138193,PLCE1,31,15.2,15.8,1.037,0.1,8.9e-01,1.0e+00,0.9633,8128,8,13,19,21,12,13,12,26
ENSG00000147257,GPC3,94.5,45.5,49,1.076,0.1,8.9e-01,1.0e+00,0.9633,8129,23,61,5,93,25,77,10,84
ENSG00000185722,ANKFY1,194.5,98,96.5,0.986,0,8.9e-01,1.0e+00,0.9633,8130,109,92,99,92,108,73,105,100
ENSG00000141564,RPTOR,55.5,27.5,28,1.018,0,8.9e-01,1.0e+00,0.9633,8131,25,33,27,25,26,23,32,31
ENSG00000146826,TRAPPC14,19.8,9.8,10,1.041,0.1,8.9e-01,1.0e+00,0.9634,8133,7,13,10,9,15,3,12,10
ENSG00000113391,ARB2A,90.2,45.5,44.8,0.98,0,8.9e-01,1.0e+00,0.9634,8134,40,52,35,55,40,34,47,58
ENSG00000163444,TMEM183A,91.2,45.2,46,1.017,0,8.9e-01,1.0e+00,0.9634,8135,49,40,51,41,37,41,53,53
ENSG00000109332,UBE2D3,444.8,221.2,223.5,1.011,0,8.9e-01,1.0e+00,0.9634,8136,209,216,224,236,206,238,217,233
ENSG00000177697,CD151,857.5,426.2,431.2,1.012,0,8.9e-01,1.0e+00,0.9636,8138,382,466,450,407,369,437,480,439
ENSG00000010244,ZNF207,234,118,116,0.987,0,8.9e-01,1.0e+00,0.9636,8139,124,122,132,94,130,104,116,114
ENSG00000184209,SNRNP35,20,10.2,9.8,0.97,0,8.9e-01,1.0e+00,0.9636,8140,10,8,12,11,11,5,11,12
ENSG00000181555,SETD2,143.5,72.2,71.2,0.987,0,8.9e-01,1.0e+00,0.9636,8142,68,63,78,80,64,81,74,66
ENSG00000177058,SLC38A9,33,17,16,0.973,0,8.9e-01,1.0e+00,0.9638,8144,19,23,9,17,18,14,17,15
ENSG00000076201,PTPN23,123,61,62,1.019,0,8.9e-01,1.0e+00,0.9639,8146,61,67,54,62,87,47,61,53
ENSG00000100429,HDAC10,28.5,14,14.5,1.038,0.1,8.9e-01,1.0e+00,0.9641,8149,19,15,8,14,13,6,19,20
ENSG00000112339,HBS1L,101.2,51,50.2,0.982,0,8.9e-01,1.0e+00,0.9641,8150,38,60,51,55,54,57,52,38
ENSG00000067334,DNTTIP2,68.8,34,34.8,1.018,0,8.9e-01,1.0e+00,0.9643,8152,29,43,33,31,32,30,41,36
ENSG00000163482,STK36,63.2,32,31.2,0.981,0,8.9e-01,1.0e+00,0.9645,8154,24,33,40,31,27,38,31,29
ENSG00000126804,ZBTB1,64.2,31.8,32.5,1.026,0,8.9e-01,1.0e+00,0.9646,8157,22,29,36,40,34,35,43,18
ENSG00000198689,SLC9A6,60,29.8,30.2,1.023,0,8.9e-01,1.0e+00,0.9651,8162,33,30,27,29,19,34,25,43
ENSG00000198604,BAZ1A,41.5,21,20.5,0.972,0,8.9e-01,1.0e+00,0.9651,8163,15,15,29,25,25,25,13,19
ENSG00000198837,DENND4B,51.5,26,25.5,0.979,0,8.9e-01,1.0e+00,0.9651,8164,28,31,27,18,31,20,25,26
ENSG00000215114,UBXN2B,40,20.2,19.8,0.971,0,8.9e-01,1.0e+00,0.9652,8165,15,16,21,29,14,13,26,26
ENSG00000164073,MFSD8,23.2,11.8,11.5,0.978,0,8.9e-01,1.0e+00,0.9652,8166,13,12,11,11,12,12,13,9
ENSG00000100281,HMGXB4,56.5,28,28.5,1.02,0,8.9e-01,1.0e+00,0.9655,8170,21,26,27,38,25,30,26,33
ENSG00000166130,IKBIP,108,54.5,53.5,0.982,0,8.9e-01,1.0e+00,0.9655,8171,63,54,51,50,63,53,63,35
ENSG00000064999,ANKS1A,61,30.2,30.8,1.023,0,8.9e-01,1.0e+00,0.9655,8172,34,32,32,23,19,40,36,28
ENSG00000184384,MAML2,76.2,38.5,37.8,0.98,0,8.9e-01,1.0e+00,0.9655,8173,35,50,33,36,28,41,49,33
ENSG00000141034,GID4,40.8,20.5,20.2,0.975,0,8.9e-01,1.0e+00,0.9655,8174,25,18,23,16,14,27,15,25
ENSG00000141076,UTP4,33.8,16.5,17.2,1.063,0.1,8.9e-01,1.0e+00,0.9655,8175,24,13,25,4,28,3,31,7
ENSG00000163558,PRKCI,115.8,57.5,58.2,1.017,0,8.9e-01,1.0e+00,0.9655,8176,48,65,57,60,42,68,59,64
ENSG00000129071,MBD4,50.2,24.8,25.5,1.031,0,8.9e-01,1.0e+00,0.9655,8177,13,25,29,32,15,25,33,29
ENSG00000137628,DDX60,45.5,22.8,22.8,1.022,0,8.9e-01,1.0e+00,0.9655,8178,25,20,27,19,21,32,17,21
ENSG00000066027,PPP2R5A,61,30.2,30.8,1.023,0,8.9e-01,1.0e+00,0.9655,8179,26,24,30,41,22,39,34,28
ENSG00000089335,ZNF302,54.5,27.5,27,0.978,0,8.9e-01,1.0e+00,0.9655,8180,30,28,29,23,17,37,26,28
ENSG00000188786,MTF1,51.8,25.5,26.2,1.027,0,8.9e-01,1.0e+00,0.9655,8181,23,32,32,15,29,17,26,33
ENSG00000227057,WDR46,29.2,14,15.2,1.098,0.1,8.9e-01,1.0e+00,0.9656,8182,35,0,21,0,13,0,30,18
ENSG00000160753,RUSC1,52.2,26,26.2,1.022,0,8.9e-01,1.0e+00,0.9656,8183,33,20,25,26,28,23,20,34
ENSG00000160216,AGPAT3,188.8,93.5,95.2,1.015,0,8.9e-01,1.0e+00,0.9656,8184,74,88,121,91,89,111,90,91
ENSG00000030066,NUP160,78.2,39.5,38.8,0.983,0,8.9e-01,1.0e+00,0.9656,8185,44,30,38,46,45,43,34,33
ENSG00000140992,PDPK1,136.8,69,67.8,0.986,0,9.0e-01,1.0e+00,0.9658,8188,77,65,69,65,55,65,66,85
ENSG00000262209,PCDHGB3,21.8,11.2,10.5,0.933,-0.1,9.0e-01,1.0e+00,0.9658,8189,5,5,24,11,3,16,22,1
ENSG00000241839,PLEKHO2,487.8,245.5,242.2,0.987,0,9.0e-01,1.0e+00,0.9658,8190,223,301,251,207,253,249,249,218
ENSG00000077782,FGFR1,1320,663.2,656.8,0.99,0,9.0e-01,1.0e+00,0.9658,8191,652,655,618,728,650,637,644,696
ENSG00000180530,NRIP1,92.8,46,46.8,1.013,0,9.0e-01,1.0e+00,0.9658,8192,43,44,48,49,51,38,48,50
ENSG00000142657,PGD,244.5,123.2,121.2,0.984,0,9.0e-01,1.0e+00,0.9658,8193,117,119,160,97,128,146,111,100
ENSG00000089057,SLC23A2,70.2,35.5,34.8,0.986,0,9.0e-01,1.0e+00,0.9658,8194,36,34,35,37,31,40,30,38
ENSG00000113648,MACROH2A1,173.8,86,87.8,1.017,0,9.0e-01,1.0e+00,0.9658,8195,92,80,94,78,89,63,116,83
ENSG00000088876,ZNF343,29,14.8,14.2,0.969,0,9.0e-01,1.0e+00,0.966,8197,13,18,13,15,8,20,20,9
ENSG00000126457,PRMT1,100,49.8,50.2,1.017,0,9.0e-01,1.0e+00,0.9663,8201,52,59,53,35,60,44,52,45
ENSG00000058673,ZC3H11A,224.2,113,111.2,0.985,0,9.0e-01,1.0e+00,0.9663,8202,145,101,104,102,130,115,93,107
ENSG00000133612,AGAP3,30.8,16,14.8,0.967,0,9.0e-01,1.0e+00,0.9663,8203,13,22,8,21,21,13,9,16
ENSG00000139372,TDG,34.2,17.2,17,0.979,0,9.0e-01,1.0e+00,0.9663,8204,22,16,15,16,13,21,18,16
ENSG00000071082,RPL31,957.8,475.2,482.5,1.015,0,9.0e-01,1.0e+00,0.9663,8205,570,457,368,506,588,481,429,432
ENSG00000108691,CCL2,82.2,40,42.2,1.061,0.1,9.0e-01,1.0e+00,0.9663,8206,26,32,77,25,15,22,113,19
ENSG00000011422,PLAUR,35,17.2,17.8,1.022,0,9.0e-01,1.0e+00,0.9663,8206,21,16,14,18,13,18,18,22
ENSG00000188186,LAMTOR4,49.5,24.8,24.8,1.019,0,9.0e-01,1.0e+00,0.9663,8207,26,28,20,25,24,22,32,21
ENSG00000175866,BAIAP2,24.8,12.2,12.5,1.037,0.1,9.0e-01,1.0e+00,0.9663,8208,10,14,10,15,18,10,4,18
ENSG00000109066,TMEM104,43.5,22,21.5,0.977,0,9.0e-01,1.0e+00,0.9663,8209,27,15,23,23,16,20,29,21
ENSG00000159433,STARD9,63.8,32.2,31.5,0.971,0,9.0e-01,1.0e+00,0.9663,8210,39,26,32,32,52,19,18,37
ENSG00000118849,RARRES1,234,113.2,120.8,1.068,0.1,9.0e-01,1.0e+00,0.9664,8212,137,190,19,107,126,255,13,89
ENSG00000128512,DOCK4,77,38.8,38.2,0.982,0,9.0e-01,1.0e+00,0.9664,8213,38,36,47,34,32,30,50,41
ENSG00000184752,NDUFA12,29.2,14.8,14.5,0.97,0,9.0e-01,1.0e+00,0.9664,8214,13,15,19,12,13,19,20,6
ENSG00000073614,KDM5A,133.8,66.5,67.2,1.013,0,9.0e-01,1.0e+00,0.9666,8217,66,75,67,58,57,67,66,79
ENSG00000088298,EDEM2,50.2,25,25.2,1.024,0,9.0e-01,1.0e+00,0.9666,8218,17,34,24,25,36,26,19,20
ENSG00000138036,DYNC2LI1,30.5,15.8,14.8,0.969,0,9.0e-01,1.0e+00,0.9666,8219,13,26,8,16,11,14,15,19
ENSG00000068120,COASY,70.2,35.5,34.8,0.984,0,9.0e-01,1.0e+00,0.9666,8220,36,42,27,37,30,39,33,37
ENSG00000001461,NIPAL3,246.2,124.5,121.8,0.976,0,9.0e-01,1.0e+00,0.9666,8221,100,167,106,125,79,170,86,152
ENSG00000164751,PEX2,64,31.8,32.2,1.023,0,9.0e-01,1.0e+00,0.9666,8222,26,28,30,43,21,44,29,35
ENSG00000133065,SLC41A1,108.2,53.5,54.8,1.024,0,9.0e-01,1.0e+00,0.9666,8223,56,26,63,69,49,47,63,60
ENSG00000100425,BRD1,54,26.8,27.2,1.02,0,9.0e-01,1.0e+00,0.9669,8226,24,22,34,27,25,20,34,30
ENSG00000180228,PRKRA,69,34.2,34.8,1.017,0,9.0e-01,1.0e+00,0.9669,8227,31,42,27,37,40,35,35,29
ENSG00000147471,PLPBP,46.2,23.5,22.8,0.978,0,9.0e-01,1.0e+00,0.9671,8230,20,25,22,27,14,27,29,21
ENSG00000012174,MBTPS2,68.5,34,34.5,1.022,0,9.0e-01,1.0e+00,0.9672,8232,36,41,26,33,21,48,33,36
ENSG00000115365,LANCL1,137.5,68.2,69.2,1.014,0,9.0e-01,1.0e+00,0.9673,8234,74,69,54,76,61,84,69,63
ENSG00000109118,PHF12,68.8,34.8,34,0.981,0,9.0e-01,1.0e+00,0.9676,8237,33,33,38,35,41,21,36,38
ENSG00000120784,ZFP30,22.5,11.5,11,0.975,0,9.0e-01,1.0e+00,0.9676,8238,12,14,8,12,13,13,11,7
ENSG00000189091,SF3B3,227.5,114.5,113,0.987,0,9.0e-01,1.0e+00,0.9676,8239,137,94,125,102,128,123,99,102
ENSG00000105726,ATP13A1,75.5,38,37.5,0.986,0,9.0e-01,1.0e+00,0.9676,8240,42,38,30,42,42,35,36,37
ENSG00000147065,MSN,849.5,427.2,422.2,0.988,0,9.0e-01,1.0e+00,0.9676,8241,391,432,481,405,417,421,503,348
ENSG00000114993,RTKN,19.5,10,9.5,0.968,0,9.0e-01,1.0e+00,0.9678,8243,13,13,9,5,11,8,13,6
ENSG00000171314,PGAM1,555.2,275.5,279.8,1.015,0,9.0e-01,1.0e+00,0.9678,8244,308,285,273,236,293,254,357,215
ENSG00000165392,WRN,39.2,19.5,19.8,1.021,0,9.0e-01,1.0e+00,0.9678,8245,23,16,14,25,20,19,18,22
ENSG00000139531,SUOX,31,16,15,0.969,0,9.0e-01,1.0e+00,0.9683,8251,15,21,19,9,25,14,8,13
ENSG00000152520,PAN3,56,28.2,27.8,0.986,0,9.0e-01,1.0e+00,0.9684,8253,32,25,28,28,25,26,29,31
ENSG00000173409,ARV1,18.8,9.5,9.2,0.969,0,9.0e-01,1.0e+00,0.9684,8254,13,8,9,8,10,12,11,4
ENSG00000106330,MOSPD3,23.5,12,11.5,0.975,0,9.0e-01,1.0e+00,0.9684,8254,9,15,14,10,16,9,9,12
ENSG00000146729,NIPSNAP2,59,29.8,29.2,0.981,0,9.0e-01,1.0e+00,0.9684,8255,40,25,31,23,27,33,24,33
ENSG00000087087,SRRT,129,64,65,1.015,0,9.0e-01,1.0e+00,0.9684,8256,69,53,75,59,81,63,67,49
ENSG00000106290,TAF6,106,53.2,52.8,0.988,0,9.0e-01,1.0e+00,0.9685,8259,53,48,59,53,52,57,59,43
ENSG00000114374,USP9Y,98.2,47.5,50.8,1.075,0.1,9.0e-01,1.0e+00,0.9685,8260,62,66,61,1,70,63,70,0
ENSG00000171444,MCC,95.8,48.5,47.2,0.973,0,9.0e-01,1.0e+00,0.9686,8262,74,35,51,34,75,30,41,43
ENSG00000145743,FBXL17,46.5,23.5,23,0.978,0,9.0e-01,1.0e+00,0.9686,8263,16,21,27,30,16,24,22,30
ENSG00000124688,MAD2L1BP,23.5,12,11.5,0.977,0,9.0e-01,1.0e+00,0.9687,8264,10,9,14,15,15,11,9,11
ENSG00000240682,ISY1,40.2,20,20.2,1.03,0,9.0e-01,1.0e+00,0.9687,8265,23,29,14,14,23,12,15,31
ENSG00000165389,SPTSSA,148,75.5,72.5,0.964,-0.1,9.0e-01,1.0e+00,0.9687,8266,125,44,79,54,139,37,58,56
ENSG00000134884,ARGLU1,275.8,137,138.8,1.01,0,9.0e-01,1.0e+00,0.9687,8267,138,119,136,155,141,142,132,140
ENSG00000155287,SLC25A28,50.2,25,25.2,1.021,0,9.0e-01,1.0e+00,0.9687,8268,23,20,37,20,28,28,22,23
ENSG00000092094,OSGEP,27.5,14,13.5,0.967,0,9.0e-01,1.0e+00,0.9687,8269,18,10,18,10,20,18,11,5
ENSG00000004399,PLXND1,316.8,160,156.8,0.98,0,9.0e-01,1.0e+00,0.9687,8270,188,130,203,119,201,101,186,139
ENSG00000149269,PAK1,88.2,43.8,44.5,1.014,0,9.0e-01,1.0e+00,0.9687,8271,49,40,48,38,52,38,40,48
ENSG00000167996,FTH1,12708.8,6315,6393.8,1.013,0,9.0e-01,1.0e+00,0.9689,8273,5996,6043,7607,5614,6338,7270,6308,5659
ENSG00000128595,CALU,2080,1047.2,1032.8,0.986,0,9.0e-01,1.0e+00,0.9689,8274,814,1234,1135,1006,867,1172,1132,960
ENSG00000204227,RING1,75,37.8,37.2,0.981,0,9.0e-01,1.0e+00,0.9692,8278,53,29,36,33,47,28,40,34
ENSG00000121579,NAA50,210.2,105.8,104.5,0.988,0,9.1e-01,1.0e+00,0.9692,8279,110,87,124,102,99,98,120,101
ENSG00000162522,NHSL3,66.5,33.8,32.8,0.982,0,9.1e-01,1.0e+00,0.9692,8280,37,36,22,40,34,36,25,36
ENSG00000110651,CD81,1396,701.5,694.5,0.99,0,9.1e-01,1.0e+00,0.9692,8281,686,698,673,749,647,807,641,683
ENSG00000274779,NOMO1,176.5,90.8,85.8,0.942,-0.1,9.1e-01,1.0e+00,0.9692,8282,117,0,117,129,64,55,81,143
ENSG00000065534,MYLK,1638.2,813.2,825,1.014,0,9.1e-01,1.0e+00,0.9692,8283,670,1043,823,717,773,973,866,688
ENSG00000114125,RNF7,65,33,32,0.979,0,9.1e-01,1.0e+00,0.9692,8284,27,33,23,49,36,36,30,26
ENSG00000239857,GET4,35,17.8,17.2,0.976,0,9.1e-01,1.0e+00,0.9695,8288,12,18,13,28,16,20,17,16
ENSG00000173065,FAM222B,33.5,17,16.5,0.972,0,9.1e-01,1.0e+00,0.9695,8289,15,16,19,18,27,17,15,7
ENSG00000125447,GGA3,50,24.8,25.2,1.018,0,9.1e-01,1.0e+00,0.9696,8290,20,28,31,20,26,20,28,27
ENSG00000128191,DGCR8,53.2,26.5,26.8,1.02,0,9.1e-01,1.0e+00,0.9696,8291,20,21,39,26,27,26,31,23
ENSG00000087338,GMCL1,23.8,12,11.8,0.979,0,9.1e-01,1.0e+00,0.9696,8292,14,11,11,12,13,14,12,8
ENSG00000255529,POLR2M,125.2,63.2,62,0.987,0,9.1e-01,1.0e+00,0.9696,8293,63,80,58,52,55,58,71,64
ENSG00000176490,DIRAS1,24.2,12.5,11.8,0.957,-0.1,9.1e-01,1.0e+00,0.9696,8294,13,20,3,14,11,17,3,16
ENSG00000119333,DYNC2I2,27.2,13.5,13.8,1.02,0,9.1e-01,1.0e+00,0.9696,8295,16,15,13,10,14,13,12,16
ENSG00000258289,CHURC1,138.8,68.8,70,1.014,0,9.1e-01,1.0e+00,0.9696,8296,63,51,86,75,75,73,66,66
ENSG00000068137,PLEKHH3,35,17.8,17.2,0.979,0,9.1e-01,1.0e+00,0.9696,8297,23,17,16,15,18,23,11,17
ENSG00000205323,SARNP,50.2,25,25.2,1.018,0,9.1e-01,1.0e+00,0.9696,8298,22,33,27,18,26,23,24,28
ENSG00000177034,MTX3,47,23.2,23.8,1.028,0,9.1e-01,1.0e+00,0.9696,8299,22,18,12,41,31,21,20,23
ENSG00000103429,BFAR,63.2,30.8,32.5,1.054,0.1,9.1e-01,1.0e+00,0.9696,8300,40,38,27,18,31,56,43,0
ENSG00000113273,ARSB,154.2,77.8,76.5,0.984,0,9.1e-01,1.0e+00,0.9696,8301,80,73,89,69,53,66,95,92
ENSG00000166025,AMOTL1,172,85.2,86.8,1.017,0,9.1e-01,1.0e+00,0.9696,8302,78,91,78,94,65,71,127,84
ENSG00000100083,GGA1,65,32.8,32.2,0.983,0,9.1e-01,1.0e+00,0.9696,8303,38,29,38,26,35,38,24,32
ENSG00000065613,SLK,139,69,70,1.014,0,9.1e-01,1.0e+00,0.9696,8304,78,62,58,78,67,58,68,87
ENSG00000111711,GOLT1B,65,32.8,32.2,0.983,0,9.1e-01,1.0e+00,0.9697,8306,44,28,33,26,37,34,31,27
ENSG00000059769,DNAJC25,27.8,14.2,13.5,0.968,0,9.1e-01,1.0e+00,0.9697,8307,13,10,22,12,11,5,18,20
ENSG00000107551,RASSF4,53.5,27.5,26,0.954,-0.1,9.1e-01,1.0e+00,0.9699,8309,19,13,63,15,42,8,37,17
ENSG00000174886,NDUFA11,124,61.8,62.2,1.011,0,9.1e-01,1.0e+00,0.97,8311,59,61,55,72,62,56,65,66
ENSG00000177600,RPLP2,569.8,282.8,287,1.015,0,9.1e-01,1.0e+00,0.97,8312,353,285,219,274,377,274,239,258
ENSG00000188529,SRSF10,137,68,69,1.014,0,9.1e-01,1.0e+00,0.9702,8315,68,63,55,86,80,58,77,61
ENSG00000116205,TCEANC2,36.8,19,17.8,0.973,0,9.1e-01,1.0e+00,0.9704,8317,13,25,16,22,30,14,16,11
ENSG00000152778,IFIT5,43,21.5,21.5,1.021,0,9.1e-01,1.0e+00,0.9704,8318,27,20,14,25,23,27,20,16
ENSG00000168439,STIP1,132.5,65.8,66.8,1.019,0,9.1e-01,1.0e+00,0.9704,8319,56,62,94,51,70,55,89,53
ENSG00000081923,ATP8B1,128.2,64.8,63.5,0.985,0,9.1e-01,1.0e+00,0.9704,8320,49,82,56,72,60,59,78,57
ENSG00000281965,PKD1P3,27.5,14.2,13.2,0.919,-0.1,9.1e-01,1.0e+00,0.9704,8321,35,22,0,0,5,19,0,29
ENSG00000135392,DNAJC14,85.2,42.2,43,1.017,0,9.1e-01,1.0e+00,0.9704,8322,39,35,57,38,30,43,52,47
ENSG00000100297,MCM5,21,10.8,10.2,0.975,0,9.1e-01,1.0e+00,0.9704,8323,12,8,15,8,7,12,10,12
ENSG00000120137,PANK3,103.8,52,51.8,0.99,0,9.1e-01,1.0e+00,0.9704,8324,53,50,53,52,55,49,54,49
ENSG00000110429,FBXO3,63.8,32.2,31.5,0.98,0,9.1e-01,1.0e+00,0.9704,8325,38,32,20,39,35,27,24,40
ENSG00000083123,BCKDHB,34,16.8,17.2,1.023,0,9.1e-01,1.0e+00,0.9704,8326,21,15,15,16,12,23,22,12
ENSG00000167740,CYB5D2,50.2,25.5,24.8,0.982,0,9.1e-01,1.0e+00,0.9704,8327,23,20,32,27,22,31,27,19
ENSG00000173917,HOXB2,20,10.2,9.8,0.971,0,9.1e-01,1.0e+00,0.9706,8329,12,8,5,16,8,8,12,11
ENSG00000243147,MRPL33,31.8,16,15.8,0.974,0,9.1e-01,1.0e+00,0.9706,8330,18,18,18,10,13,11,12,27
ENSG00000158092,NCK1,54,27.2,26.8,0.982,0,9.1e-01,1.0e+00,0.9706,8331,23,27,39,20,30,24,26,27
ENSG00000241852,C8orf58,29.5,15,14.5,0.972,0,9.1e-01,1.0e+00,0.9706,8332,16,12,22,10,12,12,25,9
ENSG00000170801,HTRA3,87.8,44.5,43.2,0.976,0,9.1e-01,1.0e+00,0.9706,8333,51,44,40,43,73,34,21,45
ENSG00000173020,GRK2,63.5,31.8,31.8,1.013,0,9.1e-01,1.0e+00,0.9706,8335,35,29,27,36,29,32,31,35
ENSG00000090615,GOLGA3,208.8,103.8,105,1.011,0,9.1e-01,1.0e+00,0.9708,8337,109,115,94,97,109,85,102,124
ENSG00000183458,PKD1P3,68.5,35.5,33,0.934,-0.1,9.1e-01,1.0e+00,0.9708,8338,0,24,55,63,47,0,52,33
ENSG00000054598,FOXC1,41.2,20.5,20.8,1.019,0,9.1e-01,1.0e+00,0.9708,8339,21,18,17,26,20,13,25,25
ENSG00000107643,MAPK8,46.2,23,23.2,1.023,0,9.1e-01,1.0e+00,0.9708,8340,36,23,19,14,19,21,27,26
ENSG00000126107,HECTD3,108,54.5,53.5,0.986,0,9.1e-01,1.0e+00,0.9708,8341,50,59,53,56,48,42,72,52
ENSG00000163468,CCT3,242.5,122,120.5,0.987,0,9.1e-01,1.0e+00,0.9708,8342,137,119,134,98,134,125,136,87
ENSG00000121274,TENT4B,26.8,13.2,13.5,1.022,0,9.1e-01,1.0e+00,0.9708,8343,15,7,16,15,15,13,12,14
ENSG00000133195,SLC39A11,23.2,11.5,11.8,1.043,0.1,9.1e-01,1.0e+00,0.9708,8344,11,20,4,11,6,24,11,6
ENSG00000170430,MGMT,22,11.2,10.8,0.974,0,9.1e-01,1.0e+00,0.9708,8345,12,13,8,12,11,6,9,17
ENSG00000172830,SSH3,73.2,36.2,37,1.019,0,9.1e-01,1.0e+00,0.9708,8346,39,38,28,40,44,34,22,48
ENSG00000126814,TRMT5,36,18.2,17.8,0.979,0,9.1e-01,1.0e+00,0.9708,8347,17,17,14,25,15,13,26,17
ENSG00000165943,MOAP1,29.8,14.8,15,1.021,0,9.1e-01,1.0e+00,0.9708,8348,13,14,15,17,13,14,11,22
ENSG00000151806,GUF1,39.5,19.8,19.8,1.018,0,9.1e-01,1.0e+00,0.9708,8349,13,24,20,22,18,17,23,21
ENSG00000164308,ERAP2,72.2,35,37.2,1.061,0.1,9.1e-01,1.0e+00,0.9708,8350,46,0,40,54,38,5,31,75
ENSG00000109065,NAT9,43.8,22.2,21.5,0.985,0,9.1e-01,1.0e+00,0.9708,8351,17,23,25,24,21,21,26,18
ENSG00000158669,GPAT4,143.8,71.5,72.2,1.011,0,9.1e-01,1.0e+00,0.971,8353,77,70,64,75,68,75,62,84
ENSG00000153015,CWC27,51.2,26,25.2,0.983,0,9.1e-01,1.0e+00,0.9717,8361,27,25,30,22,20,32,30,19
ENSG00000074842,MYDGF,131.2,65.2,66,1.015,0,9.1e-01,1.0e+00,0.9717,8361,59,82,59,61,85,61,69,49
ENSG00000107789,MINPP1,47.2,24,23.2,0.988,0,9.1e-01,1.0e+00,0.9717,8362,22,24,26,24,24,24,24,21
ENSG00000171497,PPID,42,21.5,20.5,0.981,0,9.1e-01,1.0e+00,0.9717,8363,18,25,18,25,27,12,22,21
ENSG00000166337,TAF10,80.5,40.5,40,0.986,0,9.1e-01,1.0e+00,0.9717,8364,36,48,41,37,42,33,51,34
ENSG00000254996,ANKHD1-EIF4EBP3,97.2,47.5,49.8,1.053,0.1,9.1e-01,1.0e+00,0.9717,8365,72,68,0,50,64,56,60,19
ENSG00000133048,CHI3L1,25,12.2,12.8,1.06,0.1,9.1e-01,1.0e+00,0.9717,8366,0,25,7,17,2,24,11,14
ENSG00000114738,MAPKAPK3,48.5,24,24.5,1.019,0,9.1e-01,1.0e+00,0.9717,8367,18,28,32,18,22,21,23,32
ENSG00000141446,ESCO1,23.5,12,11.5,0.977,0,9.1e-01,1.0e+00,0.9717,8368,9,16,9,14,9,10,11,16
ENSG00000109854,HTATIP2,41.8,20.5,21.2,1.033,0,9.2e-01,1.0e+00,0.9718,8370,18,14,38,12,23,25,29,8
ENSG00000164180,TMEM161B,26.2,13,13.2,1.02,0,9.2e-01,1.0e+00,0.9722,8374,13,10,13,16,13,13,18,9
ENSG00000178974,FBXO34,30.8,15.2,15.5,1.019,0,9.2e-01,1.0e+00,0.9722,8375,15,14,15,17,17,11,12,22
ENSG00000189043,NDUFA4,138.2,69.8,68.5,0.985,0,9.2e-01,1.0e+00,0.9722,8376,92,70,63,54,74,73,79,48
ENSG00000183475,ASB7,32,15.8,16.2,1.021,0,9.2e-01,1.0e+00,0.9722,8378,17,15,10,21,15,20,12,18
ENSG00000137876,RSL24D1,92.2,45.8,46.5,1.016,0,9.2e-01,1.0e+00,0.9724,8380,51,48,39,45,46,57,29,54
ENSG00000162613,FUBP1,134.8,67,67.8,1.016,0,9.2e-01,1.0e+00,0.9724,8381,59,65,76,68,55,52,102,62
ENSG00000147403,RPL10,1880.2,946.8,933.5,0.986,0,9.2e-01,1.0e+00,0.9725,8383,1244,874,773,896,1224,772,857,881
ENSG00000158480,SPATA2,26.8,13.5,13.2,0.983,0,9.2e-01,1.0e+00,0.9725,8384,13,14,13,14,10,16,14,13
ENSG00000155729,KCTD18,35.5,17.5,18,1.02,0,9.2e-01,1.0e+00,0.9728,8388,16,20,14,20,15,21,11,25
ENSG00000117593,DARS2,28.5,14,14.5,1.024,0,9.2e-01,1.0e+00,0.9728,8389,15,9,15,17,9,18,11,20
ENSG00000161638,ITGA5,396,199.2,196.8,0.989,0,9.2e-01,1.0e+00,0.9728,8390,222,208,175,192,243,159,191,194
ENSG00000080345,RIF1,116,57.5,58.5,1.017,0,9.2e-01,1.0e+00,0.9728,8391,51,51,71,57,42,41,77,74
ENSG00000204256,BRD2,168.2,82.5,85.8,1.032,0,9.2e-01,1.0e+00,0.9729,8392,45,55,157,73,55,53,145,90
ENSG00000130714,POMT1,68.5,34.8,33.8,0.983,0,9.2e-01,1.0e+00,0.973,8394,34,28,27,50,33,27,36,39
ENSG00000213563,C8orf82,25.5,13,12.5,0.979,0,9.2e-01,1.0e+00,0.9732,8397,11,18,9,14,12,13,10,15
ENSG00000103248,MTHFSD,21.8,11,10.8,0.973,0,9.2e-01,1.0e+00,0.9732,8398,13,11,11,9,14,4,16,9
ENSG00000151116,UEVLD,63.5,32,31.5,0.987,0,9.2e-01,1.0e+00,0.9732,8399,30,39,28,31,29,26,37,34
ENSG00000143256,PFDN2,25.8,12.8,13,1.02,0,9.2e-01,1.0e+00,0.9732,8400,18,12,9,12,16,12,11,13
ENSG00000138018,SELENOI,25.5,13,12.5,0.978,0,9.2e-01,1.0e+00,0.9733,8401,9,17,9,17,14,9,14,13
ENSG00000113569,NUP155,39.2,19.5,19.8,1.022,0,9.2e-01,1.0e+00,0.9733,8402,18,10,27,23,21,26,18,14
ENSG00000101997,CCDC22,21.5,10.8,10.8,1.02,0,9.2e-01,1.0e+00,0.9733,8403,9,10,12,12,10,8,11,14
ENSG00000139197,PEX5,31.8,15.2,16.5,1.074,0.1,9.2e-01,1.0e+00,0.9733,8404,34,0,0,27,23,17,0,26
ENSG00000113240,CLK4,51.2,25.5,25.8,1.018,0,9.2e-01,1.0e+00,0.9734,8406,18,21,32,31,34,24,23,22
ENSG00000129518,EAPP,53.8,26.8,27,1.019,0,9.2e-01,1.0e+00,0.9736,8409,18,33,35,21,26,36,24,22
ENSG00000105063,PPP6R1,144.2,72.5,71.8,0.99,0,9.2e-01,1.0e+00,0.9736,8410,63,82,82,63,78,65,77,67
ENSG00000008083,JARID2,26.2,13.2,13,0.982,0,9.2e-01,1.0e+00,0.9736,8411,13,15,11,14,11,10,17,14
ENSG00000069345,DNAJA2,100.5,50.5,50,0.99,0,9.2e-01,1.0e+00,0.9736,8412,51,44,49,58,55,51,44,50
ENSG00000254681,PKD1P5,33.8,16.2,17.5,1.086,0.1,9.2e-01,1.0e+00,0.9736,8413,0,1,21,43,0,0,24,46
ENSG00000180098,TRNAU1AP,26.8,13.5,13.2,0.983,0,9.2e-01,1.0e+00,0.9736,8414,13,17,12,12,11,13,13,16
ENSG00000121075,TBX4,57.5,28.5,29,1.026,0,9.2e-01,1.0e+00,0.9736,8415,28,47,14,25,28,42,17,29
ENSG00000099910,KLHL22,42,21.2,20.8,0.983,0,9.2e-01,1.0e+00,0.9736,8416,18,26,24,17,20,18,16,29
ENSG00000108961,RANGRF,19,9.8,9.2,0.967,0,9.2e-01,1.0e+00,0.9736,8417,11,13,4,11,6,4,16,11
ENSG00000165417,GTF2A1,79,39.8,39.2,0.987,0,9.2e-01,1.0e+00,0.9737,8419,37,47,41,34,34,32,45,46
ENSG00000005889,ZFX,68.2,34.5,33.8,0.985,0,9.2e-01,1.0e+00,0.9744,8425,30,26,40,42,30,28,32,45
ENSG00000173875,ZNF791,49.2,24.5,24.8,1.02,0,9.2e-01,1.0e+00,0.9744,8426,18,22,19,39,20,28,19,32
ENSG00000106588,PSMA2,78,38.8,39.2,1.014,0,9.2e-01,1.0e+00,0.9744,8427,37,32,39,47,37,43,49,28
ENSG00000130939,UBE4B,192,95.5,96.5,1.01,0,9.2e-01,1.0e+00,0.9744,8428,90,102,86,104,85,100,85,116
ENSG00000124614,RPS10,756.2,375.5,380.8,1.014,0,9.2e-01,1.0e+00,0.9744,8429,481,357,334,330,546,332,323,322
ENSG00000150527,MIA2,24.8,12.5,12.2,0.979,0,9.2e-01,1.0e+00,0.9744,8430,9,12,17,12,14,16,7,12
ENSG00000122435,TRMT13,24,12,12,1.018,0,9.2e-01,1.0e+00,0.9744,8431,13,12,12,11,17,10,12,9
ENSG00000253910,PCDHGB2,37,18.2,18.8,1.045,0.1,9.2e-01,1.0e+00,0.9745,8434,30,27,5,11,31,27,2,15
ENSG00000125384,PTGER2,23.5,12,11.5,0.974,0,9.2e-01,1.0e+00,0.9745,8435,12,18,8,10,16,11,14,5
ENSG00000149658,YTHDF1,60.5,30.5,30,0.987,0,9.2e-01,1.0e+00,0.9745,8436,24,32,36,30,26,36,28,30
ENSG00000116922,AIRIM,24.5,12.2,12.2,1.019,0,9.2e-01,1.0e+00,0.9745,8437,11,13,9,16,13,11,10,15
ENSG00000100296,THOC5,64,31.8,32.2,1.027,0,9.2e-01,1.0e+00,0.9745,8438,19,40,22,46,24,41,15,49
ENSG00000088387,DOCK9,34.2,16.8,17.5,1.022,0,9.2e-01,1.0e+00,0.9745,8439,13,13,17,24,11,17,15,27
ENSG00000147677,EIF3H,263.2,131,132.2,1.008,0,9.2e-01,1.0e+00,0.9757,8449,126,136,146,116,137,143,126,123
ENSG00000125743,SNRPD2,141.2,71,70.2,0.989,0,9.2e-01,1.0e+00,0.9757,8450,75,80,56,73,77,56,81,67
ENSG00000103197,TSC2,194.8,97.8,97,0.991,0,9.2e-01,1.0e+00,0.9757,8451,94,85,101,111,108,94,103,83
ENSG00000103550,KNOP1,25.5,12.8,12.8,1.02,0,9.2e-01,1.0e+00,0.9757,8452,9,12,20,10,12,14,13,12
ENSG00000119812,FAM98A,89,44.8,44.2,0.985,0,9.2e-01,1.0e+00,0.9758,8455,38,40,41,60,48,42,58,29
ENSG00000137055,PLAA,53.5,27,26.5,0.982,0,9.2e-01,1.0e+00,0.9758,8456,18,37,31,22,18,33,25,30
ENSG00000131269,ABCB7,23,11.8,11.2,0.975,0,9.2e-01,1.0e+00,0.9758,8457,5,14,14,14,9,12,16,8
ENSG00000072071,ADGRL1,19,9.8,9.2,0.949,-0.1,9.2e-01,1.0e+00,0.9758,8458,18,0,11,10,10,12,0,15
ENSG00000061987,MON2,119.8,60.2,59.5,0.991,0,9.2e-01,1.0e+00,0.9758,8459,53,64,61,63,52,65,68,53
ENSG00000121542,SEC22A,28.8,14.2,14.5,1.02,0,9.2e-01,1.0e+00,0.9758,8460,12,13,13,19,12,17,20,9
ENSG00000167526,RPL13,1609,799.5,809.5,1.013,0,9.2e-01,1.0e+00,0.9758,8460,940,834,652,772,1127,716,628,767
ENSG00000148700,ADD3,448.5,225.2,223.2,0.992,0,9.3e-01,1.0e+00,0.9763,8466,235,235,199,232,251,223,185,234
ENSG00000153107,ANAPC1,82,41.2,40.8,0.99,0,9.3e-01,1.0e+00,0.9763,8467,45,43,39,38,38,38,38,49
ENSG00000110200,ANAPC15,25.5,12.8,12.8,1.021,0,9.3e-01,1.0e+00,0.9763,8468,9,11,15,16,8,11,15,17
ENSG00000007376,RPUSD1,22,11,11,1.019,0,9.3e-01,1.0e+00,0.9763,8469,13,9,11,11,13,6,11,14
ENSG00000010270,STARD3NL,71.5,35.5,36,1.013,0,9.3e-01,1.0e+00,0.9764,8470,48,35,27,32,38,31,40,35
ENSG00000172270,BSG,612.2,307.2,305,0.993,0,9.3e-01,1.0e+00,0.9764,8471,345,292,296,296,314,289,333,284
ENSG00000163795,ZNF513,25.5,12.8,12.8,1.019,0,9.3e-01,1.0e+00,0.9764,8472,11,17,10,13,10,13,17,11
ENSG00000078687,TNRC6C,38.2,19.2,19,0.981,0,9.3e-01,1.0e+00,0.9764,8473,20,21,12,24,15,19,14,28
ENSG00000126602,TRAP1,48.8,24.5,24.2,0.982,0,9.3e-01,1.0e+00,0.9764,8474,29,12,30,27,22,20,28,27
ENSG00000100056,ESS2,29,15,14,0.981,0,9.3e-01,1.0e+00,0.9764,8475,11,22,13,14,19,13,13,11
ENSG00000120658,ENOX1,22,11,11,1.018,0,9.3e-01,1.0e+00,0.9767,8479,12,14,11,7,13,10,9,12
ENSG00000145730,PAM,1023.5,514.8,508.8,0.988,0,9.3e-01,1.0e+00,0.9768,8480,402,584,505,568,355,639,524,517
ENSG00000103489,XYLT1,76.2,37.8,38.5,1.019,0,9.3e-01,1.0e+00,0.9768,8481,30,42,31,48,24,25,56,49
ENSG00000129197,RPAIN,42,20.8,21.2,1.019,0,9.3e-01,1.0e+00,0.9768,8482,16,30,16,21,16,23,16,30
ENSG00000196227,FAM217B,33.8,16.8,17,1.022,0,9.3e-01,1.0e+00,0.9768,8484,22,9,11,25,17,13,21,17
ENSG00000110092,CCND1,1252.8,621.8,631,1.015,0,9.3e-01,1.0e+00,0.9769,8485,453,772,637,625,399,806,720,599
ENSG00000137822,TUBGCP4,44.2,22.5,21.8,0.987,0,9.3e-01,1.0e+00,0.9769,8487,30,21,18,21,24,20,21,22
ENSG00000111361,EIF2B1,65.5,33,32.5,0.99,0,9.3e-01,1.0e+00,0.9771,8489,32,33,30,37,29,37,30,34
ENSG00000095261,PSMD5,76,37.8,38.2,1.012,0,9.3e-01,1.0e+00,0.9775,8493,34,42,47,28,40,34,40,39
ENSG00000023318,ERP44,126.5,63.2,63.2,1.009,0,9.3e-01,1.0e+00,0.9775,8494,61,64,71,57,55,72,70,56
ENSG00000168807,SNTB2,199.2,100,99.2,0.992,0,9.3e-01,1.0e+00,0.9776,8497,94,102,96,108,115,92,94,96
ENSG00000284792,PTEN,53.2,27.2,26,0.969,0,9.3e-01,1.0e+00,0.9784,8504,18,22,10,59,36,13,19,36
ENSG00000147439,BIN3,42.5,21.2,21.2,1.021,0,9.3e-01,1.0e+00,0.9789,8510,33,11,23,18,28,14,27,16
ENSG00000170515,PA2G4,124.5,62,62.5,1.009,0,9.3e-01,1.0e+00,0.9795,8515,69,53,71,55,68,60,62,60
ENSG00000123992,DNPEP,168,83.5,84.5,1.009,0,9.3e-01,1.0e+00,0.9795,8516,89,92,81,72,92,66,93,87
ENSG00000277359,RPS9,554.8,279.2,275.5,0.986,0,9.3e-01,1.0e+00,0.9795,8517,392,265,230,230,388,238,207,269
ENSG00000160209,PDXK,164,81.5,82.5,1.008,0,9.3e-01,1.0e+00,0.9796,8520,73,74,80,99,78,86,81,85
ENSG00000181191,PJA1,32.5,16.2,16.2,1.019,0,9.3e-01,1.0e+00,0.9796,8521,22,16,14,13,20,8,20,17
ENSG00000138433,CIR1,57,28.8,28.2,0.987,0,9.3e-01,1.0e+00,0.9796,8522,26,25,38,26,25,37,24,27
ENSG00000172046,USP19,110.5,55.5,55,0.991,0,9.3e-01,1.0e+00,0.9796,8523,59,66,46,51,55,52,56,57
ENSG00000051596,THOC3,30.5,15.2,15.2,1.021,0,9.3e-01,1.0e+00,0.9796,8524,12,20,17,12,9,26,14,12
ENSG00000205707,ETFRF1,22.5,11.2,11.2,1.02,0,9.3e-01,1.0e+00,0.9796,8525,9,12,17,7,12,14,9,10
ENSG00000137207,YIPF3,186.8,93.8,93,0.993,0,9.3e-01,1.0e+00,0.9799,8528,82,94,105,94,91,100,88,93
ENSG00000175198,PCCA,30.2,15.2,15,0.976,0,9.3e-01,1.0e+00,0.9799,8529,15,8,26,12,11,26,9,14
ENSG00000079739,PGM1,107.8,53.8,54,1.008,0,9.3e-01,1.0e+00,0.9799,8530,49,61,51,54,59,59,52,46
ENSG00000162959,MEMO1,37.2,18.8,18.5,0.981,0,9.3e-01,1.0e+00,0.98,8532,27,18,20,10,18,17,26,13
ENSG00000198755,RPL10A,858.2,431,427.2,0.991,0,9.3e-01,1.0e+00,0.98,8533,497,410,415,402,540,350,436,383
ENSG00000100280,AP1B1,106.8,53.5,53.2,0.991,0,9.3e-01,1.0e+00,0.9806,8539,55,54,55,50,52,48,66,47
ENSG00000149136,SSRP1,161.8,81.2,80.5,0.991,0,9.3e-01,1.0e+00,0.9808,8542,87,80,88,70,65,86,96,75
ENSG00000233369,GTF2IP4,194.8,96.5,98.2,1.02,0,9.3e-01,1.0e+00,0.9808,8543,77,103,156,50,80,75,152,86
ENSG00000170234,PWWP2A,22,11.2,10.8,0.978,0,9.3e-01,1.0e+00,0.9808,8544,12,5,12,16,7,11,17,8
ENSG00000160570,DEDD2,19,9.5,9.5,1.019,0,9.3e-01,1.0e+00,0.9808,8545,9,6,11,12,13,8,6,11
ENSG00000171681,ATF7IP,85.8,43,42.8,0.987,0,9.3e-01,1.0e+00,0.9808,8546,45,45,40,42,29,55,54,33
ENSG00000138363,ATIC,97,48.2,48.8,1.011,0,9.3e-01,1.0e+00,0.9808,8547,39,54,54,46,59,45,55,36
ENSG00000171735,CAMTA1,28.8,14.5,14.2,1.017,0,9.3e-01,1.0e+00,0.9808,8548,13,20,17,8,18,14,14,11
ENSG00000125755,SYMPK,115.8,58,57.8,0.992,0,9.3e-01,1.0e+00,0.9808,8549,67,48,58,59,54,54,65,58
ENSG00000102100,SLC35A2,26.5,13.2,13.2,0.985,0,9.3e-01,1.0e+00,0.9808,8550,16,11,13,13,10,17,16,10
ENSG00000053900,ANAPC4,47.2,23.8,23.5,0.989,0,9.4e-01,1.0e+00,0.9811,8553,26,23,28,18,24,24,21,25
ENSG00000127666,TICAM1,20,10,10,1.019,0,9.4e-01,1.0e+00,0.9812,8555,8,14,8,10,6,10,11,13
ENSG00000120742,SERP1,157.2,78.2,79,1.008,0,9.4e-01,1.0e+00,0.9812,8556,89,73,68,83,84,83,79,70
ENSG00000005022,SLC25A5,117.5,58.5,59,1.01,0,9.4e-01,1.0e+00,0.9812,8557,66,63,43,62,60,52,73,51
ENSG00000099995,SF3A1,166,83.2,82.8,0.991,0,9.4e-01,1.0e+00,0.9812,8558,79,81,97,76,84,104,64,79
ENSG00000001084,GCLC,53.8,27,26.8,0.987,0,9.4e-01,1.0e+00,0.9812,8559,27,23,30,28,17,36,25,29
ENSG00000204149,AGAP6,27.5,14,13.5,0.98,0,9.4e-01,1.0e+00,0.9812,8560,14,18,14,10,23,13,9,9
ENSG00000197283,SYNGAP1,39.8,19.5,20.2,1.046,0.1,9.4e-01,1.0e+00,0.9812,8561,35,33,3,7,23,27,0,31
ENSG00000160214,RRP1,22,11,11,1.019,0,9.4e-01,1.0e+00,0.9812,8562,9,10,12,13,14,13,12,5
ENSG00000256053,COA8,26.2,13.2,13,0.984,0,9.4e-01,1.0e+00,0.9812,8563,14,12,15,12,10,13,20,9
ENSG00000075914,EXOSC7,36.8,18.5,18.2,0.983,0,9.4e-01,1.0e+00,0.9812,8564,19,16,26,13,11,25,22,15
ENSG00000105676,ARMC6,29.5,14.8,14.8,0.987,0,9.4e-01,1.0e+00,0.9812,8565,13,11,17,18,14,17,13,15
ENSG00000108784,NAGLU,140,69.8,70.2,1.008,0,9.4e-01,1.0e+00,0.9816,8569,74,78,58,69,75,80,60,66
ENSG00000196670,ZFP62,31.8,15.8,16,1.02,0,9.4e-01,1.0e+00,0.9816,8570,13,13,24,13,15,13,27,9
ENSG00000142453,CARM1,110,54.8,55.2,1.009,0,9.4e-01,1.0e+00,0.9816,8571,49,51,54,65,66,51,48,56
ENSG00000153815,CMIP,37.5,18.8,18.8,1.018,0,9.4e-01,1.0e+00,0.9816,8572,24,18,15,18,22,9,29,15
ENSG00000113312,TTC1,51.5,26,25.5,0.991,0,9.4e-01,1.0e+00,0.9816,8574,28,28,21,27,24,26,26,26
ENSG00000102931,ARL2BP,130.2,65.5,64.8,0.993,0,9.4e-01,1.0e+00,0.9816,8574,72,68,60,62,62,64,68,65
ENSG00000143162,CREG1,279.2,139,140.2,1.01,0,9.4e-01,1.0e+00,0.9818,8577,141,136,168,111,169,153,135,104
ENSG00000168778,TCTN2,27,13.5,13.5,0.984,0,9.4e-01,1.0e+00,0.9818,8578,17,15,8,14,12,17,10,15
ENSG00000110074,FOXRED1,30.5,15.2,15.2,1.017,0,9.4e-01,1.0e+00,0.9818,8579,12,16,14,19,21,20,10,10
ENSG00000108349,CASC3,154.2,77.5,76.8,0.989,0,9.4e-01,1.0e+00,0.9818,8580,78,52,97,83,81,72,92,62
ENSG00000108179,PPIF,49,24.2,24.8,1.014,0,9.4e-01,1.0e+00,0.9818,8581,28,18,28,23,17,35,26,21
ENSG00000111639,MRPL51,92.5,46.5,46,0.991,0,9.4e-01,1.0e+00,0.9818,8582,49,47,49,41,58,45,41,40
ENSG00000172775,PSME3IP1,83.8,41.5,42.2,1.012,0,9.4e-01,1.0e+00,0.9819,8583,45,54,29,38,37,32,51,49
ENSG00000113318,MSH3,36,18.2,17.8,0.983,0,9.4e-01,1.0e+00,0.9819,8584,26,11,17,19,12,13,24,22
ENSG00000120029,ARMH3,49,24.2,24.8,1.016,0,9.4e-01,1.0e+00,0.982,8586,14,23,32,28,35,19,19,26
ENSG00000123096,SSPN,61,30.5,30.5,1.012,0,9.4e-01,1.0e+00,0.9826,8593,33,40,27,22,23,34,31,34
ENSG00000174442,ZWILCH,26.2,13.2,13,1.017,0,9.4e-01,1.0e+00,0.9826,8594,9,20,14,10,16,14,9,13
ENSG00000130985,UBA1,540,270.8,269.2,0.994,0,9.4e-01,1.0e+00,0.9826,8595,295,280,265,243,302,267,255,253
ENSG00000163453,IGFBP7,224.8,114.5,110.2,0.964,-0.1,9.4e-01,1.0e+00,0.9826,8596,34,84,253,87,31,74,270,66
ENSG00000168872,DDX19A,85.2,43,42.2,0.985,0,9.4e-01,1.0e+00,0.9826,8597,51,47,39,35,37,44,65,23
ENSG00000083312,TNPO1,380.5,191,189.5,0.993,0,9.4e-01,1.0e+00,0.9826,8598,185,165,219,195,165,190,217,186
ENSG00000166619,BLCAP,106.2,53.5,52.8,0.991,0,9.4e-01,1.0e+00,0.9826,8599,50,45,67,52,64,42,48,57
ENSG00000283777,CANX,838.8,412.2,426.5,1.035,0,9.4e-01,1.0e+00,0.9826,8600,384,569,567,129,387,612,663,44
ENSG00000138750,NUP54,51,25.8,25.2,0.991,0,9.4e-01,1.0e+00,0.9826,8601,25,29,26,23,21,28,24,28
ENSG00000134590,RTL8C,353.8,176.2,177.5,1.007,0,9.4e-01,1.0e+00,0.9826,8602,196,180,160,169,192,172,149,197
ENSG00000177082,WDR73,50.2,25.5,24.8,0.989,0,9.4e-01,1.0e+00,0.9828,8604,27,25,23,27,30,27,26,16
ENSG00000169860,P2RY1,20.5,10.5,10,0.971,0,9.4e-01,1.0e+00,0.9829,8606,13,11,5,13,18,14,1,7
ENSG00000128596,CCDC136,28.8,14.5,14.2,0.984,0,9.4e-01,1.0e+00,0.9829,8607,8,14,15,21,12,16,13,16
ENSG00000101298,SNPH,21.2,11,10.2,0.968,0,9.4e-01,1.0e+00,0.9829,8608,0,20,9,15,10,8,9,14
ENSG00000104218,CSPP1,52,26.2,25.8,0.988,0,9.4e-01,1.0e+00,0.9829,8609,19,25,25,36,32,20,26,25
ENSG00000134440,NARS1,223.8,111.2,112.5,1.01,0,9.4e-01,1.0e+00,0.9829,8610,126,106,106,107,128,110,140,72
ENSG00000144712,CAND2,20.8,10.2,10.5,1.021,0,9.4e-01,1.0e+00,0.9829,8611,13,9,5,14,10,12,5,15
ENSG00000293313,ZNF37BP,58.5,29.5,29,0.988,0,9.4e-01,1.0e+00,0.9829,8612,27,27,40,24,20,30,33,33
ENSG00000278540,ACACA,32.5,16.5,16,0.955,-0.1,9.4e-01,1.0e+00,0.9829,8613,24,0,42,0,7,25,16,16
ENSG00000100030,MAPK1,260.2,130.5,129.8,0.993,0,9.4e-01,1.0e+00,0.9829,8614,141,133,116,132,136,151,108,124
ENSG00000097021,ACOT7,43.2,21.8,21.5,0.985,0,9.4e-01,1.0e+00,0.9829,8615,13,24,27,23,14,17,26,29
ENSG00000137171,KLC4,31.5,15.8,15.8,0.988,0,9.4e-01,1.0e+00,0.9829,8616,19,16,17,11,18,16,14,15
ENSG00000163872,YEATS2,141,70.2,70.8,1.01,0,9.4e-01,1.0e+00,0.9829,8617,67,76,67,71,75,50,97,61
ENSG00000115977,AAK1,105.5,53,52.5,0.989,0,9.4e-01,1.0e+00,0.9829,8618,59,52,39,62,41,71,48,50
ENSG00000115226,FNDC4,44,21.8,22.2,1.011,0,9.4e-01,1.0e+00,0.983,8620,22,18,27,20,18,24,20,27
ENSG00000175602,CCDC85B,54.5,27.5,27,0.985,0,9.4e-01,1.0e+00,0.983,8621,42,18,18,32,34,24,29,21
ENSG00000101246,ARFRP1,30.5,15.2,15.2,0.988,0,9.4e-01,1.0e+00,0.9831,8623,17,16,18,10,15,17,13,16
ENSG00000102181,CD99L2,274.2,137.5,136.8,0.993,0,9.4e-01,1.0e+00,0.9831,8624,153,163,112,122,122,144,135,146
ENSG00000167967,E4F1,31.8,16,15.8,0.987,0,9.4e-01,1.0e+00,0.9831,8625,15,23,14,12,14,19,15,15
ENSG00000183426,NPIPA1,123.5,62.2,61.2,0.983,0,9.4e-01,1.0e+00,0.9831,8626,62,56,52,79,30,45,63,107
ENSG00000131828,PDHA1,71,35.5,35.5,0.992,0,9.4e-01,1.0e+00,0.9831,8627,39,36,31,36,32,32,41,37
ENSG00000071553,ATP6AP1,125.2,62.5,62.8,1.008,0,9.4e-01,1.0e+00,0.9831,8628,61,61,63,65,64,63,47,77
ENSG00000070010,UFD1,65.2,32.8,32.5,1.011,0,9.4e-01,1.0e+00,0.9831,8629,34,35,27,35,40,39,28,23
ENSG00000116871,MAP7D1,258.2,129.5,128.8,0.993,0,9.4e-01,1.0e+00,0.9831,8630,127,121,148,122,153,116,138,108
ENSG00000275035,CCDC92,87.5,43.8,43.8,0.992,0,9.4e-01,1.0e+00,0.9832,8631,51,38,42,44,47,48,44,36
ENSG00000052795,FNIP2,43,21.5,21.5,0.988,0,9.4e-01,1.0e+00,0.9832,8633,22,17,30,17,17,20,26,23
ENSG00000112234,FBXL4,46.2,23.2,23,1.009,0,9.4e-01,1.0e+00,0.9833,8634,26,24,18,25,22,24,24,22
ENSG00000278032,LY6E,114.5,56.5,58,1.029,0,9.4e-01,1.0e+00,0.9833,8635,36,31,90,69,62,128,13,29
ENSG00000015568,RGPD5,37.2,18,19.2,1.043,0.1,9.4e-01,1.0e+00,0.9833,8636,21,3,39,9,3,26,46,2
ENSG00000100239,PPP6R2,101,50.2,50.8,1.009,0,9.4e-01,1.0e+00,0.9833,8637,38,47,59,57,46,51,64,42
ENSG00000181396,OGFOD3,50.2,25.2,25,1.009,0,9.4e-01,1.0e+00,0.9837,8642,28,25,21,27,29,25,25,21
ENSG00000204104,TRAF3IP1,44.2,22.2,22,1.009,0,9.4e-01,1.0e+00,0.9837,8643,25,23,21,20,22,25,18,23
ENSG00000167699,GLOD4,47,23.8,23.2,0.99,0,9.5e-01,1.0e+00,0.9837,8644,26,16,27,26,26,26,18,23
ENSG00000233426,EIF3FP3,39,19.5,19.5,0.983,0,9.5e-01,1.0e+00,0.9837,8645,20,18,28,12,15,10,26,27
ENSG00000160221,GATD3,91,45.2,45.8,1.008,0,9.5e-01,1.0e+00,0.9837,8646,44,41,44,52,49,37,40,57
ENSG00000149554,CHEK1,25.5,12.8,12.8,0.983,0,9.5e-01,1.0e+00,0.9837,8647,13,12,17,9,12,22,7,10
ENSG00000130702,LAMA5,105.5,52.5,53,1.009,0,9.5e-01,1.0e+00,0.9837,8648,43,65,49,53,41,50,68,53
ENSG00000135829,DHX9,289.2,144.2,145,1.006,0,9.5e-01,1.0e+00,0.9837,8649,133,147,163,134,145,155,149,131
ENSG00000072506,HSD17B10,45,22.5,22.5,1.009,0,9.5e-01,1.0e+00,0.9837,8650,27,24,20,19,20,21,23,26
ENSG00000099864,PALM,159.5,78.8,80.8,1.028,0,9.5e-01,1.0e+00,0.9841,8654,74,100,21,120,55,114,18,136
ENSG00000143797,MBOAT2,57,28.5,28.5,1.012,0,9.5e-01,1.0e+00,0.9841,8655,23,31,23,37,20,38,23,33
ENSG00000214253,FIS1,95.8,47.8,48,1.01,0,9.5e-01,1.0e+00,0.9841,8656,44,62,41,44,58,33,52,49
ENSG00000152102,FAM168B,268,133.5,134.5,1.006,0,9.5e-01,1.0e+00,0.9841,8657,124,123,141,146,163,129,133,113
ENSG00000175203,DCTN2,252.2,125.5,126.8,1.007,0,9.5e-01,1.0e+00,0.9841,8658,134,122,151,95,122,117,136,132
ENSG00000138675,FGF5,133.2,67.2,66,0.987,0,9.5e-01,1.0e+00,0.9841,8659,61,65,74,69,45,60,111,48
ENSG00000128607,KLHDC10,70.8,35.5,35.2,0.992,0,9.5e-01,1.0e+00,0.9841,8660,29,40,40,33,28,38,40,35
ENSG00000206206,DAXX,27.2,13.2,14,1.058,0.1,9.5e-01,1.0e+00,0.9844,8664,13,40,0,0,0,40,0,16
ENSG00000161999,JMJD8,92.5,46.5,46,0.992,0,9.5e-01,1.0e+00,0.9845,8666,55,40,43,48,59,39,44,42
ENSG00000115652,UXS1,55.5,28,27.5,0.991,0,9.5e-01,1.0e+00,0.9845,8667,22,30,26,34,27,26,25,32
ENSG00000288461,CYFIP1,114.5,56.8,57.8,1.015,0,9.5e-01,1.0e+00,0.9848,8670,29,77,43,78,54,60,76,41
ENSG00000112759,SLC29A1,55.8,28,27.8,0.988,0,9.5e-01,1.0e+00,0.9851,8674,28,28,33,23,17,39,22,33
ENSG00000028116,VRK2,26.2,13.2,13,0.984,0,9.5e-01,1.0e+00,0.9852,8675,13,7,23,10,13,10,16,13
ENSG00000124356,STAMBP,64.5,32.5,32,0.991,0,9.5e-01,1.0e+00,0.9852,8677,33,34,38,25,23,32,35,38
ENSG00000140990,NDUFB10,76.5,38.2,38.2,0.993,0,9.5e-01,1.0e+00,0.9852,8678,42,39,39,33,43,31,42,37
ENSG00000034971,MYOC,38.2,18.8,19.5,1.032,0,9.5e-01,1.0e+00,0.9852,8679,17,36,2,20,13,34,2,29
ENSG00000073803,MAP3K13,27.5,13.8,13.8,0.986,0,9.5e-01,1.0e+00,0.9852,8680,13,12,12,18,9,21,16,9
ENSG00000228760,BAG6,28.8,14.8,14,0.955,-0.1,9.5e-01,1.0e+00,0.9852,8681,4,0,10,45,0,4,22,30
ENSG00000132635,PCED1A,46.8,23.8,23,0.988,0,9.5e-01,1.0e+00,0.9852,8682,34,20,24,17,32,22,18,20
ENSG00000174483,BBS1,81.5,40.5,41,1.015,0,9.5e-01,1.0e+00,0.9852,8683,17,61,49,35,33,31,55,45
ENSG00000121578,B4GALT4,50.5,25.2,25.2,1.011,0,9.5e-01,1.0e+00,0.9852,8684,20,28,33,20,19,30,30,22
ENSG00000116791,CRYZ,41,20.2,20.8,1.011,0,9.5e-01,1.0e+00,0.9852,8685,25,12,22,22,17,24,17,25
ENSG00000133398,MED10,35,17.8,17.2,0.99,0,9.5e-01,1.0e+00,0.9852,8686,18,22,14,17,18,14,16,21
ENSG00000187243,MAGED4B,64,31.8,32.2,1.023,0,9.5e-01,1.0e+00,0.9852,8687,54,13,8,52,42,35,30,22
ENSG00000102805,CLN5,115.2,58,57.2,0.994,0,9.5e-01,1.0e+00,0.9852,8688,54,60,53,65,55,66,49,59
ENSG00000293495,C19orf48P,25.5,12.8,12.8,1.018,0,9.5e-01,1.0e+00,0.9852,8689,19,12,7,13,21,10,6,14
ENSG00000185246,PRPF39,48.8,24.5,24.2,0.989,0,9.5e-01,1.0e+00,0.9852,8690,27,17,29,25,32,26,22,17
ENSG00000175287,PHYHD1,39.8,20,19.8,1.008,0,9.5e-01,1.0e+00,0.9852,8691,21,20,20,19,19,20,19,21
ENSG00000167333,TRIM68,33.2,16.8,16.5,0.989,0,9.5e-01,1.0e+00,0.9852,8692,15,22,17,13,13,17,21,15
ENSG00000105372,RPS19,1378,693,685,0.988,0,9.5e-01,1.0e+00,0.9852,8693,1038,603,558,573,1043,510,608,579
ENSG00000156983,BRPF1,29.5,15,14.5,0.986,0,9.5e-01,1.0e+00,0.9852,8694,13,8,18,21,17,11,19,11
ENSG00000181754,AMIGO1,22.2,11.2,11,0.979,0,9.5e-01,1.0e+00,0.9852,8695,13,9,8,15,7,12,3,22
ENSG00000234704,BRD2,96.8,48,48.8,1.026,0,9.5e-01,1.0e+00,0.9852,8696,71,65,13,43,101,35,10,49
ENSG00000164970,FAM219A,32.5,16.5,16,0.988,0,9.5e-01,1.0e+00,0.9852,8697,20,14,13,19,22,10,17,15
ENSG00000157637,SLC38A10,223,111,112,1.007,0,9.5e-01,1.0e+00,0.9852,8698,120,122,81,121,117,96,104,131
ENSG00000182872,RBM10,56.5,28.5,28,0.99,0,9.5e-01,1.0e+00,0.9854,8700,22,31,35,26,35,24,32,21
ENSG00000164366,CCDC127,93,46.8,46.2,0.991,0,9.5e-01,1.0e+00,0.9854,8701,50,42,46,49,35,60,35,55
ENSG00000159322,ADPGK,97.5,48.5,49,1.007,0,9.5e-01,1.0e+00,0.9856,8704,60,44,50,40,46,52,51,47
ENSG00000154114,TBCEL,58,29,29,1.008,0,9.5e-01,1.0e+00,0.9856,8705,23,31,32,30,35,27,32,22
ENSG00000130147,SH3BP4,262,131.5,130.5,0.99,0,9.5e-01,1.0e+00,0.9856,8706,149,129,138,110,92,105,205,120
ENSG00000153029,MR1,123.5,62,61.5,0.991,0,9.5e-01,1.0e+00,0.9856,8707,43,74,67,64,47,71,53,75
ENSG00000119326,CTNNAL1,128.2,64.5,63.8,0.989,0,9.5e-01,1.0e+00,0.9856,8708,43,105,61,49,52,79,67,57
ENSG00000100353,EIF3D,285.5,143,142.5,0.995,0,9.5e-01,1.0e+00,0.9856,8709,145,145,160,122,159,148,125,138
ENSG00000076043,REXO2,148,73.8,74.2,1.007,0,9.5e-01,1.0e+00,0.9856,8710,79,83,71,62,88,78,79,52
ENSG00000161016,RPL8,1259.8,627.2,632.5,1.008,0,9.5e-01,1.0e+00,0.9856,8711,806,628,570,505,859,565,584,522
ENSG00000113269,RNF130,110.5,55,55.5,1.01,0,9.5e-01,1.0e+00,0.9856,8712,65,64,31,60,61,66,45,50
ENSG00000247596,TWF2,74.2,37.2,37,0.991,0,9.5e-01,1.0e+00,0.9856,8713,47,37,34,31,52,31,32,33
ENSG00000166224,SGPL1,63.2,31.5,31.8,1.011,0,9.5e-01,1.0e+00,0.9856,8714,28,37,36,25,25,28,51,23
ENSG00000176834,VSIG10,46.5,23.2,23.2,1.009,0,9.5e-01,1.0e+00,0.9856,8715,21,23,26,23,21,17,27,28
ENSG00000155099,PIP4P2,27.2,13.8,13.5,0.985,0,9.5e-01,1.0e+00,0.9856,8716,23,11,13,8,18,13,8,15
ENSG00000061938,TNK2,43.8,22,21.8,1.016,0,9.5e-01,1.0e+00,0.9856,8717,27,22,13,26,33,8,28,18
ENSG00000225691,HLA-C,225.5,116,109.5,0.942,-0.1,9.5e-01,1.0e+00,0.9856,8718,0,1,136,327,0,0,138,300
ENSG00000188566,NDOR1,29.8,15,14.8,0.986,0,9.5e-01,1.0e+00,0.9856,8719,16,15,18,11,14,9,25,11
ENSG00000109475,RPL34,470.8,236,234.8,0.993,0,9.5e-01,1.0e+00,0.9856,8720,290,218,187,249,273,246,213,207
ENSG00000276681,LENG8,43,21.8,21.2,0.975,0,9.5e-01,1.0e+00,0.9856,8721,8,7,28,44,13,7,32,33
ENSG00000114120,SLC25A36,165,82.8,82.2,0.994,0,9.5e-01,1.0e+00,0.9856,8722,84,70,75,102,79,87,74,89
ENSG00000006327,TNFRSF12A,49.2,25,24.2,0.988,0,9.5e-01,1.0e+00,0.9856,8723,22,25,25,28,23,12,40,22
ENSG00000130429,ARPC1B,173,86.8,86.2,0.993,0,9.5e-01,1.0e+00,0.9856,8724,78,106,65,98,89,82,89,85
ENSG00000127022,CANX,386,196.5,189.5,0.965,-0.1,9.5e-01,1.0e+00,0.9856,8725,205,47,102,432,177,10,78,493
ENSG00000172943,PHF8,55.2,27.8,27.5,0.991,0,9.5e-01,1.0e+00,0.9856,8726,19,35,31,26,26,25,23,36
ENSG00000102858,MGRN1,102,51.2,50.8,0.992,0,9.5e-01,1.0e+00,0.9856,8727,61,47,45,52,44,35,64,60
ENSG00000160703,NLRX1,29.5,15,14.5,0.985,0,9.5e-01,1.0e+00,0.9856,8728,13,25,9,13,8,13,19,18
ENSG00000211460,TSN,89,44.2,44.8,1.007,0,9.5e-01,1.0e+00,0.9856,8729,40,38,39,60,49,40,50,40
ENSG00000014824,SLC30A9,104.5,52,52.5,1.008,0,9.5e-01,1.0e+00,0.9858,8732,39,64,52,53,43,50,72,45
ENSG00000121898,CPXM2,215.2,106.8,108.5,1.017,0,9.6e-01,1.0e+00,0.9861,8735,57,165,66,139,49,154,85,146
ENSG00000105778,AVL9,70.5,35.2,35.2,0.993,0,9.6e-01,1.0e+00,0.9861,8736,43,38,32,28,32,37,42,30
ENSG00000272886,DCP1A,51.5,26,25.5,0.991,0,9.6e-01,1.0e+00,0.9861,8737,25,31,22,26,19,34,23,26
ENSG00000257315,ZBED6,176.5,87.5,89,1.011,0,9.6e-01,1.0e+00,0.9861,8738,75,82,96,97,55,60,119,122
ENSG00000185800,DMWD,69,34.5,34.5,1.008,0,9.6e-01,1.0e+00,0.9861,8739,30,49,27,32,38,31,34,35
ENSG00000160293,VAV2,48,24.2,23.8,0.99,0,9.6e-01,1.0e+00,0.9862,8741,28,16,21,32,23,18,31,23
ENSG00000131779,PEX11B,46.8,23.5,23.2,0.989,0,9.6e-01,1.0e+00,0.9864,8743,19,25,37,13,20,25,22,26
ENSG00000262795,IFNGR2,55.5,28.2,27.2,0.967,0,9.6e-01,1.0e+00,0.9864,8744,0,47,46,20,38,27,0,44
ENSG00000138767,CNOT6L,34.2,17.2,17,0.991,0,9.6e-01,1.0e+00,0.9868,8749,16,20,21,12,16,16,14,22
ENSG00000116350,SRSF4,123.8,62.2,61.5,0.993,0,9.6e-01,1.0e+00,0.9868,8750,61,60,63,65,79,66,57,44
ENSG00000185278,ZBTB37,41.8,21,20.8,1.007,0,9.6e-01,1.0e+00,0.9868,8751,25,23,17,19,22,20,20,21
ENSG00000087157,PGS1,57.8,29.2,28.5,0.992,0,9.6e-01,1.0e+00,0.9868,8752,31,34,21,31,31,31,30,22
ENSG00000107331,ABCA2,117,58.8,58.2,0.99,0,9.6e-01,1.0e+00,0.9868,8753,51,63,46,75,38,48,90,57
ENSG00000110917,MLEC,443.5,221.2,222.2,1.005,0,9.6e-01,1.0e+00,0.9868,8754,264,210,217,194,223,210,259,197
ENSG00000137492,THAP12,71.8,35.8,36,1.006,0,9.6e-01,1.0e+00,0.9868,8755,40,35,31,37,39,41,33,31
ENSG00000288408,UBL7,63,31.8,31.2,0.99,0,9.6e-01,1.0e+00,0.9868,8756,31,20,34,42,30,20,31,44
ENSG00000090097,PCBP4,76.2,38,38.2,1.008,0,9.6e-01,1.0e+00,0.9868,8757,32,46,34,40,54,35,32,32
ENSG00000159714,ZDHHC1,32.2,16.2,16,0.989,0,9.6e-01,1.0e+00,0.9868,8758,14,14,23,14,15,12,24,13
ENSG00000147164,SNX12,126.2,63,63.2,1.005,0,9.6e-01,1.0e+00,0.9868,8759,66,56,64,66,66,70,54,63
ENSG00000158290,CUL4B,248.5,124,124.5,1.004,0,9.6e-01,1.0e+00,0.9868,8760,112,119,138,127,137,125,125,111
ENSG00000167632,TRAPPC9,43.5,21.8,21.8,1.008,0,9.6e-01,1.0e+00,0.9868,8761,19,24,20,24,20,26,15,26
ENSG00000124275,MTRR,46,23,23,1.011,0,9.6e-01,1.0e+00,0.9868,8762,29,12,24,27,24,16,30,22
ENSG00000132485,ZRANB2,156.8,78,78.8,1.004,0,9.6e-01,1.0e+00,0.9868,8763,76,71,81,84,77,80,85,73
ENSG00000175782,SLC35E3,56,28.2,27.8,0.994,0,9.6e-01,1.0e+00,0.9868,8764,31,28,30,24,28,30,30,23
ENSG00000111860,CEP85L,33,16.5,16.5,0.992,0,9.6e-01,1.0e+00,0.9868,8765,21,16,14,15,13,19,18,16
ENSG00000133030,MPRIP,418.8,209.8,209,0.996,0,9.6e-01,1.0e+00,0.9868,8766,212,192,216,219,194,188,234,220
ENSG00000169375,SIN3A,109,54.8,54.2,0.993,0,9.6e-01,1.0e+00,0.9868,8767,49,43,73,54,58,54,44,61
ENSG00000104368,PLAT,67,33.5,33.5,0.991,0,9.6e-01,1.0e+00,0.9868,8768,39,25,33,37,33,22,48,31
ENSG00000188313,PLSCR1,91.2,45.5,45.8,1.007,0,9.6e-01,1.0e+00,0.9868,8769,50,37,43,52,62,38,41,42
ENSG00000137074,APTX,38,19.2,18.8,0.993,0,9.6e-01,1.0e+00,0.9868,8770,20,22,14,21,19,18,20,18
ENSG00000188641,DPYD,214,107.2,106.8,0.996,0,9.6e-01,1.0e+00,0.9868,8771,110,108,97,114,111,94,102,120
ENSG00000116198,CEP104,56.8,28.5,28.2,0.992,0,9.6e-01,1.0e+00,0.9868,8772,20,25,35,34,31,29,27,26
ENSG00000111186,WNT5B,103.8,52,51.8,0.993,0,9.6e-01,1.0e+00,0.9868,8773,49,55,62,42,40,61,44,62
ENSG00000184481,FOXO4,47.2,23.8,23.5,1.007,0,9.6e-01,1.0e+00,0.9868,8774,19,29,21,26,23,23,27,21
ENSG00000151503,NCAPD3,33.8,17,16.8,0.991,0,9.6e-01,1.0e+00,0.9869,8776,13,15,18,22,14,21,13,19
ENSG00000143742,SRP9,191,95,96,1.005,0,9.6e-01,1.0e+00,0.987,8777,91,94,94,101,112,110,86,76
ENSG00000179091,CYC1,59.2,29.5,29.8,1.009,0,9.6e-01,1.0e+00,0.987,8778,29,24,38,27,42,20,31,26
ENSG00000111906,HDDC2,50.2,25.2,25,1.008,0,9.6e-01,1.0e+00,0.987,8779,26,34,17,24,23,27,29,21
ENSG00000162244,RPL29,966.5,481.8,484.8,1.006,0,9.6e-01,1.0e+00,0.9872,8782,542,498,487,400,626,417,489,407
ENSG00000183337,BCOR,49,24.5,24.5,0.991,0,9.6e-01,1.0e+00,0.9872,8783,25,22,30,21,17,21,32,28
ENSG00000280516,TMEM42,38,19.2,18.8,0.992,0,9.6e-01,1.0e+00,0.9875,8787,22,23,14,18,24,20,15,16
ENSG00000134371,CDC73,76.8,38.2,38.5,1.006,0,9.6e-01,1.0e+00,0.9875,8788,38,38,32,45,43,34,36,41
ENSG00000116731,PRDM2,106.2,53,53.2,1.005,0,9.6e-01,1.0e+00,0.9875,8789,59,49,48,56,62,56,50,45
ENSG00000181744,DIPK2A,60.8,30.5,30.2,0.993,0,9.6e-01,1.0e+00,0.9875,8790,22,30,31,39,33,24,31,33
ENSG00000285098,CLDN23,27.8,13.8,14,1.023,0,9.6e-01,1.0e+00,0.9876,8791,17,0,13,25,19,20,5,12
ENSG00000285049,CPSF1,131,65.8,65.2,0.994,0,9.6e-01,1.0e+00,0.9878,8794,80,51,62,70,73,48,71,69
ENSG00000076108,BAZ2A,164,81.8,82.2,1.005,0,9.6e-01,1.0e+00,0.9878,8795,84,83,93,67,84,79,75,91
ENSG00000122034,GTF3A,61.8,31,30.8,0.995,0,9.6e-01,1.0e+00,0.9879,8797,29,34,27,34,29,30,33,31
ENSG00000103512,NOMO1,50,25.8,24.2,0.959,-0.1,9.6e-01,1.0e+00,0.9881,8800,0,80,23,0,42,0,55,0
ENSG00000143801,PSEN2,37.2,18.5,18.8,1.008,0,9.6e-01,1.0e+00,0.9881,8801,15,15,24,20,13,19,21,22
ENSG00000167112,TRUB2,35,17.8,17.2,0.99,0,9.6e-01,1.0e+00,0.9881,8802,13,21,25,12,17,22,13,17
ENSG00000132341,RAN,235.2,117.2,118,1.006,0,9.6e-01,1.0e+00,0.9881,8803,139,122,111,97,137,101,138,96
ENSG00000156171,DRAM2,104,51.8,52.2,1.006,0,9.6e-01,1.0e+00,0.9881,8804,38,44,59,66,46,61,51,51
ENSG00000138442,WDR12,33.5,17,16.5,0.989,0,9.6e-01,1.0e+00,0.9881,8805,15,11,15,27,22,10,22,12
ENSG00000132471,WBP2,124.5,62.2,62.2,0.993,0,9.6e-01,1.0e+00,0.9884,8809,48,65,56,80,48,81,48,72
ENSG00000138172,CALHM2,95,47.8,47.2,0.993,0,9.6e-01,1.0e+00,0.9887,8812,48,63,33,47,43,54,33,59
ENSG00000139842,CUL4A,168.8,84,84.8,1.005,0,9.6e-01,1.0e+00,0.9888,8814,97,92,74,73,90,92,84,73
ENSG00000100211,CBY1,43,21.5,21.5,1.009,0,9.6e-01,1.0e+00,0.9888,8815,14,22,21,29,14,28,25,19
ENSG00000103194,USP10,75.8,37.8,38,1.006,0,9.6e-01,1.0e+00,0.989,8818,37,36,37,41,35,26,47,44
ENSG00000142798,HSPG2,1360.2,678,682.2,1.006,0,9.6e-01,1.0e+00,0.9891,8820,546,856,498,812,611,641,687,790
ENSG00000170043,TRAPPC1,122.2,61.5,60.8,0.995,0,9.6e-01,1.0e+00,0.9891,8821,62,71,64,49,57,66,71,49
ENSG00000178202,POGLUT3,192.5,96.5,96,0.992,0,9.6e-01,1.0e+00,0.9894,8824,118,94,60,114,100,111,62,111
ENSG00000125971,DYNLRB1,118.5,59.2,59.2,1.005,0,9.6e-01,1.0e+00,0.9894,8825,42,60,75,60,63,59,54,61
ENSG00000186951,PPARA,70.5,35.2,35.2,1.005,0,9.7e-01,1.0e+00,0.9896,8828,34,41,30,36,30,35,32,44
ENSG00000176978,DPP7,173.5,86.5,87,1.005,0,9.7e-01,1.0e+00,0.9897,8830,83,82,107,74,90,70,102,86
ENSG00000240857,RDH14,28.5,14.2,14.2,0.989,0,9.7e-01,1.0e+00,0.9899,8833,17,6,21,13,11,18,11,17
ENSG00000147955,SIGMAR1,109.2,54.5,54.8,1.005,0,9.7e-01,1.0e+00,0.9899,8834,42,58,62,56,51,65,61,42
ENSG00000153071,DAB2,1016,507.2,508.8,1.004,0,9.7e-01,1.0e+00,0.9901,8837,451,484,592,502,463,536,494,542
ENSG00000133706,LARS1,154.2,77,77.2,1.005,0,9.7e-01,1.0e+00,0.9901,8838,78,64,80,86,71,62,92,84
ENSG00000167113,COQ4,39.5,20,19.5,0.993,0,9.7e-01,1.0e+00,0.9902,8839,23,24,20,13,24,16,21,17
ENSG00000204843,DCTN1,693.5,346.2,347.2,1.004,0,9.7e-01,1.0e+00,0.9903,8841,337,382,332,334,275,386,346,382
ENSG00000198625,MDM4,42.5,21.5,21,0.993,0,9.7e-01,1.0e+00,0.9903,8842,17,28,24,17,28,22,18,16
ENSG00000120616,EPC1,43,21.8,21.2,0.993,0,9.7e-01,1.0e+00,0.9903,8843,16,24,23,24,26,18,24,17
ENSG00000106605,BLVRA,37.8,19.2,18.5,0.991,0,9.7e-01,1.0e+00,0.9903,8844,18,20,22,17,22,8,24,20
ENSG00000048392,RRM2B,117.5,59,58.5,0.996,0,9.7e-01,1.0e+00,0.9904,8846,62,60,59,55,52,68,51,63
ENSG00000281309,SURF6,50.8,25.5,25.2,1.006,0,9.7e-01,1.0e+00,0.9905,8849,22,30,25,25,32,23,29,17
ENSG00000198853,RUSC2,94.8,47.5,47.2,0.994,0,9.7e-01,1.0e+00,0.991,8853,42,44,59,45,39,37,66,47
ENSG00000078668,VDAC3,90,45,45,0.996,0,9.7e-01,1.0e+00,0.9919,8863,47,48,46,39,53,42,45,40
ENSG00000167978,SRRM2,939,470.5,468.5,0.996,0,9.7e-01,1.0e+00,0.9919,8864,445,467,502,468,513,376,544,441
ENSG00000127526,SLC35E1,105.2,52.8,52.5,0.995,0,9.7e-01,1.0e+00,0.9921,8866,61,50,52,48,39,68,56,47
ENSG00000095906,NUBP2,40.8,20.8,20,0.993,0,9.7e-01,1.0e+00,0.9921,8868,21,20,25,17,29,14,22,15
ENSG00000142089,IFITM3,838.8,420.2,418.5,0.996,0,9.7e-01,1.0e+00,0.9922,8869,396,361,451,473,389,374,502,409
ENSG00000136271,DDX56,63.2,31.8,31.5,0.995,0,9.7e-01,1.0e+00,0.9922,8870,30,29,34,34,34,24,32,36
ENSG00000148218,ALAD,150.8,75.5,75.2,0.996,0,9.7e-01,1.0e+00,0.9922,8871,89,69,72,72,93,63,66,79
ENSG00000115414,FN1,27684,13890,13794,0.993,0,9.7e-01,1.0e+00,0.9922,8872,11138,19186,9129,16107,9934,16984,12020,16238
ENSG00000143315,PIGM,31.8,15.8,16,1.007,0,9.7e-01,1.0e+00,0.9925,8876,19,15,15,14,10,18,17,19
ENSG00000164134,NAA15,66.8,33.2,33.5,1.006,0,9.7e-01,1.0e+00,0.9925,8877,36,28,37,32,28,27,51,28
ENSG00000008394,MGST1,308.5,155,153.5,0.991,0,9.7e-01,1.0e+00,0.9925,8878,104,118,265,133,136,102,255,121
ENSG00000131471,AOC3,30.2,15.2,15,0.984,0,9.7e-01,1.0e+00,0.9925,8879,6,16,4,35,12,9,11,28
ENSG00000212907,MT-ND4L,776.2,387.5,388.8,1.003,0,9.7e-01,1.0e+00,0.9925,8880,377,403,408,362,394,435,366,360
ENSG00000090989,EXOC1,119,59.5,59.5,0.996,0,9.7e-01,1.0e+00,0.9925,8881,57,53,63,65,50,55,60,73
ENSG00000100226,GTPBP1,83.8,42,41.8,0.996,0,9.7e-01,1.0e+00,0.9928,8885,52,41,39,36,51,37,35,44
ENSG00000154582,ELOC,62.2,31.2,31,0.996,0,9.7e-01,1.0e+00,0.9928,8886,28,31,33,33,29,33,27,35
ENSG00000143376,SNX27,77.5,38.8,38.8,0.995,0,9.7e-01,1.0e+00,0.9928,8887,43,32,37,43,37,29,40,49
ENSG00000143727,ACP1,81.2,40.5,40.8,1.005,0,9.7e-01,1.0e+00,0.9928,8888,52,29,38,43,39,44,40,40
ENSG00000158863,FHIP2B,117.5,58.8,58.8,1.004,0,9.7e-01,1.0e+00,0.9928,8889,51,73,64,47,61,51,61,62
ENSG00000148337,CIZ1,244,122,122,0.997,0,9.7e-01,1.0e+00,0.9928,8890,134,122,111,121,125,120,119,124
ENSG00000158941,CCAR2,132,66.2,65.8,0.996,0,9.7e-01,1.0e+00,0.9928,8891,77,69,64,55,73,52,74,64
ENSG00000152684,PELO,36.8,18.5,18.2,1.007,0,9.7e-01,1.0e+00,0.9928,8892,27,14,19,14,21,12,24,16
ENSG00000189337,KAZN,58.5,29.5,29,0.994,0,9.7e-01,1.0e+00,0.9929,8893,30,28,21,39,25,21,36,34
ENSG00000164649,CDCA7L,39.2,19.5,19.8,1.009,0,9.7e-01,1.0e+00,0.9932,8897,17,16,19,26,10,11,28,30
ENSG00000164038,SLC9B2,43.2,21.5,21.8,1.007,0,9.7e-01,1.0e+00,0.9932,8898,15,30,15,26,16,24,22,25
ENSG00000166169,POLL,40,20.2,19.8,0.994,0,9.7e-01,1.0e+00,0.9932,8899,21,25,11,24,20,24,19,16
ENSG00000166971,AKTIP,40.5,20.2,20.2,0.995,0,9.7e-01,1.0e+00,0.9932,8900,20,23,22,16,18,18,19,26
ENSG00000153291,SLC25A27,33.5,16.8,16.8,0.99,0,9.7e-01,1.0e+00,0.9932,8901,15,15,8,29,16,12,9,30
ENSG00000188986,NELFB,105.8,53,52.8,0.996,0,9.7e-01,1.0e+00,0.9932,8902,66,50,44,52,61,40,52,58
ENSG00000211450,SELENOH,37.5,19,18.5,0.991,0,9.7e-01,1.0e+00,0.9932,8903,23,15,15,23,28,11,27,8
ENSG00000131381,RBSN,78.8,39.5,39.2,0.996,0,9.7e-01,1.0e+00,0.9932,8904,31,36,49,42,34,48,35,40
ENSG00000158417,EIF5B,90,44.8,45.2,1.011,0,9.7e-01,1.0e+00,0.9934,8907,14,25,51,89,31,56,38,56
ENSG00000106400,ZNHIT1,72,36,36,1.004,0,9.7e-01,1.0e+00,0.9936,8909,36,40,30,38,40,30,38,36
ENSG00000135775,COG2,33.2,16.5,16.8,1.006,0,9.7e-01,1.0e+00,0.9939,8914,19,14,17,16,16,19,22,10
ENSG00000171135,JAGN1,40.5,20.5,20,0.995,0,9.7e-01,1.0e+00,0.9942,8917,22,22,14,24,20,24,17,19
ENSG00000140694,PARN,60,30.2,29.8,0.995,0,9.7e-01,1.0e+00,0.9942,8918,26,36,27,32,26,41,34,18
ENSG00000116353,MECR,17.8,9,8.8,0.991,0,9.8e-01,1.0e+00,0.9942,8919,12,7,12,5,14,5,11,5
ENSG00000151498,ACAD8,31.8,15.8,16,1.006,0,9.8e-01,1.0e+00,0.9947,8925,18,12,11,22,13,20,12,19
ENSG00000289694,ENSG00000289694,265.2,132.8,132.5,0.996,0,9.8e-01,1.0e+00,0.9951,8929,118,131,156,126,116,148,172,94
ENSG00000145781,COMMD10,20.2,10.2,10,0.995,0,9.8e-01,1.0e+00,0.9953,8931,9,10,12,10,10,9,12,9
ENSG00000167005,NUDT21,135.8,67.8,68,1.004,0,9.8e-01,1.0e+00,0.9953,8932,78,54,56,83,64,72,76,60
ENSG00000156502,SUPV3L1,30.2,15,15.2,1.005,0,9.8e-01,1.0e+00,0.9953,8933,15,14,19,12,12,17,17,15
ENSG00000136908,DPM2,32.8,16.2,16.5,1.005,0,9.8e-01,1.0e+00,0.9953,8934,13,15,15,22,13,16,18,19
ENSG00000028203,VEZT,91.8,45.8,46,1.004,0,9.8e-01,1.0e+00,0.9953,8935,38,45,41,59,39,49,45,51
ENSG00000175309,PHYKPL,43,21.8,21.2,0.995,0,9.8e-01,1.0e+00,0.9953,8936,24,23,25,15,27,20,23,15
ENSG00000183098,GPC6,310.5,154.8,155.8,1.006,0,9.8e-01,1.0e+00,0.9953,8937,110,191,110,208,83,176,144,220
ENSG00000176946,THAP4,72.5,36.5,36,0.996,0,9.8e-01,1.0e+00,0.9953,8938,37,40,27,42,44,30,33,37
ENSG00000163956,LRPAP1,183.2,91.2,92,1.003,0,9.8e-01,1.0e+00,0.9953,8939,91,95,81,98,84,80,116,88
ENSG00000155438,NIFK,39.2,19.8,19.5,0.995,0,9.8e-01,1.0e+00,0.9953,8940,26,23,17,13,18,21,22,17
ENSG00000135637,CCDC142,18.2,9.2,9,0.993,0,9.8e-01,1.0e+00,0.9953,8941,12,6,11,8,12,11,8,5
ENSG00000128891,CCDC32,18.8,9.5,9.2,0.993,0,9.8e-01,1.0e+00,0.9953,8942,7,12,10,9,5,9,12,11
ENSG00000227500,SCAMP4,104.8,52.5,52.2,0.996,0,9.8e-01,1.0e+00,0.9953,8943,59,51,58,42,51,45,69,44
ENSG00000152104,PTPN14,248.8,124,124.8,1.004,0,9.8e-01,1.0e+00,0.9953,8944,117,125,133,121,116,74,181,128
ENSG00000170248,PDCD6IP,408.2,204.2,204,0.998,0,9.8e-01,1.0e+00,0.9953,8945,202,218,203,194,188,204,201,223
ENSG00000225921,NOL7,55.8,28.2,27.5,0.995,0,9.8e-01,1.0e+00,0.9953,8946,33,24,23,33,24,37,31,18
ENSG00000112305,SMAP1,55.5,27.8,27.8,1.004,0,9.8e-01,1.0e+00,0.9953,8947,26,24,32,29,23,32,22,34
ENSG00000197756,RPL37A,839.5,420.5,419,0.996,0,9.8e-01,1.0e+00,0.9953,8948,524,425,385,348,588,411,366,311
ENSG00000253537,PCDHGA7,35.2,17.8,17.5,0.989,0,9.8e-01,1.0e+00,0.9954,8950,23,16,5,27,26,9,5,30
ENSG00000196363,WDR5,47.5,24,23.5,0.995,0,9.8e-01,1.0e+00,0.9954,8951,19,37,25,15,25,20,26,23
ENSG00000132912,DCTN4,117,58.8,58.2,0.997,0,9.8e-01,1.0e+00,0.9954,8952,56,60,68,51,65,60,59,49
ENSG00000157350,ST3GAL2,48,24.2,23.8,0.996,0,9.8e-01,1.0e+00,0.9954,8953,21,33,22,21,28,26,24,17
ENSG00000293473,CENPBD1P,15.8,8,7.8,0.988,0,9.8e-01,1.0e+00,0.9955,8955,6,2,12,12,11,0,8,12
ENSG00000133112,TPT1,5637,2821.8,2815.2,0.998,0,9.8e-01,1.0e+00,0.9955,8957,2906,3000,2569,2812,3086,3034,2569,2572
ENSG00000078098,FAP,264.5,132.5,132,0.996,0,9.8e-01,1.0e+00,0.9957,8960,112,115,183,120,81,139,168,140
ENSG00000129347,KRI1,39.2,19.8,19.5,1.005,0,9.8e-01,1.0e+00,0.9958,8961,13,25,24,17,17,17,27,17
ENSG00000175606,TMEM70,31,15.2,15.8,1.006,0,9.8e-01,1.0e+00,0.9958,8962,18,11,12,20,12,16,9,26
ENSG00000106803,SEC61B,68,34.2,33.8,0.996,0,9.8e-01,1.0e+00,0.9958,8963,35,29,33,40,45,34,34,22
ENSG00000174840,PDE12,39.5,19.8,19.8,1.005,0,9.8e-01,1.0e+00,0.9958,8964,15,28,21,15,16,13,19,31
ENSG00000162430,SELENON,383,191.2,191.8,1.003,0,9.8e-01,1.0e+00,0.9958,8965,190,162,202,211,210,130,228,199
ENSG00000248527,MTATP6P1,501.5,251,250.5,0.997,0,9.8e-01,1.0e+00,0.9958,8966,226,277,247,254,248,318,206,230
ENSG00000164080,RAD54L2,56.5,28.2,28.2,0.996,0,9.8e-01,1.0e+00,0.9961,8970,38,25,27,23,25,33,29,26
ENSG00000145476,CYP4V2,57.8,28.8,29,1.005,0,9.8e-01,1.0e+00,0.9965,8974,20,29,32,34,16,34,32,34
ENSG00000167615,LENG8,216,108.2,107.8,0.997,0,9.8e-01,1.0e+00,0.9965,8975,99,153,80,101,99,134,90,108
ENSG00000096746,HNRNPH3,131.5,65.8,65.8,1.003,0,9.8e-01,1.0e+00,0.9965,8977,69,72,56,66,78,72,61,52
ENSG00000118898,PPL,418,208.2,209.8,1.007,0,9.8e-01,1.0e+00,0.9965,8978,243,237,104,249,221,253,66,299
ENSG00000114902,SPCS1,100.8,50.5,50.2,0.998,0,9.8e-01,1.0e+00,0.9969,8982,42,58,54,48,55,54,48,44
ENSG00000153048,CARHSP1,160.8,80.2,80.5,1.002,0,9.8e-01,1.0e+00,0.9969,8983,79,81,70,91,95,87,66,74
ENSG00000048028,USP28,42.5,21.2,21.2,0.996,0,9.8e-01,1.0e+00,0.9969,8984,18,17,27,23,23,20,28,14
ENSG00000238083,LRRC37A2,97.2,48.5,48.8,1.004,0,9.8e-01,1.0e+00,0.9969,8985,46,44,60,44,49,31,70,45
ENSG00000004142,POLDIP2,131.5,66,65.5,0.997,0,9.8e-01,1.0e+00,0.9969,8986,57,64,74,69,87,61,63,51
ENSG00000151923,TIAL1,107.5,54,53.5,0.998,0,9.8e-01,1.0e+00,0.9969,8987,49,62,56,49,66,43,52,53
ENSG00000122068,FYTTD1,106,53,53,0.998,0,9.8e-01,1.0e+00,0.9969,8988,51,52,50,59,44,64,56,48
ENSG00000136463,TACO1,21.2,10.8,10.5,0.994,0,9.8e-01,1.0e+00,0.9974,8993,7,8,14,14,18,12,5,7
ENSG00000072756,TRNT1,67,33.5,33.5,1.004,0,9.8e-01,1.0e+00,0.9974,8994,34,45,36,19,33,40,35,26
ENSG00000162521,RBBP4,141.5,71,70.5,0.998,0,9.8e-01,1.0e+00,0.9974,8995,73,77,65,69,69,75,74,64
ENSG00000122550,KLHL7,66.8,33.5,33.2,0.998,0,9.8e-01,1.0e+00,0.9974,8996,31,37,36,30,29,37,31,36
ENSG00000205746,PKD1P4,95.5,47.8,47.8,0.994,0,9.8e-01,1.0e+00,0.9974,8997,75,12,41,63,53,31,43,64
ENSG00000012817,KDM5D,66.2,33.2,33,0.988,0,9.8e-01,1.0e+00,0.9974,8998,50,46,37,0,43,41,48,0
ENSG00000172716,SLFN11,86.8,43.2,43.5,0.997,0,9.8e-01,1.0e+00,0.9974,8999,50,39,39,45,49,50,50,25
ENSG00000111880,RNGTT,29,14.5,14.5,1.004,0,9.8e-01,1.0e+00,0.9974,9000,13,14,18,13,9,16,19,14
ENSG00000168615,ADAM9,1396.8,699,697.8,0.998,0,9.8e-01,1.0e+00,0.9974,9001,662,780,649,705,655,796,648,692
ENSG00000166016,ABTB2,20.8,10.5,10.2,0.996,0,9.8e-01,1.0e+00,0.9974,9002,8,11,11,12,9,13,7,12
ENSG00000176142,TMEM39A,79,39.5,39.5,0.996,0,9.8e-01,1.0e+00,0.9974,9003,39,41,39,39,23,30,53,52
ENSG00000174851,YIF1A,66.5,33.2,33.2,0.997,0,9.8e-01,1.0e+00,0.9974,9004,39,29,30,35,38,29,43,23
ENSG00000232653,GOLGA8N,16.2,8,8.2,0.987,0,9.8e-01,1.0e+00,0.9974,9005,15,16,1,0,14,16,1,2
ENSG00000131013,PPIL4,58.2,29.2,29,1.003,0,9.9e-01,1.0e+00,0.9979,9011,21,25,33,38,26,34,34,22
ENSG00000198466,ZNF587,36,18,18,0.994,0,9.9e-01,1.0e+00,0.9979,9012,5,14,32,21,12,29,19,12
ENSG00000124571,XPO5,44.2,22.2,22,1.004,0,9.9e-01,1.0e+00,0.9979,9013,23,34,18,14,27,16,28,17
ENSG00000157349,DDX19B,36.8,18.5,18.2,0.995,0,9.9e-01,1.0e+00,0.9979,9014,23,11,18,22,20,30,14,9
ENSG00000196961,AP2A1,324.8,162.5,162.2,0.998,0,9.9e-01,1.0e+00,0.9979,9015,161,180,164,145,147,169,154,179
ENSG00000171475,WIPF2,96.2,48,48.2,0.998,0,9.9e-01,1.0e+00,0.9979,9016,51,51,48,42,52,48,45,48
ENSG00000166086,JAM3,181.2,90.5,90.8,1.002,0,9.9e-01,1.0e+00,0.9979,9017,100,97,72,93,79,112,89,83
ENSG00000182196,ARL6IP4,121,60.5,60.5,1.002,0,9.9e-01,1.0e+00,0.998,9019,75,59,50,58,75,55,60,52
ENSG00000109089,CDR2L,54.8,27.2,27.5,1.003,0,9.9e-01,1.0e+00,0.998,9020,25,18,34,32,29,27,25,29
ENSG00000087088,BAX,115,57.5,57.5,1.002,0,9.9e-01,1.0e+00,0.9981,9022,70,62,51,47,63,68,60,39
ENSG00000196683,TOMM7,179,89.5,89.5,1.002,0,9.9e-01,1.0e+00,0.9982,9024,110,91,77,80,104,86,102,66
ENSG00000285343,PPP1R3B,26,13,13,0.988,0,9.9e-01,1.0e+00,0.9982,9025,36,0,0,16,17,18,0,17
ENSG00000178719,GRINA,301.5,151,150.5,0.999,0,9.9e-01,1.0e+00,0.9982,9026,136,139,172,157,143,144,162,153
ENSG00000100991,TRPC4AP,193.2,96.5,96.8,1.001,0,9.9e-01,1.0e+00,0.9982,9027,100,88,110,88,109,94,96,88
ENSG00000140548,ZNF710,32.2,16.2,16,1.004,0,9.9e-01,1.0e+00,0.9982,9028,22,13,16,14,20,8,24,12
ENSG00000148308,GTF3C5,51,25.8,25.2,0.997,0,9.9e-01,1.0e+00,0.9983,9029,25,35,20,23,27,25,31,18
ENSG00000167302,TEPSIN,32,16,16,1.003,0,9.9e-01,1.0e+00,0.9983,9030,16,16,15,17,20,17,17,10
ENSG00000168612,ZSWIM1,21.8,11,10.8,0.996,0,9.9e-01,1.0e+00,0.9983,9031,11,14,14,5,10,10,11,12
ENSG00000137955,RABGGTB,41,20.5,20.5,0.998,0,9.9e-01,1.0e+00,0.9983,9032,20,17,28,17,18,25,22,17
ENSG00000181264,TLCD5,34.2,17.2,17,1.004,0,9.9e-01,1.0e+00,0.9983,9033,26,21,5,17,21,17,12,18
ENSG00000139323,POC1B,25.5,12.8,12.8,1.005,0,9.9e-01,1.0e+00,0.9983,9034,11,8,20,12,3,19,14,15
ENSG00000115866,DARS1,134.8,67.5,67.2,0.998,0,9.9e-01,1.0e+00,0.9983,9035,61,74,59,76,74,61,82,52
ENSG00000137815,RTF1,124.2,62.2,62,0.998,0,9.9e-01,1.0e+00,0.9983,9036,57,76,56,60,60,77,57,54
ENSG00000135049,AGTPBP1,20.5,10.2,10.2,0.997,0,9.9e-01,1.0e+00,0.9983,9037,12,12,8,9,7,16,7,11
ENSG00000091157,WDR7,49,24.5,24.5,1.002,0,9.9e-01,1.0e+00,0.9983,9038,29,17,23,29,21,26,24,27
ENSG00000151327,FAM177A1,59.5,29.8,29.8,1.002,0,9.9e-01,1.0e+00,0.9983,9039,22,40,29,28,21,33,29,36
ENSG00000151474,FRMD4A,33.5,17,16.5,1.003,0,9.9e-01,1.0e+00,0.9983,9040,11,13,24,20,18,10,25,13
ENSG00000167173,C15orf39,27.5,13.8,13.8,1.003,0,9.9e-01,1.0e+00,0.9983,9041,15,9,17,14,15,9,14,17
ENSG00000125841,NRSN2,56,28,28,0.993,0,9.9e-01,1.0e+00,0.9983,9042,40,52,15,5,8,5,50,49
ENSG00000240342,RPS2P5,217,108.8,108.2,0.996,0,9.9e-01,1.0e+00,0.9983,9043,150,128,105,52,169,89,134,41
ENSG00000042445,RETSAT,115,57.5,57.5,1.002,0,9.9e-01,1.0e+00,0.9983,9044,53,51,63,63,60,52,73,45
ENSG00000140943,MBTPS1,318,159.2,158.8,0.999,0,9.9e-01,1.0e+00,0.9983,9045,136,176,156,169,138,165,164,168
ENSG00000115875,SRSF7,65.8,33,32.8,1.002,0,9.9e-01,1.0e+00,0.9983,9046,24,36,27,45,34,34,35,28
ENSG00000153914,SREK1,130.2,65.2,65,0.999,0,9.9e-01,1.0e+00,0.9983,9047,68,49,74,70,64,62,75,59
ENSG00000101577,LPIN2,103.8,52,51.8,0.998,0,9.9e-01,1.0e+00,0.9983,9048,54,35,52,67,45,36,67,59
ENSG00000082438,COBLL1,69,34.8,34.2,0.998,0,9.9e-01,1.0e+00,0.9983,9049,25,39,25,50,26,43,34,34
ENSG00000289346,ENSG00000289346,34.5,17.2,17.2,1.006,0,9.9e-01,1.0e+00,0.9983,9050,18,10,27,14,18,0,29,22
ENSG00000162642,C1orf52,24,12,12,1.004,0,9.9e-01,1.0e+00,0.9983,9051,23,6,8,11,9,12,15,12
ENSG00000176018,LYSMD3,47.5,23.8,23.8,1.003,0,9.9e-01,1.0e+00,0.9983,9052,30,12,35,18,21,21,30,23
ENSG00000214194,SMIM30,35.8,18,17.8,1.003,0,9.9e-01,1.0e+00,0.9983,9053,20,18,16,18,29,12,12,18
ENSG00000108406,DHX40,134.8,67.5,67.2,0.998,0,9.9e-01,1.0e+00,0.9983,9054,67,71,74,58,55,54,70,90
ENSG00000071626,DAZAP1,79,39.5,39.5,0.999,0,9.9e-01,1.0e+00,0.9983,9055,37,39,40,42,47,35,42,34
ENSG00000153827,TRIP12,452.8,226.2,226.5,1.001,0,9.9e-01,1.0e+00,0.9983,9056,221,224,226,234,217,204,243,242
ENSG00000284900,KBTBD4,25.8,12.8,13,1.003,0,9.9e-01,1.0e+00,0.9983,9057,21,10,13,7,11,16,19,6
ENSG00000117533,VAMP4,107.8,53.8,54,1.001,0,9.9e-01,1.0e+00,0.9983,9058,47,56,57,55,53,70,40,53
ENSG00000253719,ATXN7L3B,133.5,66.8,66.8,0.999,0,9.9e-01,1.0e+00,0.9983,9059,70,56,75,66,68,69,57,73
ENSG00000117335,CD46,441,220.5,220.5,1.001,0,9.9e-01,1.0e+00,0.9983,9060,194,258,233,197,187,216,227,252
ENSG00000143622,RIT1,28.5,14.2,14.2,1.002,0,9.9e-01,1.0e+00,0.9983,9061,14,14,10,19,15,14,13,15
ENSG00000184428,TOP1MT,21.5,10.8,10.8,0.998,0,9.9e-01,1.0e+00,0.9983,9062,13,10,10,10,11,13,8,11
ENSG00000166377,ATP9B,52.2,26,26.2,1.002,0,9.9e-01,1.0e+00,0.9983,9063,31,18,28,27,30,22,24,29
ENSG00000127993,RBM48,25.5,12.8,12.8,1.003,0,9.9e-01,1.0e+00,0.9983,9064,10,8,22,11,8,17,14,12
ENSG00000106009,BRAT1,37.8,18.8,19,0.998,0,9.9e-01,1.0e+00,0.9983,9065,30,12,14,19,15,20,16,25
ENSG00000173531,MST1,23.8,12,11.8,0.998,0,9.9e-01,1.0e+00,0.9983,9066,10,10,17,11,17,12,7,11
ENSG00000086289,EPDR1,99.8,50,49.8,0.997,0,9.9e-01,1.0e+00,0.9983,9067,29,86,42,43,33,83,38,45
ENSG00000140396,NCOA2,121.2,60.8,60.5,0.999,0,9.9e-01,1.0e+00,0.9983,9068,59,77,51,56,76,57,61,48
ENSG00000164068,RNF123,58.8,29.5,29.2,0.998,0,9.9e-01,1.0e+00,0.9983,9069,38,25,33,22,20,30,38,29
ENSG00000153037,SRP19,44.8,22.5,22.2,0.998,0,9.9e-01,1.0e+00,0.9983,9070,27,23,27,13,24,24,27,14
ENSG00000156639,ZFAND3,170.5,85.2,85.2,0.999,0,9.9e-01,1.0e+00,0.9983,9071,67,106,76,92,85,84,85,87
ENSG00000100216,TOMM22,56.2,28.2,28,1.002,0,9.9e-01,1.0e+00,0.9983,9072,29,21,41,22,36,29,32,15
ENSG00000109113,RAB34,200,100,100,1.001,0,9.9e-01,1.0e+00,0.9983,9073,93,100,97,110,109,94,96,101
ENSG00000143429,LSP1P4,25.8,13,12.8,0.997,0,9.9e-01,1.0e+00,0.9983,9074,15,17,13,7,22,13,9,7
ENSG00000163815,CLEC3B,47.8,24,23.8,0.996,0,9.9e-01,1.0e+00,0.9983,9075,11,45,12,28,12,43,15,25
ENSG00000068354,TBC1D25,24.8,12.5,12.2,0.998,0,9.9e-01,1.0e+00,0.9983,9076,10,13,10,17,15,14,8,12
ENSG00000122512,PMS2,46.5,23.2,23.2,1.002,0,9.9e-01,1.0e+00,0.9983,9077,32,22,27,12,18,27,22,26
ENSG00000126883,NUP214,99.8,49.8,50,1.001,0,9.9e-01,1.0e+00,0.9983,9078,58,42,54,45,53,56,55,36
ENSG00000080802,CNOT4,46.2,23.2,23,0.998,0,9.9e-01,1.0e+00,0.9983,9079,27,25,25,16,22,18,20,32
ENSG00000124782,RREB1,49.2,24.5,24.8,1.002,0,9.9e-01,1.0e+00,0.9983,9080,24,28,32,14,15,27,25,32
ENSG00000135414,GDF11,59,29.5,29.5,1.001,0,9.9e-01,1.0e+00,0.9983,9081,31,33,30,24,36,31,26,25
ENSG00000176715,ACSF3,28.5,14.2,14.2,1.002,0,9.9e-01,1.0e+00,0.9983,9082,14,15,13,15,12,7,21,17
ENSG00000197016,ZNF470,26.5,13.2,13.2,1.002,0,9.9e-01,1.0e+00,0.9983,9083,12,15,19,7,8,16,16,13
ENSG00000184983,NDUFA6,26.8,13.5,13.2,1.006,0,9.9e-01,1.0e+00,0.9983,9084,0,0,27,27,0,14,25,14
ENSG00000131023,LATS1,65.8,33,32.8,0.999,0,9.9e-01,1.0e+00,0.9983,9085,34,29,29,40,26,25,30,50
ENSG00000184787,UBE2G2,130.8,65.5,65.2,0.999,0,9.9e-01,1.0e+00,0.9983,9086,50,64,80,68,66,54,80,61
ENSG00000126254,RBM42,75.2,37.8,37.5,0.999,0,9.9e-01,1.0e+00,0.9983,9087,48,27,39,37,56,25,34,35
ENSG00000184863,RBM33,95.5,47.8,47.8,0.999,0,9.9e-01,1.0e+00,0.9983,9088,43,43,45,60,49,51,35,56
ENSG00000166352,IFTAP,24.2,12.2,12,0.998,0,9.9e-01,1.0e+00,0.9983,9089,6,16,16,11,9,13,13,13
ENSG00000198131,ZNF544,21.5,10.8,10.8,0.998,0,9.9e-01,1.0e+00,0.9983,9090,13,15,7,8,6,13,19,5
ENSG00000157353,FCSK,21.5,10.8,10.8,0.998,0,9.9e-01,1.0e+00,0.9983,9091,14,6,15,8,13,7,10,13
ENSG00000121940,CLCC1,100.8,50.2,50.5,0.999,0,9.9e-01,1.0e+00,0.9983,9092,45,43,63,50,39,78,42,43
ENSG00000143369,ECM1,386.5,193,193.5,1.001,0,9.9e-01,1.0e+00,0.9983,9093,145,214,135,278,130,234,144,266
ENSG00000109756,RAPGEF2,124.2,62.2,62,0.999,0,9.9e-01,1.0e+00,0.9983,9094,53,72,70,54,50,53,75,70
ENSG00000225073,DDX39B,48.8,24.2,24.5,1.006,0,9.9e-01,1.0e+00,0.9983,9095,0,0,70,27,0,0,40,58
ENSG00000197296,FITM2,28.2,14.2,14,1.001,0,9.9e-01,1.0e+00,0.9983,9096,13,11,21,12,19,13,15,9
ENSG00000133083,DCLK1,52.5,26.2,26.2,1.003,0,9.9e-01,1.0e+00,0.9983,9097,32,37,6,30,51,27,2,25
ENSG00000132612,VPS4A,99.2,49.5,49.8,1.001,0,9.9e-01,1.0e+00,0.9983,9098,65,43,44,46,53,35,42,69
ENSG00000141873,SLC39A3,26.5,13.5,13,0.999,0,9.9e-01,1.0e+00,0.9983,9099,13,13,15,13,18,8,13,13
ENSG00000166140,ZFYVE19,25.2,12.8,12.5,1.001,0,9.9e-01,1.0e+00,0.9983,9100,13,10,17,11,10,9,16,15
ENSG00000147996,ZNG1E,21.8,11,10.8,0.997,0,9.9e-01,1.0e+00,0.9983,9101,8,4,23,9,14,11,17,1
ENSG00000115073,ACTR1B,77,38.5,38.5,0.999,0,1.0e+00,1.0e+00,0.9984,9103,38,42,39,35,37,32,46,39
ENSG00000154174,TOMM70,126,63.2,62.8,1.001,0,1.0e+00,1.0e+00,0.9986,9106,58,62,70,63,56,67,73,55
ENSG00000133193,VCF1,51.2,25.8,25.5,0.999,0,1.0e+00,1.0e+00,0.9986,9107,25,21,31,26,31,14,32,25
ENSG00000132603,NIP7,22.5,11.2,11.2,1.001,0,1.0e+00,1.0e+00,0.9986,9108,15,4,15,11,10,11,12,12
ENSG00000168575,SLC20A2,96.5,48.2,48.2,1.001,0,1.0e+00,1.0e+00,0.9986,9109,35,55,45,58,24,69,60,40
ENSG00000136682,ZNG1B,22.8,11.5,11.2,0.999,0,1.0e+00,1.0e+00,0.9986,9110,12,9,8,17,9,13,15,8
ENSG00000166188,ZNF319,22,11,11,0.999,0,1.0e+00,1.0e+00,0.9986,9111,13,10,11,10,9,10,8,17
ENSG00000198863,RUNDC1,29.8,15,14.8,1.001,0,1.0e+00,1.0e+00,0.9986,9112,13,18,17,12,16,14,22,7
ENSG00000146872,TLK2,76.2,38,38.2,0.999,0,1.0e+00,1.0e+00,0.9986,9113,39,50,32,31,36,49,36,32
ENSG00000169223,LMAN2,183.8,91.8,92,0.999,0,1.0e+00,1.0e+00,0.9986,9114,88,105,95,79,115,80,96,77
ENSG00000182544,MFSD5,52,26.2,25.8,1.001,0,1.0e+00,1.0e+00,0.9986,9115,26,24,24,31,28,30,22,23
ENSG00000065491,TBC1D22B,29.8,15,14.8,1.001,0,1.0e+00,1.0e+00,0.9986,9116,14,16,17,13,21,12,13,13
ENSG00000164168,TMEM184C,100.2,50.2,50,0.999,0,1.0e+00,1.0e+00,0.9986,9117,45,60,57,39,37,38,80,45
ENSG00000135976,ANKRD36,25.5,12.8,12.8,1.001,0,1.0e+00,1.0e+00,0.9986,9118,11,14,13,13,9,16,11,15
ENSG00000172340,SUCLG2,123.5,61.8,61.8,1,0,1.0e+00,1.0e+00,0.9986,9119,66,55,56,70,63,62,54,68
ENSG00000196352,CD55,104.5,52.2,52.2,1.001,0,1.0e+00,1.0e+00,0.9986,9120,45,47,77,40,56,58,60,35
ENSG00000164808,SPIDR,100.5,50.2,50.2,1,0,1.0e+00,1.0e+00,0.9988,9123,52,46,46,57,49,45,52,55
ENSG00000259207,ITGB3,24.8,12.5,12.2,0.999,0,1.0e+00,1.0e+00,0.999,9126,17,11,14,8,18,12,15,4
ENSG00000111530,CAND1,257.2,128.8,128.5,1,0,1.0e+00,1.0e+00,0.9991,9127,136,133,109,137,134,151,111,118
ENSG00000140931,CMTM3,51.2,25.8,25.5,1,0,1.0e+00,1.0e+00,0.9991,9128,32,29,13,29,28,27,19,28
ENSG00000133731,IMPA1,22.5,11.2,11.2,1.001,0,1.0e+00,1.0e+00,0.9991,9130,13,10,15,7,5,16,14,10
ENSG00000100263,RHBDD3,25.2,12.8,12.5,1,0,1.0e+00,1.0e+00,0.9991,9131,10,11,13,17,12,11,15,12
ENSG00000284548,METTL9,23.8,11.8,12,0.999,0,1.0e+00,1.0e+00,0.9993,9134,0,12,5,30,4,19,0,25
ENSG00000135040,NAA35,47.8,24,23.8,1,0,1.0e+00,1.0e+00,0.9993,9135,22,21,26,27,21,28,16,30
ENSG00000125351,UPF3B,23.5,11.8,11.8,1,0,1.0e+00,1.0e+00,0.9994,9137,19,10,13,5,13,12,16,6
ENSG00000138738,PRDM5,23.5,11.8,11.8,1,0,1.0e+00,1.0e+00,0.9994,9138,14,9,10,14,12,10,10,15
ENSG00000129493,HEATR5A,128.2,64.2,64,1,0,1.0e+00,1.0e+00,0.9997,9142,63,85,40,69,73,62,61,60
ENSG00000164209,SLC25A46,139.2,69.8,69.5,1,0,1.0e+00,1.0e+00,0.9998,9143,75,67,75,62,88,59,68,63
ENSG00000120539,MASTL,25.5,12.8,12.8,1,0,1.0e+00,1.0e+00,0.9998,9144,6,15,15,15,8,19,15,9
ENSG00000141569,TRIM65,28.2,14.2,14,1,0,1.0e+00,1.0e+00,0.9999,9146,14,13,19,11,20,7,20,9
