source,native,name,p_value,significant,description,term_size,query_size,intersection_size,effective_domain_size,precision,recall,query,parents
GO:BP,GO:0010604,positive regulation of macromolecule metabolic process,9.3549465374443e-07,True,"""Any process that increases the frequency, rate or extent of the chemical reactions and pathways involving macromolecules, any molecule of high relative molecular mass, the structure of which essentially comprises the multiple repetition of units derived, actually or conceptually, from molecules of low relative molecular mass."" [GOC:dph, GOC:tb]",3288,502,132,21026,0.26294820717131473,0.040145985401459854,query_1,"['GO:0009893', 'GO:0043170', 'GO:0060255']"
GO:BP,GO:0008283,cell population proliferation,1.8937905767073541e-06,True,"""The multiplication or reproduction of cells, resulting in the expansion of a cell population."" [GOC:mah, GOC:mb]",2015,502,92,21026,0.18326693227091634,0.0456575682382134,query_1,['GO:0009987']
GO:BP,GO:0042325,regulation of phosphorylation,1.6667768699988362e-06,True,"""Any process that modulates the frequency, rate or extent of addition of phosphate groups into a molecule."" [GOC:jl]",830,502,51,21026,0.10159362549800798,0.06144578313253012,query_1,"['GO:0016310', 'GO:0019220']"
GO:BP,GO:0010648,negative regulation of cell communication,1.6011383257598424e-06,True,"""Any process that decreases the frequency, rate or extent of cell communication. Cell communication is the process that mediates interactions between a cell and its surroundings. Encompasses interactions such as signaling or attachment between one cell and another cell, between a cell and an extracellular matrix, or between a cell and any other aspect of its environment."" [GOC:dph, GOC:tb]",1436,502,73,21026,0.1454183266932271,0.05083565459610028,query_1,"['GO:0007154', 'GO:0010646', 'GO:0048523']"
GO:BP,GO:0023057,negative regulation of signaling,1.5529413572365242e-06,True,"""Any process that stops, prevents, or reduces the frequency, rate or extent of a signaling process."" [GOC:mtg_signal]",1435,502,73,21026,0.1454183266932271,0.050871080139372825,query_1,"['GO:0023051', 'GO:0023052', 'GO:0048519']"
GO:BP,GO:0006468,protein phosphorylation,1.210606115006473e-06,True,"""The process of introducing a phosphate group on to a protein."" [GOC:hb]",1227,502,66,21026,0.13147410358565736,0.05378973105134474,query_1,"['GO:0016310', 'GO:0036211']"
GO:BP,GO:0048598,embryonic morphogenesis,0.015999564919067837,True,"""The process in which anatomical structures are generated and organized during the embryonic phase. The embryonic phase begins with zygote formation. The end of the embryonic phase is organism-specific. For example, it would be at birth for mammals, larval hatching for insects and seed dormancy in plants."" [GOC:jid, GOC:mtg_sensu]",620,502,34,21026,0.06772908366533864,0.054838709677419356,query_1,"['GO:0009653', 'GO:0009790']"
GO:BP,GO:0051093,negative regulation of developmental process,1.1324736483457598e-06,True,"""Any process that stops, prevents or reduces the rate or extent of development, the biological process whose specific outcome is the progression of an organism over time from an initial condition (e.g. a zygote, or a young adult) to a later condition (e.g. a multicellular animal or an aged adult)."" [GOC:ai]",925,502,55,21026,0.10956175298804781,0.05945945945945946,query_1,"['GO:0032502', 'GO:0048519', 'GO:0050793']"
GO:BP,GO:0034330,cell junction organization,1.966218486765264e-06,True,"""A process that is carried out at the cellular level which results in the assembly, arrangement of constituent parts, or disassembly of a cell junction. A cell junction is a specialized region of connection between two cells or between a cell and the extracellular matrix."" [GOC:dph, GOC:jl, GOC:mah]",834,502,51,21026,0.10159362549800798,0.06115107913669065,query_1,['GO:0016043']
GO:BP,GO:0150116,regulation of cell-substrate junction organization,0.00015501785789228076,True,"""Any process that modulates the frequency, rate or extent of cell-substrate junction organization."" [GOC:aruk]",68,502,12,21026,0.02390438247011952,0.17647058823529413,query_1,"['GO:0051128', 'GO:0150115']"
GO:BP,GO:0033036,macromolecule localization,0.016984389996072023,True,"""Any process in which a macromolecule is transported to, or maintained in, a specific location."" [GOC:mah]",3228,502,114,21026,0.22709163346613545,0.03531598513011153,query_1,['GO:0051179']
GO:BP,GO:2000146,negative regulation of cell motility,8.784197334595976e-07,True,"""Any process that stops, prevents, or reduces the frequency, rate or extent of cell motility."" [GOC:mah]",308,502,29,21026,0.05776892430278884,0.09415584415584416,query_1,"['GO:0040013', 'GO:0048523', 'GO:0048870', 'GO:2000145']"
GO:BP,GO:0032880,regulation of protein localization,0.017169333484481204,True,"""Any process that modulates the frequency, rate or extent of any process in which a protein is transported to, or maintained in, a specific location."" [GOC:dph, GOC:mah, GOC:tb]",907,502,44,21026,0.08764940239043825,0.04851157662624035,query_1,"['GO:0008104', 'GO:0060341']"
GO:BP,GO:0007010,cytoskeleton organization,7.777916322477872e-07,True,"""A process that is carried out at the cellular level which results in the assembly, arrangement of constituent parts, or disassembly of cytoskeletal structures."" [GOC:dph, GOC:jl, GOC:mah]",1529,502,77,21026,0.15338645418326693,0.050359712230215826,query_1,['GO:0006996']
GO:BP,GO:0051246,regulation of protein metabolic process,7.188220735609975e-07,True,"""Any process that modulates the frequency, rate or extent of the chemical reactions and pathways involving a protein."" [GOC:ai]",1855,502,88,21026,0.1752988047808765,0.04743935309973046,query_1,"['GO:0019538', 'GO:0060255', 'GO:0080090']"
GO:BP,GO:0090092,regulation of transmembrane receptor protein serine/threonine kinase signaling pathway,0.018147126885347652,True,"""Any process that modulates the rate, frequency, or extent of the series of molecular signals generated as a consequence of a transmembrane receptor serine/threonine kinase binding to its physiological ligand."" [GOC:dph, GOC:tb]",268,502,20,21026,0.0398406374501992,0.07462686567164178,query_1,"['GO:0007178', 'GO:0009966']"
GO:BP,GO:0010628,positive regulation of gene expression,0.01839704063489227,True,"""Any process that increases the frequency, rate or extent of gene expression. Gene expression is the process in which a gene's coding sequence is converted into a mature gene product (protein or RNA)."" [GOC:txnOH-2018]",1212,502,54,21026,0.10756972111553785,0.04455445544554455,query_1,"['GO:0010467', 'GO:0010468', 'GO:0010557']"
GO:BP,GO:0050673,epithelial cell proliferation,0.002340262521573553,True,"""The multiplication or reproduction of epithelial cells, resulting in the expansion of a cell population. Epithelial cells make up the epithelium, the covering of internal and external surfaces of the body, including the lining of vessels and other small cavities. It consists of cells joined by small amounts of cementing substances."" [ISBN:0721662544]",441,502,29,21026,0.05776892430278884,0.06575963718820861,query_1,['GO:0008283']
GO:BP,GO:0048585,negative regulation of response to stimulus,0.00048360579595624277,True,"""Any process that stops, prevents, or reduces the frequency, rate or extent of a response to a stimulus. Response to stimulus is a change in state or activity of a cell or an organism (in terms of movement, secretion, enzyme production, gene expression, etc.) as a result of a stimulus."" [GOC:jid]",1680,502,74,21026,0.14741035856573706,0.04404761904761905,query_1,"['GO:0048519', 'GO:0048583', 'GO:0050896']"
GO:BP,GO:0055082,intracellular chemical homeostasis,0.0024760361306024516,True,"""A homeostatic process involved in the maintenance of a steady state level of a chemical within a cell."" [GOC:isa_complete, GOC:jid]",730,502,40,21026,0.0796812749003984,0.0547945205479452,query_1,"['GO:0019725', 'GO:0048878']"
GO:BP,GO:0045669,positive regulation of osteoblast differentiation,0.014400643509039962,True,"""Any process that activates or increases the frequency, rate or extent of osteoblast differentiation."" [GOC:go_curators]",70,502,10,21026,0.0199203187250996,0.14285714285714285,query_1,"['GO:0001649', 'GO:0045597', 'GO:0045667']"
GO:BP,GO:0009790,embryo development,0.012629968971197931,True,"""The process whose specific outcome is the progression of an embryo from its formation until the end of its embryonic life stage. The end of the embryonic stage is organism-specific. For example, for mammals, the process would begin with zygote formation and end with birth. For insects, the process would begin at zygote formation and end with larval hatching. For plant zygotic embryos, this would be from zygote formation to the end of seed dormancy. For plant vegetative embryos, this would be from the initial determination of the cell or group of cells to form an embryo until the point when the embryo becomes independent of the parent plant."" [GOC:go_curators, GOC:isa_complete, GOC:mtg_sensu]",1135,502,52,21026,0.10358565737051793,0.04581497797356828,query_1,['GO:0007275']
GO:BP,GO:0051130,positive regulation of cellular component organization,0.01275695071672254,True,"""Any process that activates or increases the frequency, rate or extent of a process involved in the formation, arrangement of constituent parts, or disassembly of cell structures, including the plasma membrane and any external encapsulating structures such as the cell wall and cell envelope."" [GOC:ai]",1105,502,51,21026,0.10159362549800798,0.046153846153846156,query_1,"['GO:0016043', 'GO:0048522', 'GO:0051128']"
GO:BP,GO:0061448,connective tissue development,0.0003914454529423496,True,"""The progression of a connective tissue over time, from its formation to the mature structure."" [GOC:BHF]",292,502,24,21026,0.04780876494023904,0.0821917808219178,query_1,['GO:0009888']
GO:BP,GO:0009968,negative regulation of signal transduction,4.684734000879122e-06,True,"""Any process that stops, prevents, or reduces the frequency, rate or extent of signal transduction."" [GOC:sm]",1326,502,68,21026,0.13545816733067728,0.05128205128205128,query_1,"['GO:0007165', 'GO:0009966', 'GO:0010648', 'GO:0023057', 'GO:0048585']"
GO:BP,GO:0051247,positive regulation of protein metabolic process,0.00039970673184862,True,"""Any process that activates or increases the frequency, rate or extent of the chemical reactions and pathways involving a protein."" [GOC:ai]",1039,502,53,21026,0.10557768924302789,0.05101058710298364,query_1,"['GO:0010604', 'GO:0019538', 'GO:0051246']"
GO:BP,GO:0071559,response to transforming growth factor beta,4.147887566185393e-06,True,"""Any process that results in a change in state or activity of a cell or an organism (in terms of movement, secretion, enzyme production, gene expression, etc.) as a result of a transforming growth factor beta stimulus."" [GOC:mah]",269,502,26,21026,0.05179282868525897,0.09665427509293681,query_1,['GO:0070848']
GO:BP,GO:0032535,regulation of cellular component size,0.013252217620028343,True,"""A process that modulates the size of a cellular component."" [GOC:mah]",356,502,24,21026,0.04780876494023904,0.06741573033707865,query_1,"['GO:0016043', 'GO:0090066']"
GO:BP,GO:0045778,positive regulation of ossification,0.013383704458348772,True,"""Any process that activates or increases the frequency, rate or extent of ossification, the formation of bone or of a bony substance or the conversion of fibrous tissue or of cartilage into bone or a bony substance."" [GOC:go_curators]",55,502,9,21026,0.017928286852589643,0.16363636363636364,query_1,"['GO:0001503', 'GO:0030278', 'GO:0051240']"
GO:BP,GO:1902903,regulation of supramolecular fiber organization,0.000430879339457825,True,"""Any process that modulates the frequency, rate or extent of supramolecular fiber organization."" [GO_REF:0000058, GOC:PARL, GOC:rl, GOC:TermGenie, PMID:23921388]",383,502,28,21026,0.055776892430278883,0.0731070496083551,query_1,"['GO:0051128', 'GO:0097435']"
GO:BP,GO:0040013,negative regulation of locomotion,3.3100274205858194e-06,True,"""Any process that stops, prevents, or reduces the frequency, rate or extent of locomotion of a cell or organism."" [GOC:go_curators]",326,502,29,21026,0.05776892430278884,0.08895705521472393,query_1,"['GO:0040011', 'GO:0040012', 'GO:0048519']"
GO:BP,GO:0061061,muscle structure development,3.267791521375199e-06,True,"""The progression of a muscle structure over time, from its formation to its mature state. Muscle structures are contractile cells, tissues or organs that are found in multicellular organisms."" [GOC:dph]",693,502,45,21026,0.08964143426294821,0.06493506493506493,query_1,['GO:0048856']
GO:BP,GO:0048667,cell morphogenesis involved in neuron differentiation,0.002838661031923405,True,"""The process in which the structures of a neuron are generated and organized. This process occurs while the initially relatively unspecialized cell is acquiring the specialized features of a neuron."" [GOC:dph, GOC:tb]",599,502,35,21026,0.0697211155378486,0.05843071786310518,query_1,"['GO:0000902', 'GO:0048666']"
GO:BP,GO:0098609,cell-cell adhesion,2.8728151686366056e-06,True,"""The attachment of one cell to another cell via adhesion molecules."" [GOC:dos]",976,502,56,21026,0.11155378486055777,0.05737704918032787,query_1,['GO:0007155']
GO:BP,GO:0045216,cell-cell junction organization,0.002574380574562771,True,"""A process that is carried out at the cellular level which results in the assembly, arrangement of constituent parts, or disassembly of a cell-cell junction. A cell-cell junction is a specialized region of connection between two cells."" [GOC:ai, GOC:dph, GOC:jl, GOC:mah]",215,502,19,21026,0.037848605577689244,0.08837209302325581,query_1,['GO:0034330']
GO:BP,GO:0007178,cell surface receptor protein serine/threonine kinase signaling pathway,2.57963311977253e-06,True,"""The series of molecular signals initiated by an extracellular ligand binding to a receptor on the surface of the target cell where the receptor possesses serine/threonine kinase activity, and ending with the regulation of a downstream cellular process, e.g. transcription."" [GOC:mah, GOC:signaling]",364,502,31,21026,0.061752988047808766,0.08516483516483517,query_1,['GO:0007167']
GO:BP,GO:0060284,regulation of cell development,0.00047794628728894516,True,"""Any process that modulates the rate, frequency or extent of the progression of the cell over time, from its formation to the mature structure. Cell development does not include the steps involved in committing a cell to a specific fate."" [GOC:dph, GOC:tb]",847,502,46,21026,0.09163346613545817,0.05430932703659976,query_1,"['GO:0045595', 'GO:0048468']"
GO:BP,GO:0051493,regulation of cytoskeleton organization,2.2721706689469904e-06,True,"""Any process that modulates the frequency, rate or extent of the formation, arrangement of constituent parts, or disassembly of cytoskeletal structures."" [GOC:ai]",517,502,38,21026,0.07569721115537849,0.0735009671179884,query_1,"['GO:0007010', 'GO:0033043']"
GO:BP,GO:0008015,blood circulation,0.019714755987087735,True,"""The flow of blood through the body of an animal, enabling the transport of nutrients to the tissues and the removal of waste products."" [GOC:mtg_heart, ISBN:0192800825]",518,502,30,21026,0.05976095617529881,0.05791505791505792,query_1,['GO:0003013']
GO:BP,GO:0032956,regulation of actin cytoskeleton organization,5.782179010237612e-06,True,"""Any process that modulates the frequency, rate or extent of the formation, arrangement of constituent parts, or disassembly of cytoskeletal structures comprising actin filaments and their associated proteins."" [GOC:mah]",334,502,29,21026,0.05776892430278884,0.08682634730538923,query_1,"['GO:0030036', 'GO:0032970', 'GO:0051493']"
GO:BP,GO:0045893,positive regulation of DNA-templated transcription,0.021401675176169737,True,"""Any process that activates or increases the frequency, rate or extent of cellular DNA-templated transcription."" [GOC:go_curators, GOC:txnOH]",1697,502,69,21026,0.13745019920318724,0.04065998821449617,query_1,"['GO:0006351', 'GO:0006355', 'GO:1902680']"
GO:BP,GO:0000165,MAPK cascade,3.558526790323895e-07,True,"""An intracellular protein kinase cascade containing at least a MAP kinase (MAPK). It starts with the activation of a MAP3K, and the consecutive activation of a MPK2K and a MAPK. The cascade can also contain an additional tier: the upstream MAP4K. The kinases in each tier phosphorylate and activate the kinase in the downstream tier to transmit a signal within a cell."" [PMID:20811974, PMID:9561267]",744,502,49,21026,0.09760956175298804,0.06586021505376344,query_1,['GO:0141124']
GO:BP,GO:0006915,apoptotic process,1.646298854308744e-07,True,"""A programmed cell death process which begins when a cell receives an internal (e.g. DNA damage) or external signal (e.g. an extracellular death ligand), and proceeds through a series of biochemical events (signaling pathway phase) which trigger an execution phase. The execution phase is the last step of an apoptotic process, and is typically characterized by rounding-up of the cell, retraction of pseudopodes, reduction of cellular volume (pyknosis), chromatin condensation, nuclear fragmentation (karyorrhexis), plasma membrane blebbing and fragmentation of the cell into apoptotic bodies. When the execution phase is completed, the cell has died."" [GOC:cjm, GOC:dhl, GOC:ecd, GOC:go_curators, GOC:mtg_apoptosis, GOC:tb, ISBN:0198506732, PMID:18846107, PMID:21494263]",1923,502,92,21026,0.18326693227091634,0.04784191367654706,query_1,['GO:0012501']
GO:BP,GO:0048871,multicellular organismal-level homeostasis,1.495872730623078e-07,True,"""Any process involved in the maintenance of an internal steady state at the level of the multicellular organism."" [GOC:isa_complete]",825,502,53,21026,0.10557768924302789,0.06424242424242424,query_1,"['GO:0032501', 'GO:0042592']"
GO:BP,GO:0048762,mesenchymal cell differentiation,0.026404652691227895,True,"""The process in which a relatively unspecialized cell acquires specialized features of a mesenchymal cell. A mesenchymal cell is a loosely associated cell that is part of the connective tissue in an organism. Mesenchymal cells give rise to more mature connective tissue cell types."" [GOC:dph, GOC:jid]",252,502,19,21026,0.037848605577689244,0.07539682539682539,query_1,"['GO:0030154', 'GO:0060485']"
GO:BP,GO:0060341,regulation of cellular localization,0.026587219207543665,True,"""Any process that modulates the frequency, rate or extent of a process in which a cell, a substance, or a cellular entity is transported to, or maintained in a specific location within or in the membrane of a cell."" [GOC:dph, GOC:tb]",1013,502,47,21026,0.09362549800796813,0.04639684106614018,query_1,"['GO:0032879', 'GO:0050794', 'GO:0051641']"
GO:BP,GO:0033002,muscle cell proliferation,0.02676748491538871,True,"""The expansion of a muscle cell population by cell division."" [CL:0000187, GOC:mah]",208,502,17,21026,0.03386454183266932,0.08173076923076923,query_1,['GO:0008283']
GO:BP,GO:0051128,regulation of cellular component organization,1.0232063901995572e-07,True,"""Any process that modulates the frequency, rate or extent of a process involved in the formation, arrangement of constituent parts, or disassembly of cell structures, including the plasma membrane and any external encapsulating structures such as the cell wall and cell envelope."" [GOC:ai]",2433,502,109,21026,0.21713147410358566,0.0448006576243321,query_1,"['GO:0016043', 'GO:0050794']"
GO:BP,GO:0031667,response to nutrient levels,0.0017995869070688022,True,"""Any process that results in a change in state or activity of a cell or an organism (in terms of movement, secretion, enzyme production, gene expression, etc.) as a result of a stimulus reflecting the presence, absence, or concentration of nutrients."" [GOC:mah]",510,502,32,21026,0.06374501992031872,0.06274509803921569,query_1,['GO:0050896']
GO:BP,GO:0048468,cell development,1.767490849764055e-07,True,"""The cellular developmental process in which a specific cell progresses from an immature to a mature state. Cell development start once cell commitment has taken place."" [GOC:go_curators]",2876,502,122,21026,0.24302788844621515,0.04242002781641168,query_1,"['GO:0030154', 'GO:0048856', 'GO:0048869']"
GO:BP,GO:0003170,heart valve development,0.0270507586181783,True,"""The progression of a heart valve over time, from its formation to the mature structure. A heart valve is a structure that restricts the flow of blood to different regions of the heart and forms from an endocardial cushion."" [GOC:mtg_heart]",75,502,10,21026,0.0199203187250996,0.13333333333333333,query_1,"['GO:0007507', 'GO:0048856']"
GO:BP,GO:1902041,regulation of extrinsic apoptotic signaling pathway via death domain receptors,0.0279374400232163,True,"""Any process that modulates the frequency, rate or extent of extrinsic apoptotic signaling pathway via death domain receptors."" [GOC:TermGenie, PMID:17245429]",46,502,8,21026,0.01593625498007968,0.17391304347826086,query_1,"['GO:0008625', 'GO:2001236']"
GO:BP,GO:0031401,positive regulation of protein modification process,0.02825079790292092,True,"""Any process that activates or increases the frequency, rate or extent of the covalent alteration of one or more amino acid residues within a protein."" [GOC:mah, GOC:tb]",637,502,34,21026,0.06772908366533864,0.05337519623233909,query_1,"['GO:0031399', 'GO:0036211', 'GO:0051247']"
GO:BP,GO:0008064,regulation of actin polymerization or depolymerization,0.02849965109257649,True,"""Any process that modulates the frequency, rate or extent of the assembly or disassembly of actin filaments by the addition or removal of actin monomers from a filament."" [GOC:mah]",147,502,14,21026,0.027888446215139442,0.09523809523809523,query_1,"['GO:0008154', 'GO:0030832', 'GO:0110053']"
GO:BP,GO:0032870,cellular response to hormone stimulus,0.02918797635820463,True,"""Any process that results in a change in state or activity of a cell (in terms of movement, secretion, enzyme production, gene expression, etc.) as a result of a hormone stimulus."" [GOC:mah]",638,502,34,21026,0.06772908366533864,0.05329153605015674,query_1,"['GO:0009725', 'GO:0070887', 'GO:0071495']"
GO:BP,GO:0060429,epithelium development,0.0007682304880414688,True,"""The process whose specific outcome is the progression of an epithelium over time, from its formation to the mature structure. An epithelium is a tissue that covers the internal or external surfaces of an anatomical structure."" [GOC:dph, GOC:mtg_lung]",1238,502,59,21026,0.11752988047808766,0.04765751211631664,query_1,['GO:0009888']
GO:BP,GO:0030182,neuron differentiation,0.0007779003142223624,True,"""The process in which a relatively unspecialized cell acquires specialized features of a neuron."" [GOC:mah]",1451,502,66,21026,0.13147410358565736,0.04548587181254307,query_1,"['GO:0030154', 'GO:0048699']"
GO:BP,GO:0034329,cell junction assembly,0.030336647255369536,True,"""A cellular process that results in the aggregation, arrangement and bonding together of a set of components to form a cell junction."" [GOC:mah]",503,502,29,21026,0.05776892430278884,0.05765407554671968,query_1,"['GO:0022607', 'GO:0034330']"
GO:BP,GO:0008284,positive regulation of cell population proliferation,0.02735333100316477,True,"""Any process that activates or increases the rate or extent of cell proliferation."" [GOC:go_curators]",954,502,45,21026,0.08964143426294821,0.04716981132075472,query_1,"['GO:0008283', 'GO:0042127', 'GO:0048522']"
GO:BP,GO:0036022,limb joint morphogenesis,0.025270781559554183,True,"""The process in which the anatomical structures of a limb joint are generated and organized. A limb joint is a flexible region that separates the rigid sections of a limb to allow movement in a controlled manner."" [GOC:bf]",7,502,4,21026,0.00796812749003984,0.5714285714285714,query_1,"['GO:0009653', 'GO:0035108']"
GO:BP,GO:0012501,programmed cell death,1.7900101448506655e-07,True,"""A process which begins when a cell receives an internal or external signal and activates a series of biochemical events (signaling pathway). The process ends with the death of the cell."" [GOC:lr, GOC:mtg_apoptosis]",1987,502,94,21026,0.18725099601593626,0.04730749874182184,query_1,['GO:0008219']
GO:BP,GO:0019725,cellular homeostasis,0.0020174204279082317,True,"""Any process involved in the maintenance of an internal steady state at the level of the cell."" [GOC:isa_complete, GOC:jl, ISBN:0395825172]",835,502,44,21026,0.08764940239043825,0.05269461077844311,query_1,['GO:0042592']
GO:BP,GO:0032970,regulation of actin filament-based process,3.374462560700859e-07,True,"""Any process that modulates the frequency, rate or extent of any cellular process that depends upon or alters the actin cytoskeleton."" [GOC:mah]",376,502,33,21026,0.06573705179282868,0.08776595744680851,query_1,"['GO:0030029', 'GO:0050794']"
GO:BP,GO:0090287,regulation of cellular response to growth factor stimulus,0.0005705203090279791,True,"""Any process that modulates the rate, frequency, or extent of a change in state or activity of a cell (in terms of movement, secretion, enzyme production, gene expression, etc.) as a result of a growth factor stimulus."" [GOC:tb]",320,502,25,21026,0.049800796812749,0.078125,query_1,"['GO:0048583', 'GO:0071363']"
GO:BP,GO:0003013,circulatory system process,0.022055781765350405,True,"""An organ system process carried out by any of the organs or tissues of the circulatory system. The circulatory system is an organ system that moves extracellular fluids to and from tissue within a multicellular organism."" [GOC:mtg_cardio]",602,502,33,21026,0.06573705179282868,0.054817275747508304,query_1,['GO:0003008']
GO:BP,GO:1902680,positive regulation of RNA biosynthetic process,0.022253928229883185,True,"""Any process that activates or increases the frequency, rate or extent of RNA biosynthetic process."" [GO:jl, GO_REF:0000058, GOC:TermGenie]",1699,502,69,21026,0.13745019920318724,0.04061212477928193,query_1,"['GO:0010557', 'GO:0032774', 'GO:0051254', 'GO:2001141']"
GO:BP,GO:0045596,negative regulation of cell differentiation,0.0021065432212536454,True,"""Any process that stops, prevents, or reduces the frequency, rate or extent of cell differentiation."" [GOC:go_curators]",671,502,38,21026,0.07569721115537849,0.05663189269746647,query_1,"['GO:0030154', 'GO:0045595', 'GO:0048523', 'GO:0051093']"
GO:BP,GO:0006793,phosphorus metabolic process,2.7763723813547575e-07,True,"""The chemical reactions and pathways involving the nonmetallic element phosphorus or compounds that contain phosphorus."" [GOC:ai]",2410,502,107,21026,0.21314741035856574,0.04439834024896266,query_1,['GO:0008152']
GO:BP,GO:0031175,neuron projection development,0.0005881258498676502,True,"""The process whose specific outcome is the progression of a neuron projection over time, from its formation to the mature structure. A neuron projection is any process extending from a neural cell, such as axons or dendrites (collectively called neurites)."" [GOC:mah]",1023,502,52,21026,0.10358565737051793,0.05083088954056696,query_1,"['GO:0048666', 'GO:0120036']"
GO:BP,GO:0006796,phosphate-containing compound metabolic process,2.580445213764438e-07,True,"""The chemical reactions and pathways involving the phosphate group, the anion or salt of any phosphoric acid."" [GOC:ai]",2407,502,107,21026,0.21314741035856574,0.044453676776069796,query_1,['GO:0006793']
GO:BP,GO:0030336,negative regulation of cell migration,2.4657668884438595e-07,True,"""Any process that stops, prevents, or reduces the frequency, rate or extent of cell migration."" [GOC:go_curators]",292,502,29,21026,0.05776892430278884,0.09931506849315068,query_1,"['GO:0016477', 'GO:0030334', 'GO:2000146']"
GO:BP,GO:0016310,phosphorylation,2.435378125856527e-07,True,"""The process of introducing a phosphate group into a molecule, usually with the formation of a phosphoric ester, a phosphoric anhydride or a phosphoric amide."" [ISBN:0198506732]",1320,502,71,21026,0.14143426294820718,0.05378787878787879,query_1,['GO:0006796']
GO:BP,GO:0070482,response to oxygen levels,0.023703678887571644,True,"""Any process that results in a change in state or activity of a cell or an organism (in terms of movement, secretion, enzyme production, gene expression, etc.) as a result of a stimulus reflecting the presence, absence, or concentration of oxygen."" [GOC:BHF, GOC:mah]",344,502,23,21026,0.045816733067729085,0.06686046511627906,query_1,['GO:0009628']
GO:BP,GO:0031032,actomyosin structure organization,0.0020805055831740198,True,"""A process that is carried out at the cellular level which results in the assembly, arrangement of constituent parts, or disassembly of cytoskeletal structures containing both actin and myosin or paramyosin. The myosin may be organized into filaments."" [GOC:dph, GOC:jl, GOC:mah]",212,502,19,21026,0.037848605577689244,0.08962264150943396,query_1,['GO:0030036']
GO:BP,GO:0051254,positive regulation of RNA metabolic process,0.024196905446517713,True,"""Any process that activates or increases the frequency, rate or extent of the chemical reactions and pathways involving RNA."" [GOC:ai]",1835,502,73,21026,0.1454183266932271,0.03978201634877384,query_1,"['GO:0010604', 'GO:0016070', 'GO:0045935', 'GO:0051252']"
GO:BP,GO:0008219,cell death,1.9955308678091632e-07,True,"""Any biological process that results in permanent cessation of all vital functions of a cell. A cell should be considered dead when any one of the following molecular or morphological criteria is met: (1) the cell has lost the integrity of its plasma membrane; (2) the cell, including its nucleus, has undergone complete fragmentation into discrete bodies (frequently referred to as apoptotic bodies). The cell corpse (or its fragments) may be engulfed by an adjacent cell in vivo, but engulfment of whole cells should not be considered a strict criteria to define cell death as, under some circumstances, live engulfed cells can be released from phagosomes (see PMID:18045538)."" [GOC:mah, GOC:mtg_apoptosis, PMID:25236395]",1991,502,94,21026,0.18725099601593626,0.047212456052235056,query_1,['GO:0009987']
GO:BP,GO:0007507,heart development,0.02442847909678887,True,"""The process whose specific outcome is the progression of the heart over time, from its formation to the mature structure. The heart is a hollow, muscular organ, which, by contracting rhythmically, keeps up the circulation of the blood."" [GOC:jid, UBERON:0000948]",605,502,33,21026,0.06573705179282868,0.05454545454545454,query_1,"['GO:0048513', 'GO:0072359']"
GO:BP,GO:0048729,tissue morphogenesis,0.000659798610773989,True,"""The process in which the anatomical structures of a tissue are generated and organized."" [GOC:dph, GOC:jid]",614,502,37,21026,0.07370517928286853,0.06026058631921824,query_1,"['GO:0009653', 'GO:0009888']"
GO:BP,GO:0003012,muscle system process,0.002038203239198936,True,"""An organ system process carried out at the level of a muscle. Muscle tissue is composed of contractile cells or fibers."" [GOC:mtg_cardio]",438,502,29,21026,0.05776892430278884,0.06621004566210045,query_1,['GO:0003008']
GO:BP,GO:0022008,neurogenesis,3.7374665587170343e-07,True,"""Generation of cells within the nervous system."" [GO_REF:0000021, GOC:cls, GOC:curators, GOC:dgh, GOC:dph, GOC:jid]",1771,502,86,21026,0.17131474103585656,0.048560135516657256,query_1,"['GO:0007399', 'GO:0030154']"
GO:BP,GO:0000902,cell morphogenesis,3.4437177745540863e-08,True,"""The developmental process in which the size or shape of a cell is generated and organized."" [GOC:clt, GOC:dph, GOC:go_curators, GOC:tb]",996,502,61,21026,0.12151394422310757,0.06124497991967871,query_1,['GO:0009653']
GO:BP,GO:0045785,positive regulation of cell adhesion,5.786229556500678e-06,True,"""Any process that activates or increases the frequency, rate or extent of cell adhesion."" [GOC:go_curators]",488,502,36,21026,0.07171314741035857,0.07377049180327869,query_1,"['GO:0007155', 'GO:0030155', 'GO:0048522']"
GO:BP,GO:0010810,regulation of cell-substrate adhesion,6.189242944946344e-06,True,"""Any process that modulates the frequency, rate or extent of cell-substrate adhesion. Cell-substrate adhesion is the attachment of a cell to the underlying substrate via adhesion molecules."" [GOC:dph, GOC:pf, GOC:tb]",217,502,23,21026,0.045816733067729085,0.10599078341013825,query_1,"['GO:0030155', 'GO:0031589']"
GO:BP,GO:0002682,regulation of immune system process,0.007493232525853112,True,"""Any process that modulates the frequency, rate, or extent of an immune system process."" [GOC:add]",1581,502,67,21026,0.13346613545816732,0.04237824161922834,query_1,"['GO:0002376', 'GO:0050789']"
GO:BP,GO:0007169,cell surface receptor protein tyrosine kinase signaling pathway,4.9916504558109595e-05,True,"""The series of molecular signals initiated by an extracellular ligand binding to a receptor on the surface of the target cell where the receptor possesses tyrosine kinase activity, and ending with the regulation of a downstream cellular process, e.g. transcription."" [GOC:ceb, GOC:signaling]",629,502,40,21026,0.0796812749003984,0.06359300476947535,query_1,['GO:0007167']
GO:BP,GO:0043068,positive regulation of programmed cell death,0.007694811196530818,True,"""Any process that activates or increases the frequency, rate or extent of programmed cell death, cell death resulting from activation of endogenous cellular processes."" [GOC:jl]",546,502,32,21026,0.06374501992031872,0.05860805860805861,query_1,"['GO:0012501', 'GO:0043067', 'GO:0048522']"
GO:BP,GO:0044281,small molecule metabolic process,0.0077178823352149145,True,"""The chemical reactions and pathways involving small molecules, any low molecular weight, monomeric, non-encoded molecule."" [GOC:curators, GOC:pde, GOC:vw]",1776,502,73,21026,0.1454183266932271,0.04110360360360361,query_1,['GO:0008152']
GO:BP,GO:0048666,neuron development,0.007887608464709739,True,"""The process whose specific outcome is the progression of a neuron over time, from initial commitment of the cell to a specific fate, to the fully functional differentiated cell."" [GOC:dph]",1177,502,54,21026,0.10756972111553785,0.045879354290569246,query_1,"['GO:0030182', 'GO:0048468']"
GO:BP,GO:0042981,regulation of apoptotic process,4.402042519239644e-05,True,"""Any process that modulates the occurrence or rate of cell death by apoptotic process."" [GOC:jl, GOC:mtg_apoptosis]",1462,502,70,21026,0.1394422310756972,0.047879616963064295,query_1,"['GO:0006915', 'GO:0043067']"
GO:BP,GO:0071560,cellular response to transforming growth factor beta stimulus,0.00021638701112794344,True,"""Any process that results in a change in state or activity of a cell (in terms of movement, secretion, enzyme production, gene expression, etc.) as a result of a transforming growth factor beta stimulus."" [GOC:ecd, PMID:15451575]",262,502,23,21026,0.045816733067729085,0.08778625954198473,query_1,"['GO:0071363', 'GO:0071559']"
GO:BP,GO:0007264,small GTPase-mediated signal transduction,0.004244854827979435,True,"""An intracellular signaling cassette in which a small monomeric GTPase relays a signal."" [GOC:mah]",505,502,31,21026,0.061752988047808766,0.061386138613861385,query_1,['GO:0141124']
GO:BP,GO:0043434,response to peptide hormone,0.000216558389624279,True,"""Any process that results in a change in state or activity of a cell or an organism (in terms of movement, secretion, enzyme production, gene expression, etc.) as a result of a peptide hormone stimulus. A peptide hormone is any of a class of peptides that are secreted into the blood stream and have endocrine functions in living animals."" [PMID:11027914, PMID:15134857, Wikipedia:Peptide_hormone]",440,502,31,21026,0.061752988047808766,0.07045454545454545,query_1,"['GO:0009725', 'GO:1901698', 'GO:1901700']"
GO:BP,GO:0060322,head development,4.1535410144011264e-05,True,"""The biological process whose specific outcome is the progression of a head from an initial condition to its mature state. The head is the anterior-most division of the body."" [GOC:dph]",806,502,47,21026,0.09362549800796813,0.05831265508684864,query_1,['GO:0048856']
GO:BP,GO:0007229,integrin-mediated signaling pathway,4.0491716459236023e-05,True,"""The series of molecular signals initiated by an extracellular ligand binding to an integrin on the surface of a target cell, and ending with the regulation of a downstream cellular process, e.g. transcription."" [GOC:mah, GOC:signaling]",116,502,16,21026,0.03187250996015936,0.13793103448275862,query_1,['GO:0007166']
GO:BP,GO:1901342,regulation of vasculature development,3.799042456183609e-05,True,"""Any process that modulates the frequency, rate or extent of vasculature development."" [GOC:TermGenie]",299,502,26,21026,0.05179282868525897,0.08695652173913043,query_1,"['GO:0001944', 'GO:2000026']"
GO:BP,GO:0033043,regulation of organelle organization,0.0037634049643446334,True,"""Any process that modulates the frequency, rate or extent of a process involved in the formation, arrangement of constituent parts, or disassembly of an organelle."" [GOC:mah]",1148,502,54,21026,0.10756972111553785,0.047038327526132406,query_1,"['GO:0006996', 'GO:0051128']"
GO:BP,GO:0031399,regulation of protein modification process,3.700931904161322e-05,True,"""Any process that modulates the frequency, rate or extent of the covalent alteration of one or more amino acid residues within a protein."" [GOC:mah, GOC:tb]",1049,502,56,21026,0.11155378486055777,0.05338417540514776,query_1,"['GO:0036211', 'GO:0051246']"
GO:BP,GO:0009891,positive regulation of biosynthetic process,3.670300150889382e-05,True,"""Any process that activates or increases the frequency, rate or extent of the chemical reactions and pathways resulting in the formation of substances."" [GOC:go_curators]",2696,502,109,21026,0.21713147410358566,0.04043026706231454,query_1,"['GO:0009058', 'GO:0009889', 'GO:0009893']"
GO:BP,GO:0001649,osteoblast differentiation,0.009075359757863425,True,"""The process whereby a relatively unspecialized cell acquires the specialized features of an osteoblast, a mesodermal or neural crest cell that gives rise to bone."" [CL:0000062, GO_REF:0000034, GOC:jid]",234,502,19,21026,0.037848605577689244,0.0811965811965812,query_1,"['GO:0001503', 'GO:0030154']"
GO:BP,GO:0008154,actin polymerization or depolymerization,0.0085673654318416,True,"""Assembly or disassembly of actin filaments by the addition or removal of actin monomers from a filament."" [GOC:mah]",191,502,17,21026,0.03386454183266932,0.08900523560209424,query_1,['GO:0007015']
GO:BP,GO:0043066,negative regulation of apoptotic process,0.006693490838608849,True,"""Any process that stops, prevents, or reduces the frequency, rate or extent of cell death by apoptotic process."" [GOC:jl, GOC:mtg_apoptosis]",874,502,44,21026,0.08764940239043825,0.05034324942791762,query_1,"['GO:0006915', 'GO:0042981', 'GO:0043069']"
GO:BP,GO:0048812,neuron projection morphogenesis,0.00018329024968615797,True,"""The process in which the anatomical structures of a neuron projection are generated and organized. A neuron projection is any process extending from a neural cell, such as axons or dendrites."" [GOC:mah]",660,502,40,21026,0.0796812749003984,0.06060606060606061,query_1,"['GO:0031175', 'GO:0120039']"
GO:BP,GO:0030099,myeloid cell differentiation,7.492414153444378e-05,True,"""The process in which a relatively unspecialized myeloid precursor cell acquires the specialized features of any cell of the myeloid leukocyte, megakaryocyte, thrombocyte, or erythrocyte lineages."" [GOC:add, ISBN:0781735149]",443,502,32,21026,0.06374501992031872,0.07223476297968397,query_1,"['GO:0030097', 'GO:0030154']"
GO:BP,GO:0048858,cell projection morphogenesis,0.0001500084592170208,True,"""The process in which the anatomical structures of a cell projection are generated and organized."" [GO_REF:0000021]",681,502,41,21026,0.08167330677290836,0.06020558002936858,query_1,"['GO:0000902', 'GO:0009653', 'GO:0030030']"
GO:BP,GO:0042060,wound healing,0.00499023796727303,True,"""The series of events that restore integrity to a damaged tissue, following an injury."" [GOC:bf, PMID:15269788]",433,502,28,21026,0.055776892430278883,0.06466512702078522,query_1,['GO:0009611']
GO:BP,GO:0044087,regulation of cellular component biogenesis,0.005189064849321835,True,"""Any process that modulates the frequency, rate or extent of cellular component biogenesis, a process that results in the biosynthesis of constituent macromolecules, assembly, and arrangement of constituent parts of a cellular component."" [GOC:jl]",1011,502,49,21026,0.09760956175298804,0.04846686449060336,query_1,"['GO:0044085', 'GO:0050794']"
GO:BP,GO:0001503,ossification,0.00012909936313583654,True,"""The formation of bone or of a bony substance, or the conversion of fibrous tissue or of cartilage into bone or a bony substance."" [GOC:mtg_mpo, PMID:17572649]",430,502,31,21026,0.061752988047808766,0.07209302325581396,query_1,['GO:0032501']
GO:BP,GO:0120039,plasma membrane bounded cell projection morphogenesis,0.00012268730371014014,True,"""The process in which the anatomical structures of a plasma membrane bounded cell projection are generated and organized."" [GOC:krc]",676,502,41,21026,0.08167330677290836,0.060650887573964495,query_1,['GO:0048858']
GO:BP,GO:0043412,macromolecule modification,0.00012260914070758125,True,"""The covalent alteration of one or more monomeric units in a polypeptide, polynucleotide, polysaccharide, or other biological macromolecule, resulting in a change in its properties."" [GOC:go_curators]",3030,502,117,21026,0.23306772908366533,0.03861386138613861,query_1,['GO:0043170']
GO:BP,GO:0090109,regulation of cell-substrate junction assembly,0.005386284733864356,True,"""Any process that modulates the rate, frequency, or extent of cell-substrate junction assembly. Cell-substrate junction assembly is the aggregation, arrangement and bonding together of a set of components to form a junction between a cell and its substrate."" [GOC:dph, GOC:tb]",63,502,10,21026,0.0199203187250996,0.15873015873015872,query_1,"['GO:0007044', 'GO:0150116', 'GO:1901888']"
GO:BP,GO:0051893,regulation of focal adhesion assembly,0.005386284733864356,True,"""Any process that modulates the frequency, rate or extent of focal adhesion formation, the establishment and maturation of focal adhesions."" [GOC:ai]",63,502,10,21026,0.0199203187250996,0.15873015873015872,query_1,"['GO:0001952', 'GO:0048041', 'GO:0090109']"
GO:BP,GO:0045765,regulation of angiogenesis,0.00010439906053773932,True,"""Any process that modulates the frequency, rate or extent of angiogenesis."" [GOC:go_curators]",293,502,25,21026,0.049800796812749,0.08532423208191127,query_1,"['GO:0001525', 'GO:0022603', 'GO:1901342']"
GO:BP,GO:0071375,cellular response to peptide hormone stimulus,0.005520458487096544,True,"""Any process that results in a change in state or activity of a cell (in terms of movement, secretion, enzyme production, gene expression, etc.) as a result of a peptide hormone stimulus. A peptide hormone is any of a class of peptides that are secreted into the blood stream and have endocrine functions in living animals."" [GOC:mah]",315,502,23,21026,0.045816733067729085,0.07301587301587302,query_1,"['GO:0032870', 'GO:0043434', 'GO:1901699', 'GO:1901701']"
GO:BP,GO:0032868,response to insulin,0.005627443606364193,True,"""Any process that results in a change in state or activity of a cell or an organism (in terms of movement, secretion, enzyme production, gene expression, etc.) as a result of an insulin stimulus. Insulin is a polypeptide hormone produced by the islets of Langerhans of the pancreas in mammals, and by the homologous organs of other organisms."" [GOC:mah, ISBN:0198506732]",270,502,21,21026,0.04183266932270916,0.07777777777777778,query_1,['GO:0043434']
GO:BP,GO:0080090,regulation of primary metabolic process,9.225945720100367e-05,True,"""Any process that modulates the frequency, rate or extent of the chemical reactions and pathways within a cell or an organism involving those compounds formed as a part of the normal anabolic and catabolic processes. These processes take place in most, if not all, cells of the organism."" [PMID:19211694]",5390,502,183,21026,0.3645418326693227,0.0339517625231911,query_1,"['GO:0019222', 'GO:0044238']"
GO:BP,GO:0061572,actin filament bundle organization,0.004620041007375836,True,"""A process that results in the assembly, arrangement of constituent parts, or disassembly of an actin filament bundle."" [GOC:dph]",163,502,16,21026,0.03187250996015936,0.09815950920245399,query_1,['GO:0007015']
GO:BP,GO:0007409,axonogenesis,0.006179117155131487,True,"""De novo generation of a long process of a neuron, including the terminal branched region. Refers to the morphogenesis or creation of shape or form of the developing axon, which carries efferent (outgoing) action potentials from the cell body towards target cells."" [GOC:dph, GOC:jid, GOC:pg, GOC:pr, ISBN:0198506732]",463,502,29,21026,0.05776892430278884,0.06263498920086392,query_1,"['GO:0048667', 'GO:0048812', 'GO:0061564']"
GO:BP,GO:0043549,regulation of kinase activity,0.0045623686467586395,True,"""Any process that modulates the frequency, rate or extent of kinase activity, the catalysis of the transfer of a phosphate group, usually from ATP, to a substrate molecule."" [GOC:bf]",431,502,28,21026,0.055776892430278883,0.06496519721577726,query_1,"['GO:0042325', 'GO:0051338']"
GO:BP,GO:0019222,regulation of metabolic process,8.247266704613888e-05,True,"""Any process that modulates the frequency, rate or extent of the chemical reactions and pathways within a cell or an organism."" [GOC:go_curators]",7035,502,226,21026,0.450199203187251,0.03212508884150675,query_1,"['GO:0008152', 'GO:0050794']"
GO:BP,GO:0032879,regulation of localization,0.006363504224676297,True,"""Any process that modulates the frequency, rate or extent of any process in which a cell, a substance, or a cellular entity is transported to, or maintained in, a specific location."" [GOC:mah]",2029,502,81,21026,0.16135458167330677,0.03992114342040414,query_1,"['GO:0050789', 'GO:0051179']"
GO:BP,GO:0051338,regulation of transferase activity,0.009091716687537848,True,"""Any process that modulates the frequency, rate or extent of transferase activity, the catalysis of the transfer of a group, e.g. a methyl group, glycosyl group, acyl group, phosphorus-containing, or other groups, from one compound (generally regarded as the donor) to another compound (generally regarded as the acceptor). Transferase is the systematic name for any enzyme of EC class 2."" [GOC:ai]",498,502,30,21026,0.05976095617529881,0.060240963855421686,query_1,['GO:0050790']
GO:BP,GO:2001046,positive regulation of integrin-mediated signaling pathway,0.012483726654994158,True,"""Any process that activates or increases the frequency, rate or extent of integrin-mediated signaling pathway."" [GOC:obol]",12,502,5,21026,0.0099601593625498,0.4166666666666667,query_1,"['GO:0007229', 'GO:0009967', 'GO:2001044']"
GO:BP,GO:0010557,positive regulation of macromolecule biosynthetic process,3.443134264415372e-05,True,"""Any process that increases the rate, frequency or extent of the chemical reactions and pathways resulting in the formation of a macromolecule, any molecule of high relative molecular mass, the structure of which essentially comprises the multiple repetition of units derived, actually or conceptually, from molecules of low relative molecular mass."" [GOC:dph, GOC:tb]",2593,502,106,21026,0.21115537848605578,0.040879290397223295,query_1,"['GO:0009059', 'GO:0009891', 'GO:0010556', 'GO:0010604']"
GO:BP,GO:0042221,response to chemical,0.00953710423627856,True,"""Any process that results in a change in state or activity of a cell or an organism (in terms of movement, secretion, enzyme production, gene expression, etc.) as a result of a chemical stimulus."" [GOC:jl]",3909,502,134,21026,0.26693227091633465,0.03427986697365055,query_1,['GO:0050896']
GO:BP,GO:0001932,regulation of protein phosphorylation,1.4450026495897136e-05,True,"""Any process that modulates the frequency, rate or extent of addition of phosphate groups into an amino acid in a protein."" [GOC:hjd]",779,502,47,21026,0.09362549800796813,0.06033376123234917,query_1,"['GO:0006468', 'GO:0031399', 'GO:0042325']"
GO:BP,GO:0009725,response to hormone,1.2121399204416773e-05,True,"""Any process that results in a change in state or activity of a cell or an organism (in terms of movement, secretion, enzyme production, gene expression, etc.) as a result of a hormone stimulus."" [GOC:jl]",907,502,52,21026,0.10358565737051793,0.05733186328555678,query_1,"['GO:0009719', 'GO:0042221']"
GO:BP,GO:0110053,regulation of actin filament organization,1.2021839905457125e-05,True,"""Any process that modulates the frequency, rate or extent of actin filament organization."" [GOC:kmv]",263,502,25,21026,0.049800796812749,0.09505703422053231,query_1,"['GO:0007015', 'GO:0032956', 'GO:1902903']"
GO:BP,GO:0141091,transforming growth factor beta receptor superfamily signaling pathway,1.1320388699644284e-05,True,"""The series of molecular signals initiated by an extracellular ligand binding to a member of the transforming growth factor receptor superfamily, and ending with the regulation of a downstream cellular process, e.g. transcription."" [PMID:22651914, PMID:28096268]",344,502,29,21026,0.05776892430278884,0.08430232558139535,query_1,['GO:0007178']
GO:BP,GO:0051174,regulation of phosphorus metabolic process,1.0427266850485824e-05,True,"""Any process that modulates the frequency, rate or extent of the chemical reactions and pathways involving phosphorus or compounds containing phosphorus."" [GOC:ai]",957,502,54,21026,0.10756972111553785,0.05642633228840126,query_1,"['GO:0006793', 'GO:0019222']"
GO:BP,GO:1901700,response to oxygen-containing compound,0.0003737722676747278,True,"""Any process that results in a change in state or activity of a cell or an organism (in terms of movement, secretion, enzyme production, gene expression, etc.) as a result of an oxygen-containing compound stimulus."" [GOC:pr, GOC:TermGenie]",1669,502,74,21026,0.14741035856573706,0.044337926902336726,query_1,['GO:0042221']
GO:BP,GO:0007411,axon guidance,0.01162016560107618,True,"""The chemotaxis process that directs the migration of an axon growth cone to a specific target site in response to a combination of attractive and repulsive cues."" [ISBN:0878932437]",238,502,19,21026,0.037848605577689244,0.07983193277310924,query_1,"['GO:0007409', 'GO:0097485']"
GO:BP,GO:0030198,extracellular matrix organization,1.4877841396312932e-05,True,"""A process that is carried out at the cellular level which results in the assembly, arrangement of constituent parts, or disassembly of an extracellular matrix."" [GOC:mah]",327,502,28,21026,0.055776892430278883,0.0856269113149847,query_1,"['GO:0043062', 'GO:0045229']"
GO:BP,GO:0060485,mesenchyme development,9.225440121806673e-06,True,"""The process whose specific outcome is the progression of a mesenchymal tissue over time, from its formation to the mature structure. A mesenchymal tissue is made up of loosely packed stellate cells."" [GOC:dph]",320,502,28,21026,0.055776892430278883,0.0875,query_1,"['GO:0009888', 'GO:0048513']"
GO:BP,GO:0007417,central nervous system development,8.481151895567444e-06,True,"""The process whose specific outcome is the progression of the central nervous system over time, from its formation to the mature structure. The central nervous system is the core nervous system that serves an integrating and coordinating function. In vertebrates it consists of the brain and spinal cord. In those invertebrates with a central nervous system it typically consists of a brain, cerebral ganglia and a nerve cord."" [GOC:bf, GOC:jid, ISBN:0582227089]",1061,502,58,21026,0.11553784860557768,0.05466540999057493,query_1,"['GO:0007399', 'GO:0048731']"
GO:BP,GO:0007160,cell-matrix adhesion,6.979650107104975e-06,True,"""The binding of a cell to the extracellular matrix via adhesion molecules."" [GOC:hb]",237,502,24,21026,0.04780876494023904,0.10126582278481013,query_1,['GO:0031589']
GO:BP,GO:0150115,cell-substrate junction organization,6.958238229538095e-06,True,"""A process that is carried out at the cellular level which results in the assembly, arrangement of constituent parts, or disassembly of a cell-substrate junction. A cell-substrate junction is a specialized region of connection between a cell and the extracellular matrix."" [GOC:aruk, GOC:bc, PMID:10419689, PMID:1643657, PMID:16805308, PMID:26923917, PMID:8314002]",103,502,16,21026,0.03187250996015936,0.1553398058252427,query_1,['GO:0034330']
GO:BP,GO:0097485,neuron projection guidance,0.012349603369439606,True,"""The process in which the migration of a neuron projection is directed to a specific target site in response to a combination of attractive and repulsive cues."" [GOC:BHF, GOC:rl, PMID:22790009]",239,502,19,21026,0.037848605577689244,0.0794979079497908,query_1,"['GO:0031175', 'GO:0048812']"
GO:BP,GO:0065008,regulation of biological quality,6.777710256190519e-06,True,"""Any process that modulates a qualitative or quantitative trait of a biological quality. A biological quality is a measurable attribute of an organism or part of an organism, such as size, mass, shape, color, etc."" [GOC:dph, GOC:isa_complete, GOC:mah, GOC:pr, GOC:vw]",2947,502,119,21026,0.23705179282868527,0.040380047505938245,query_1,['GO:0065007']
GO:BP,GO:0036211,protein modification process,6.705400595173206e-06,True,"""The covalent alteration of one or more amino acids occurring in proteins, peptides and nascent polypeptides (co-translational, post-translational modifications). Includes the modification of charged tRNAs that are destined to occur in a protein (pre-translation modification)."" [GOC:bf, GOC:jl]",2846,502,116,21026,0.23107569721115537,0.040758959943780745,query_1,"['GO:0019538', 'GO:0043412']"
GO:BP,GO:0001952,regulation of cell-matrix adhesion,0.003148980987809613,True,"""Any process that modulates the frequency, rate or extent of attachment of a cell to the extracellular matrix."" [GOC:hjd]",122,502,14,21026,0.027888446215139442,0.11475409836065574,query_1,"['GO:0007160', 'GO:0010810']"
GO:BP,GO:0001775,cell activation,0.011721631292217437,True,"""A multicellular organismal process by which exposure to an activating factor such as a cellular or soluble ligand results in a change in the morphology or behavior of a cell."" [GOC:mgi_curators]",1132,502,52,21026,0.10358565737051793,0.045936395759717315,query_1,"['GO:0009987', 'GO:0032501']"
GO:BP,GO:0043062,extracellular structure organization,1.5910648620227496e-05,True,"""A process that is carried out at the cellular level which results in the assembly, arrangement of constituent parts, or disassembly of structures in the space external to the outermost structure of a cell. For cells without external protective or external encapsulating structures this refers to space outside of the plasma membrane, and also covers the host cell environment outside an intracellular parasite."" [GOC:ai, GOC:dph, GOC:jl, GOC:mah]",328,502,28,21026,0.055776892430278883,0.08536585365853659,query_1,['GO:0016043']
GO:BP,GO:0045229,external encapsulating structure organization,1.7010325993077115e-05,True,"""A process that is carried out at the cellular level which results in the assembly, arrangement of constituent parts, or disassembly of external structures that lie outside the plasma membrane and surround the entire cell."" [GOC:ai, GOC:dph, GOC:jl, GOC:mah]",329,502,28,21026,0.055776892430278883,0.0851063829787234,query_1,['GO:0016043']
GO:BP,GO:0009967,positive regulation of signal transduction,1.723709391746489e-05,True,"""Any process that activates or increases the frequency, rate or extent of signal transduction."" [GOC:sm]",1578,502,75,21026,0.14940239043824702,0.04752851711026616,query_1,"['GO:0007165', 'GO:0009966', 'GO:0010647', 'GO:0023056', 'GO:0048584']"
GO:BP,GO:0048878,chemical homeostasis,3.034458776682012e-05,True,"""Any biological process involved in the maintenance of an internal steady state of a chemical."" [GOC:isa_complete]",1043,502,56,21026,0.11155378486055777,0.053691275167785234,query_1,['GO:0042592']
GO:BP,GO:0051179,localization,0.0037337203974014835,True,"""Any process in which a cell, a substance, or a cellular entity, such as a protein complex or organelle, is transported, tethered to or otherwise maintained in a specific location. In the case of substances, localization may also be achieved via selective degradation."" [GOC:ai, GOC:dos]",5555,502,180,21026,0.35856573705179284,0.032403240324032405,query_1,['GO:0008150']
GO:BP,GO:0048041,focal adhesion assembly,0.00025758891999142766,True,"""The aggregation and bonding together of a set of components to form a focal adhesion, a complex of intracellular signaling and structural proteins that provides a structural link between the internal actin cytoskeleton and the ECM, and also function as a locus of signal transduction activity."" [GOC:jid, GOC:mah]",85,502,13,21026,0.025896414342629483,0.15294117647058825,query_1,"['GO:0007044', 'GO:0007160']"
GO:BP,GO:0043067,regulation of programmed cell death,2.839777593426086e-05,True,"""Any process that modulates the frequency, rate or extent of programmed cell death, cell death resulting from activation of endogenous cellular processes."" [GOC:jl]",1506,502,72,21026,0.14342629482071714,0.04780876494023904,query_1,"['GO:0012501', 'GO:0050794']"
GO:BP,GO:0030097,hemopoiesis,0.010048223952012316,True,"""The process whose specific outcome is the progression of the myeloid and lymphoid derived organ/tissue systems of the blood and other parts of the body over time, from formation to the mature structure. The site of hemopoiesis is variable during development, but occurs primarily in bone marrow or kidney in many adult vertebrates."" [GOC:dgh, ISBN:0198506732]",976,502,47,21026,0.09362549800796813,0.04815573770491803,query_1,['GO:0048468']
GO:BP,GO:0042127,regulation of cell population proliferation,0.00026023355545336046,True,"""Any process that modulates the frequency, rate or extent of cell proliferation."" [GOC:jl]",1685,502,75,21026,0.14940239043824702,0.04451038575667656,query_1,"['GO:0008283', 'GO:0050794']"
GO:BP,GO:0019220,regulation of phosphate metabolic process,2.6616430993799044e-05,True,"""Any process that modulates the frequency, rate or extent of the chemical reactions and pathways involving phosphates."" [GOC:go_curators]",956,502,53,21026,0.10557768924302789,0.05543933054393305,query_1,"['GO:0006796', 'GO:0051174']"
GO:BP,GO:0044057,regulation of system process,0.0036521534017317715,True,"""Any process that modulates the frequency, rate or extent of a system process, a multicellular organismal process carried out by any of the organs or tissues in an organ system."" [GOC:jl]",553,502,33,21026,0.06573705179282868,0.059674502712477394,query_1,"['GO:0003008', 'GO:0051239']"
GO:BP,GO:0051017,actin filament bundle assembly,0.003611040645273636,True,"""The assembly of actin filament bundles; actin filaments are on the same axis but may be oriented with the same or opposite polarities and may be packed with different levels of tightness."" [GOC:ai]",160,502,16,21026,0.03187250996015936,0.1,query_1,"['GO:0022607', 'GO:0061572']"
GO:BP,GO:0043408,regulation of MAPK cascade,2.3482757527727422e-05,True,"""Any process that modulates the frequency, rate or extent of signal transduction mediated by the MAP kinase (MAPK) cascade."" [GOC:go_curators]",637,502,41,21026,0.08167330677290836,0.06436420722135008,query_1,"['GO:0000165', 'GO:1902531']"
GO:BP,GO:0051241,negative regulation of multicellular organismal process,2.0333171618283674e-05,True,"""Any process that stops, prevents, or reduces the frequency, rate or extent of an organismal process, the processes pertinent to the function of an organism above the cellular level; includes the integrated processes of tissues and organs."" [GOC:ai]",1087,502,58,21026,0.11553784860557768,0.05335786568537258,query_1,"['GO:0032501', 'GO:0048519', 'GO:0051239']"
GO:BP,GO:0097009,energy homeostasis,0.01050269374677701,True,"""Any process involved in the balance between food intake (energy input) and energy expenditure."" [GOC:yaf, PMID:15919751]",83,502,11,21026,0.021912350597609563,0.13253012048192772,query_1,['GO:0048871']
GO:BP,GO:0043065,positive regulation of apoptotic process,0.010583883912841286,True,"""Any process that activates or increases the frequency, rate or extent of cell death by apoptotic process."" [GOC:jl, GOC:mtg_apoptosis]",528,502,31,21026,0.061752988047808766,0.058712121212121215,query_1,"['GO:0006915', 'GO:0042981', 'GO:0043068']"
GO:BP,GO:0023056,positive regulation of signaling,1.9076185684358306e-05,True,"""Any process that activates, maintains or increases the frequency, rate or extent of a signaling process."" [GOC:mtg_signal]",1796,502,82,21026,0.16334661354581673,0.045657015590200446,query_1,"['GO:0023051', 'GO:0023052', 'GO:0048518']"
GO:BP,GO:0010647,positive regulation of cell communication,1.8601992681539474e-05,True,"""Any process that increases the frequency, rate or extent of cell communication. Cell communication is the process that mediates interactions between a cell and its surroundings. Encompasses interactions such as signaling or attachment between one cell and another cell, between a cell and an extracellular matrix, or between a cell and any other aspect of its environment."" [GOC:dph, GOC:tb]",1795,502,82,21026,0.16334661354581673,0.045682451253481894,query_1,"['GO:0007154', 'GO:0010646', 'GO:0048522']"
GO:BP,GO:0048589,developmental growth,0.010667101965246902,True,"""The increase in size or mass of an entire organism, a part of an organism or a cell, where the increase in size or mass has the specific outcome of the progression of the organism over time from one condition to another."" [GOC:go_curators]",663,502,36,21026,0.07171314741035857,0.05429864253393665,query_1,"['GO:0032502', 'GO:0040007']"
GO:BP,GO:0048584,positive regulation of response to stimulus,1.7295141025747124e-05,True,"""Any process that activates, maintains or increases the rate of a response to a stimulus. Response to stimulus is a change in state or activity of a cell or an organism (in terms of movement, secretion, enzyme production, gene expression, etc.) as a result of a stimulus."" [GOC:jid]",2331,502,99,21026,0.19721115537848605,0.04247104247104247,query_1,"['GO:0048518', 'GO:0048583', 'GO:0050896']"
GO:BP,GO:0065009,regulation of molecular function,0.00023949949679663834,True,"""Any process that modulates the frequency, rate or extent of a molecular function, an elemental biological activity occurring at the molecular level, such as catalysis or binding."" [GOC:isa_complete]",1496,502,69,21026,0.13745019920318724,0.046122994652406414,query_1,['GO:0065007']
GO:BP,GO:0120036,plasma membrane bounded cell projection organization,0.032590935416378065,True,"""A process that is carried out at the cellular level which results in the assembly, arrangement of constituent parts, or disassembly of a plasma membrane bounded prolongation or process extending from a cell, e.g. a cilium or axon."" [GOC:krc]",1588,502,65,21026,0.1294820717131474,0.04093198992443325,query_1,['GO:0030030']
GO:BP,GO:0007044,cell-substrate junction assembly,0.0001552106122607069,True,"""The aggregation, arrangement and bonding together of a set of components to form a junction between a cell and its substrate."" [GOC:mah]",96,502,14,21026,0.027888446215139442,0.14583333333333334,query_1,"['GO:0034329', 'GO:0150115']"
GO:BP,GO:0030335,positive regulation of cell migration,1.0513323823506038e-08,True,"""Any process that activates or increases the frequency, rate or extent of cell migration."" [GOC:go_curators]",559,502,44,21026,0.08764940239043825,0.07871198568872988,query_1,"['GO:0016477', 'GO:0030334', 'GO:2000147']"
GO:BP,GO:0001525,angiogenesis,5.0624859439194056e-09,True,"""Blood vessel formation when new vessels emerge from the proliferation of pre-existing blood vessels."" [ISBN:0878932453]",547,502,44,21026,0.08764940239043825,0.08043875685557587,query_1,"['GO:0048514', 'GO:0048646']"
GO:BP,GO:0035556,intracellular signal transduction,9.517122639114384e-12,True,"""The process in which a signal is passed on to downstream components within the cell, which become activated themselves to further propagate the signal and finally trigger a change in the function or state of the cell."" [GOC:bf, GOC:jl, GOC:signaling, ISBN:3527303782]",2965,502,137,21026,0.2729083665338645,0.04620573355817875,query_1,['GO:0007165']
GO:BP,GO:0030155,regulation of cell adhesion,6.167115756512572e-12,True,"""Any process that modulates the frequency, rate or extent of attachment of a cell to another cell or to the extracellular matrix."" [GOC:mah]",794,502,60,21026,0.11952191235059761,0.07556675062972293,query_1,"['GO:0007155', 'GO:0050794']"
GO:BP,GO:0097435,supramolecular fiber organization,8.012134160432403e-09,True,"""A process that is carried out at the cellular level which results in the assembly, arrangement of constituent parts, or disassembly of a supramolecular fiber, a polymer consisting of an indefinite number of protein or protein complex subunits that have polymerised to form a fiber-shaped structure."" [GOC:pr]",861,502,57,21026,0.11354581673306773,0.06620209059233449,query_1,['GO:0016043']
GO:BP,GO:0048583,regulation of response to stimulus,5.297889848206594e-12,True,"""Any process that modulates the frequency, rate or extent of a response to a stimulus. Response to stimulus is a change in state or activity of a cell or an organism (in terms of movement, secretion, enzyme production, gene expression, etc.) as a result of a stimulus."" [GOC:jid]",3993,502,169,21026,0.33665338645418325,0.042324067117455545,query_1,"['GO:0050789', 'GO:0050896']"
GO:BP,GO:0003179,heart valve morphogenesis,0.0368291981464635,True,"""The process in which the structure of a heart valve is generated and organized."" [GOC:mtg_heart]",62,502,9,21026,0.017928286852589643,0.14516129032258066,query_1,"['GO:0003170', 'GO:0009653']"
GO:BP,GO:0141124,intracellular signaling cassette,4.765610286353676e-12,True,"""An intracellular signaling module that is part of larger signaling pathways that can be initiated either intracellularly or by cell surface receptors. Intracellular signaling cassettes are discrete signaling units that are often shared by multiple signaling pathways."" [GOC:ha, GOC:pg]",1912,502,103,21026,0.2051792828685259,0.05387029288702929,query_1,['GO:0035556']
GO:BP,GO:0048646,anatomical structure formation involved in morphogenesis,3.873029743862861e-12,True,"""The developmental process pertaining to the initial formation of an anatomical structure from unspecified parts. This process begins with the specific processes that contribute to the appearance of the discrete structure and ends when the structural rudiment is recognizable. An anatomical structure is any biological entity that occupies space and is distinguished from its surroundings. Anatomical structures can be macroscopic such as a carpel, or microscopic such as an acrosome."" [GOC:dph, GOC:jid, GOC:tb]",1199,502,77,21026,0.15338645418326693,0.06422018348623854,query_1,"['GO:0009653', 'GO:0032502']"
GO:BP,GO:0043069,negative regulation of programmed cell death,0.0012647953518257582,True,"""Any process that stops, prevents, or reduces the frequency, rate or extent of programmed cell death, cell death resulting from activation of endogenous cellular processes."" [GOC:jl]",905,502,47,21026,0.09362549800796813,0.051933701657458566,query_1,"['GO:0012501', 'GO:0043067', 'GO:0048523']"
GO:BP,GO:0007015,actin filament organization,5.0244726646366476e-09,True,"""A process that is carried out at the cellular level which results in the assembly, arrangement of constituent parts, or disassembly of cytoskeletal structures comprising actin filaments. Includes processes that control the spatial distribution of actin filaments, such as organizing filaments into meshworks, bundles, or other structures, as by cross-linking."" [GOC:mah]",461,502,40,21026,0.0796812749003984,0.08676789587852494,query_1,"['GO:0030036', 'GO:0097435']"
GO:BP,GO:0048513,animal organ development,1.1001251566141696e-09,True,"""Development of a tissue or tissues that work together to perform a specific function or functions. Development pertains to the process whose specific outcome is the progression of a structure over time, from its formation to the mature structure. Organs are commonly observed as visibly distinct structures, but may also exist as loosely associated clusters of cells that work together to perform a specific function or functions."" [GOC:dph, GOC:jid]",3085,502,135,21026,0.2689243027888446,0.04376012965964344,query_1,['GO:0048856']
GO:BP,GO:0042592,homeostatic process,1.3766379486987477e-12,True,"""Any biological process involved in the maintenance of an internal steady state."" [GOC:jl, ISBN:0395825172]",1736,502,98,21026,0.1952191235059761,0.056451612903225805,query_1,['GO:0008150']
GO:BP,GO:0006950,response to stress,0.0012566119095467417,True,"""Any process that results in a change in state or activity of a cell or an organism (in terms of movement, secretion, enzyme production, gene expression, etc.) as a result of a disturbance in organismal or cellular homeostasis, usually, but not necessarily, exogenous (e.g. temperature, humidity, ionizing radiation)."" [GOC:mah]",3948,502,139,21026,0.27689243027888444,0.03520770010131712,query_1,['GO:0050896']
GO:BP,GO:0070848,response to growth factor,1.1782892180643464e-12,True,"""Any process that results in a change in state or activity of a cell or an organism (in terms of movement, secretion, enzyme production, gene expression, etc.) as a result of a growth factor stimulus."" [GOC:BHF, GOC:mah]",721,502,58,21026,0.11553784860557768,0.08044382801664356,query_1,['GO:0009719']
GO:BP,GO:0072359,circulatory system development,1.0291458515541206e-12,True,"""The process whose specific outcome is the progression of the circulatory system over time, from its formation to the mature structure. The circulatory system is the organ system that passes nutrients (such as amino acids and electrolytes), gases, hormones, blood cells, etc. to and from cells in the body to help fight diseases and help stabilize body temperature and pH to maintain homeostasis."" [GOC:mah, UBERON:0001009]",1145,502,76,21026,0.15139442231075698,0.06637554585152838,query_1,['GO:0048731']
GO:BP,GO:0009887,animal organ morphogenesis,0.0010329458466417747,True,"""Morphogenesis of an animal organ. An organ is defined as a tissue or set of tissues that work together to perform a specific function or functions. Morphogenesis is the process in which anatomical structures are generated and organized. Organs are commonly observed as visibly distinct structures, but may also exist as loosely associated clusters of cells that work together to perform a specific function or functions."" [GOC:dgh, GOC:go_curators, ISBN:0471245208, ISBN:0721662544]",1042,502,52,21026,0.10358565737051793,0.04990403071017274,query_1,"['GO:0009653', 'GO:0048513']"
GO:BP,GO:0048519,negative regulation of biological process,1.1198784858495989e-08,True,"""Any process that stops, prevents, or reduces the frequency, rate or extent of a biological process. Biological processes are regulated by many means; examples include the control of gene expression, protein modification or interaction with a protein or substrate molecule."" [GOC:jid]",5834,502,210,21026,0.41832669322709165,0.03599588618443606,query_1,"['GO:0008150', 'GO:0050789']"
GO:BP,GO:0051716,cellular response to stimulus,8.328657769836445e-13,True,"""Any process that results in a change in state or activity of a cell (in terms of movement, secretion, enzyme production, gene expression, etc.) as a result of a stimulus. The process begins with detection of the stimulus by a cell and ends with a change in state or activity or the cell."" [GOC:bf, GOC:jl]",7376,502,264,21026,0.5258964143426295,0.03579175704989154,query_1,"['GO:0009987', 'GO:0050896']"
GO:BP,GO:0051216,cartilage development,0.03652165155489701,True,"""The process whose specific outcome is the progression of a cartilage element over time, from its formation to the mature structure. Cartilage elements are skeletal elements that consist of connective tissue dominated by extracellular matrix containing collagen type II and large amounts of proteoglycan, particularly chondroitin sulfate."" [GOC:cjm, PMID:23251424]",213,502,17,21026,0.03386454183266932,0.07981220657276995,query_1,"['GO:0001501', 'GO:0048513', 'GO:0061448']"
GO:BP,GO:0050789,regulation of biological process,2.302009473056392e-10,True,"""Any process that modulates the frequency, rate or extent of a biological process. Biological processes are regulated by many means; examples include the control of gene expression, protein modification or interaction with a protein or substrate molecule."" [GOC:ai, GOC:go_curators]",12336,502,373,21026,0.7430278884462151,0.030236705577172503,query_1,"['GO:0008150', 'GO:0065007']"
GO:BP,GO:0001568,blood vessel development,2.318823076862105e-12,True,"""The process whose specific outcome is the progression of a blood vessel over time, from its formation to the mature structure. The blood vessel is the vasculature carrying blood."" [GOC:hjd, UBERON:0001981]",732,502,58,21026,0.11553784860557768,0.07923497267759563,query_1,"['GO:0001944', 'GO:0048856']"
GO:BP,GO:0045667,regulation of osteoblast differentiation,0.03737322242658736,True,"""Any process that modulates the frequency, rate or extent of osteoblast differentiation."" [GOC:go_curators]",131,502,13,21026,0.025896414342629483,0.09923664122137404,query_1,"['GO:0001649', 'GO:0045595']"
GO:BP,GO:0007166,cell surface receptor signaling pathway,1.325255608429473e-11,True,"""The series of molecular signals initiated by an extracellular ligand binding to a receptor located on the cell surface. The pathway ends with regulation of a downstream cellular process, e.g. transcription."" [GOC:signaling]",2819,502,132,21026,0.26294820717131473,0.04682511528910961,query_1,['GO:0007165']
GO:BP,GO:0022603,regulation of anatomical structure morphogenesis,1.3288687511872021e-11,True,"""Any process that modulates the frequency, rate or extent of anatomical structure morphogenesis."" [GOC:mah]",831,502,61,21026,0.12151394422310757,0.07340553549939831,query_1,"['GO:0009653', 'GO:0050793']"
GO:BP,GO:0007399,nervous system development,2.5059255962321142e-09,True,"""The process whose specific outcome is the progression of nervous tissue over time, from its formation to its mature state."" [GOC:dgh]",2604,502,119,21026,0.23705179282868527,0.0456989247311828,query_1,['GO:0048731']
GO:BP,GO:0051094,positive regulation of developmental process,1.822863223751656e-10,True,"""Any process that activates or increases the rate or extent of development, the biological process whose specific outcome is the progression of an organism over time from an initial condition (e.g. a zygote, or a young adult) to a later condition (e.g. a multicellular animal or an aged adult)."" [GOC:ai]",1343,502,79,21026,0.15737051792828685,0.058823529411764705,query_1,"['GO:0032502', 'GO:0048518', 'GO:0050793']"
GO:BP,GO:0009893,positive regulation of metabolic process,3.349355718202583e-10,True,"""Any process that activates or increases the frequency, rate or extent of the chemical reactions and pathways within a cell or an organism."" [GOC:go_curators]",3597,502,152,21026,0.30278884462151395,0.0422574367528496,query_1,"['GO:0008152', 'GO:0019222', 'GO:0048522']"
GO:BP,GO:0048699,generation of neurons,0.0013506161043603442,True,"""The process in which nerve cells are generated. This includes the production of neuroblasts and their differentiation into neurons."" [GOC:nln]",1536,502,68,21026,0.13545816733067728,0.044270833333333336,query_1,['GO:0022008']
GO:BP,GO:0042692,muscle cell differentiation,0.0013386461709883261,True,"""The process in which a relatively unspecialized cell acquires specialized features of a muscle cell."" [CL:0000187, GOC:go_curators]",405,502,28,21026,0.055776892430278883,0.0691358024691358,query_1,"['GO:0030154', 'GO:0061061']"
GO:BP,GO:0019538,protein metabolic process,0.000786574126785317,True,"""The chemical reactions and pathways involving a protein. Includes protein modification."" [GOC:ma]",4721,502,161,21026,0.3207171314741036,0.034102944291463676,query_1,"['GO:0043170', 'GO:0044238']"
GO:BP,GO:0048872,homeostasis of number of cells,0.042322882164344204,True,"""Any biological process involved in the maintenance of the steady-state number of cells within a population of cells."" [GOC:isa_complete]",332,502,22,21026,0.043824701195219126,0.06626506024096386,query_1,['GO:0048871']
GO:BP,GO:0031669,cellular response to nutrient levels,0.0014254497484065941,True,"""Any process that results in a change in state or activity of a cell (in terms of movement, secretion, enzyme production, gene expression, etc.) as a result of a stimulus reflecting the presence, absence, or concentration of nutrients."" [GOC:mah]",248,502,21,21026,0.04183266932270916,0.0846774193548387,query_1,"['GO:0031667', 'GO:0051716']"
GO:BP,GO:0043542,endothelial cell migration,0.0009198725946101407,True,"""The orderly movement of an endothelial cell into the extracellular matrix to form an endothelium."" [GOC:go_curators]",221,502,20,21026,0.0398406374501992,0.09049773755656108,query_1,['GO:0016477']
GO:BP,GO:0048514,blood vessel morphogenesis,8.42173252017069e-11,True,"""The process in which the anatomical structures of blood vessels are generated and organized. The blood vessel is the vasculature carrying blood."" [GOC:jid]",635,502,51,21026,0.10159362549800798,0.08031496062992126,query_1,"['GO:0001568', 'GO:0035239']"
GO:BP,GO:0035239,tube morphogenesis,5.503944274483372e-10,True,"""The process in which the anatomical structures of a tube are generated and organized. Epithelial and endothelial tubes transport gases, liquids and cells from one site to another and form the basic structure of many organs and tissues, with tube shape and organization varying from the single-celled excretory organ in Caenorhabditis elegans to the branching trees of the mammalian kidney and insect tracheal system."" [GOC:bf, PMID:14624839]",879,502,60,21026,0.11952191235059761,0.06825938566552901,query_1,"['GO:0009653', 'GO:0035295']"
GO:BP,GO:1901698,response to nitrogen compound,0.0013289211942570365,True,"""Any process that results in a change in state or activity of a cell or an organism (in terms of movement, secretion, enzyme production, gene expression, etc.) as a result of a nitrogen compound stimulus."" [GOC:pr, GOC:TermGenie]",1080,502,53,21026,0.10557768924302789,0.049074074074074076,query_1,['GO:0042221']
GO:BP,GO:2000026,regulation of multicellular organismal development,4.9989721217121515e-11,True,"""Any process that modulates the frequency, rate or extent of multicellular organismal development."" [GOC:obol]",1418,502,83,21026,0.16533864541832669,0.05853314527503526,query_1,"['GO:0007275', 'GO:0050793', 'GO:0051239']"
GO:BP,GO:0040017,positive regulation of locomotion,2.660614068486473e-09,True,"""Any process that activates or increases the frequency, rate or extent of locomotion of a cell or organism."" [GOC:go_curators]",603,502,47,21026,0.09362549800796813,0.0779436152570481,query_1,"['GO:0040011', 'GO:0040012', 'GO:0048518']"
GO:BP,GO:0035295,tube development,4.657580351239689e-11,True,"""The process whose specific outcome is the progression of a tube over time, from its initial formation to a mature structure. Epithelial and endothelial tubes transport gases, liquids and cells from one site to another and form the basic structure of many organs and tissues including lung and trachea, kidney, the mammary gland, the vascular system and the gastrointestinal and urinary-genital tracts."" [PMID:12526790]",1101,502,71,21026,0.14143426294820718,0.06448683015440508,query_1,"['GO:0007275', 'GO:0048856']"
GO:BP,GO:0071363,cellular response to growth factor stimulus,3.864310526456798e-11,True,"""Any process that results in a change in state or activity of a cell (in terms of movement, secretion, enzyme production, gene expression, etc.) as a result of a growth factor stimulus."" [GOC:mah]",689,502,54,21026,0.10756972111553785,0.0783744557329463,query_1,"['GO:0070848', 'GO:0071495']"
GO:BP,GO:0071495,cellular response to endogenous stimulus,3.460359392413895e-11,True,"""Any process that results in a change in state or activity of a cell (in terms of movement, secretion, enzyme production, gene expression, etc.) as a result of a stimulus arising within the organism."" [GOC:mah]",1223,502,76,21026,0.15139442231075698,0.06214227309893704,query_1,['GO:0009719']
GO:BP,GO:0030029,actin filament-based process,3.432985905952548e-11,True,"""Any cellular process that depends upon or alters the actin cytoskeleton, that part of the cytoskeleton comprising actin filaments and their associated proteins."" [GOC:mah]",825,502,60,21026,0.11952191235059761,0.07272727272727272,query_1,['GO:0009987']
GO:BP,GO:1902532,negative regulation of intracellular signal transduction,0.0015160733232193562,True,"""Any process that stops, prevents or reduces the frequency, rate or extent of intracellular signal transduction."" [GOC:dph, GOC:signaling, GOC:tb, GOC:TermGenie]",662,502,38,21026,0.07569721115537849,0.05740181268882175,query_1,"['GO:0009968', 'GO:0035556', 'GO:1902531']"
GO:BP,GO:0007420,brain development,0.0008534887117678583,True,"""The process whose specific outcome is the progression of the brain over time, from its formation to the mature structure. Brain development begins with patterning events in the neural tube and ends with the mature structure that is the center of thought and emotion. The brain is responsible for the coordination and control of bodily activities and the interpretation of information from the senses (sight, hearing, smell, etc.)."" [GOC:dph, GOC:jid, GOC:tb, UBERON:0000955]",754,502,42,21026,0.08366533864541832,0.05570291777188329,query_1,"['GO:0007417', 'GO:0048513', 'GO:0060322']"
GO:BP,GO:0045595,regulation of cell differentiation,1.395356783868982e-11,True,"""Any process that modulates the frequency, rate or extent of cell differentiation, the process in which relatively unspecialized cells acquire specialized structural and functional features."" [GOC:go_curators]",1576,502,90,21026,0.17928286852589642,0.05710659898477157,query_1,"['GO:0030154', 'GO:0050793', 'GO:0050794']"
GO:BP,GO:0007165,signal transduction,7.997359048341344e-13,True,"""The cellular process in which a signal is conveyed to trigger a change in the activity or state of a cell. Signal transduction begins with reception of a signal (e.g. a ligand binding to a receptor or receptor activation by a stimulus such as light), or for signal transduction in the absence of ligand, signal-withdrawal or the activity of a constitutively active receptor. Signal transduction ends with regulation of a downstream cellular process, e.g. regulation of transcription or regulation of a metabolic process. Signal transduction covers signaling from receptors located on the surface of the cell and signaling via molecules located within the cell. For signaling between cells, signal transduction is restricted to events at and within the receiving cell."" [GOC:go_curators, GOC:mtg_signaling_feb11]",6002,502,228,21026,0.4541832669322709,0.03798733755414862,query_1,"['GO:0007154', 'GO:0009987', 'GO:0023052', 'GO:0050794', 'GO:0051716']"
GO:BP,GO:0065007,biological regulation,7.710547599107722e-13,True,"""Any process that modulates a measurable attribute of any biological process, quality or function."" [GOC:dph, GOC:isa_complete, GOC:mah, GOC:pr, GOC:vw]",12743,502,389,21026,0.7749003984063745,0.030526563603547045,query_1,['GO:0008150']
GO:BP,GO:0001667,ameboidal-type cell migration,0.03618888377652138,True,"""Cell migration that is accomplished by extension and retraction of a pseudopodium."" [GOC:dph]",235,502,18,21026,0.035856573705179286,0.07659574468085106,query_1,['GO:0016477']
GO:BP,GO:0040011,locomotion,4.74109996932727e-13,True,"""Self-propelled movement of a cell or organism from one location to another."" [GOC:dgh]",1255,502,81,21026,0.16135458167330677,0.06454183266932272,query_1,['GO:0008150']
GO:BP,GO:0030334,regulation of cell migration,7.366892025063864e-16,True,"""Any process that modulates the frequency, rate or extent of cell migration."" [GOC:go_curators]",960,502,74,21026,0.14741035856573706,0.07708333333333334,query_1,"['GO:0016477', 'GO:2000145']"
GO:BP,GO:0070887,cellular response to chemical stimulus,0.001696072089470153,True,"""Any process that results in a change in state or activity of a cell (in terms of movement, secretion, enzyme production, gene expression, etc.) as a result of a chemical stimulus."" [GOC:mah]",2192,502,88,21026,0.1752988047808765,0.040145985401459854,query_1,"['GO:0042221', 'GO:0051716']"
GO:BP,GO:0009888,tissue development,6.056280724489245e-17,True,"""The process whose specific outcome is the progression of a tissue over time, from its formation to the mature structure."" [ISBN:0471245208]",2032,502,118,21026,0.2350597609561753,0.058070866141732284,query_1,['GO:0048856']
GO:BP,GO:0016477,cell migration,3.100343336813099e-17,True,"""The controlled self-propelled movement of a cell from one site to a destination guided by molecular cues."" [GOC:cjm, GOC:dph, GOC:ems, GOC:pf, Wikipedia:Cell_migration]",1534,502,100,21026,0.199203187250996,0.0651890482398957,query_1,['GO:0048870']
GO:BP,GO:0050793,regulation of developmental process,6.645989558277759e-18,True,"""Any process that modulates the frequency, rate or extent of development, the biological process whose specific outcome is the progression of a multicellular organism over time from an initial condition (e.g. a zygote, or a young adult) to a later condition (e.g. a multicellular animal or an aged adult)."" [GOC:go_curators]",2457,502,135,21026,0.2689243027888446,0.054945054945054944,query_1,"['GO:0032502', 'GO:0050789']"
GO:BP,GO:0048869,cellular developmental process,6.037453495131585e-18,True,"""A biological process whose specific outcome is the progression of a cell over time from an initial condition to a later condition."" [GOC:isa_complete]",4438,502,198,21026,0.3944223107569721,0.044614691302388466,query_1,"['GO:0009987', 'GO:0032502']"
GO:BP,GO:0030154,cell differentiation,5.8746376189341995e-18,True,"""The cellular developmental process in which a relatively unspecialized cell, e.g. embryonic or regenerative cell, acquires specialized structural and/or functional features that characterize a specific cell. Differentiation includes the processes involved in commitment of a cell to a specific fate and its subsequent development to the mature state."" [ISBN:0198506732]",4437,502,198,21026,0.3944223107569721,0.04462474645030426,query_1,['GO:0048869']
GO:BP,GO:0007167,enzyme-linked receptor protein signaling pathway,1.1987095019265615e-09,True,"""The series of molecular signals initiated by an extracellular ligand binding to a receptor on the surface of the target cell, where the receptor possesses catalytic activity or is closely associated with an enzyme such as a protein kinase, and ending with the regulation of a downstream cellular process, e.g. transcription."" [GOC:mah, GOC:signaling, ISBN:0815316194]",970,502,63,21026,0.1254980079681275,0.06494845360824743,query_1,['GO:0007166']
GO:BP,GO:0007275,multicellular organism development,1.5007520622067817e-18,True,"""The biological process whose specific outcome is the progression of a multicellular organism over time from an initial condition (e.g. a zygote or a young adult) to a later condition (e.g. a multicellular animal or an aged adult)."" [GOC:dph, GOC:ems, GOC:isa_complete, GOC:tb]",4727,502,208,21026,0.41434262948207173,0.04400253860799661,query_1,"['GO:0032501', 'GO:0048856']"
GO:BP,GO:0030832,regulation of actin filament length,0.035903521669401736,True,"""Any process that controls the length of actin filaments in a cell."" [GOC:dph, GOC:mah]",150,502,14,21026,0.027888446215139442,0.09333333333333334,query_1,"['GO:0032535', 'GO:0032956']"
GO:BP,GO:0048731,system development,5.4158645413472305e-19,True,"""The process whose specific outcome is the progression of an organismal system over time, from its formation to the mature structure. A system is a regularly interacting or interdependent group of organs or tissues that work together to carry out a given biological process."" [GOC:dph, GOC:jid]",4053,502,189,21026,0.37649402390438247,0.046632124352331605,query_1,"['GO:0007275', 'GO:0048856']"
GO:BP,GO:0051239,regulation of multicellular organismal process,8.54563861170952e-20,True,"""Any process that modulates the frequency, rate or extent of a multicellular organismal process, the processes pertinent to the function of a multicellular organism above the cellular level; includes the integrated processes of tissues and organs."" [GOC:ai, GOC:dph, GOC:tb]",2956,502,156,21026,0.3107569721115538,0.05277401894451962,query_1,"['GO:0032501', 'GO:0050789']"
GO:BP,GO:1902533,positive regulation of intracellular signal transduction,0.03280702149527073,True,"""Any process that activates or increases the frequency, rate or extent of intracellular signal transduction."" [GOC:BHF, GOC:dph, GOC:signaling, GOC:tb, GOC:TermGenie]",1113,502,50,21026,0.099601593625498,0.044923629829290206,query_1,"['GO:0009967', 'GO:0035556', 'GO:1902531']"
GO:BP,GO:0009653,anatomical structure morphogenesis,2.8217680049091777e-22,True,"""The process in which anatomical structures are generated and organized. Morphogenesis pertains to the creation of form."" [GOC:go_curators, ISBN:0521436125]",2713,502,153,21026,0.3047808764940239,0.05639513453741246,query_1,"['GO:0032502', 'GO:0048856']"
GO:BP,GO:0048522,positive regulation of cellular process,2.650695098884738e-22,True,"""Any process that activates or increases the frequency, rate or extent of a cellular process, any of those that are carried out at the cellular level, but are not necessarily restricted to a single cell. For example, cell communication occurs among more than one cell, but occurs at the cellular level."" [GOC:jid]",5920,502,251,21026,0.5,0.042398648648648646,query_1,"['GO:0009987', 'GO:0048518', 'GO:0050794']"
GO:BP,GO:0032502,developmental process,1.2062169017048364e-22,True,"""A biological process whose specific outcome is the progression of an integrated living unit: an anatomical structure (which may be a subcellular structure, cell, tissue, or organ), or organism over time from an initial condition to a later condition."" [GOC:isa_complete]",6553,502,269,21026,0.5358565737051793,0.04104990080878987,query_1,['GO:0008150']
GO:BP,GO:0048518,positive regulation of biological process,5.65443659782343e-23,True,"""Any process that activates or increases the frequency, rate or extent of a biological process. Biological processes are regulated by many means; examples include the control of gene expression, protein modification or interaction with a protein or substrate molecule."" [GOC:jid]",6264,502,262,21026,0.5219123505976095,0.041826309067688375,query_1,"['GO:0008150', 'GO:0050789']"
GO:BP,GO:0048856,anatomical structure development,5.854604779252158e-24,True,"""The biological process whose specific outcome is the progression of an anatomical structure from an initial condition to its mature state. This process begins with the formation of the structure and ends with the mature structure, whatever form that may be including its natural destruction. An anatomical structure is any biological entity that occupies space and is distinguished from its surroundings. Anatomical structures can be macroscopic such as a carpel, or microscopic such as an acrosome."" [GO_REF:0000021]",5997,502,257,21026,0.5119521912350598,0.042854760713690175,query_1,['GO:0032502']
GO:BP,GO:1902531,regulation of intracellular signal transduction,2.959894630686207e-08,True,"""Any process that modulates the frequency, rate or extent of intracellular signal transduction."" [GOC:dph, GOC:signaling, GOC:tb, GOC:TermGenie]",1953,502,95,21026,0.1892430278884462,0.04864311315924219,query_1,"['GO:0009966', 'GO:0035556']"
GO:BP,GO:0030030,cell projection organization,0.03992413176628191,True,"""A process that is carried out at the cellular level which results in the assembly, arrangement of constituent parts, or disassembly of a prolongation or process extending from a cell, e.g. a flagellum or axon."" [GOC:jl, GOC:mah, PMID:16318917]",1631,502,66,21026,0.13147410358565736,0.0404659717964439,query_1,['GO:0016043']
GO:BP,GO:0032501,multicellular organismal process,2.3689669816973976e-19,True,"""Any biological process, occurring at the level of a multicellular organism, pertinent to its function."" [GOC:curators, GOC:dph, GOC:isa_complete, GOC:tb]",7322,502,281,21026,0.5597609561752988,0.03837749248839115,query_1,['GO:0008150']
GO:BP,GO:0044093,positive regulation of molecular function,0.001592604533809271,True,"""Any process that activates or increases the rate or extent of a molecular function, an elemental biological activity occurring at the molecular level, such as catalysis or binding."" [GO:jl]",884,502,46,21026,0.09163346613545817,0.05203619909502263,query_1,['GO:0065009']
GO:BP,GO:0090066,regulation of anatomical structure size,0.0011674280438545026,True,"""Any process that modulates the size of an anatomical structure."" [GOC:dph, GOC:tb]",500,502,32,21026,0.06374501992031872,0.064,query_1,['GO:0065008']
GO:BP,GO:0006810,transport,0.0489752375557393,True,"""The directed movement of substances (such as macromolecules, small molecules, ions) or cellular components (such as complexes and organelles) into, out of or within a cell, or between cells, or within a multicellular organism by means of some agent such as a transporter or a transporter complex, a pore or a motor protein."" [GOC:dos, GOC:dph, GOC:jl, GOC:mah]",4407,502,144,21026,0.2868525896414343,0.03267528931245745,query_1,['GO:0051234']
GO:BP,GO:2000147,positive regulation of cell motility,1.456900091090896e-08,True,"""Any process that activates or increases the frequency, rate or extent of cell motility."" [GOC:mah]",587,502,45,21026,0.08964143426294821,0.07666098807495741,query_1,"['GO:0040017', 'GO:0048522', 'GO:0048870', 'GO:2000145']"
GO:BP,GO:0009719,response to endogenous stimulus,4.4749163589313434e-13,True,"""Any process that results in a change in state or activity of a cell or an organism (in terms of movement, secretion, enzyme production, gene expression, etc.) as a result of a stimulus arising within the organism."" [GOC:sm]",1489,502,90,21026,0.17928286852589642,0.06044325050369376,query_1,['GO:0050896']
GO:BP,GO:0050790,regulation of catalytic activity,0.0010682070107385807,True,"""Any process that modulates the activity of an enzyme."" [GOC:ai, GOC:ebc, GOC:vw]",928,502,48,21026,0.09561752988047809,0.05172413793103448,query_1,['GO:0065009']
GO:BP,GO:0030036,actin cytoskeleton organization,1.3700919678866888e-09,True,"""A process that is carried out at the cellular level which results in the assembly, arrangement of constituent parts, or disassembly of cytoskeletal structures comprising actin filaments and their associated proteins."" [GOC:dph, GOC:jl, GOC:mah]",729,502,53,21026,0.10557768924302789,0.07270233196159122,query_1,"['GO:0007010', 'GO:0030029']"
GO:BP,GO:0048523,negative regulation of cellular process,1.5477077950602202e-08,True,"""Any process that stops, prevents, or reduces the frequency, rate or extent of a cellular process, any of those that are carried out at the cellular level, but are not necessarily restricted to a single cell. For example, cell communication occurs among more than one cell, but occurs at the cellular level."" [GOC:jid]",5629,502,204,21026,0.4063745019920319,0.036240895363297214,query_1,"['GO:0009987', 'GO:0048519', 'GO:0050794']"
GO:BP,GO:0007154,cell communication,1.0529553594420778e-13,True,"""Any process that mediates interactions between a cell and its surroundings. Encompasses interactions such as signaling or attachment between one cell and another cell, between a cell and an extracellular matrix, or between a cell and any other aspect of its environment."" [GOC:mah]",6540,502,245,21026,0.48804780876494025,0.03746177370030581,query_1,['GO:0009987']
GO:BP,GO:0051240,positive regulation of multicellular organismal process,9.639463933780305e-14,True,"""Any process that activates or increases the frequency, rate or extent of an organismal process, any of the processes pertinent to the function of an organism above the cellular level; includes the integrated processes of tissues and organs."" [GOC:ai]",1667,502,98,21026,0.1952191235059761,0.05878824235152969,query_1,"['GO:0032501', 'GO:0048518', 'GO:0051239']"
GO:BP,GO:0001944,vasculature development,6.013807344507485e-14,True,"""The process whose specific outcome is the progression of the vasculature over time, from its formation to the mature structure. The vasculature is an interconnected tubular multi-tissue structure that contains fluid that is actively transported around the organism."" [GOC:dph, UBERON:0002409]",762,502,62,21026,0.12350597609561753,0.08136482939632546,query_1,"['GO:0048731', 'GO:0072359']"
GO:BP,GO:0023052,signaling,2.874439300300517e-14,True,"""The entirety of a process in which information is transmitted within a biological system. This process begins with an active signal and ends when a cellular response has been triggered."" [GOC:mtg_signal, GOC:mtg_signaling_feb11, GOC:signaling]",6515,502,246,21026,0.4900398406374502,0.037759017651573294,query_1,['GO:0050789']
GO:BP,GO:0040012,regulation of locomotion,5.816788858004389e-15,True,"""Any process that modulates the frequency, rate or extent of locomotion of a cell or organism."" [GOC:ems]",1067,502,77,21026,0.15338645418326693,0.07216494845360824,query_1,"['GO:0040011', 'GO:0050789']"
GO:BP,GO:0023051,regulation of signaling,2.041896770305874e-14,True,"""Any process that modulates the frequency, rate or extent of a signaling process."" [GOC:mtg_signal]",3478,502,160,21026,0.3187250996015936,0.04600345025876941,query_1,"['GO:0023052', 'GO:0050789']"
GO:BP,GO:0050896,response to stimulus,2.297716984730143e-14,True,"""Any process that results in a change in state or activity of a cell or an organism (in terms of movement, secretion, enzyme production, gene expression, etc.) as a result of a stimulus. The process begins with detection of the stimulus and ends with a change in state or activity or the cell or organism."" [GOC:ai, GOC:bf]",8999,502,309,21026,0.6155378486055777,0.03433714857206356,query_1,['GO:0008150']
GO:BP,GO:0031589,cell-substrate adhesion,1.7367360656869552e-08,True,"""The attachment of a cell to the underlying substrate via adhesion molecules."" [GOC:mah, GOC:pf]",356,502,34,21026,0.06772908366533864,0.09550561797752809,query_1,['GO:0007155']
GO:BP,GO:0045597,positive regulation of cell differentiation,1.8330303619980174e-08,True,"""Any process that activates or increases the frequency, rate or extent of cell differentiation."" [GOC:go_curators]",879,502,57,21026,0.11354581673306773,0.06484641638225255,query_1,"['GO:0030154', 'GO:0045595', 'GO:0048522', 'GO:0051094']"
GO:BP,GO:0010646,regulation of cell communication,1.0392845547312028e-14,True,"""Any process that modulates the frequency, rate or extent of cell communication. Cell communication is the process that mediates interactions between a cell and its surroundings. Encompasses interactions such as signaling or attachment between one cell and another cell, between a cell and an extracellular matrix, or between a cell and any other aspect of its environment."" [GOC:dph, GOC:tb]",3486,502,161,21026,0.3207171314741036,0.04618473895582329,query_1,"['GO:0007154', 'GO:0050794']"
GO:BP,GO:0007155,cell adhesion,9.208816998472869e-15,True,"""The attachment of a cell, either to another cell or to an underlying substrate such as the extracellular matrix, via cell adhesion molecules."" [GOC:hb, GOC:pf]",1530,502,95,21026,0.1892430278884462,0.06209150326797386,query_1,['GO:0009987']
GO:BP,GO:0009966,regulation of signal transduction,8.434736033533549e-15,True,"""Any process that modulates the frequency, rate or extent of signal transduction."" [GOC:sm]",3034,502,147,21026,0.29282868525896416,0.048450889914304546,query_1,"['GO:0007165', 'GO:0010646', 'GO:0023051', 'GO:0048583']"
GO:BP,GO:0048870,cell motility,7.132503956483789e-15,True,"""Any process involved in the controlled self-propelled movement of a cell that results in translocation of the cell from one place to another."" [GOC:dgh, GOC:dph, GOC:isa_complete, GOC:mlg]",1793,502,105,21026,0.20916334661354583,0.05856107083100948,query_1,['GO:0009987']
GO:BP,GO:2000145,regulation of cell motility,6.682494259551725e-15,True,"""Any process that modulates the frequency, rate or extent of cell motility."" [GOC:mah]",1022,502,75,21026,0.14940239043824702,0.07338551859099804,query_1,"['GO:0040012', 'GO:0048870', 'GO:0050794']"
GO:BP,GO:0050794,regulation of cellular process,3.257199424546848e-10,True,"""Any process that modulates the frequency, rate or extent of a cellular process, any of those that are carried out at the cellular level, but are not necessarily restricted to a single cell. For example, cell communication occurs among more than one cell, but occurs at the cellular level."" [GOC:go_curators]",11946,502,364,21026,0.7250996015936255,0.030470450359953122,query_1,"['GO:0009987', 'GO:0050789']"
GO:CC,GO:0002102,podosome,0.014874882209146035,True,"""An actin-rich adhesion structure characterized by formation upon cell substrate contact and localization at the substrate-attached part of the cell, contain an F-actin-rich core surrounded by a ring structure containing proteins such as vinculin and talin, and have a diameter of 0.5 mm."" [PMID:12837608, PMID:15890982]",41,516,7,22149,0.013565891472868217,0.17073170731707318,query_1,"['GO:0015629', 'GO:0043232']"
GO:CC,GO:0005576,extracellular region,3.797807110723955e-10,True,"""The space external to the outermost structure of a cell. For cells without external protective or external encapsulating structures this refers to space outside of the plasma membrane. This term covers the host cell environment outside an intracellular parasite."" [GOC:go_curators]",4258,516,166,22149,0.32170542635658916,0.038985439173320806,query_1,['GO:0110165']
GO:CC,GO:0005912,adherens junction,0.01437514249418799,True,"""A cell-cell junction composed of the epithelial cadherin-catenin complex. The epithelial cadherins, or E-cadherins, of each interacting cell extend through the plasma membrane into the extracellular space and bind to each other. The E-cadherins bind to catenins on the cytoplasmic side of the membrane, where the E-cadherin-catenin complex binds to cytoskeletal components and regulatory and signaling molecules."" [GOC:aruk, GOC:bc, GOC:mah, ISBN:0198506732, PMID:17854762, PMID:20571587, PMID:21422226, PMID:28096264]",189,516,15,22149,0.029069767441860465,0.07936507936507936,query_1,['GO:0005911']
GO:CC,GO:0031410,cytoplasmic vesicle,0.04017075413739393,True,"""A vesicle found in the cytoplasm of a cell."" [GOC:ai, GOC:mah, GOC:vesicles]",2556,516,88,22149,0.17054263565891473,0.03442879499217527,query_1,"['GO:0005737', 'GO:0097708']"
GO:CC,GO:0005925,focal adhesion,2.6310430463461175e-06,True,"""A cell-substrate junction that anchors the cell to the extracellular matrix and that forms a point of termination of actin filaments. In insects focal adhesion has also been referred to as hemi-adherens junction (HAJ)."" [GOC:aruk, GOC:bc, ISBN:0124325653, ISBN:0815316208, PMID:10419689, PMID:12191915, PMID:15246682, PMID:1643657, PMID:16805308, PMID:19197329, PMID:23033047, PMID:26923917, PMID:28796323, PMID:8314002]",426,516,32,22149,0.06201550387596899,0.07511737089201878,query_1,['GO:0030055']
GO:CC,GO:0032432,actin filament bundle,1.9356216172057266e-06,True,"""An assembly of actin filaments that are on the same axis but may be oriented with the same or opposite polarities and may be packed with different levels of tightness."" [GOC:mah]",95,516,15,22149,0.029069767441860465,0.15789473684210525,query_1,"['GO:0015629', 'GO:0110165']"
GO:CC,GO:0005886,plasma membrane,1.819763590319632e-06,True,"""The membrane surrounding a cell that separates the cell from its external environment. It consists of a phospholipid bilayer and associated proteins."" [ISBN:0716731363]",5866,516,196,22149,0.3798449612403101,0.03341288782816229,query_1,"['GO:0016020', 'GO:0071944']"
GO:CC,GO:0043230,extracellular organelle,1.0245034576477679e-10,True,"""Organized structure of distinctive morphology and function, occurring outside the cell. Includes, for example, extracellular membrane vesicles (EMVs) and the cellulosomes of anaerobic bacteria and fungi."" [GOC:jl, PMID:9914479]",2142,516,104,22149,0.20155038759689922,0.04855275443510738,query_1,"['GO:0005576', 'GO:0043226']"
GO:CC,GO:0097708,intracellular vesicle,0.04357920710882314,True,"""Any vesicle that is part of the intracellular region."" [GOC:vesicles]",2562,516,88,22149,0.17054263565891473,0.03434816549570648,query_1,"['GO:0031982', 'GO:0043231']"
GO:CC,GO:0031252,cell leading edge,0.00015381295059486405,True,"""The area of a motile cell closest to the direction of movement."" [GOC:pg]",433,516,29,22149,0.0562015503875969,0.06697459584295612,query_1,['GO:0110165']
GO:CC,GO:0005783,endoplasmic reticulum,0.00010336899658600737,True,"""The irregular network of unit membranes, visible only by electron microscopy, that occurs in the cytoplasm of many eukaryotic cells. The membranes form a complex meshwork of tubular channels, which are often expanded into slitlike cavities called cisternae. The ER takes two forms, rough (or granular), with ribosomes adhering to the outer surface, and smooth (with no ribosomes attached)."" [ISBN:0198506732]",2095,516,85,22149,0.16472868217054262,0.0405727923627685,query_1,"['GO:0005737', 'GO:0012505', 'GO:0043231']"
GO:CC,GO:0005829,cytosol,5.122588108499226e-16,True,"""The part of the cytoplasm that does not contain organelles but which does contain other particulate matter, such as protein complexes."" [GOC:hjd, GOC:jl]",5534,516,219,22149,0.42441860465116277,0.039573545355981204,query_1,"['GO:0005737', 'GO:0110165']"
GO:CC,GO:0071944,cell periphery,1.0698450473702608e-14,True,"""The broad region around and including the plasma membrane of a cell, encompassing the cell cortex (inside the cell), the plasma membrane, and any external encapsulating structures."" [GOC:pdt]",6347,516,237,22149,0.45930232558139533,0.03734047581534583,query_1,['GO:0110165']
GO:CC,GO:0005793,endoplasmic reticulum-Golgi intermediate compartment,0.008477169048529623,True,"""A complex system of membrane-bounded compartments located between endoplasmic reticulum (ER) and the Golgi complex, with a distinctive membrane protein composition; involved in ER-to-Golgi and Golgi-to-ER transport."" [GOC:pr, PMID:16723730]",139,516,13,22149,0.025193798449612403,0.09352517985611511,query_1,"['GO:0005737', 'GO:0043231']"
GO:CC,GO:0005911,cell-cell junction,3.5849592501537635e-05,True,"""A cell junction that forms a connection between two or more cells of an organism; excludes direct cytoplasmic intercellular bridges, such as ring canals in insects."" [GOC:aruk, GOC:bc, GOC:dgh, GOC:hb, GOC:mah, PMID:21422226, PMID:28096264]",526,516,34,22149,0.06589147286821706,0.06463878326996197,query_1,['GO:0070161']
GO:CC,GO:0005856,cytoskeleton,1.6810522946163406e-05,True,"""A cellular structure that forms the internal framework of eukaryotic and prokaryotic cells. The cytoskeleton includes intermediate filaments, microfilaments, microtubules, the microtrabecular lattice, and other structures characterized by a polymeric filamentous nature and long-range order within the cell. The various elements of the cytoskeleton not only serve in the maintenance of cellular shape but also have roles in other cellular functions, including cellular movement, cell division, endocytosis, and movement of organelles."" [GOC:mah, PMID:16959967, PMID:27419875]",2474,516,99,22149,0.19186046511627908,0.04001616814874697,query_1,['GO:0043232']
GO:CC,GO:0031982,vesicle,6.52894170251967e-11,True,"""Any small, fluid-filled, spherical organelle enclosed by membrane."" [GOC:mah, GOC:pz, GOC:vesicles]",4033,516,162,22149,0.313953488372093,0.04016860897594843,query_1,['GO:0043227']
GO:CC,GO:1903561,extracellular vesicle,9.948933987803083e-11,True,"""Any vesicle that is part of the extracellular region."" [GO_REF:0000064, GOC:pm, GOC:TermGenie, PMID:24769233]",2141,516,104,22149,0.20155038759689922,0.04857543204110229,query_1,"['GO:0031982', 'GO:0065010']"
GO:CC,GO:0070062,extracellular exosome,1.0124175180459235e-10,True,"""A vesicle that is released into the extracellular region by fusion of the limiting endosomal membrane of a multivesicular body with the plasma membrane. Extracellular exosomes, also simply called exosomes, have a diameter of about 40-100 nm."" [GOC:BHF, GOC:mah, GOC:vesicles, PMID:15908444, PMID:17641064, PMID:19442504, PMID:19498381, PMID:22418571, PMID:24009894]",2111,516,103,22149,0.1996124031007752,0.048792041686404546,query_1,"['GO:0005615', 'GO:1903561']"
GO:CC,GO:0065010,extracellular membrane-bounded organelle,1.0245034576477679e-10,True,"""Organized structure of distinctive morphology and function, bounded by a lipid bilayer membrane and occurring outside the cell."" [GOC:isa_complete]",2142,516,104,22149,0.20155038759689922,0.04855275443510738,query_1,"['GO:0043227', 'GO:0043230']"
GO:CC,GO:0005615,extracellular space,1.457193421224268e-10,True,"""That part of a multicellular organism outside the cells proper, usually taken to be outside the plasma membranes, and occupied by fluid."" [ISBN:0198547684]",3315,516,140,22149,0.2713178294573643,0.042232277526395176,query_1,"['GO:0005576', 'GO:0110165']"
GO:CC,GO:0030055,cell-substrate junction,4.581319856269596e-06,True,"""A cell junction that forms a connection between a cell and the extracellular matrix."" [GOC:aruk, GOC:bc, GOC:hb, GOC:mah, PMID:10419689, PMID:1643657, PMID:16805308, PMID:26923917, PMID:8314002]",436,516,32,22149,0.06201550387596899,0.07339449541284404,query_1,['GO:0070161']
GO:CC,GO:0097517,contractile actin filament bundle,4.182627853372502e-06,True,"""An actin filament bundle in which the filaments are loosely packed (approximately 30-60 nm apart) and arranged with opposing polarities; the loose packing allows myosin (usually myosin-II) to enter the bundle."" [GOC:cjm, GOC:mah, ISBN:0815316194]",86,516,14,22149,0.027131782945736434,0.16279069767441862,query_1,['GO:0032432']
GO:CC,GO:0001725,stress fiber,4.182627853372502e-06,True,"""A contractile actin filament bundle that consists of short actin filaments with alternating polarity, cross-linked by alpha-actinin and possibly other actin bundling proteins, and with myosin present in a periodic distribution along the fiber."" [PMID:16651381]",86,516,14,22149,0.027131782945736434,0.16279069767441862,query_1,"['GO:0042641', 'GO:0097517']"
GO:CC,GO:0031012,extracellular matrix,1.8974673326289435e-10,True,"""A structure lying external to one or more cells, which provides structural support, biochemical or biomechanical cues for cells or tissues."" [GOC:BHF, GOC:mah, GOC:rph, PMID:21123617, PMID:28089324, PMID:33605520]",559,516,45,22149,0.0872093023255814,0.08050089445438283,query_1,['GO:0030312']
GO:CC,GO:0030312,external encapsulating structure,2.0195623094314081e-10,True,"""A structure that lies outside the plasma membrane and surrounds the entire cell or cells. This does not include the periplasmic space."" [GOC:go_curators]",560,516,45,22149,0.0872093023255814,0.08035714285714286,query_1,"['GO:0071944', 'GO:0110165']"
GO:CC,GO:0005654,nucleoplasm,0.013613541019796905,True,"""That part of the nuclear content other than the chromosomes or the nucleolus."" [GOC:ma, ISBN:0124325653]",4255,516,136,22149,0.26356589147286824,0.031962397179788486,query_1,"['GO:0031981', 'GO:0110165']"
GO:CC,GO:0042641,actomyosin,1.4296845743833504e-06,True,"""Any complex of actin, myosin, and accessory proteins."" [GOC:go_curators]",93,516,15,22149,0.029069767441860465,0.16129032258064516,query_1,"['GO:0015629', 'GO:0110165']"
GO:CC,GO:0005737,cytoplasm,4.43364065904643e-24,True,"""The contents of a cell excluding the plasma membrane and nucleus, but including other subcellular structures."" [ISBN:0198547684]",12527,516,406,22149,0.7868217054263565,0.03240999441206993,query_1,"['GO:0005622', 'GO:0110165']"
GO:CC,GO:0005604,basement membrane,0.0006219145253924268,True,"""A collagen-containing extracellular matrix consisting of a thin layer of dense material found in various animal tissues interposed between the cells and the adjacent connective tissue. It consists of the basal lamina plus an associated layer of reticulin fibers."" [PMID:22505934, PMID:33605520, PMID:39223427]",93,516,12,22149,0.023255813953488372,0.12903225806451613,query_1,['GO:0031012']
GO:CC,GO:0012505,endomembrane system,4.989213939819938e-07,True,"""A collection of membranous structures involved in transport within the cell. The main components of the endomembrane system are endoplasmic reticulum, Golgi bodies, vesicles, cell membrane and nuclear envelope. Members of the endomembrane system pass materials through each other or though the use of vesicles."" [GOC:lh]",4872,516,172,22149,0.3333333333333333,0.035303776683087026,query_1,['GO:0110165']
GO:CC,GO:0030027,lamellipodium,0.0005555639857745159,True,"""A thin sheetlike process extended by the leading edge of a migrating cell or extending cell process; contains a dense meshwork of actin filaments."" [ISBN:0815316194]",204,516,18,22149,0.03488372093023256,0.08823529411764706,query_1,"['GO:0031252', 'GO:0120025']"
GO:CC,GO:0098644,complex of collagen trimers,0.03696787837959983,True,"""A complex of collagen trimers such as a fibril or collagen network."" [GOC:dos]",21,516,5,22149,0.009689922480620155,0.23809523809523808,query_1,"['GO:0062023', 'GO:0099080']"
GO:CC,GO:0030863,cortical cytoskeleton,0.03677490324009712,True,"""The portion of the cytoskeleton that lies just beneath the plasma membrane."" [GOC:mah]",118,516,11,22149,0.02131782945736434,0.09322033898305085,query_1,"['GO:0005856', 'GO:0005938']"
GO:CC,GO:0005788,endoplasmic reticulum lumen,0.0005126609405662895,True,"""The volume enclosed by the membranes of the endoplasmic reticulum."" [ISBN:0198547684]",313,516,23,22149,0.044573643410852716,0.07348242811501597,query_1,"['GO:0005783', 'GO:0070013']"
GO:CC,GO:0015629,actin cytoskeleton,2.495463318688397e-09,True,"""The part of the cytoskeleton (the internal framework of a cell) composed of actin and associated proteins. Includes actin cytoskeleton-associated complexes."" [GOC:jl, ISBN:0395825172, ISBN:0815316194]",534,516,42,22149,0.08139534883720931,0.07865168539325842,query_1,['GO:0005856']
GO:CC,GO:0005938,cell cortex,0.03547554476620302,True,"""The region of a cell that lies just beneath the plasma membrane and often, but not always, contains a network of actin filaments and associated proteins."" [GOC:mah, ISBN:0815316194]",328,516,20,22149,0.03875968992248062,0.06097560975609756,query_1,"['GO:0005737', 'GO:0071944']"
GO:CC,GO:0070161,anchoring junction,1.5791704415525077e-09,True,"""A cell junction that mechanically attaches a cell (and its cytoskeleton) to neighboring cells or to the extracellular matrix."" [ISBN:0815332181]",912,516,58,22149,0.1124031007751938,0.06359649122807018,query_1,['GO:0030054']
GO:CC,GO:0062023,collagen-containing extracellular matrix,1.4807381848073998e-09,True,"""An extracellular matrix consisting mainly of proteins (especially collagen) and glycosaminoglycans (mostly as proteoglycans) that provides not only essential physical scaffolding for the cellular constituents but can also initiate crucial biochemical and biomechanical cues required for tissue morphogenesis, differentiation and homeostasis. The components are secreted by cells in the vicinity and form a sheet underlying or overlying cells such as endothelial and epithelial cells."" [GOC:BHF, GOC:rph, PMID:21123617]",397,516,36,22149,0.06976744186046512,0.0906801007556675,query_1,['GO:0031012']
GO:CC,GO:0016020,membrane,2.6309709364307956e-09,True,"""A lipid bilayer along with all the proteins and protein complexes embedded in it and attached to it."" [GOC:dos, GOC:mah, ISBN:0815316194]",9953,516,308,22149,0.5968992248062015,0.03094544358484879,query_1,['GO:0110165']
GO:CC,GO:0098588,bounding membrane of organelle,0.031075885644523685,True,"""The lipid bilayer that forms the outer-most layer of an organelle."" [GOC:dos]",2251,516,80,22149,0.15503875968992248,0.03553976010661928,query_1,['GO:0031090']
GO:CC,GO:0001527,microfibril,0.0017117988024331213,True,"""Extracellular matrix components occurring independently or along with elastin. Thought to have force-bearing functions in tendon. In addition to fibrillins, microfibrils may contain other associated proteins."" [PMID:27026396]",12,516,5,22149,0.009689922480620155,0.4166666666666667,query_1,"['GO:0031012', 'GO:0099512']"
GO:CC,GO:0030054,cell junction,1.982498834267696e-08,True,"""A cellular component that forms a specialized region of connection between two or more cells, or between a cell and the extracellular matrix, or between two membrane-bound components of a cell, such as flagella."" [GOC:aruk, GOC:bc, GOC:mah, ISBN:0198506732, PMID:26820516, PMID:28096264]",2401,516,106,22149,0.2054263565891473,0.044148271553519365,query_1,['GO:0110165']
GO:MF,GO:0005178,integrin binding,0.007644661902494287,True,"""Binding to an integrin."" [GOC:ceb]",158,511,15,20246,0.029354207436399216,0.0949367088607595,query_1,"['GO:0005102', 'GO:0044877', 'GO:0050839']"
GO:MF,GO:0043167,ion binding,0.03953646487915756,True,"""Binding to an ion, a charged atoms or groups of atoms."" [GOC:jl]",6377,511,202,20246,0.3953033268101761,0.03167633683550259,query_1,['GO:0036094']
GO:MF,GO:0032553,ribonucleotide binding,0.043955874273272494,True,"""Binding to a ribonucleotide, any compound consisting of a ribonucleoside that is esterified with (ortho)phosphate or an oligophosphate at any hydroxyl group on the ribose moiety."" [GOC:mah]",2164,511,83,20246,0.162426614481409,0.03835489833641405,query_1,"['GO:0000166', 'GO:0097367']"
GO:MF,GO:0003779,actin binding,4.775396307213529e-07,True,"""Binding to monomeric or multimeric forms of actin, including actin filaments."" [GOC:clt]",442,511,36,20246,0.07045009784735812,0.08144796380090498,query_1,['GO:0008092']
GO:MF,GO:0140096,"catalytic activity, acting on a protein",0.012664539994179736,True,"""Catalytic activity that acts to modify a protein."" [GOC:molecular_function_refactoring, GOC:pdt]",2849,511,106,20246,0.20743639921722112,0.037206037206037205,query_1,['GO:0003824']
GO:MF,GO:0016773,"phosphotransferase activity, alcohol group as acceptor",0.00012381179136134672,True,"""Catalysis of the transfer of a phosphorus-containing group from one compound (donor) to an alcohol group (acceptor)."" [EC:2.7.1.-]",906,511,50,20246,0.09784735812133072,0.05518763796909492,query_1,['GO:0016772']
GO:MF,GO:0005102,signaling receptor binding,0.04465313828015201,True,"""Binding to one or more specific sites on a receptor molecule, a macromolecule that undergoes combination with a hormone, neurotransmitter, drug or intracellular messenger to initiate a change in cell function."" [GOC:bf, GOC:ceb, ISBN:0198506732]",1521,511,63,20246,0.1232876712328767,0.04142011834319527,query_1,['GO:0005515']
GO:MF,GO:0036094,small molecule binding,0.04479945184057706,True,"""Binding to a small molecule, any low molecular weight, monomeric, non-encoded molecule."" [GOC:curators, GOC:pde, GOC:pm]",6577,511,207,20246,0.4050880626223092,0.03147331610156606,query_1,['GO:0005488']
GO:MF,GO:0042802,identical protein binding,1.163891086604921e-05,True,"""Binding to an identical protein or proteins."" [GOC:jl]",2182,511,97,20246,0.1898238747553816,0.044454628780934924,query_1,['GO:0005515']
GO:MF,GO:0000166,nucleotide binding,0.010818519154314482,True,"""Binding to a nucleotide, any compound consisting of a nucleoside that is esterified with (ortho)phosphate or an oligophosphate at any hydroxyl group on the ribose or deoxyribose."" [GOC:mah, ISBN:0198547684]",2406,511,93,20246,0.18199608610567514,0.03865336658354115,query_1,"['GO:1901265', 'GO:1901363']"
GO:MF,GO:0016772,"transferase activity, transferring phosphorus-containing groups",1.999156410296379e-05,True,"""Catalysis of the transfer of a phosphorus-containing group from one compound (donor) to another (acceptor)."" [GOC:jl, ISBN:0198506732]",1176,511,62,20246,0.12133072407045009,0.05272108843537415,query_1,['GO:0016740']
GO:MF,GO:0043168,anion binding,0.0004978210382903513,True,"""Binding to an anion, a charged atom or group of atoms with a net negative charge."" [GOC:jl]",2685,511,107,20246,0.20939334637964774,0.03985102420856611,query_1,['GO:0043167']
GO:MF,GO:0019900,kinase binding,0.00010684144342561166,True,"""Binding to a kinase, any enzyme that catalyzes the transfer of a phosphate group."" [GOC:jl]",796,511,46,20246,0.09001956947162426,0.05778894472361809,query_1,['GO:0019899']
GO:MF,GO:0035639,purine ribonucleoside triphosphate binding,0.03656486101553359,True,"""Binding to a purine ribonucleoside triphosphate, a compound consisting of a purine base linked to a ribose sugar esterified with triphosphate on the sugar."" [GOC:BHF, GOC:ebc, ISBN:0198506732]",2087,511,81,20246,0.15851272015655576,0.03881169142309535,query_1,"['GO:0043168', 'GO:1901265', 'GO:1901363']"
GO:MF,GO:0005515,protein binding,4.6392095677074045e-18,True,"""Binding to a protein."" [GOC:go_curators]",15123,511,464,20246,0.9080234833659491,0.030681743040402037,query_1,['GO:0005488']
GO:MF,GO:0097367,carbohydrate derivative binding,0.0020233136099815563,True,"""Binding to a carbohydrate derivative."" [GOC:pr]",2536,511,100,20246,0.19569471624266144,0.03943217665615142,query_1,['GO:0005488']
GO:MF,GO:0032555,purine ribonucleotide binding,0.03346056831765705,True,"""Binding to a purine ribonucleotide, any compound consisting of a purine ribonucleoside that is esterified with (ortho)phosphate or an oligophosphate at any hydroxyl group on the ribose moiety."" [GOC:mah]",2147,511,83,20246,0.162426614481409,0.03865859338612017,query_1,"['GO:0017076', 'GO:0032553']"
GO:MF,GO:0019207,kinase regulator activity,0.018655565445025744,True,"""Modulates the activity of a kinase, an enzyme which catalyzes of the transfer of a phosphate group, usually from ATP, to a substrate molecule."" [GOC:ai]",278,511,20,20246,0.03913894324853229,0.07194244604316546,query_1,"['GO:0016301', 'GO:0030234']"
GO:MF,GO:0044877,protein-containing complex binding,9.560144013809747e-05,True,"""Binding to a macromolecular complex."" [GOC:jl]",1314,511,65,20246,0.12720156555772993,0.04946727549467275,query_1,['GO:0005488']
GO:MF,GO:0016740,transferase activity,0.0017791801202739776,True,"""Catalysis of the transfer of a group, e.g. a methyl group, glycosyl group, acyl group, phosphorus-containing, or other groups, from one compound (generally regarded as the donor) to another compound (generally regarded as the acceptor). Transferase is the systematic name for any enzyme of EC class 2."" [EC:2.-.-.-]",2594,511,102,20246,0.19960861056751467,0.03932151117964534,query_1,['GO:0003824']
GO:MF,GO:0004674,protein serine/threonine kinase activity,0.003756187459050975,True,"""Catalysis of the reactions: ATP + protein serine = ADP + protein serine phosphate, and ATP + protein threonine = ADP + protein threonine phosphate."" [EC:2.7.11.-, GOC:bf, PMID:2956925]",557,511,33,20246,0.06457925636007827,0.059245960502693,query_1,['GO:0004672']
GO:MF,GO:0019901,protein kinase binding,3.7244594894545806e-05,True,"""Binding to a protein kinase, any enzyme that catalyzes the transfer of a phosphate group, usually from ATP, to a protein substrate."" [GOC:jl]",717,511,44,20246,0.08610567514677103,0.061366806136680614,query_1,['GO:0019900']
GO:MF,GO:0004672,protein kinase activity,7.414638576378411e-05,True,"""Catalysis of the phosphorylation of an amino acid residue in a protein, usually according to the reaction: a protein + ATP = a phosphoprotein + ADP."" [PMID:25399640]",786,511,46,20246,0.09001956947162426,0.058524173027989825,query_1,"['GO:0016301', 'GO:0016773', 'GO:0140096']"
GO:MF,GO:0005488,binding,0.0261757970398815,True,"""The selective, non-covalent, often stoichiometric, interaction of a molecule with one or more specific sites on another molecule."" [GOC:ceb, GOC:mah, ISBN:0198506732]",18498,511,490,20246,0.958904109589041,0.026489350200021623,query_1,['GO:0003674']
GO:MF,GO:1901265,nucleoside phosphate binding,0.00847156435818162,True,"""Binding to nucleoside phosphate."" [GOC:TermGenie]",2424,511,94,20246,0.18395303326810175,0.038778877887788776,query_1,['GO:0005488']
GO:MF,GO:0051015,actin filament binding,0.004155671431758898,True,"""Binding to an actin filament, also known as F-actin, a helical filamentous polymer of globular G-actin subunits."" [ISBN:0198506732]",209,511,18,20246,0.03522504892367906,0.0861244019138756,query_1,"['GO:0003779', 'GO:0044877']"
GO:MF,GO:0019899,enzyme binding,2.0203820906015757e-07,True,"""Binding to an enzyme, a protein with catalytic activity."" [GOC:jl]",2107,511,100,20246,0.19569471624266144,0.04746084480303749,query_1,['GO:0005515']
GO:MF,GO:0016301,kinase activity,3.2317015309107676e-05,True,"""Catalysis of the transfer of a phosphate group, usually from ATP, to a substrate molecule."" [ISBN:0198506732]",1000,511,55,20246,0.10763209393346379,0.055,query_1,['GO:0016772']
GO:MF,GO:0017076,purine nucleotide binding,0.031104347656033857,True,"""Binding to a purine nucleotide, a compound consisting of a purine nucleoside esterified with (ortho)phosphate."" [GOC:ai]",2241,511,86,20246,0.16829745596868884,0.038375725122713075,query_1,['GO:0000166']
GO:MF,GO:0005201,extracellular matrix structural constituent,9.9023704293859e-07,True,"""The action of a molecule that contributes to the structural integrity of the extracellular matrix."" [GOC:mah]",167,511,21,20246,0.0410958904109589,0.12574850299401197,query_1,['GO:0005198']
GO:MF,GO:0003824,catalytic activity,7.521843490029673e-07,True,"""Catalysis of a biochemical reaction at physiological temperatures. In biologically catalyzed reactions, the reactants are known as substrates, and the catalysts are naturally occurring macromolecular substances known as enzymes. Enzymes possess specific binding sites for substrates, and are usually composed wholly or largely of protein, but RNA that has catalytic activity (ribozyme) is often also regarded as enzymatic."" [GOC:vw, ISBN:0198506732]",6817,511,237,20246,0.4637964774951076,0.03476602611119261,query_1,['GO:0003674']
GO:MF,GO:0050840,extracellular matrix binding,0.015540687726039757,True,"""Binding to a component of the extracellular matrix."" [GOC:ai]",62,511,9,20246,0.01761252446183953,0.14516129032258066,query_1,['GO:0005488']
GO:MF,GO:0019209,kinase activator activity,0.042292595220441924,True,"""Binds to and increases the activity of a kinase, an enzyme which catalyzes of the transfer of a phosphate group, usually from ATP, to a substrate molecule."" [GOC:ai]",142,511,13,20246,0.025440313111545987,0.09154929577464789,query_1,"['GO:0008047', 'GO:0016301', 'GO:0019207']"
GO:MF,GO:0008092,cytoskeletal protein binding,2.0793181887957824e-06,True,"""Binding to a protein component of a cytoskeleton (actin, microtubule, or intermediate filament cytoskeleton)."" [GOC:mah]",1001,511,58,20246,0.11350293542074363,0.057942057942057944,query_1,['GO:0005515']
GO:MF,GO:1901363,heterocyclic compound binding,0.014813829246613208,True,"""Binding to heterocyclic compound."" [GOC:TermGenie]",2558,511,97,20246,0.1898238747553816,0.03792025019546521,query_1,['GO:0036094']
HPA,HPA:0050092,Breast; myoepithelial cells[≥Medium],0.010440665099452786,True,Breast; myoepithelial cells[≥Medium],3771,355,158,10995,0.4450704225352113,0.041898700609917794,query_1,['HPA:0050091']
HPA,HPA:0460203,Skin 1; endothelial cells[High],0.010459564943117462,True,Skin 1; endothelial cells[High],316,355,25,10995,0.07042253521126761,0.07911392405063292,query_1,['HPA:0460202']
HPA,HPA:0461441,Skin 1; fibrohistiocytic cells[≥Low],0.0023161315958909693,True,Skin 1; fibrohistiocytic cells[≥Low],884,355,53,10995,0.14929577464788732,0.05995475113122172,query_1,['HPA:0460000']
HPA,HPA:0380000,Placenta,4.7587507182664325e-12,True,Placenta,7500,355,304,10995,0.856338028169014,0.04053333333333333,query_1,['HPA:0000000']
HPA,HPA:0160000,Endometrium 1,0.00017588070770744983,True,Endometrium 1,7043,355,270,10995,0.7605633802816901,0.03833593639074258,query_1,['HPA:0000000']
HPA,HPA:0340000,Ovary,8.478197178995919e-05,True,Ovary,5427,355,222,10995,0.6253521126760564,0.04090657822001106,query_1,['HPA:0000000']
HPA,HPA:0530000,Spleen,0.04604747169611344,True,Spleen,5891,355,224,10995,0.6309859154929578,0.038024104566287555,query_1,['HPA:0000000']
HPA,HPA:0100211,Cerebral cortex; neuropil[≥Low],0.022508914129894395,True,Cerebral cortex; neuropil[≥Low],4995,355,197,10995,0.5549295774647888,0.039439439439439436,query_1,['HPA:0100000']
HPA,HPA:0390051,Prostate; glandular cells[≥Low],0.01804535860069514,True,Prostate; glandular cells[≥Low],6662,355,250,10995,0.704225352112676,0.03752626838787151,query_1,['HPA:0390000']
HPA,HPA:0590000,Thyroid gland,0.0005757221292553297,True,Thyroid gland,7111,355,270,10995,0.7605633802816901,0.03796934327098861,query_1,['HPA:0000000']
HPA,HPA:0020052,Adrenal gland; glandular cells[≥Medium],0.006183042588468939,True,Adrenal gland; glandular cells[≥Medium],6005,355,232,10995,0.6535211267605634,0.03863447127393838,query_1,['HPA:0020051']
HPA,HPA:0590051,Thyroid gland; glandular cells[≥Low],0.0005757221292553297,True,Thyroid gland; glandular cells[≥Low],7111,355,270,10995,0.7605633802816901,0.03796934327098861,query_1,['HPA:0590000']
HPA,HPA:0470202,Skin 2; endothelial cells[≥Medium],0.0009767973335648669,True,Skin 2; endothelial cells[≥Medium],636,355,43,10995,0.12112676056338029,0.06761006289308176,query_1,['HPA:0470201']
HPA,HPA:0150000,Duodenum,0.03409515280032249,True,Duodenum,7884,355,285,10995,0.8028169014084507,0.03614916286149163,query_1,['HPA:0000000']
HPA,HPA:0460201,Skin 1; endothelial cells[≥Low],0.010996288168613812,True,Skin 1; endothelial cells[≥Low],840,355,49,10995,0.13802816901408452,0.058333333333333334,query_1,['HPA:0460000']
HPA,HPA:0350000,Pancreas,0.005992551390195082,True,Pancreas,7391,355,274,10995,0.7718309859154929,0.03707211473413611,query_1,['HPA:0000000']
HPA,HPA:0610831,Urinary bladder; urothelial cells[≥Low],0.005738985866968613,True,Urinary bladder; urothelial cells[≥Low],7286,355,271,10995,0.7633802816901408,0.03719461981883063,query_1,['HPA:0610000']
HPA,HPA:0470203,Skin 2; endothelial cells[High],0.0005035469744046,True,Skin 2; endothelial cells[High],320,355,28,10995,0.07887323943661972,0.0875,query_1,['HPA:0470202']
HPA,HPA:0610000,Urinary bladder,0.005738985866968613,True,Urinary bladder,7286,355,271,10995,0.7633802816901408,0.03719461981883063,query_1,['HPA:0000000']
HPA,HPA:0270352,Kidney; cells in glomeruli[≥Medium],0.0009526948918075888,True,Kidney; cells in glomeruli[≥Medium],3086,355,139,10995,0.39154929577464787,0.04504212572909916,query_1,['HPA:0270351']
HPA,HPA:0180000,Epididymis,0.027077531098226318,True,Epididymis,7322,355,269,10995,0.7577464788732394,0.03673859601201857,query_1,['HPA:0000000']
HPA,HPA:0460000,Skin 1,0.0013058951164883026,True,Skin 1,7228,355,272,10995,0.7661971830985915,0.03763143331488655,query_1,['HPA:0000000']
HPA,HPA:0180051,Epididymis; glandular cells[≥Low],0.027077531098226318,True,Epididymis; glandular cells[≥Low],7322,355,269,10995,0.7577464788732394,0.03673859601201857,query_1,['HPA:0180000']
HPA,HPA:0100000,Cerebral cortex,2.209559323186494e-07,True,Cerebral cortex,8088,355,308,10995,0.8676056338028169,0.0380811078140455,query_1,['HPA:0000000']
HPA,HPA:0420000,Salivary gland,0.02701233678828308,True,Salivary gland,6888,355,256,10995,0.7211267605633803,0.03716608594657375,query_1,['HPA:0000000']
HPA,HPA:0350471,Pancreas; exocrine glandular cells[≥Low],0.004215563067194215,True,Pancreas; exocrine glandular cells[≥Low],6929,355,261,10995,0.7352112676056338,0.03766777312743542,query_1,['HPA:0350000']
HPA,HPA:0380511,Placenta; decidual cells[≥Low],4.60059959148307e-05,True,Placenta; decidual cells[≥Low],4834,355,204,10995,0.5746478873239437,0.042201075713694663,query_1,['HPA:0380000']
HPA,HPA:0420051,Salivary gland; glandular cells[≥Low],0.02701233678828308,True,Salivary gland; glandular cells[≥Low],6888,355,256,10995,0.7211267605633803,0.03716608594657375,query_1,['HPA:0420000']
HPA,HPA:0600441,Tonsil; non-germinal center cells[≥Low],0.00019524640401051912,True,Tonsil; non-germinal center cells[≥Low],6115,355,242,10995,0.6816901408450704,0.039574816026165166,query_1,['HPA:0600000']
HPA,HPA:0461423,Skin 1; eccrine glands[High],0.04177347059734587,True,Skin 1; eccrine glands[High],89,355,11,10995,0.030985915492957747,0.12359550561797752,query_1,['HPA:0461422']
HPA,HPA:0471441,Skin 2; fibrohistiocytic cells[≥Low],4.208501023391949e-05,True,Skin 2; fibrohistiocytic cells[≥Low],1020,355,64,10995,0.18028169014084508,0.06274509803921569,query_1,['HPA:0470000']
HPA,HPA:0400000,Rectum,0.007148376139790223,True,Rectum,7957,355,290,10995,0.8169014084507042,0.0364458966947342,query_1,['HPA:0000000']
HPA,HPA:0050000,Breast,4.070998363078829e-05,True,Breast,7170,355,276,10995,0.7774647887323943,0.038493723849372385,query_1,['HPA:0000000']
HPA,HPA:0270000,Kidney,4.056750665777521e-05,True,Kidney,8216,355,305,10995,0.8591549295774648,0.03712268743914313,query_1,['HPA:0000000']
HPA,HPA:0470000,Skin 2,0.003626866225927295,True,Skin 2,7020,355,264,10995,0.7436619718309859,0.037606837606837605,query_1,['HPA:0000000']
HPA,HPA:0340461,Ovary; ovarian stroma cells[≥Low],6.652029936175527e-05,True,Ovary; ovarian stroma cells[≥Low],3983,355,175,10995,0.49295774647887325,0.043936731107205626,query_1,['HPA:0340000']
HPA,HPA:0380203,Placenta; endothelial cells[High],0.039899348460466465,True,Placenta; endothelial cells[High],244,355,20,10995,0.056338028169014086,0.08196721311475409,query_1,['HPA:0380202']
HPA,HPA:0220051,Gallbladder; glandular cells[≥Low],0.0007114591649796249,True,Gallbladder; glandular cells[≥Low],7643,355,285,10995,0.8028169014084507,0.037289022635090936,query_1,['HPA:0220000']
HPA,HPA:0271131,Kidney; distal tubules[≥Low],0.025493184267174767,True,Kidney; distal tubules[≥Low],704,355,42,10995,0.11830985915492957,0.05965909090909091,query_1,['HPA:0270000']
HPA,HPA:0490691,Smooth muscle; smooth muscle cells[≥Low],0.0001905938551590035,True,Smooth muscle; smooth muscle cells[≥Low],5441,355,221,10995,0.6225352112676056,0.04061753354162838,query_1,['HPA:0490000']
HPA,HPA:0300000,Lung,3.2332289574369633e-06,True,Lung,7358,355,285,10995,0.8028169014084507,0.03873335145419951,query_1,['HPA:0000000']
HPA,HPA:0600000,Tonsil,0.00200508146241801,True,Tonsil,7774,355,287,10995,0.8084507042253521,0.036917931566761,query_1,['HPA:0000000']
HPA,HPA:0340462,Ovary; ovarian stroma cells[≥Medium],0.036002539743035175,True,Ovary; ovarian stroma cells[≥Medium],2065,355,95,10995,0.2676056338028169,0.04600484261501211,query_1,['HPA:0340461']
HPA,HPA:0490000,Smooth muscle,0.0001905938551590035,True,Smooth muscle,5441,355,221,10995,0.6225352112676056,0.04061753354162838,query_1,['HPA:0000000']
HPA,HPA:0100201,Cerebral cortex; endothelial cells[≥Low],0.0004683986016538566,True,Cerebral cortex; endothelial cells[≥Low],4627,355,193,10995,0.543661971830986,0.041711692241193,query_1,['HPA:0100000']
HPA,HPA:0301361,Lung; alveolar cells type I[≥Low],9.685695673926462e-05,True,Lung; alveolar cells type I[≥Low],1090,355,66,10995,0.18591549295774648,0.060550458715596334,query_1,['HPA:0300000']
HPA,HPA:0220000,Gallbladder,0.0007114591649796249,True,Gallbladder,7643,355,285,10995,0.8028169014084507,0.037289022635090936,query_1,['HPA:0000000']
HPA,HPA:0490693,Smooth muscle; smooth muscle cells[High],0.01499561226208899,True,Smooth muscle; smooth muscle cells[High],620,355,39,10995,0.10985915492957747,0.06290322580645161,query_1,['HPA:0490692']
HPA,HPA:0130201,Colon; endothelial cells[≥Low],0.0002050785449393719,True,Colon; endothelial cells[≥Low],5667,355,228,10995,0.6422535211267606,0.04023292747485442,query_1,['HPA:0130000']
HPA,HPA:0020000,Adrenal gland,0.00012264565755013628,True,Adrenal gland,7404,355,281,10995,0.7915492957746478,0.03795245813074014,query_1,['HPA:0000000']
HPA,HPA:0050091,Breast; myoepithelial cells[≥Low],0.0007889496823928745,True,Breast; myoepithelial cells[≥Low],5651,355,225,10995,0.6338028169014085,0.03981596177667669,query_1,['HPA:0050000']
HPA,HPA:0271111,Kidney; bowman's capsule[≥Low],0.01903891073672992,True,Kidney; bowman's capsule[≥Low],269,355,22,10995,0.061971830985915494,0.08178438661710037,query_1,['HPA:0270000']
HPA,HPA:0310441,Lymph node; non-germinal center cells[≥Low],0.0201238148567141,True,Lymph node; non-germinal center cells[≥Low],6054,355,231,10995,0.6507042253521127,0.038156590683845394,query_1,['HPA:0310000']
HPA,HPA:0380512,Placenta; decidual cells[≥Medium],0.005187889679947414,True,Placenta; decidual cells[≥Medium],3582,355,153,10995,0.4309859154929577,0.04271356783919598,query_1,['HPA:0380511']
HPA,HPA:0471443,Skin 2; fibrohistiocytic cells[High],4.364343729904543e-06,True,Skin 2; fibrohistiocytic cells[High],466,355,40,10995,0.11267605633802817,0.08583690987124463,query_1,['HPA:0471442']
HPA,HPA:0020051,Adrenal gland; glandular cells[≥Low],0.00010785889547795842,True,Adrenal gland; glandular cells[≥Low],7397,355,281,10995,0.7915492957746478,0.037988373664999325,query_1,['HPA:0020000']
HPA,HPA:0040081,Bone marrow; hematopoietic cells[≥Low],0.015305068685742402,True,Bone marrow; hematopoietic cells[≥Low],6487,355,245,10995,0.6901408450704225,0.03776784337906582,query_1,['HPA:0040000']
HPA,HPA:0300201,Lung; endothelial cells[≥Low],0.012740209384672891,True,Lung; endothelial cells[≥Low],798,355,47,10995,0.1323943661971831,0.05889724310776942,query_1,['HPA:0300000']
HPA,HPA:0301371,Lung; alveolar cells type II[≥Low],0.020409076623445054,True,Lung; alveolar cells type II[≥Low],1533,355,76,10995,0.2140845070422535,0.04957599478147423,query_1,['HPA:0300000']
HPA,HPA:0500000,Soft tissue 1,0.012514003434562734,True,Soft tissue 1,5357,355,210,10995,0.5915492957746479,0.039201045361209635,query_1,['HPA:0000000']
HPA,HPA:0570000,Testis,0.012556652161053183,True,Testis,9012,355,318,10995,0.895774647887324,0.035286284953395475,query_1,['HPA:0000000']
HPA,HPA:0470201,Skin 2; endothelial cells[≥Low],0.00010623967199444053,True,Skin 2; endothelial cells[≥Low],887,355,57,10995,0.16056338028169015,0.06426155580608793,query_1,['HPA:0470000']
HPA,HPA:0130000,Colon,3.03959114314128e-06,True,Colon,8322,355,311,10995,0.8760563380281691,0.03737082432107666,query_1,['HPA:0000000']
HPA,HPA:0461442,Skin 1; fibrohistiocytic cells[≥Medium],0.04374833377489216,True,Skin 1; fibrohistiocytic cells[≥Medium],698,355,41,10995,0.11549295774647887,0.05873925501432665,query_1,['HPA:0461441']
HPA,HPA:0460202,Skin 1; endothelial cells[≥Medium],0.005324862963184393,True,Skin 1; endothelial cells[≥Medium],592,355,39,10995,0.10985915492957747,0.06587837837837837,query_1,['HPA:0460201']
HPA,HPA:0010000,Adipose tissue,0.005517312765063847,True,Adipose tissue,3937,355,165,10995,0.4647887323943662,0.04191008382016764,query_1,['HPA:0000000']
HPA,HPA:0301362,Lung; alveolar cells type I[≥Medium],0.00010233449776018242,True,Lung; alveolar cells type I[≥Medium],886,355,57,10995,0.16056338028169015,0.06433408577878104,query_1,['HPA:0301361']
HPA,HPA:0050051,Breast; glandular cells[≥Low],0.031058486027118637,True,Breast; glandular cells[≥Low],6799,355,253,10995,0.7126760563380282,0.0372113546109722,query_1,['HPA:0050000']
HPA,HPA:0510000,Soft tissue 2,0.04358275688799542,True,Soft tissue 2,5197,355,202,10995,0.5690140845070423,0.038868578025784105,query_1,['HPA:0000000']
HPA,HPA:0100202,Cerebral cortex; endothelial cells[≥Medium],0.002136965301326226,True,Cerebral cortex; endothelial cells[≥Medium],2489,355,116,10995,0.3267605633802817,0.046605062274005626,query_1,['HPA:0100201']
HPA,HPA:0390000,Prostate,0.01804535860069514,True,Prostate,6662,355,250,10995,0.704225352112676,0.03752626838787151,query_1,['HPA:0000000']
HPA,HPA:0160051,Endometrium 1; glandular cells[≥Low],0.02154460682732282,True,Endometrium 1; glandular cells[≥Low],6806,355,254,10995,0.7154929577464789,0.03732001175433441,query_1,['HPA:0160000']
HPA,HPA:0270351,Kidney; cells in glomeruli[≥Low],0.00011307927700114765,True,Kidney; cells in glomeruli[≥Low],5161,355,213,10995,0.6,0.04127107149777175,query_1,['HPA:0270000']
HPA,HPA:0570731,Testis; Leydig cells[≥Low],0.0014973223866935669,True,Testis; Leydig cells[≥Low],7134,355,269,10995,0.7577464788732394,0.03770675637790861,query_1,['HPA:0570000']
HPA,HPA:0271132,Kidney; distal tubules[≥Medium],0.03316411852724469,True,Kidney; distal tubules[≥Medium],553,355,35,10995,0.09859154929577464,0.06329113924050633,query_1,['HPA:0271131']
HPA,HPA:0010011,Adipose tissue; adipocytes[≥Low],0.005517312765063847,True,Adipose tissue; adipocytes[≥Low],3937,355,165,10995,0.4647887323943662,0.04191008382016764,query_1,['HPA:0010000']
HPA,HPA:0530711,Spleen; cells in red pulp[≥Low],0.021382813292311186,True,Spleen; cells in red pulp[≥Low],5332,355,208,10995,0.5859154929577465,0.03900975243810953,query_1,['HPA:0530000']
HPA,HPA:0040000,Bone marrow,0.015305068685742402,True,Bone marrow,6487,355,245,10995,0.6901408450704225,0.03776784337906582,query_1,['HPA:0000000']
HPA,HPA:0471442,Skin 2; fibrohistiocytic cells[≥Medium],0.0003838013281699719,True,Skin 2; fibrohistiocytic cells[≥Medium],832,355,53,10995,0.14929577464788732,0.06370192307692307,query_1,['HPA:0471441']
HPA,HPA:0170000,Endometrium 2,0.0028928607080701235,True,Endometrium 2,6905,355,261,10995,0.7352112676056338,0.03779869659666908,query_1,['HPA:0000000']
KEGG,KEGG:05205,Proteoglycans in cancer,4.5425947543142625e-06,True,Proteoglycans in cancer,205,275,24,8484,0.08727272727272728,0.11707317073170732,query_1,['KEGG:00000']
KEGG,KEGG:04923,Regulation of lipolysis in adipocytes,0.00997212659987137,True,Regulation of lipolysis in adipocytes,58,275,9,8484,0.03272727272727273,0.15517241379310345,query_1,['KEGG:00000']
KEGG,KEGG:05414,Dilated cardiomyopathy,0.04811148299758138,True,Dilated cardiomyopathy,102,275,11,8484,0.04,0.10784313725490197,query_1,['KEGG:00000']
KEGG,KEGG:04211,Longevity regulating pathway,2.2007998220554203e-06,True,Longevity regulating pathway,89,275,16,8484,0.05818181818181818,0.1797752808988764,query_1,['KEGG:00000']
KEGG,KEGG:04920,Adipocytokine signaling pathway,0.04336852146945208,True,Adipocytokine signaling pathway,70,275,9,8484,0.03272727272727273,0.12857142857142856,query_1,['KEGG:00000']
KEGG,KEGG:05212,Pancreatic cancer,0.0032590533858710114,True,Pancreatic cancer,76,275,11,8484,0.04,0.14473684210526316,query_1,['KEGG:00000']
KEGG,KEGG:05131,Shigellosis,0.0001388261714914993,True,Shigellosis,246,275,24,8484,0.08727272727272728,0.0975609756097561,query_1,['KEGG:00000']
KEGG,KEGG:04510,Focal adhesion,1.5659007848901062e-07,True,Focal adhesion,202,275,26,8484,0.09454545454545454,0.12871287128712872,query_1,['KEGG:00000']
KEGG,KEGG:05146,Amoebiasis,0.0022730457413263545,True,Amoebiasis,101,275,13,8484,0.04727272727272727,0.12871287128712872,query_1,['KEGG:00000']
KEGG,KEGG:04152,AMPK signaling pathway,0.00015662815256186962,True,AMPK signaling pathway,120,275,16,8484,0.05818181818181818,0.13333333333333333,query_1,['KEGG:00000']
KEGG,KEGG:05222,Small cell lung cancer,0.0008071375259528086,True,Small cell lung cancer,92,275,13,8484,0.04727272727272727,0.14130434782608695,query_1,['KEGG:00000']
KEGG,KEGG:04218,Cellular senescence,6.030091182922972e-05,True,Cellular senescence,155,275,19,8484,0.06909090909090909,0.12258064516129032,query_1,['KEGG:00000']
KEGG,KEGG:05200,Pathways in cancer,0.003947330189620991,True,Pathways in cancer,527,275,35,8484,0.12727272727272726,0.06641366223908918,query_1,['KEGG:00000']
KEGG,KEGG:04350,TGF-beta signaling pathway,0.004240884707965095,True,TGF-beta signaling pathway,107,275,13,8484,0.04727272727272727,0.12149532710280374,query_1,['KEGG:00000']
KEGG,KEGG:05166,Human T-cell leukemia virus 1 infection,0.02672184003959742,True,Human T-cell leukemia virus 1 infection,218,275,18,8484,0.06545454545454546,0.08256880733944955,query_1,['KEGG:00000']
KEGG,KEGG:05418,Fluid shear stress and atherosclerosis,0.0041309982461044175,True,Fluid shear stress and atherosclerosis,138,275,15,8484,0.05454545454545454,0.10869565217391304,query_1,['KEGG:00000']
KEGG,KEGG:04931,Insulin resistance,9.848744894718077e-07,True,Insulin resistance,108,275,18,8484,0.06545454545454546,0.16666666666666666,query_1,['KEGG:00000']
KEGG,KEGG:05163,Human cytomegalovirus infection,0.03532213275102275,True,Human cytomegalovirus infection,223,275,18,8484,0.06545454545454546,0.08071748878923767,query_1,['KEGG:00000']
KEGG,KEGG:04810,Regulation of actin cytoskeleton,0.00043661490340436406,True,Regulation of actin cytoskeleton,227,275,22,8484,0.08,0.09691629955947137,query_1,['KEGG:00000']
KEGG,KEGG:05410,Hypertrophic cardiomyopathy,0.030993275968625354,True,Hypertrophic cardiomyopathy,97,275,11,8484,0.04,0.1134020618556701,query_1,['KEGG:00000']
KEGG,KEGG:05165,Human papillomavirus infection,0.007028681204966611,True,Human papillomavirus infection,330,275,25,8484,0.09090909090909091,0.07575757575757576,query_1,['KEGG:00000']
KEGG,KEGG:05132,Salmonella infection,0.01765977023356796,True,Salmonella infection,249,275,20,8484,0.07272727272727272,0.08032128514056225,query_1,['KEGG:00000']
KEGG,KEGG:04530,Tight junction,2.7600530649631214e-06,True,Tight junction,170,275,22,8484,0.08,0.12941176470588237,query_1,['KEGG:00000']
KEGG,KEGG:05223,Non-small cell lung cancer,0.010751789172249277,True,Non-small cell lung cancer,72,275,10,8484,0.03636363636363636,0.1388888888888889,query_1,['KEGG:00000']
KEGG,KEGG:04140,Autophagy - animal,0.0006558035723195545,True,Autophagy - animal,165,275,18,8484,0.06545454545454546,0.10909090909090909,query_1,['KEGG:00000']
KEGG,KEGG:04933,AGE-RAGE signaling pathway in diabetic complications,1.2171898707626275e-05,True,AGE-RAGE signaling pathway in diabetic complications,100,275,16,8484,0.05818181818181818,0.16,query_1,['KEGG:00000']
KEGG,KEGG:04930,Type II diabetes mellitus,0.010717564551264611,True,Type II diabetes mellitus,46,275,8,8484,0.02909090909090909,0.17391304347826086,query_1,['KEGG:00000']
KEGG,KEGG:04670,Leukocyte transendothelial migration,0.03342195756594819,True,Leukocyte transendothelial migration,114,275,12,8484,0.04363636363636364,0.10526315789473684,query_1,['KEGG:00000']
KEGG,KEGG:04926,Relaxin signaling pathway,8.641806157955017e-05,True,Relaxin signaling pathway,129,275,17,8484,0.06181818181818182,0.13178294573643412,query_1,['KEGG:00000']
KEGG,KEGG:04722,Neurotrophin signaling pathway,0.01184914226293292,True,Neurotrophin signaling pathway,118,275,13,8484,0.04727272727272727,0.11016949152542373,query_1,['KEGG:00000']
KEGG,KEGG:04666,Fc gamma R-mediated phagocytosis,0.028276570870624563,True,Fc gamma R-mediated phagocytosis,96,275,11,8484,0.04,0.11458333333333333,query_1,['KEGG:00000']
KEGG,KEGG:04213,Longevity regulating pathway - multiple species,0.0003662995518969821,True,Longevity regulating pathway - multiple species,61,275,11,8484,0.04,0.18032786885245902,query_1,['KEGG:00000']
KEGG,KEGG:04022,cGMP-PKG signaling pathway,0.0023501564654189173,True,cGMP-PKG signaling pathway,164,275,17,8484,0.06181818181818182,0.10365853658536585,query_1,['KEGG:00000']
KEGG,KEGG:05220,Chronic myeloid leukemia,0.0032590533858710114,True,Chronic myeloid leukemia,76,275,11,8484,0.04,0.14473684210526316,query_1,['KEGG:00000']
KEGG,KEGG:04068,FoxO signaling pathway,2.1414521051049748e-05,True,FoxO signaling pathway,131,275,18,8484,0.06545454545454546,0.13740458015267176,query_1,['KEGG:00000']
KEGG,KEGG:04151,PI3K-Akt signaling pathway,0.00347597016512553,True,PI3K-Akt signaling pathway,356,275,27,8484,0.09818181818181818,0.07584269662921349,query_1,['KEGG:00000']
KEGG,KEGG:04935,"Growth hormone synthesis, secretion and action",0.014080784208889075,True,"Growth hormone synthesis, secretion and action",120,275,13,8484,0.04727272727272727,0.10833333333333334,query_1,['KEGG:00000']
KEGG,KEGG:05203,Viral carcinogenesis,0.029878894895154412,True,Viral carcinogenesis,201,275,17,8484,0.06181818181818182,0.0845771144278607,query_1,['KEGG:00000']
KEGG,KEGG:04360,Axon guidance,0.0006370909422056784,True,Axon guidance,181,275,19,8484,0.06909090909090909,0.10497237569060773,query_1,['KEGG:00000']
KEGG,KEGG:04611,Platelet activation,0.001136950090209319,True,Platelet activation,124,275,15,8484,0.05454545454545454,0.12096774193548387,query_1,['KEGG:00000']
MIRNA,MIRNA:hsa-mir-424-5p,hsa-mir-424-5p,0.0016989171819688533,True,hsa-mir-424-5p,440,502,33,16638,0.06573705179282868,0.075,query_1,['MIRNA:000000']
MIRNA,MIRNA:hsa-mir-376b,hsa-mir-376b,0.004226214093290989,True,hsa-mir-376b,657,502,42,16638,0.08366533864541832,0.0639269406392694,query_1,['MIRNA:000000']
MIRNA,MIRNA:hsa-mir-324-5p,hsa-mir-324-5p,0.001749179516707374,True,hsa-mir-324-5p,794,502,49,16638,0.09760956175298804,0.061712846347607056,query_1,['MIRNA:000000']
MIRNA,MIRNA:hsa-mir-371-5p,hsa-mir-371-5p,0.00422779451696391,True,hsa-mir-371-5p,1811,502,88,16638,0.1752988047808765,0.048591938155715074,query_1,['MIRNA:000000']
MIRNA,MIRNA:hsa-mir-4461,hsa-mir-4461,0.0023625358416716207,True,hsa-mir-4461,642,502,42,16638,0.08366533864541832,0.06542056074766354,query_1,['MIRNA:000000']
MIRNA,MIRNA:hsa-mir-409-3p,hsa-mir-409-3p,0.0017670473917544035,True,hsa-mir-409-3p,984,502,57,16638,0.11354581673306773,0.057926829268292686,query_1,['MIRNA:000000']
MIRNA,MIRNA:hsa-mir-4432,hsa-mir-4432,0.00466144796475517,True,hsa-mir-4432,894,502,52,16638,0.10358565737051793,0.058165548098434,query_1,['MIRNA:000000']
MIRNA,MIRNA:hsa-mir-3666,hsa-mir-3666,0.00474636876268003,True,hsa-mir-3666,1343,502,70,16638,0.1394422310756972,0.05212211466865227,query_1,['MIRNA:000000']
MIRNA,MIRNA:hsa-mir-520c-5p,hsa-mir-520c-5p,0.004245547684580007,True,hsa-mir-520c-5p,796,502,48,16638,0.09561752988047809,0.06030150753768844,query_1,['MIRNA:000000']
MIRNA,MIRNA:hsa-mir-2355-5p,hsa-mir-2355-5p,0.004598375286831099,True,hsa-mir-2355-5p,1471,502,75,16638,0.14940239043824702,0.05098572399728076,query_1,['MIRNA:000000']
MIRNA,MIRNA:hsa-mir-518d-5p,hsa-mir-518d-5p,0.004245547684580007,True,hsa-mir-518d-5p,796,502,48,16638,0.09561752988047809,0.06030150753768844,query_1,['MIRNA:000000']
MIRNA,MIRNA:hsa-mir-485-3p,hsa-mir-485-3p,0.004919519946090719,True,hsa-mir-485-3p,824,502,49,16638,0.09760956175298804,0.05946601941747573,query_1,['MIRNA:000000']
MIRNA,MIRNA:hsa-mir-526a,hsa-mir-526a,0.004245547684580007,True,hsa-mir-526a,796,502,48,16638,0.09561752988047809,0.06030150753768844,query_1,['MIRNA:000000']
MIRNA,MIRNA:hsa-mir-218-5p,hsa-mir-218-5p,0.001409870910160105,True,hsa-mir-218-5p,788,502,49,16638,0.09760956175298804,0.06218274111675127,query_1,['MIRNA:000000']
MIRNA,MIRNA:hsa-mir-606,hsa-mir-606,0.0011620472567212864,True,hsa-mir-606,669,502,44,16638,0.08764940239043825,0.06576980568011959,query_1,['MIRNA:000000']
MIRNA,MIRNA:hsa-mir-3140-3p,hsa-mir-3140-3p,0.0017868143273501434,True,hsa-mir-3140-3p,1408,502,74,16638,0.14741035856573706,0.052556818181818184,query_1,['MIRNA:000000']
MIRNA,MIRNA:hsa-mir-4314,hsa-mir-4314,0.004757101839347542,True,hsa-mir-4314,1241,502,66,16638,0.13147410358565736,0.0531829170024174,query_1,['MIRNA:000000']
MIRNA,MIRNA:hsa-mir-519b-5p,hsa-mir-519b-5p,0.004245547684580007,True,hsa-mir-519b-5p,796,502,48,16638,0.09561752988047809,0.06030150753768844,query_1,['MIRNA:000000']
MIRNA,MIRNA:hsa-mir-4280,hsa-mir-4280,0.004535149634419452,True,hsa-mir-4280,569,502,38,16638,0.07569721115537849,0.06678383128295255,query_1,['MIRNA:000000']
MIRNA,MIRNA:hsa-mir-4687-3p,hsa-mir-4687-3p,0.004450542230857709,True,hsa-mir-4687-3p,821,502,49,16638,0.09760956175298804,0.05968331303288672,query_1,['MIRNA:000000']
MIRNA,MIRNA:hsa-mir-519c-5p,hsa-mir-519c-5p,0.004245547684580007,True,hsa-mir-519c-5p,796,502,48,16638,0.09561752988047809,0.06030150753768844,query_1,['MIRNA:000000']
MIRNA,MIRNA:hsa-mir-3614-3p,hsa-mir-3614-3p,0.004423461844974498,True,hsa-mir-3614-3p,704,502,44,16638,0.08764940239043825,0.0625,query_1,['MIRNA:000000']
MIRNA,MIRNA:hsa-mir-320e,hsa-mir-320e,0.004871296471714947,True,hsa-mir-320e,1017,502,57,16638,0.11354581673306773,0.05604719764011799,query_1,['MIRNA:000000']
MIRNA,MIRNA:hsa-mir-4506,hsa-mir-4506,0.004921529679659525,True,hsa-mir-4506,571,502,38,16638,0.07569721115537849,0.06654991243432574,query_1,['MIRNA:000000']
MIRNA,MIRNA:hsa-mir-3591-5p,hsa-mir-3591-5p,0.0016982613323905816,True,hsa-mir-3591-5p,770,502,48,16638,0.09561752988047809,0.06233766233766234,query_1,['MIRNA:000000']
MIRNA,MIRNA:hsa-mir-522,hsa-mir-522,0.003738936200712737,True,hsa-mir-522,1082,502,60,16638,0.11952191235059761,0.05545286506469501,query_1,['MIRNA:000000']
MIRNA,MIRNA:hsa-mir-548u,hsa-mir-548u,0.0013990050564461416,True,hsa-mir-548u,1025,502,59,16638,0.11752988047808766,0.0575609756097561,query_1,['MIRNA:000000']
MIRNA,MIRNA:hsa-mir-1183,hsa-mir-1183,0.002221704064044076,True,hsa-mir-1183,919,502,54,16638,0.10756972111553785,0.058759521218716,query_1,['MIRNA:000000']
MIRNA,MIRNA:hsa-mir-1270,hsa-mir-1270,0.003129907531137868,True,hsa-mir-1270,978,502,56,16638,0.11155378486055777,0.05725971370143149,query_1,['MIRNA:000000']
MIRNA,MIRNA:hsa-mir-4464,hsa-mir-4464,0.0027841232267711616,True,hsa-mir-4464,902,502,53,16638,0.10557768924302789,0.058758314855875834,query_1,['MIRNA:000000']
MIRNA,MIRNA:hsa-mir-1288,hsa-mir-1288,0.0025986391233168227,True,hsa-mir-1288,622,502,41,16638,0.08167330677290836,0.06591639871382636,query_1,['MIRNA:000000']
MIRNA,MIRNA:hsa-mir-450b-3p,hsa-mir-450b-3p,0.002201468495469752,True,hsa-mir-450b-3p,731,502,46,16638,0.09163346613545817,0.06292749658002736,query_1,['MIRNA:000000']
MIRNA,MIRNA:hsa-mir-4724-5p,hsa-mir-4724-5p,0.0021929165493061813,True,hsa-mir-4724-5p,1064,502,60,16638,0.11952191235059761,0.05639097744360902,query_1,['MIRNA:000000']
MIRNA,MIRNA:hsa-mir-4766-5p,hsa-mir-4766-5p,0.0031663431076557613,True,hsa-mir-4766-5p,1456,502,75,16638,0.14940239043824702,0.05151098901098901,query_1,['MIRNA:000000']
MIRNA,MIRNA:hsa-mir-320d,hsa-mir-320d,0.0031679040524355633,True,hsa-mir-320d,1302,502,69,16638,0.13745019920318724,0.052995391705069124,query_1,['MIRNA:000000']
MIRNA,MIRNA:hsa-mir-758,hsa-mir-758,0.003173450174518583,True,hsa-mir-758,695,502,44,16638,0.08764940239043825,0.06330935251798561,query_1,['MIRNA:000000']
MIRNA,MIRNA:hsa-mir-3183,hsa-mir-3183,0.0031872109344924793,True,hsa-mir-3183,1176,502,64,16638,0.12749003984063745,0.05442176870748299,query_1,['MIRNA:000000']
MIRNA,MIRNA:hsa-mir-4429,hsa-mir-4429,0.0032534033162569718,True,hsa-mir-4429,1303,502,69,16638,0.13745019920318724,0.052954719877206444,query_1,['MIRNA:000000']
MIRNA,MIRNA:hsa-mir-762,hsa-mir-762,0.0014940399395506796,True,hsa-mir-762,1634,502,83,16638,0.16533864541832669,0.05079559363525092,query_1,['MIRNA:000000']
MIRNA,MIRNA:hsa-mir-600,hsa-mir-600,0.0032737996183015315,True,hsa-mir-600,907,502,53,16638,0.10557768924302789,0.05843439911797133,query_1,['MIRNA:000000']
MIRNA,MIRNA:hsa-mir-4723-3p,hsa-mir-4723-3p,0.003277962072356241,True,hsa-mir-4723-3p,1177,502,64,16638,0.12749003984063745,0.05437553101104503,query_1,['MIRNA:000000']
MIRNA,MIRNA:hsa-mir-580,hsa-mir-580,0.003350711425821531,True,hsa-mir-580,1103,502,61,16638,0.12151394422310757,0.05530371713508613,query_1,['MIRNA:000000']
MIRNA,MIRNA:hsa-mir-4645-3p,hsa-mir-4645-3p,0.003129907531137868,True,hsa-mir-4645-3p,978,502,56,16638,0.11155378486055777,0.05725971370143149,query_1,['MIRNA:000000']
MIRNA,MIRNA:hsa-mir-520f,hsa-mir-520f,0.0033954025812170186,True,hsa-mir-520f,813,502,49,16638,0.09760956175298804,0.06027060270602706,query_1,['MIRNA:000000']
MIRNA,MIRNA:hsa-mir-4446-3p,hsa-mir-4446-3p,0.002242266363919932,True,hsa-mir-4446-3p,1114,502,62,16638,0.12350597609561753,0.05565529622980251,query_1,['MIRNA:000000']
MIRNA,MIRNA:hsa-mir-4770,hsa-mir-4770,0.003098817498557321,True,hsa-mir-4770,1175,502,64,16638,0.12749003984063745,0.05446808510638298,query_1,['MIRNA:000000']
MIRNA,MIRNA:hsa-mir-4451,hsa-mir-4451,0.0014417127181589062,True,hsa-mir-4451,697,502,45,16638,0.08964143426294821,0.06456241032998565,query_1,['MIRNA:000000']
MIRNA,MIRNA:hsa-mir-586,hsa-mir-586,0.0029607125240896995,True,hsa-mir-586,952,502,55,16638,0.10956175298804781,0.05777310924369748,query_1,['MIRNA:000000']
MIRNA,MIRNA:hsa-mir-4443,hsa-mir-4443,0.0030004242591178125,True,hsa-mir-4443,1124,502,62,16638,0.12350597609561753,0.05516014234875445,query_1,['MIRNA:000000']
MIRNA,MIRNA:hsa-mir-548g,hsa-mir-548g,0.003012724821685504,True,hsa-mir-548g,1174,502,64,16638,0.12749003984063745,0.054514480408858604,query_1,['MIRNA:000000']
MIRNA,MIRNA:hsa-mir-620,hsa-mir-620,0.0030342240874746706,True,hsa-mir-620,977,502,56,16638,0.11155378486055777,0.057318321392016376,query_1,['MIRNA:000000']
MIRNA,MIRNA:hsa-mir-454,hsa-mir-454,0.003079797400629303,True,hsa-mir-454,1225,502,66,16638,0.13147410358565736,0.053877551020408164,query_1,['MIRNA:000000']
MIRNA,MIRNA:hsa-mir-301a,hsa-mir-301a,0.003079797400629303,True,hsa-mir-301a,1225,502,66,16638,0.13147410358565736,0.053877551020408164,query_1,['MIRNA:000000']
MIRNA,MIRNA:hsa-mir-130a,hsa-mir-130a,0.003079797400629303,True,hsa-mir-130a,1225,502,66,16638,0.13147410358565736,0.053877551020408164,query_1,['MIRNA:000000']
MIRNA,MIRNA:hsa-mir-4717-3p,hsa-mir-4717-3p,0.0022680445768585105,True,hsa-mir-4717-3p,1214,502,66,16638,0.13147410358565736,0.054365733113673806,query_1,['MIRNA:000000']
MIRNA,MIRNA:hsa-mir-4748,hsa-mir-4748,0.002876217231020467,True,hsa-mir-4748,903,502,53,16638,0.10557768924302789,0.058693244739756366,query_1,['MIRNA:000000']
MIRNA,MIRNA:hsa-mir-2116,hsa-mir-2116,0.002876217231020467,True,hsa-mir-2116,903,502,53,16638,0.10557768924302789,0.058693244739756366,query_1,['MIRNA:000000']
MIRNA,MIRNA:hsa-mir-130b,hsa-mir-130b,0.003079797400629303,True,hsa-mir-130b,1225,502,66,16638,0.13147410358565736,0.053877551020408164,query_1,['MIRNA:000000']
MIRNA,MIRNA:hsa-mir-4299,hsa-mir-4299,0.0013501370484529651,True,hsa-mir-4299,810,502,50,16638,0.099601593625498,0.06172839506172839,query_1,['MIRNA:000000']
MIRNA,MIRNA:hsa-mir-301b,hsa-mir-301b,0.003079797400629303,True,hsa-mir-301b,1225,502,66,16638,0.13147410358565736,0.053877551020408164,query_1,['MIRNA:000000']
MIRNA,MIRNA:hsa-mir-320c,hsa-mir-320c,0.0013417011291018788,True,hsa-mir-320c,1321,502,71,16638,0.14143426294820718,0.053747161241483724,query_1,['MIRNA:000000']
MIRNA,MIRNA:hsa-mir-375,hsa-mir-375,0.002252393813370128,True,hsa-mir-375,1016,502,58,16638,0.11553784860557768,0.05708661417322835,query_1,['MIRNA:000000']
MIRNA,MIRNA:hsa-mir-376a,hsa-mir-376a,0.004226214093290989,True,hsa-mir-376a,657,502,42,16638,0.08366533864541832,0.0639269406392694,query_1,['MIRNA:000000']
MIRNA,MIRNA:hsa-mir-4804-3p,hsa-mir-4804-3p,0.0033983545752576,True,hsa-mir-4804-3p,674,502,43,16638,0.08565737051792828,0.06379821958456973,query_1,['MIRNA:000000']
MIRNA,MIRNA:hsa-mir-4498,hsa-mir-4498,0.0013208957738092462,True,hsa-mir-4498,1629,502,83,16638,0.16533864541832669,0.050951503990178025,query_1,['MIRNA:000000']
MIRNA,MIRNA:hsa-mir-513a-3p,hsa-mir-513a-3p,0.001996740519451618,True,hsa-mir-513a-3p,1778,502,88,16638,0.1752988047808765,0.049493813273340834,query_1,['MIRNA:000000']
MIRNA,MIRNA:hsa-mir-3185,hsa-mir-3185,0.001247837831799361,True,hsa-mir-3185,1420,502,75,16638,0.14940239043824702,0.0528169014084507,query_1,['MIRNA:000000']
MIRNA,MIRNA:hsa-mir-3913-3p,hsa-mir-3913-3p,0.0011810193136224181,True,hsa-mir-3913-3p,900,502,54,16638,0.10756972111553785,0.06,query_1,['MIRNA:000000']
MIRNA,MIRNA:hsa-mir-3935,hsa-mir-3935,0.003817974387755327,True,hsa-mir-3935,478,502,34,16638,0.06772908366533864,0.07112970711297072,query_1,['MIRNA:000000']
MIRNA,MIRNA:hsa-mir-1206,hsa-mir-1206,0.00193732220873733,True,hsa-mir-1206,891,502,53,16638,0.10557768924302789,0.05948372615039282,query_1,['MIRNA:000000']
MIRNA,MIRNA:hsa-mir-640,hsa-mir-640,0.003831087862840889,True,hsa-mir-640,864,502,51,16638,0.10159362549800798,0.059027777777777776,query_1,['MIRNA:000000']
MIRNA,MIRNA:hsa-mir-4276,hsa-mir-4276,0.003858491207946994,True,hsa-mir-4276,1208,502,65,16638,0.1294820717131474,0.05380794701986755,query_1,['MIRNA:000000']
MIRNA,MIRNA:hsa-mir-200c-3p,hsa-mir-200c-3p,0.0024363800364533856,True,hsa-mir-200c-3p,197,502,20,16638,0.0398406374501992,0.10152284263959391,query_1,['MIRNA:000000']
MIRNA,MIRNA:hsa-mir-4728-3p,hsa-mir-4728-3p,0.001855974116554186,True,hsa-mir-4728-3p,819,502,50,16638,0.099601593625498,0.06105006105006105,query_1,['MIRNA:000000']
MIRNA,MIRNA:hsa-mir-889,hsa-mir-889,0.0015684600367186646,True,hsa-mir-889,1053,502,60,16638,0.11952191235059761,0.05698005698005698,query_1,['MIRNA:000000']
MIRNA,MIRNA:hsa-mir-1827,hsa-mir-1827,0.0018461806062208123,True,hsa-mir-1827,2651,502,120,16638,0.23904382470119523,0.04526593738211995,query_1,['MIRNA:000000']
MIRNA,MIRNA:hsa-mir-616,hsa-mir-616,0.0011695992689716975,True,hsa-mir-616,806,502,50,16638,0.099601593625498,0.062034739454094295,query_1,['MIRNA:000000']
MIRNA,MIRNA:hsa-mir-4719,hsa-mir-4719,0.004134747471581516,True,hsa-mir-4719,1810,502,88,16638,0.1752988047808765,0.04861878453038674,query_1,['MIRNA:000000']
MIRNA,MIRNA:hsa-mir-4742-5p,hsa-mir-4742-5p,0.004182136869328795,True,hsa-mir-4742-5p,1287,502,68,16638,0.13545816733067728,0.05283605283605284,query_1,['MIRNA:000000']
MIRNA,MIRNA:hsa-mir-3200-5p,hsa-mir-3200-5p,0.0018270193893580684,True,hsa-mir-3200-5p,842,502,51,16638,0.10159362549800798,0.060570071258907364,query_1,['MIRNA:000000']
MIRNA,MIRNA:hsa-mir-4492,hsa-mir-4492,0.0013539322940788873,True,hsa-mir-4492,1630,502,83,16638,0.16533864541832669,0.050920245398773004,query_1,['MIRNA:000000']
MIRNA,MIRNA:hsa-mir-4733-3p,hsa-mir-4733-3p,0.003430934167542619,True,hsa-mir-4733-3p,1305,502,69,16638,0.13745019920318724,0.052873563218390804,query_1,['MIRNA:000000']
MIRNA,MIRNA:hsa-mir-139-5p,hsa-mir-139-5p,0.0037187321459212826,True,hsa-mir-139-5p,1008,502,57,16638,0.11354581673306773,0.05654761904761905,query_1,['MIRNA:000000']
MIRNA,MIRNA:hsa-mir-499-5p,hsa-mir-499-5p,0.0036796616940235616,True,hsa-mir-499-5p,722,502,45,16638,0.08964143426294821,0.062326869806094184,query_1,['MIRNA:000000']
MIRNA,MIRNA:hsa-mir-320a,hsa-mir-320a,0.002581003041649404,True,hsa-mir-320a,1683,502,84,16638,0.16733067729083664,0.049910873440285206,query_1,['MIRNA:000000']
MIRNA,MIRNA:hsa-mir-93-5p,hsa-mir-93-5p,0.0034696165427750398,True,hsa-mir-93-5p,1154,502,63,16638,0.1254980079681275,0.05459272097053726,query_1,['MIRNA:000000']
MIRNA,MIRNA:hsa-mir-3686,hsa-mir-3686,0.0034711863120303415,True,hsa-mir-3686,1280,502,68,16638,0.13545816733067728,0.053125,query_1,['MIRNA:000000']
MIRNA,MIRNA:hsa-mir-4311,hsa-mir-4311,0.0015254731425896515,True,hsa-mir-4311,1479,502,77,16638,0.15338645418326693,0.052062204192021636,query_1,['MIRNA:000000']
MIRNA,MIRNA:hsa-mir-3529,hsa-mir-3529,0.0015503343332131207,True,hsa-mir-3529,501,502,36,16638,0.07171314741035857,0.0718562874251497,query_1,['MIRNA:000000']
MIRNA,MIRNA:hsa-mir-2355-3p,hsa-mir-2355-3p,0.0012831280964980404,True,hsa-mir-2355-3p,694,502,45,16638,0.08964143426294821,0.06484149855907781,query_1,['MIRNA:000000']
MIRNA,MIRNA:hsa-mir-769-3p,hsa-mir-769-3p,0.0020887292181946925,True,hsa-mir-769-3p,799,502,49,16638,0.09760956175298804,0.06132665832290363,query_1,['MIRNA:000000']
MIRNA,MIRNA:hsa-mir-450b-5p,hsa-mir-450b-5p,0.0022755163790452366,True,hsa-mir-450b-5p,1443,502,75,16638,0.14940239043824702,0.05197505197505198,query_1,['MIRNA:000000']
MIRNA,MIRNA:hsa-mir-548l,hsa-mir-548l,0.0034711863120303415,True,hsa-mir-548l,1280,502,68,16638,0.13545816733067728,0.053125,query_1,['MIRNA:000000']
MIRNA,MIRNA:hsa-mir-4716-3p,hsa-mir-4716-3p,0.0020841998281344995,True,hsa-mir-4716-3p,941,502,55,16638,0.10956175298804781,0.05844845908607864,query_1,['MIRNA:000000']
MIRNA,MIRNA:hsa-mir-3692,hsa-mir-3692,0.0034711863120303415,True,hsa-mir-3692,1280,502,68,16638,0.13545816733067728,0.053125,query_1,['MIRNA:000000']
MIRNA,MIRNA:hsa-mir-4646-3p,hsa-mir-4646-3p,0.0012769938722295955,True,hsa-mir-4646-3p,649,502,43,16638,0.08565737051792828,0.0662557781201849,query_1,['MIRNA:000000']
MIRNA,MIRNA:hsa-mir-3938,hsa-mir-3938,0.0025477357935556498,True,hsa-mir-3938,712,502,45,16638,0.08964143426294821,0.06320224719101124,query_1,['MIRNA:000000']
MIRNA,MIRNA:hsa-mir-3682-5p,hsa-mir-3682-5p,0.0035870440487244313,True,hsa-mir-3682-5p,862,502,51,16638,0.10159362549800798,0.05916473317865429,query_1,['MIRNA:000000']
MIRNA,MIRNA:hsa-mir-802,hsa-mir-802,0.0020522327217073863,True,hsa-mir-802,869,502,52,16638,0.10358565737051793,0.05983889528193326,query_1,['MIRNA:000000']
MIRNA,MIRNA:hsa-mir-379,hsa-mir-379,0.0015503343332131207,True,hsa-mir-379,501,502,36,16638,0.07171314741035857,0.0718562874251497,query_1,['MIRNA:000000']
MIRNA,MIRNA:hsa-mir-200b-3p,hsa-mir-200b-3p,0.002353282767144981,True,hsa-mir-200b-3p,163,502,18,16638,0.035856573705179286,0.11042944785276074,query_1,['MIRNA:000000']
MIRNA,MIRNA:hsa-mir-221,hsa-mir-221,0.01184307279761019,True,hsa-mir-221,732,502,44,16638,0.08764940239043825,0.060109289617486336,query_1,['MIRNA:000000']
MIRNA,MIRNA:hsa-mir-204,hsa-mir-204,0.00514313228016672,True,hsa-mir-204,1143,502,62,16638,0.12350597609561753,0.0542432195975503,query_1,['MIRNA:000000']
MIRNA,MIRNA:hsa-mir-3916,hsa-mir-3916,0.022559303524111736,True,hsa-mir-3916,1486,502,73,16638,0.1454183266932271,0.04912516823687752,query_1,['MIRNA:000000']
MIRNA,MIRNA:hsa-mir-4514,hsa-mir-4514,0.023020307353872865,True,hsa-mir-4514,1864,502,87,16638,0.17330677290836655,0.04667381974248927,query_1,['MIRNA:000000']
MIRNA,MIRNA:hsa-mir-509-3-5p,hsa-mir-509-3-5p,0.02331126492509952,True,hsa-mir-509-3-5p,1514,502,74,16638,0.14741035856573706,0.0488771466314399,query_1,['MIRNA:000000']
MIRNA,MIRNA:hsa-mir-4692,hsa-mir-4692,0.023487641085388464,True,hsa-mir-4692,1865,502,87,16638,0.17330677290836655,0.04664879356568365,query_1,['MIRNA:000000']
MIRNA,MIRNA:hsa-mir-4418,hsa-mir-4418,0.02383610349767747,True,hsa-mir-4418,1515,502,74,16638,0.14741035856573706,0.04884488448844884,query_1,['MIRNA:000000']
MIRNA,MIRNA:hsa-mir-875-3p,hsa-mir-875-3p,0.02385671729062633,True,hsa-mir-875-3p,1462,502,72,16638,0.14342629482071714,0.049247606019151846,query_1,['MIRNA:000000']
MIRNA,MIRNA:hsa-mir-299-5p,hsa-mir-299-5p,0.024144942550005766,True,hsa-mir-299-5p,659,502,40,16638,0.0796812749003984,0.06069802731411229,query_1,['MIRNA:000000']
MIRNA,MIRNA:hsa-mir-509-5p,hsa-mir-509-5p,0.02437190602322797,True,hsa-mir-509-5p,1516,502,74,16638,0.14741035856573706,0.048812664907651716,query_1,['MIRNA:000000']
MIRNA,MIRNA:hsa-mir-205-5p,hsa-mir-205-5p,0.02485784780404261,True,hsa-mir-205-5p,175,502,17,16638,0.03386454183266932,0.09714285714285714,query_1,['MIRNA:000000']
MIRNA,MIRNA:hsa-mir-4715-3p,hsa-mir-4715-3p,0.022425940231277707,True,hsa-mir-4715-3p,1276,502,65,16638,0.1294820717131474,0.050940438871473356,query_1,['MIRNA:000000']
MIRNA,MIRNA:hsa-mir-548x,hsa-mir-548x,0.025260858170991683,True,hsa-mir-548x,1814,502,85,16638,0.1693227091633466,0.046857772877618525,query_1,['MIRNA:000000']
MIRNA,MIRNA:hsa-mir-548aj,hsa-mir-548aj,0.025260858170991683,True,hsa-mir-548aj,1814,502,85,16638,0.1693227091633466,0.046857772877618525,query_1,['MIRNA:000000']
MIRNA,MIRNA:hsa-mir-548ae,hsa-mir-548ae,0.025260858170991683,True,hsa-mir-548ae,1814,502,85,16638,0.1693227091633466,0.046857772877618525,query_1,['MIRNA:000000']
MIRNA,MIRNA:hsa-mir-487a,hsa-mir-487a,0.02527529424491346,True,hsa-mir-487a,637,502,39,16638,0.07768924302788845,0.061224489795918366,query_1,['MIRNA:000000']
MIRNA,MIRNA:hsa-mir-3135b,hsa-mir-3135b,0.025719969833905464,True,hsa-mir-3135b,2118,502,96,16638,0.19123505976095617,0.0453257790368272,query_1,['MIRNA:000000']
MIRNA,MIRNA:hsa-mir-4269,hsa-mir-4269,0.025965191969522308,True,hsa-mir-4269,1599,502,77,16638,0.15338645418326693,0.04815509693558474,query_1,['MIRNA:000000']
MIRNA,MIRNA:hsa-mir-578,hsa-mir-578,0.026152102344331202,True,hsa-mir-578,1179,502,61,16638,0.12151394422310757,0.05173876166242578,query_1,['MIRNA:000000']
MIRNA,MIRNA:hsa-mir-581,hsa-mir-581,0.02636392683903833,True,hsa-mir-581,615,502,38,16638,0.07569721115537849,0.061788617886178863,query_1,['MIRNA:000000']
MIRNA,MIRNA:hsa-mir-548an,hsa-mir-548an,0.0267052391833016,True,hsa-mir-548an,1467,502,72,16638,0.14342629482071714,0.049079754601226995,query_1,['MIRNA:000000']
MIRNA,MIRNA:hsa-mir-4457,hsa-mir-4457,0.02681786964861776,True,hsa-mir-4457,1180,502,61,16638,0.12151394422310757,0.051694915254237285,query_1,['MIRNA:000000']
MIRNA,MIRNA:hsa-mir-548am,hsa-mir-548am,0.025260858170991683,True,hsa-mir-548am,1814,502,85,16638,0.1693227091633466,0.046857772877618525,query_1,['MIRNA:000000']
MIRNA,MIRNA:hsa-mir-1236,hsa-mir-1236,0.021885683755978463,True,hsa-mir-1236,1275,502,65,16638,0.1294820717131474,0.050980392156862744,query_1,['MIRNA:000000']
MIRNA,MIRNA:hsa-mir-4758-5p,hsa-mir-4758-5p,0.02182311759986885,True,hsa-mir-4758-5p,703,502,42,16638,0.08366533864541832,0.059743954480796585,query_1,['MIRNA:000000']
MIRNA,MIRNA:hsa-mir-4261,hsa-mir-4261,0.02170908096919433,True,hsa-mir-4261,1223,502,63,16638,0.1254980079681275,0.05151267375306623,query_1,['MIRNA:000000']
MIRNA,MIRNA:hsa-mir-4794,hsa-mir-4794,0.014495148492680807,True,hsa-mir-4794,1310,502,67,16638,0.13346613545816732,0.05114503816793893,query_1,['MIRNA:000000']
MIRNA,MIRNA:hsa-mir-496,hsa-mir-496,0.014693300786684469,True,hsa-mir-496,599,502,38,16638,0.07569721115537849,0.06343906510851419,query_1,['MIRNA:000000']
MIRNA,MIRNA:hsa-mir-545,hsa-mir-545,0.014709195377236773,True,hsa-mir-545,1680,502,81,16638,0.16135458167330677,0.048214285714285716,query_1,['MIRNA:000000']
MIRNA,MIRNA:hsa-mir-548s,hsa-mir-548s,0.015631089494024798,True,hsa-mir-548s,1845,502,87,16638,0.17330677290836655,0.04715447154471545,query_1,['MIRNA:000000']
MIRNA,MIRNA:hsa-mir-423-5p,hsa-mir-423-5p,0.01586885872876148,True,hsa-mir-423-5p,1418,502,71,16638,0.14143426294820718,0.05007052186177715,query_1,['MIRNA:000000']
MIRNA,MIRNA:hsa-mir-4434,hsa-mir-4434,0.015903575260470926,True,hsa-mir-4434,1630,502,79,16638,0.15737051792828685,0.048466257668711654,query_1,['MIRNA:000000']
MIRNA,MIRNA:hsa-mir-4516,hsa-mir-4516,0.015903575260470926,True,hsa-mir-4516,1630,502,79,16638,0.15737051792828685,0.048466257668711654,query_1,['MIRNA:000000']
MIRNA,MIRNA:hsa-mir-3922-3p,hsa-mir-3922-3p,0.016252411538754674,True,hsa-mir-3922-3p,1135,502,60,16638,0.11952191235059761,0.05286343612334802,query_1,['MIRNA:000000']
MIRNA,MIRNA:hsa-mir-942,hsa-mir-942,0.016789615324258857,True,hsa-mir-942,1316,502,67,16638,0.13346613545816732,0.050911854103343465,query_1,['MIRNA:000000']
MIRNA,MIRNA:hsa-mir-3924,hsa-mir-3924,0.0174233706407159,True,hsa-mir-3924,1087,502,58,16638,0.11553784860557768,0.05335786568537258,query_1,['MIRNA:000000']
MIRNA,MIRNA:hsa-mir-1285,hsa-mir-1285,0.017455690973690017,True,hsa-mir-1285,1796,502,85,16638,0.1693227091633466,0.04732739420935412,query_1,['MIRNA:000000']
MIRNA,MIRNA:hsa-mir-577,hsa-mir-577,0.017513471943755077,True,hsa-mir-577,1062,502,57,16638,0.11354581673306773,0.05367231638418079,query_1,['MIRNA:000000']
MIRNA,MIRNA:hsa-mir-1269b,hsa-mir-1269b,0.0189438976434547,True,hsa-mir-1269b,583,502,37,16638,0.07370517928286853,0.0634648370497427,query_1,['MIRNA:000000']
MIRNA,MIRNA:hsa-mir-4522,hsa-mir-4522,0.0196095854714715,True,hsa-mir-4522,991,502,54,16638,0.10756972111553785,0.054490413723511606,query_1,['MIRNA:000000']
MIRNA,MIRNA:hsa-mir-20b-5p,hsa-mir-20b-5p,0.01979127613710003,True,hsa-mir-20b-5p,868,502,49,16638,0.09760956175298804,0.056451612903225805,query_1,['MIRNA:000000']
MIRNA,MIRNA:hsa-mir-1248,hsa-mir-1248,0.02003524635891108,True,hsa-mir-1248,1143,502,60,16638,0.11952191235059761,0.05249343832020997,query_1,['MIRNA:000000']
MIRNA,MIRNA:hsa-mir-519a,hsa-mir-519a,0.02003524635891108,True,hsa-mir-519a,1143,502,60,16638,0.11952191235059761,0.05249343832020997,query_1,['MIRNA:000000']
MIRNA,MIRNA:hsa-mir-3125,hsa-mir-3125,0.020146455862107518,True,hsa-mir-3125,1481,502,73,16638,0.1454183266932271,0.04929101958136394,query_1,['MIRNA:000000']
MIRNA,MIRNA:hsa-mir-4773,hsa-mir-4773,0.020646845231087233,True,hsa-mir-4773,1403,502,70,16638,0.1394422310756972,0.04989308624376337,query_1,['MIRNA:000000']
MIRNA,MIRNA:hsa-mir-2115,hsa-mir-2115,0.02132100954581578,True,hsa-mir-2115,1019,502,55,16638,0.10956175298804781,0.053974484789008834,query_1,['MIRNA:000000']
MIRNA,MIRNA:hsa-mir-548p,hsa-mir-548p,0.021623604836734388,True,hsa-mir-548p,1698,502,81,16638,0.16135458167330677,0.04770318021201413,query_1,['MIRNA:000000']
MIRNA,MIRNA:hsa-mir-4764-3p,hsa-mir-4764-3p,0.027016526144209574,True,hsa-mir-4764-3p,502,502,33,16638,0.06573705179282868,0.06573705179282868,query_1,['MIRNA:000000']
MIRNA,MIRNA:hsa-mir-4438,hsa-mir-4438,0.027214591028699702,True,hsa-mir-4438,1845,502,86,16638,0.17131474103585656,0.046612466124661245,query_1,['MIRNA:000000']
MIRNA,MIRNA:hsa-mir-3664-3p,hsa-mir-3664-3p,0.027419900473603643,True,hsa-mir-3664-3p,1548,502,75,16638,0.14940239043824702,0.04844961240310078,query_1,['MIRNA:000000']
MIRNA,MIRNA:hsa-mir-519b-3p,hsa-mir-519b-3p,0.027863442370400403,True,hsa-mir-519b-3p,1259,502,64,16638,0.12749003984063745,0.050833995234312944,query_1,['MIRNA:000000']
MIRNA,MIRNA:hsa-mir-1587,hsa-mir-1587,0.043129932074400225,True,hsa-mir-1587,1020,502,54,16638,0.10756972111553785,0.052941176470588235,query_1,['MIRNA:000000']
MIRNA,MIRNA:hsa-mir-4781-3p,hsa-mir-4781-3p,0.04395776081713724,True,hsa-mir-4781-3p,1226,502,62,16638,0.12350597609561753,0.05057096247960848,query_1,['MIRNA:000000']
MIRNA,MIRNA:hsa-mir-21,hsa-mir-21,0.04453919568805261,True,hsa-mir-21,701,502,41,16638,0.08167330677290836,0.05848787446504993,query_1,['MIRNA:000000']
MIRNA,MIRNA:hsa-mir-3124-3p,hsa-mir-3124-3p,0.04459955779696606,True,hsa-mir-3124-3p,1517,502,73,16638,0.1454183266932271,0.04812129202373105,query_1,['MIRNA:000000']
MIRNA,MIRNA:hsa-mir-4325,hsa-mir-4325,0.04502110617820416,True,hsa-mir-4325,1098,502,57,16638,0.11354581673306773,0.05191256830601093,query_1,['MIRNA:000000']
MIRNA,MIRNA:hsa-mir-3680,hsa-mir-3680,0.045397105075965304,True,hsa-mir-3680,584,502,36,16638,0.07171314741035857,0.06164383561643835,query_1,['MIRNA:000000']
MIRNA,MIRNA:hsa-mir-4520b-3p,hsa-mir-4520b-3p,0.04549837881810742,True,hsa-mir-4520b-3p,561,502,35,16638,0.0697211155378486,0.062388591800356503,query_1,['MIRNA:000000']
MIRNA,MIRNA:hsa-mir-3065-3p,hsa-mir-3065-3p,0.04591355214480988,True,hsa-mir-3065-3p,1280,502,64,16638,0.12749003984063745,0.05,query_1,['MIRNA:000000']
MIRNA,MIRNA:hsa-mir-3622b-3p,hsa-mir-3622b-3p,0.04596051997886018,True,hsa-mir-3622b-3p,1176,502,60,16638,0.11952191235059761,0.05102040816326531,query_1,['MIRNA:000000']
MIRNA,MIRNA:hsa-mir-3616-5p,hsa-mir-3616-5p,0.04613843104319514,True,hsa-mir-3616-5p,947,502,51,16638,0.10159362549800798,0.05385427666314678,query_1,['MIRNA:000000']
MIRNA,MIRNA:hsa-mir-573,hsa-mir-573,0.04613843104319514,True,hsa-mir-573,947,502,51,16638,0.10159362549800798,0.05385427666314678,query_1,['MIRNA:000000']
MIRNA,MIRNA:hsa-mir-1304,hsa-mir-1304,0.04702834352823504,True,hsa-mir-1304,998,502,53,16638,0.10557768924302789,0.0531062124248497,query_1,['MIRNA:000000']
MIRNA,MIRNA:hsa-mir-556-5p,hsa-mir-556-5p,0.04717765557233952,True,hsa-mir-556-5p,562,502,35,16638,0.0697211155378486,0.06227758007117438,query_1,['MIRNA:000000']
MIRNA,MIRNA:hsa-mir-4293,hsa-mir-4293,0.04728993819826878,True,hsa-mir-4293,898,502,49,16638,0.09760956175298804,0.05456570155902005,query_1,['MIRNA:000000']
MIRNA,MIRNA:hsa-mir-1291,hsa-mir-1291,0.04741399697285354,True,hsa-mir-1291,948,502,51,16638,0.10159362549800798,0.05379746835443038,query_1,['MIRNA:000000']
MIRNA,MIRNA:hsa-mir-3622a-3p,hsa-mir-3622a-3p,0.04825238725302037,True,hsa-mir-3622a-3p,1178,502,60,16638,0.11952191235059761,0.050933786078098474,query_1,['MIRNA:000000']
MIRNA,MIRNA:hsa-mir-4428,hsa-mir-4428,0.04835481503638985,True,hsa-mir-4428,1230,502,62,16638,0.12350597609561753,0.05040650406504065,query_1,['MIRNA:000000']
MIRNA,MIRNA:hsa-mir-3127-5p,hsa-mir-3127-5p,0.04865587007995498,True,hsa-mir-3127-5p,1050,502,55,16638,0.10956175298804781,0.05238095238095238,query_1,['MIRNA:000000']
MIRNA,MIRNA:hsa-mir-490-5p,hsa-mir-490-5p,0.04905479254944866,True,hsa-mir-490-5p,728,502,42,16638,0.08366533864541832,0.057692307692307696,query_1,['MIRNA:000000']
MIRNA,MIRNA:hsa-mir-3127-3p,hsa-mir-3127-3p,0.04917187331761261,True,hsa-mir-3127-3p,1025,502,54,16638,0.10756972111553785,0.05268292682926829,query_1,['MIRNA:000000']
MIRNA,MIRNA:hsa-mir-3074-5p,hsa-mir-3074-5p,0.04935861251810028,True,hsa-mir-3074-5p,1415,502,69,16638,0.13745019920318724,0.04876325088339223,query_1,['MIRNA:000000']
MIRNA,MIRNA:hsa-mir-3182,hsa-mir-3182,0.0428009269584064,True,hsa-mir-3182,1277,502,64,16638,0.12749003984063745,0.050117462803445575,query_1,['MIRNA:000000']
MIRNA,MIRNA:hsa-mir-199b-3p,hsa-mir-199b-3p,0.014242859319454319,True,hsa-mir-199b-3p,785,502,46,16638,0.09163346613545817,0.05859872611464968,query_1,['MIRNA:000000']
MIRNA,MIRNA:hsa-mir-4720-3p,hsa-mir-4720-3p,0.041867196720279505,True,hsa-mir-4720-3p,747,502,43,16638,0.08565737051792828,0.05756358768406961,query_1,['MIRNA:000000']
MIRNA,MIRNA:hsa-mir-5095,hsa-mir-5095,0.04039713599717444,True,hsa-mir-5095,1865,502,86,16638,0.17131474103585656,0.04611260053619303,query_1,['MIRNA:000000']
MIRNA,MIRNA:hsa-mir-626,hsa-mir-626,0.028142825900070174,True,hsa-mir-626,687,502,41,16638,0.08167330677290836,0.05967976710334789,query_1,['MIRNA:000000']
MIRNA,MIRNA:hsa-mir-4693-5p,hsa-mir-4693-5p,0.02994230391218136,True,hsa-mir-4693-5p,833,502,47,16638,0.09362549800796813,0.056422569027611044,query_1,['MIRNA:000000']
MIRNA,MIRNA:hsa-mir-4760-3p,hsa-mir-4760-3p,0.029949455699690458,True,hsa-mir-4760-3p,1288,502,65,16638,0.1294820717131474,0.05046583850931677,query_1,['MIRNA:000000']
MIRNA,MIRNA:hsa-mir-519c-3p,hsa-mir-519c-3p,0.029958790212746597,True,hsa-mir-519c-3p,1262,502,64,16638,0.12749003984063745,0.05071315372424723,query_1,['MIRNA:000000']
MIRNA,MIRNA:hsa-mir-4713-3p,hsa-mir-4713-3p,0.031057757638419267,True,hsa-mir-4713-3p,528,502,34,16638,0.06772908366533864,0.06439393939393939,query_1,['MIRNA:000000']
MIRNA,MIRNA:hsa-mir-491-5p,hsa-mir-491-5p,0.03268318663455438,True,hsa-mir-491-5p,1344,502,67,16638,0.13346613545816732,0.04985119047619048,query_1,['MIRNA:000000']
MIRNA,MIRNA:hsa-mir-1976,hsa-mir-1976,0.03274367650464321,True,hsa-mir-1976,1992,502,91,16638,0.18127490039840638,0.04568273092369478,query_1,['MIRNA:000000']
MIRNA,MIRNA:hsa-mir-451b,hsa-mir-451b,0.03297976341093615,True,hsa-mir-451b,1266,502,64,16638,0.12749003984063745,0.05055292259083728,query_1,['MIRNA:000000']
MIRNA,MIRNA:hsa-mir-218,hsa-mir-218,0.034601493117297336,True,hsa-mir-218,887,502,49,16638,0.09760956175298804,0.0552423900789177,query_1,['MIRNA:000000']
MIRNA,MIRNA:hsa-mir-3663-3p,hsa-mir-3663-3p,0.03467058541441014,True,hsa-mir-3663-3p,741,502,43,16638,0.08565737051792828,0.058029689608636977,query_1,['MIRNA:000000']
MIRNA,MIRNA:hsa-mir-4778-3p,hsa-mir-4778-3p,0.03522330514164054,True,hsa-mir-4778-3p,1321,502,66,16638,0.13147410358565736,0.04996214988644966,query_1,['MIRNA:000000']
MIRNA,MIRNA:hsa-mir-3173-3p,hsa-mir-3173-3p,0.03537918421731524,True,hsa-mir-3173-3p,1217,502,62,16638,0.12350597609561753,0.05094494658997535,query_1,['MIRNA:000000']
MIRNA,MIRNA:hsa-mir-4297,hsa-mir-4297,0.03664543517489912,True,hsa-mir-4297,889,502,49,16638,0.09760956175298804,0.05511811023622047,query_1,['MIRNA:000000']
MIRNA,MIRNA:hsa-mir-4803,hsa-mir-4803,0.03713953821654509,True,hsa-mir-4803,1219,502,62,16638,0.12350597609561753,0.05086136177194422,query_1,['MIRNA:000000']
MIRNA,MIRNA:hsa-mir-4685-5p,hsa-mir-4685-5p,0.03752661868963871,True,hsa-mir-4685-5p,1509,502,73,16638,0.1454183266932271,0.04837640821736249,query_1,['MIRNA:000000']
MIRNA,MIRNA:hsa-mir-4689,hsa-mir-4689,0.037668406671915476,True,hsa-mir-4689,1091,502,57,16638,0.11354581673306773,0.05224564619615032,query_1,['MIRNA:000000']
MIRNA,MIRNA:hsa-mir-4530,hsa-mir-4530,0.0380683596985393,True,hsa-mir-4530,1617,502,77,16638,0.15338645418326693,0.047619047619047616,query_1,['MIRNA:000000']
MIRNA,MIRNA:hsa-mir-891b,hsa-mir-891b,0.03913479847298333,True,hsa-mir-891b,697,502,41,16638,0.08167330677290836,0.058823529411764705,query_1,['MIRNA:000000']
MIRNA,MIRNA:hsa-mir-195-5p,hsa-mir-195-5p,0.039165398322427214,True,hsa-mir-195-5p,603,502,37,16638,0.07370517928286853,0.06135986733001658,query_1,['MIRNA:000000']
MIRNA,MIRNA:hsa-mir-214,hsa-mir-214,0.039582850620927285,True,hsa-mir-214,2002,502,91,16638,0.18127490039840638,0.045454545454545456,query_1,['MIRNA:000000']
MIRNA,MIRNA:hsa-mir-4433,hsa-mir-4433,0.039582850620927285,True,hsa-mir-4433,2002,502,91,16638,0.18127490039840638,0.045454545454545456,query_1,['MIRNA:000000']
MIRNA,MIRNA:hsa-mir-761,hsa-mir-761,0.041275623437801556,True,hsa-mir-761,2032,502,92,16638,0.18326693227091634,0.045275590551181105,query_1,['MIRNA:000000']
MIRNA,MIRNA:hsa-mir-544b,hsa-mir-544b,0.014156864556224232,True,hsa-mir-544b,1732,502,83,16638,0.16533864541832669,0.04792147806004619,query_1,['MIRNA:000000']
MIRNA,MIRNA:hsa-mir-4677-3p,hsa-mir-4677-3p,0.014066353565603523,True,hsa-mir-4677-3p,1029,502,56,16638,0.11155378486055777,0.05442176870748299,query_1,['MIRNA:000000']
MIRNA,MIRNA:hsa-mir-4642,hsa-mir-4642,0.014035910559747379,True,hsa-mir-4642,881,502,50,16638,0.099601593625498,0.056753688989784334,query_1,['MIRNA:000000']
MIRNA,MIRNA:hsa-mir-676,hsa-mir-676,0.0074987470267021935,True,hsa-mir-676,604,502,39,16638,0.07768924302788845,0.06456953642384106,query_1,['MIRNA:000000']
MIRNA,MIRNA:hsa-mir-4505,hsa-mir-4505,0.007549999470753015,True,hsa-mir-4505,1946,502,92,16638,0.18326693227091634,0.047276464542651594,query_1,['MIRNA:000000']
MIRNA,MIRNA:hsa-mir-155-5p,hsa-mir-155-5p,0.007780611866683512,True,hsa-mir-155-5p,862,502,50,16638,0.099601593625498,0.058004640371229696,query_1,['MIRNA:000000']
MIRNA,MIRNA:hsa-mir-3064-5p,hsa-mir-3064-5p,0.007850428377288927,True,hsa-mir-3064-5p,1260,502,66,16638,0.13147410358565736,0.05238095238095238,query_1,['MIRNA:000000']
MIRNA,MIRNA:hsa-mir-3682-3p,hsa-mir-3682-3p,0.008144659458932363,True,hsa-mir-3682-3p,539,502,36,16638,0.07171314741035857,0.06679035250463822,query_1,['MIRNA:000000']
MIRNA,MIRNA:hsa-mir-4264,hsa-mir-4264,0.008182526254473613,True,hsa-mir-4264,1010,502,56,16638,0.11155378486055777,0.055445544554455446,query_1,['MIRNA:000000']
MIRNA,MIRNA:hsa-mir-371b-5p,hsa-mir-371b-5p,0.008197081644034794,True,hsa-mir-371b-5p,2225,502,102,16638,0.20318725099601595,0.04584269662921348,query_1,['MIRNA:000000']
MIRNA,MIRNA:hsa-mir-1910,hsa-mir-1910,0.008351231292280792,True,hsa-mir-1910,937,502,53,16638,0.10557768924302789,0.05656350053361793,query_1,['MIRNA:000000']
MIRNA,MIRNA:hsa-mir-154,hsa-mir-154,0.00840428197260592,True,hsa-mir-154,562,502,37,16638,0.07370517928286853,0.06583629893238434,query_1,['MIRNA:000000']
MIRNA,MIRNA:hsa-mir-4469,hsa-mir-4469,0.00844806280926868,True,hsa-mir-4469,1470,502,74,16638,0.14741035856573706,0.050340136054421766,query_1,['MIRNA:000000']
MIRNA,MIRNA:hsa-mir-2909,hsa-mir-2909,0.008603366252817947,True,hsa-mir-2909,585,502,38,16638,0.07569721115537849,0.06495726495726496,query_1,['MIRNA:000000']
MIRNA,MIRNA:hsa-mir-892a,hsa-mir-892a,0.008607204004591343,True,hsa-mir-892a,938,502,53,16638,0.10557768924302789,0.05650319829424307,query_1,['MIRNA:000000']
MIRNA,MIRNA:hsa-mir-576-3p,hsa-mir-576-3p,0.00877944979108629,True,hsa-mir-576-3p,794,502,47,16638,0.09362549800796813,0.05919395465994962,query_1,['MIRNA:000000']
MIRNA,MIRNA:hsa-mir-22,hsa-mir-22,0.008828323393442876,True,hsa-mir-22,866,502,50,16638,0.099601593625498,0.057736720554272515,query_1,['MIRNA:000000']
MIRNA,MIRNA:hsa-mir-4295,hsa-mir-4295,0.008887749711839936,True,hsa-mir-4295,1342,502,69,16638,0.13745019920318724,0.05141579731743666,query_1,['MIRNA:000000']
MIRNA,MIRNA:hsa-mir-20a-5p,hsa-mir-20a-5p,0.00918710789623789,True,hsa-mir-20a-5p,1014,502,56,16638,0.11155378486055777,0.055226824457593686,query_1,['MIRNA:000000']
MIRNA,MIRNA:hsa-mir-4291,hsa-mir-4291,0.009308571469624528,True,hsa-mir-4291,1606,502,79,16638,0.15737051792828685,0.04919053549190536,query_1,['MIRNA:000000']
MIRNA,MIRNA:hsa-mir-4256,hsa-mir-4256,0.00987296589015779,True,hsa-mir-4256,634,502,40,16638,0.0796812749003984,0.06309148264984227,query_1,['MIRNA:000000']
MIRNA,MIRNA:hsa-mir-4711-5p,hsa-mir-4711-5p,0.01004634952228446,True,hsa-mir-4711-5p,822,502,48,16638,0.09561752988047809,0.058394160583941604,query_1,['MIRNA:000000']
MIRNA,MIRNA:hsa-mir-935,hsa-mir-935,0.010058229059247074,True,hsa-mir-935,1042,502,57,16638,0.11354581673306773,0.05470249520153551,query_1,['MIRNA:000000']
MIRNA,MIRNA:hsa-mir-4747-5p,hsa-mir-4747-5p,0.010138859802155953,True,hsa-mir-4747-5p,2015,502,94,16638,0.18725099601593626,0.04665012406947891,query_1,['MIRNA:000000']
MIRNA,MIRNA:hsa-mir-588,hsa-mir-588,0.007494139773189613,True,hsa-mir-588,1465,502,74,16638,0.14741035856573706,0.050511945392491465,query_1,['MIRNA:000000']
MIRNA,MIRNA:hsa-mir-4740-5p,hsa-mir-4740-5p,0.010254539105163591,True,hsa-mir-4740-5p,658,502,41,16638,0.08167330677290836,0.06231003039513678,query_1,['MIRNA:000000']
MIRNA,MIRNA:hsa-mir-4667-3p,hsa-mir-4667-3p,0.007336716309297507,True,hsa-mir-4667-3p,1412,502,72,16638,0.14342629482071714,0.05099150141643059,query_1,['MIRNA:000000']
MIRNA,MIRNA:hsa-mir-1283,hsa-mir-1283,0.007261336040915562,True,hsa-mir-1283,1257,502,66,16638,0.13147410358565736,0.05250596658711217,query_1,['MIRNA:000000']
MIRNA,MIRNA:hsa-mir-211,hsa-mir-211,0.00514313228016672,True,hsa-mir-211,1143,502,62,16638,0.12350597609561753,0.0542432195975503,query_1,['MIRNA:000000']
MIRNA,MIRNA:hsa-mir-2113,hsa-mir-2113,0.005260055121329489,True,hsa-mir-2113,1069,502,59,16638,0.11752988047808766,0.05519176800748363,query_1,['MIRNA:000000']
MIRNA,MIRNA:hsa-mir-548o,hsa-mir-548o,0.005461835217291899,True,hsa-mir-548o,1426,502,73,16638,0.1454183266932271,0.05119214586255259,query_1,['MIRNA:000000']
MIRNA,MIRNA:hsa-mir-3137,hsa-mir-3137,0.005511656809415327,True,hsa-mir-3137,687,502,43,16638,0.08565737051792828,0.06259097525473072,query_1,['MIRNA:000000']
MIRNA,MIRNA:hsa-mir-4529-3p,hsa-mir-4529-3p,0.0055602322284914385,True,hsa-mir-4529-3p,508,502,35,16638,0.0697211155378486,0.0688976377952756,query_1,['MIRNA:000000']
MIRNA,MIRNA:hsa-mir-4701-5p,hsa-mir-4701-5p,0.006160088632895417,True,hsa-mir-4701-5p,1483,502,75,16638,0.14940239043824702,0.05057316250842886,query_1,['MIRNA:000000']
MIRNA,MIRNA:hsa-mir-4531,hsa-mir-4531,0.006242400303875879,True,hsa-mir-4531,1328,502,69,16638,0.13745019920318724,0.051957831325301206,query_1,['MIRNA:000000']
MIRNA,MIRNA:hsa-mir-4462,hsa-mir-4462,0.006314089640216469,True,hsa-mir-4462,343,502,27,16638,0.053784860557768925,0.07871720116618076,query_1,['MIRNA:000000']
MIRNA,MIRNA:hsa-mir-892b,hsa-mir-892b,0.006359916998408117,True,hsa-mir-892b,808,502,48,16638,0.09561752988047809,0.0594059405940594,query_1,['MIRNA:000000']
MIRNA,MIRNA:hsa-mir-650,hsa-mir-650,0.006502437916682775,True,hsa-mir-650,1750,502,85,16638,0.1693227091633466,0.04857142857142857,query_1,['MIRNA:000000']
MIRNA,MIRNA:hsa-mir-3612,hsa-mir-3612,0.006502437916682775,True,hsa-mir-3612,1750,502,85,16638,0.1693227091633466,0.04857142857142857,query_1,['MIRNA:000000']
MIRNA,MIRNA:hsa-mir-497-5p,hsa-mir-497-5p,0.006541521925664255,True,hsa-mir-497-5p,426,502,31,16638,0.061752988047808766,0.07276995305164319,query_1,['MIRNA:000000']
MIRNA,MIRNA:hsa-mir-140-5p,hsa-mir-140-5p,0.006608977058122068,True,hsa-mir-140-5p,692,502,43,16638,0.08565737051792828,0.06213872832369942,query_1,['MIRNA:000000']
MIRNA,MIRNA:hsa-mir-4687-5p,hsa-mir-4687-5p,0.006778553065992724,True,hsa-mir-4687-5p,624,502,40,16638,0.0796812749003984,0.0641025641025641,query_1,['MIRNA:000000']
MIRNA,MIRNA:hsa-mir-4284,hsa-mir-4284,0.006940792785884967,True,hsa-mir-4284,2272,502,104,16638,0.20717131474103587,0.045774647887323945,query_1,['MIRNA:000000']
MIRNA,MIRNA:hsa-mir-4278,hsa-mir-4278,0.00699720379264809,True,hsa-mir-4278,470,502,33,16638,0.06573705179282868,0.07021276595744681,query_1,['MIRNA:000000']
MIRNA,MIRNA:hsa-mir-323-3p,hsa-mir-323-3p,0.00700566460225979,True,hsa-mir-323-3p,1104,502,60,16638,0.11952191235059761,0.05434782608695652,query_1,['MIRNA:000000']
MIRNA,MIRNA:hsa-mir-526b,hsa-mir-526b,0.007023531079020529,True,hsa-mir-526b,811,502,48,16638,0.09561752988047809,0.059186189889025895,query_1,['MIRNA:000000']
MIRNA,MIRNA:hsa-mir-3653,hsa-mir-3653,0.007074327134184879,True,hsa-mir-3653,1256,502,66,16638,0.13147410358565736,0.052547770700636945,query_1,['MIRNA:000000']
MIRNA,MIRNA:hsa-mir-3119,hsa-mir-3119,0.00715975358268236,True,hsa-mir-3119,1155,502,62,16638,0.12350597609561753,0.05367965367965368,query_1,['MIRNA:000000']
MIRNA,MIRNA:hsa-mir-19a-3p,hsa-mir-19a-3p,0.007197641483016993,True,hsa-mir-19a-3p,536,502,36,16638,0.07171314741035857,0.06716417910447761,query_1,['MIRNA:000000']
MIRNA,MIRNA:hsa-mir-3074-3p,hsa-mir-3074-3p,0.0073011962893269056,True,hsa-mir-3074-3p,860,502,50,16638,0.099601593625498,0.05813953488372093,query_1,['MIRNA:000000']
MIRNA,MIRNA:hsa-mir-1246,hsa-mir-1246,0.005055947501950862,True,hsa-mir-1246,639,502,41,16638,0.08167330677290836,0.06416275430359937,query_1,['MIRNA:000000']
MIRNA,MIRNA:hsa-mir-3689d,hsa-mir-3689d,0.010267168346482477,True,hsa-mir-3689d,1452,502,73,16638,0.1454183266932271,0.05027548209366391,query_1,['MIRNA:000000']
MIRNA,MIRNA:hsa-mir-590-5p,hsa-mir-590-5p,0.010333565716199703,True,hsa-mir-590-5p,728,502,44,16638,0.08764940239043825,0.06043956043956044,query_1,['MIRNA:000000']
MIRNA,MIRNA:hsa-mir-1290,hsa-mir-1290,0.012589693517249928,True,hsa-mir-1290,1050,502,57,16638,0.11354581673306773,0.054285714285714284,query_1,['MIRNA:000000']
MIRNA,MIRNA:hsa-mir-587,hsa-mir-587,0.012665535675432011,True,hsa-mir-587,1540,502,76,16638,0.15139442231075698,0.04935064935064935,query_1,['MIRNA:000000']
MIRNA,MIRNA:hsa-mir-212,hsa-mir-212,0.012925182774282501,True,hsa-mir-212,1076,502,58,16638,0.11553784860557768,0.05390334572490706,query_1,['MIRNA:000000']
MIRNA,MIRNA:hsa-mir-132,hsa-mir-132,0.012925182774282501,True,hsa-mir-132,1076,502,58,16638,0.11553784860557768,0.05390334572490706,query_1,['MIRNA:000000']
MIRNA,MIRNA:hsa-mir-3142,hsa-mir-3142,0.012950008926488583,True,hsa-mir-3142,573,502,37,16638,0.07370517928286853,0.06457242582897033,query_1,['MIRNA:000000']
MIRNA,MIRNA:hsa-mir-4533,hsa-mir-4533,0.012958263122507455,True,hsa-mir-4533,1701,502,82,16638,0.16334661354581673,0.048206937095825984,query_1,['MIRNA:000000']
MIRNA,MIRNA:hsa-mir-4503,hsa-mir-4503,0.012965349817781307,True,hsa-mir-4503,806,502,47,16638,0.09362549800796813,0.05831265508684864,query_1,['MIRNA:000000']
MIRNA,MIRNA:hsa-mir-1284,hsa-mir-1284,0.013066522470094728,True,hsa-mir-1284,688,502,42,16638,0.08366533864541832,0.061046511627906974,query_1,['MIRNA:000000']
MIRNA,MIRNA:hsa-mir-1470,hsa-mir-1470,0.013299591297625299,True,hsa-mir-1470,1027,502,56,16638,0.11155378486055777,0.054527750730282376,query_1,['MIRNA:000000']
MIRNA,MIRNA:hsa-mir-4650-5p,hsa-mir-4650-5p,0.013309039764218595,True,hsa-mir-4650-5p,1052,502,57,16638,0.11354581673306773,0.05418250950570342,query_1,['MIRNA:000000']
MIRNA,MIRNA:hsa-mir-216b,hsa-mir-216b,0.013372769600766624,True,hsa-mir-216b,831,502,48,16638,0.09561752988047809,0.05776173285198556,query_1,['MIRNA:000000']
MIRNA,MIRNA:hsa-mir-922,hsa-mir-922,0.013469509944276514,True,hsa-mir-922,1865,502,88,16638,0.1752988047808765,0.04718498659517426,query_1,['MIRNA:000000']
MIRNA,MIRNA:hsa-mir-3187-3p,hsa-mir-3187-3p,0.01350134799939256,True,hsa-mir-3187-3p,1359,502,69,16638,0.13745019920318724,0.05077262693156733,query_1,['MIRNA:000000']
MIRNA,MIRNA:hsa-mir-125a-5p,hsa-mir-125a-5p,0.013752644798436197,True,hsa-mir-125a-5p,1205,502,63,16638,0.1254980079681275,0.05228215767634855,query_1,['MIRNA:000000']
MIRNA,MIRNA:hsa-mir-3129-5p,hsa-mir-3129-5p,0.01378940165596729,True,hsa-mir-3129-5p,784,502,46,16638,0.09163346613545817,0.058673469387755105,query_1,['MIRNA:000000']
MIRNA,MIRNA:hsa-mir-199a-3p,hsa-mir-199a-3p,0.013820682940120592,True,hsa-mir-199a-3p,808,502,47,16638,0.09362549800796813,0.05816831683168317,query_1,['MIRNA:000000']
MIRNA,MIRNA:hsa-mir-4420,hsa-mir-4420,0.01383246196340523,True,hsa-mir-4420,1360,502,69,16638,0.13745019920318724,0.05073529411764706,query_1,['MIRNA:000000']
MIRNA,MIRNA:hsa-mir-1323,hsa-mir-1323,0.013942681001133028,True,hsa-mir-1323,1465,502,73,16638,0.1454183266932271,0.049829351535836175,query_1,['MIRNA:000000']
MIRNA,MIRNA:hsa-mir-4779,hsa-mir-4779,0.014018431239232283,True,hsa-mir-4779,1571,502,77,16638,0.15338645418326693,0.049013367281986,query_1,['MIRNA:000000']
MIRNA,MIRNA:hsa-mir-4782-5p,hsa-mir-4782-5p,0.014028616444803799,True,hsa-mir-4782-5p,1004,502,55,16638,0.10956175298804781,0.054780876494023904,query_1,['MIRNA:000000']
MIRNA,MIRNA:hsa-mir-1224-5p,hsa-mir-1224-5p,0.014035910559747379,True,hsa-mir-1224-5p,881,502,50,16638,0.099601593625498,0.056753688989784334,query_1,['MIRNA:000000']
MIRNA,MIRNA:hsa-mir-4475,hsa-mir-4475,0.012507813857274409,True,hsa-mir-4475,781,502,46,16638,0.09163346613545817,0.058898847631242,query_1,['MIRNA:000000']
MIRNA,MIRNA:hsa-mir-2278,hsa-mir-2278,0.010280895724593817,True,hsa-mir-2278,1322,502,68,16638,0.13545816733067728,0.05143721633888049,query_1,['MIRNA:000000']
MIRNA,MIRNA:hsa-mir-1245b-5p,hsa-mir-1245b-5p,0.01245849332891887,True,hsa-mir-1245b-5p,572,502,37,16638,0.07370517928286853,0.06468531468531469,query_1,['MIRNA:000000']
MIRNA,MIRNA:hsa-mir-1245,hsa-mir-1245,0.012251024392982092,True,hsa-mir-1245,733,502,44,16638,0.08764940239043825,0.06002728512960437,query_1,['MIRNA:000000']
MIRNA,MIRNA:hsa-mir-4733-5p,hsa-mir-4733-5p,0.010366157497618609,True,hsa-mir-4733-5p,847,502,49,16638,0.09760956175298804,0.05785123966942149,query_1,['MIRNA:000000']
MIRNA,MIRNA:hsa-mir-2467-3p,hsa-mir-2467-3p,0.010412187924736247,True,hsa-mir-2467-3p,1907,502,90,16638,0.17928286852589642,0.04719454640797063,query_1,['MIRNA:000000']
MIRNA,MIRNA:hsa-mir-3176,hsa-mir-3176,0.010525270956584927,True,hsa-mir-3176,1144,502,61,16638,0.12151394422310757,0.05332167832167832,query_1,['MIRNA:000000']
MIRNA,MIRNA:hsa-mir-297,hsa-mir-297,0.010613861673989188,True,hsa-mir-297,776,502,46,16638,0.09163346613545817,0.059278350515463915,query_1,['MIRNA:000000']
MIRNA,MIRNA:hsa-mir-4799-3p,hsa-mir-4799-3p,0.010933281400370554,True,hsa-mir-4799-3p,946,502,53,16638,0.10557768924302789,0.056025369978858354,query_1,['MIRNA:000000']
MIRNA,MIRNA:hsa-mir-433,hsa-mir-433,0.010982479347808726,True,hsa-mir-433,873,502,50,16638,0.099601593625498,0.0572737686139748,query_1,['MIRNA:000000']
MIRNA,MIRNA:hsa-mir-4720-5p,hsa-mir-4720-5p,0.011261907604701728,True,hsa-mir-4720-5p,947,502,53,16638,0.10557768924302789,0.0559662090813094,query_1,['MIRNA:000000']
MIRNA,MIRNA:hsa-mir-30e,hsa-mir-30e,0.011356051381628636,True,hsa-mir-30e,1326,502,68,16638,0.13545816733067728,0.05128205128205128,query_1,['MIRNA:000000']
MIRNA,MIRNA:hsa-mir-30c,hsa-mir-30c,0.011356051381628636,True,hsa-mir-30c,1326,502,68,16638,0.13545816733067728,0.05128205128205128,query_1,['MIRNA:000000']
MIRNA,MIRNA:hsa-mir-30a,hsa-mir-30a,0.011356051381628636,True,hsa-mir-30a,1326,502,68,16638,0.13545816733067728,0.05128205128205128,query_1,['MIRNA:000000']
MIRNA,MIRNA:hsa-mir-30d,hsa-mir-30d,0.011356051381628636,True,hsa-mir-30d,1326,502,68,16638,0.13545816733067728,0.05128205128205128,query_1,['MIRNA:000000']
MIRNA,MIRNA:hsa-mir-30b,hsa-mir-30b,0.011356051381628636,True,hsa-mir-30b,1326,502,68,16638,0.13545816733067728,0.05128205128205128,query_1,['MIRNA:000000']
MIRNA,MIRNA:hsa-mir-4318,hsa-mir-4318,0.011487708325290393,True,hsa-mir-4318,997,502,55,16638,0.10956175298804781,0.055165496489468405,query_1,['MIRNA:000000']
MIRNA,MIRNA:hsa-mir-3647-5p,hsa-mir-3647-5p,0.011573879072131501,True,hsa-mir-3647-5p,899,502,51,16638,0.10159362549800798,0.05672969966629588,query_1,['MIRNA:000000']
MIRNA,MIRNA:hsa-mir-6838-5p,hsa-mir-6838-5p,0.01158500563590464,True,hsa-mir-6838-5p,396,502,29,16638,0.05776892430278884,0.07323232323232323,query_1,['MIRNA:000000']
MIRNA,MIRNA:hsa-mir-548q,hsa-mir-548q,0.011607821906916307,True,hsa-mir-548q,755,502,45,16638,0.08964143426294821,0.059602649006622516,query_1,['MIRNA:000000']
MIRNA,MIRNA:hsa-mir-539,hsa-mir-539,0.011664860088349747,True,hsa-mir-539,1510,502,75,16638,0.14940239043824702,0.04966887417218543,query_1,['MIRNA:000000']
MIRNA,MIRNA:hsa-mir-3908,hsa-mir-3908,0.011780132776757673,True,hsa-mir-3908,924,502,52,16638,0.10358565737051793,0.05627705627705628,query_1,['MIRNA:000000']
MIRNA,MIRNA:hsa-mir-222,hsa-mir-222,0.01184307279761019,True,hsa-mir-222,732,502,44,16638,0.08764940239043825,0.060109289617486336,query_1,['MIRNA:000000']
MIRNA,MIRNA:hsa-mir-15a-5p,hsa-mir-15a-5p,0.0011620472567212864,True,hsa-mir-15a-5p,669,502,44,16638,0.08764940239043825,0.06576980568011959,query_1,['MIRNA:000000']
MIRNA,MIRNA:hsa-mir-4761-3p,hsa-mir-4761-3p,0.012036976282149784,True,hsa-mir-4761-3p,709,502,43,16638,0.08565737051792828,0.06064880112834979,query_1,['MIRNA:000000']
MIRNA,MIRNA:hsa-mir-4776-3p,hsa-mir-4776-3p,0.012430420459542523,True,hsa-mir-4776-3p,975,502,54,16638,0.10756972111553785,0.055384615384615386,query_1,['MIRNA:000000']
MIRNA,MIRNA:hsa-mir-378,hsa-mir-378,0.0011587955393296606,True,hsa-mir-378,714,502,46,16638,0.09163346613545817,0.06442577030812324,query_1,['MIRNA:000000']
MIRNA,MIRNA:hsa-mir-4518,hsa-mir-4518,0.000558537271826063,True,hsa-mir-4518,1265,502,70,16638,0.1394422310756972,0.05533596837944664,query_1,['MIRNA:000000']
MIRNA,MIRNA:hsa-mir-4797-5p,hsa-mir-4797-5p,1.505834004250999e-05,True,hsa-mir-4797-5p,1542,502,86,16638,0.17131474103585656,0.055771725032425425,query_1,['MIRNA:000000']
MIRNA,MIRNA:hsa-mir-4726-3p,hsa-mir-4726-3p,1.0384746644732194e-05,True,hsa-mir-4726-3p,1731,502,94,16638,0.18725099601593626,0.05430387059503177,query_1,['MIRNA:000000']
MIRNA,MIRNA:hsa-mir-19b,hsa-mir-19b,1.042345633802012e-05,True,hsa-mir-19b,1213,502,73,16638,0.1454183266932271,0.060181368507831824,query_1,['MIRNA:000000']
MIRNA,MIRNA:hsa-mir-19a,hsa-mir-19a,1.042345633802012e-05,True,hsa-mir-19a,1213,502,73,16638,0.1454183266932271,0.060181368507831824,query_1,['MIRNA:000000']
MIRNA,MIRNA:hsa-mir-381,hsa-mir-381,1.044066380844597e-05,True,hsa-mir-381,1382,502,80,16638,0.1593625498007968,0.05788712011577424,query_1,['MIRNA:000000']
MIRNA,MIRNA:hsa-mir-3145-3p,hsa-mir-3145-3p,1.0525039260150366e-05,True,hsa-mir-3145-3p,934,502,61,16638,0.12151394422310757,0.06531049250535331,query_1,['MIRNA:000000']
MIRNA,MIRNA:hsa-mir-4643,hsa-mir-4643,1.1468810509900488e-05,True,hsa-mir-4643,1533,502,86,16638,0.17131474103585656,0.056099151989562945,query_1,['MIRNA:000000']
MIRNA,MIRNA:hsa-mir-4496,hsa-mir-4496,0.0011458440102494335,True,hsa-mir-4496,1468,502,77,16638,0.15338645418326693,0.052452316076294275,query_1,['MIRNA:000000']
MIRNA,MIRNA:hsa-mir-19b-3p,hsa-mir-19b-3p,1.6370939933916433e-05,True,hsa-mir-19b-3p,680,502,49,16638,0.09760956175298804,0.07205882352941176,query_1,['MIRNA:000000']
MIRNA,MIRNA:hsa-mir-512-5p,hsa-mir-512-5p,1.8843077322373235e-05,True,hsa-mir-512-5p,1135,502,69,16638,0.13745019920318724,0.06079295154185022,query_1,['MIRNA:000000']
MIRNA,MIRNA:hsa-mir-4677-5p,hsa-mir-4677-5p,1.9939537652087053e-05,True,hsa-mir-4677-5p,1066,502,66,16638,0.13147410358565736,0.06191369606003752,query_1,['MIRNA:000000']
MIRNA,MIRNA:hsa-mir-520b,hsa-mir-520b,2.2750253059742012e-05,True,hsa-mir-520b,1836,502,97,16638,0.19322709163346613,0.0528322440087146,query_1,['MIRNA:000000']
MIRNA,MIRNA:hsa-mir-4757-5p,hsa-mir-4757-5p,2.2750573977447207e-05,True,hsa-mir-4757-5p,1236,502,73,16638,0.1454183266932271,0.05906148867313916,query_1,['MIRNA:000000']
MIRNA,MIRNA:hsa-mir-4738-3p,hsa-mir-4738-3p,2.3770791252887678e-05,True,hsa-mir-4738-3p,1408,502,80,16638,0.1593625498007968,0.056818181818181816,query_1,['MIRNA:000000']
MIRNA,MIRNA:hsa-mir-3149,hsa-mir-3149,2.489770971123199e-05,True,hsa-mir-3149,1459,502,82,16638,0.16334661354581673,0.05620287868403016,query_1,['MIRNA:000000']
MIRNA,MIRNA:hsa-mir-4742-3p,hsa-mir-4742-3p,2.5431975792441814e-05,True,hsa-mir-4742-3p,1026,502,64,16638,0.12749003984063745,0.06237816764132553,query_1,['MIRNA:000000']
MIRNA,MIRNA:hsa-mir-4650-3p,hsa-mir-4650-3p,2.600818263958984e-05,True,hsa-mir-4650-3p,690,502,49,16638,0.09760956175298804,0.07101449275362319,query_1,['MIRNA:000000']
MIRNA,MIRNA:hsa-mir-3928,hsa-mir-3928,2.669233089901747e-05,True,hsa-mir-3928,1145,502,69,16638,0.13745019920318724,0.06026200873362445,query_1,['MIRNA:000000']
MIRNA,MIRNA:hsa-mir-4802-3p,hsa-mir-4802-3p,2.7562610734280045e-05,True,hsa-mir-4802-3p,1075,502,66,16638,0.13147410358565736,0.061395348837209304,query_1,['MIRNA:000000']
MIRNA,MIRNA:hsa-mir-3133,hsa-mir-3133,2.7713082705676563e-05,True,hsa-mir-3133,1613,502,88,16638,0.1752988047808765,0.05455672659640422,query_1,['MIRNA:000000']
MIRNA,MIRNA:hsa-mir-561,hsa-mir-561,1.002302895820458e-05,True,hsa-mir-561,1479,502,84,16638,0.16733067729083664,0.056795131845841784,query_1,['MIRNA:000000']
MIRNA,MIRNA:hsa-mir-4658,hsa-mir-4658,9.214131348163767e-06,True,hsa-mir-4658,626,502,47,16638,0.09362549800796813,0.07507987220447285,query_1,['MIRNA:000000']
MIRNA,MIRNA:hsa-mir-4709-5p,hsa-mir-4709-5p,8.815486962417179e-06,True,hsa-mir-4709-5p,1232,502,74,16638,0.14741035856573706,0.060064935064935064,query_1,['MIRNA:000000']
MIRNA,MIRNA:hsa-mir-300,hsa-mir-300,8.62759870889653e-06,True,hsa-mir-300,1425,502,82,16638,0.16334661354581673,0.05754385964912281,query_1,['MIRNA:000000']
MIRNA,MIRNA:hsa-mir-4703-5p,hsa-mir-4703-5p,2.63889642181133e-06,True,hsa-mir-4703-5p,945,502,63,16638,0.1254980079681275,0.06666666666666667,query_1,['MIRNA:000000']
MIRNA,MIRNA:hsa-mir-518a-5p,hsa-mir-518a-5p,2.8169401523531997e-06,True,hsa-mir-518a-5p,1415,502,83,16638,0.16533864541832669,0.058657243816254416,query_1,['MIRNA:000000']
MIRNA,MIRNA:hsa-mir-182,hsa-mir-182,2.8994726758056186e-06,True,hsa-mir-182,1177,502,73,16638,0.1454183266932271,0.062022090059473234,query_1,['MIRNA:000000']
MIRNA,MIRNA:hsa-mir-1915,hsa-mir-1915,2.9047800969663082e-06,True,hsa-mir-1915,1942,502,104,16638,0.20717131474103587,0.053553038105046344,query_1,['MIRNA:000000']
MIRNA,MIRNA:hsa-mir-142-5p,hsa-mir-142-5p,3.161279822862012e-06,True,hsa-mir-142-5p,1370,502,81,16638,0.16135458167330677,0.059124087591240874,query_1,['MIRNA:000000']
MIRNA,MIRNA:hsa-mir-582-5p,hsa-mir-582-5p,3.3230048919885076e-06,True,hsa-mir-582-5p,1420,502,83,16638,0.16533864541832669,0.05845070422535211,query_1,['MIRNA:000000']
MIRNA,MIRNA:hsa-mir-548z,hsa-mir-548z,3.3471242205579028e-06,True,hsa-mir-548z,1870,502,101,16638,0.20119521912350596,0.05401069518716577,query_1,['MIRNA:000000']
MIRNA,MIRNA:hsa-mir-548ac,hsa-mir-548ac,3.3471242205579028e-06,True,hsa-mir-548ac,1870,502,101,16638,0.20119521912350596,0.05401069518716577,query_1,['MIRNA:000000']
MIRNA,MIRNA:hsa-mir-338-5p,hsa-mir-338-5p,3.513857941031591e-06,True,hsa-mir-338-5p,1349,502,80,16638,0.1593625498007968,0.05930318754633061,query_1,['MIRNA:000000']
MIRNA,MIRNA:hsa-mir-3611,hsa-mir-3611,2.884917191428264e-05,True,hsa-mir-3611,937,502,60,16638,0.11952191235059761,0.064034151547492,query_1,['MIRNA:000000']
MIRNA,MIRNA:hsa-mir-548d-3p,hsa-mir-548d-3p,3.859204991712053e-06,True,hsa-mir-548d-3p,1875,502,101,16638,0.20119521912350596,0.05386666666666667,query_1,['MIRNA:000000']
MIRNA,MIRNA:hsa-mir-656,hsa-mir-656,4.814952707522914e-06,True,hsa-mir-656,1144,502,71,16638,0.14143426294820718,0.062062937062937064,query_1,['MIRNA:000000']
MIRNA,MIRNA:hsa-mir-101,hsa-mir-101,5.110569412985236e-06,True,hsa-mir-101,1336,502,79,16638,0.15737051792828685,0.05913173652694611,query_1,['MIRNA:000000']
MIRNA,MIRNA:hsa-mir-4680-3p,hsa-mir-4680-3p,5.776051926593068e-06,True,hsa-mir-4680-3p,1149,502,71,16638,0.14143426294820718,0.06179286335944299,query_1,['MIRNA:000000']
MIRNA,MIRNA:hsa-mir-3613-3p,hsa-mir-3613-3p,5.855890902177903e-06,True,hsa-mir-3613-3p,2907,502,139,16638,0.27689243027888444,0.0478156174750602,query_1,['MIRNA:000000']
MIRNA,MIRNA:hsa-mir-767-3p,hsa-mir-767-3p,6.033785989542131e-06,True,hsa-mir-767-3p,1057,502,67,16638,0.13346613545816732,0.06338694418164617,query_1,['MIRNA:000000']
MIRNA,MIRNA:hsa-mir-494,hsa-mir-494,6.0625631965816085e-06,True,hsa-mir-494,1662,502,92,16638,0.18326693227091634,0.05535499398315283,query_1,['MIRNA:000000']
MIRNA,MIRNA:hsa-mir-3123,hsa-mir-3123,6.5098710136985065e-06,True,hsa-mir-3123,1271,502,76,16638,0.15139442231075698,0.05979543666404406,query_1,['MIRNA:000000']
MIRNA,MIRNA:hsa-mir-4260,hsa-mir-4260,7.047167883888914e-06,True,hsa-mir-4260,1015,502,65,16638,0.1294820717131474,0.06403940886699508,query_1,['MIRNA:000000']
MIRNA,MIRNA:hsa-mir-633,hsa-mir-633,8.456815761735834e-06,True,hsa-mir-633,730,502,52,16638,0.10358565737051793,0.07123287671232877,query_1,['MIRNA:000000']
MIRNA,MIRNA:hsa-mir-4699-3p,hsa-mir-4699-3p,4.285740445351284e-06,True,hsa-mir-4699-3p,1526,502,87,16638,0.17330677290836655,0.05701179554390563,query_1,['MIRNA:000000']
MIRNA,MIRNA:hsa-mir-548aa,hsa-mir-548aa,2.9997415155387286e-05,True,hsa-mir-548aa,1692,502,91,16638,0.18127490039840638,0.053782505910165486,query_1,['MIRNA:000000']
MIRNA,MIRNA:hsa-mir-129-5p,hsa-mir-129-5p,3.422305938163665e-05,True,hsa-mir-129-5p,2140,502,108,16638,0.2151394422310757,0.05046728971962617,query_1,['MIRNA:000000']
MIRNA,MIRNA:hsa-mir-206,hsa-mir-206,3.5789476448675434e-05,True,hsa-mir-206,1106,502,67,16638,0.13346613545816732,0.06057866184448463,query_1,['MIRNA:000000']
MIRNA,MIRNA:hsa-mir-4762-3p,hsa-mir-4762-3p,7.196001578005022e-05,True,hsa-mir-4762-3p,1296,502,74,16638,0.14741035856573706,0.05709876543209876,query_1,['MIRNA:000000']
MIRNA,MIRNA:hsa-mir-3607-3p,hsa-mir-3607-3p,7.658885905116997e-05,True,hsa-mir-3607-3p,1298,502,74,16638,0.14741035856573706,0.05701078582434515,query_1,['MIRNA:000000']
MIRNA,MIRNA:hsa-mir-1305,hsa-mir-1305,7.702838291313837e-05,True,hsa-mir-1305,1804,502,94,16638,0.18725099601593626,0.052106430155210645,query_1,['MIRNA:000000']
MIRNA,MIRNA:hsa-mir-513c,hsa-mir-513c,8.093966399392558e-05,True,hsa-mir-513c,1106,502,66,16638,0.13147410358565736,0.059674502712477394,query_1,['MIRNA:000000']
MIRNA,MIRNA:hsa-mir-4666-5p,hsa-mir-4666-5p,8.24583158898762e-05,True,hsa-mir-4666-5p,1059,502,64,16638,0.12749003984063745,0.06043437204910293,query_1,['MIRNA:000000']
MIRNA,MIRNA:hsa-mir-603,hsa-mir-603,8.435085065778656e-05,True,hsa-mir-603,1704,502,90,16638,0.17928286852589642,0.0528169014084507,query_1,['MIRNA:000000']
MIRNA,MIRNA:hsa-mir-520g,hsa-mir-520g,8.830633230421753e-05,True,hsa-mir-520g,1940,502,99,16638,0.19721115537848605,0.051030927835051546,query_1,['MIRNA:000000']
MIRNA,MIRNA:hsa-mir-4768-3p,hsa-mir-4768-3p,8.909236936785211e-05,True,hsa-mir-4768-3p,2450,502,118,16638,0.2350597609561753,0.04816326530612245,query_1,['MIRNA:000000']
MIRNA,MIRNA:hsa-mir-636,hsa-mir-636,8.94842244766498e-05,True,hsa-mir-636,875,502,56,16638,0.11155378486055777,0.064,query_1,['MIRNA:000000']
MIRNA,MIRNA:hsa-mir-224,hsa-mir-224,7.097000491355807e-05,True,hsa-mir-224,1174,502,69,16638,0.13745019920318724,0.05877342419080068,query_1,['MIRNA:000000']
MIRNA,MIRNA:hsa-mir-1179,hsa-mir-1179,8.97600885166128e-05,True,hsa-mir-1179,898,502,57,16638,0.11354581673306773,0.06347438752783964,query_1,['MIRNA:000000']
MIRNA,MIRNA:hsa-mir-3140-5p,hsa-mir-3140-5p,9.656675832684785e-05,True,hsa-mir-3140-5p,923,502,58,16638,0.11553784860557768,0.0628385698808234,query_1,['MIRNA:000000']
MIRNA,MIRNA:hsa-mir-544,hsa-mir-544,9.759338932180988e-05,True,hsa-mir-544,1208,502,70,16638,0.1394422310756972,0.057947019867549666,query_1,['MIRNA:000000']
MIRNA,MIRNA:hsa-mir-2054,hsa-mir-2054,0.00010033928926765107,True,hsa-mir-2054,878,502,56,16638,0.11155378486055777,0.06378132118451026,query_1,['MIRNA:000000']
MIRNA,MIRNA:hsa-mir-362-3p,hsa-mir-362-3p,0.00010200196315804322,True,hsa-mir-362-3p,1634,502,87,16638,0.17330677290836655,0.05324357405140759,query_1,['MIRNA:000000']
MIRNA,MIRNA:hsa-mir-4659a-3p,hsa-mir-4659a-3p,0.00010526141797917271,True,hsa-mir-4659a-3p,1947,502,99,16638,0.19721115537848605,0.05084745762711865,query_1,['MIRNA:000000']
MIRNA,MIRNA:hsa-mir-4659b-3p,hsa-mir-4659b-3p,0.00010526141797917271,True,hsa-mir-4659b-3p,1947,502,99,16638,0.19721115537848605,0.05084745762711865,query_1,['MIRNA:000000']
MIRNA,MIRNA:hsa-mir-659,hsa-mir-659,0.00010789037242466725,True,hsa-mir-659,926,502,58,16638,0.11553784860557768,0.06263498920086392,query_1,['MIRNA:000000']
MIRNA,MIRNA:hsa-mir-4801,hsa-mir-4801,0.00010958574415124819,True,hsa-mir-4801,1459,502,80,16638,0.1593625498007968,0.05483207676490747,query_1,['MIRNA:000000']
MIRNA,MIRNA:hsa-mir-4731-3p,hsa-mir-4731-3p,0.00011279593503734884,True,hsa-mir-4731-3p,1460,502,80,16638,0.1593625498007968,0.0547945205479452,query_1,['MIRNA:000000']
MIRNA,MIRNA:hsa-mir-520h,hsa-mir-520h,9.374107893180647e-05,True,hsa-mir-520h,2128,502,106,16638,0.21115537848605578,0.04981203007518797,query_1,['MIRNA:000000']
MIRNA,MIRNA:hsa-mir-527,hsa-mir-527,2.6359577621911145e-06,True,hsa-mir-527,1413,502,83,16638,0.16533864541832669,0.05874026893135174,query_1,['MIRNA:000000']
MIRNA,MIRNA:hsa-mir-3658,hsa-mir-3658,7.044754548718836e-05,True,hsa-mir-3658,1494,502,82,16638,0.16334661354581673,0.05488621151271754,query_1,['MIRNA:000000']
MIRNA,MIRNA:hsa-mir-337-3p,hsa-mir-337-3p,6.105536167677383e-05,True,hsa-mir-337-3p,731,502,50,16638,0.099601593625498,0.06839945280437756,query_1,['MIRNA:000000']
MIRNA,MIRNA:hsa-mir-613,hsa-mir-613,3.659913574796282e-05,True,hsa-mir-613,1083,502,66,16638,0.13147410358565736,0.060941828254847646,query_1,['MIRNA:000000']
MIRNA,MIRNA:hsa-mir-548t,hsa-mir-548t,3.725062521936787e-05,True,hsa-mir-548t,1598,502,87,16638,0.17330677290836655,0.05444305381727159,query_1,['MIRNA:000000']
MIRNA,MIRNA:hsa-mir-4459,hsa-mir-4459,3.7710946405384796e-05,True,hsa-mir-4459,2576,502,124,16638,0.24701195219123506,0.04813664596273292,query_1,['MIRNA:000000']
MIRNA,MIRNA:hsa-mir-520a-3p,hsa-mir-520a-3p,4.206364628203807e-05,True,hsa-mir-520a-3p,1833,502,96,16638,0.19123505976095617,0.05237315875613748,query_1,['MIRNA:000000']
MIRNA,MIRNA:hsa-mir-1,hsa-mir-1,4.300539018897264e-05,True,hsa-mir-1,1064,502,65,16638,0.1294820717131474,0.06109022556390977,query_1,['MIRNA:000000']
MIRNA,MIRNA:hsa-mir-520d-3p,hsa-mir-520d-3p,4.3196894790167475e-05,True,hsa-mir-520d-3p,1834,502,96,16638,0.19123505976095617,0.05234460196292257,query_1,['MIRNA:000000']
MIRNA,MIRNA:hsa-mir-302e,hsa-mir-302e,4.3196894790167475e-05,True,hsa-mir-302e,1834,502,96,16638,0.19123505976095617,0.05234460196292257,query_1,['MIRNA:000000']
MIRNA,MIRNA:hsa-mir-140-3p,hsa-mir-140-3p,4.3538803799749134e-05,True,hsa-mir-140-3p,1329,502,76,16638,0.15139442231075698,0.05718585402558315,query_1,['MIRNA:000000']
MIRNA,MIRNA:hsa-mir-26a,hsa-mir-26a,4.406426600757096e-05,True,hsa-mir-26a,1478,502,82,16638,0.16334661354581673,0.05548037889039242,query_1,['MIRNA:000000']
MIRNA,MIRNA:hsa-mir-512-3p,hsa-mir-512-3p,6.389070695659034e-05,True,hsa-mir-512-3p,1541,502,84,16638,0.16733067729083664,0.054510058403634,query_1,['MIRNA:000000']
MIRNA,MIRNA:hsa-mir-26b,hsa-mir-26b,4.406426600757096e-05,True,hsa-mir-26b,1478,502,82,16638,0.16334661354581673,0.05548037889039242,query_1,['MIRNA:000000']
MIRNA,MIRNA:hsa-mir-152,hsa-mir-152,4.761090572624776e-05,True,hsa-mir-152,1186,502,70,16638,0.1394422310756972,0.05902192242833052,query_1,['MIRNA:000000']
MIRNA,MIRNA:hsa-mir-148a,hsa-mir-148a,4.761090572624776e-05,True,hsa-mir-148a,1186,502,70,16638,0.1394422310756972,0.05902192242833052,query_1,['MIRNA:000000']
MIRNA,MIRNA:hsa-mir-148b,hsa-mir-148b,4.761090572624776e-05,True,hsa-mir-148b,1186,502,70,16638,0.1394422310756972,0.05902192242833052,query_1,['MIRNA:000000']
MIRNA,MIRNA:hsa-mir-3714,hsa-mir-3714,4.9068875840036386e-05,True,hsa-mir-3714,1787,502,94,16638,0.18725099601593626,0.05260212646894236,query_1,['MIRNA:000000']
MIRNA,MIRNA:hsa-mir-520c-3p,hsa-mir-520c-3p,4.93145738514728e-05,True,hsa-mir-520c-3p,1839,502,96,16638,0.19123505976095617,0.052202283849918436,query_1,['MIRNA:000000']
MIRNA,MIRNA:hsa-mir-938,hsa-mir-938,5.0997653992298365e-05,True,hsa-mir-938,598,502,44,16638,0.08764940239043825,0.07357859531772576,query_1,['MIRNA:000000']
MIRNA,MIRNA:hsa-mir-1298,hsa-mir-1298,5.651614049078894e-05,True,hsa-mir-1298,818,502,54,16638,0.10756972111553785,0.06601466992665037,query_1,['MIRNA:000000']
MIRNA,MIRNA:hsa-mir-4729,hsa-mir-4729,5.7720409192164225e-05,True,hsa-mir-4729,1819,502,95,16638,0.1892430278884462,0.05222649807586586,query_1,['MIRNA:000000']
MIRNA,MIRNA:hsa-mir-4679,hsa-mir-4679,6.010933348543445e-05,True,hsa-mir-4679,1003,502,62,16638,0.12350597609561753,0.06181455633100698,query_1,['MIRNA:000000']
MIRNA,MIRNA:hsa-mir-520e,hsa-mir-520e,4.435927444032054e-05,True,hsa-mir-520e,1835,502,96,16638,0.19123505976095617,0.05231607629427793,query_1,['MIRNA:000000']
MIRNA,MIRNA:hsa-mir-124,hsa-mir-124,2.4984293909439117e-06,True,hsa-mir-124,1315,502,79,16638,0.15737051792828685,0.06007604562737642,query_1,['MIRNA:000000']
MIRNA,MIRNA:hsa-mir-506,hsa-mir-506,2.4984293909439117e-06,True,hsa-mir-506,1315,502,79,16638,0.15737051792828685,0.06007604562737642,query_1,['MIRNA:000000']
MIRNA,MIRNA:hsa-mir-3120-3p,hsa-mir-3120-3p,2.474786563929568e-06,True,hsa-mir-3120-3p,1834,502,100,16638,0.199203187250996,0.05452562704471101,query_1,['MIRNA:000000']
MIRNA,MIRNA:hsa-mir-181a,hsa-mir-181a,2.4726085284901768e-08,True,hsa-mir-181a,1664,502,99,16638,0.19721115537848605,0.059495192307692304,query_1,['MIRNA:000000']
MIRNA,MIRNA:hsa-mir-4262,hsa-mir-4262,2.4909935087020345e-08,True,hsa-mir-4262,1713,502,101,16638,0.20119521912350596,0.05896088733216579,query_1,['MIRNA:000000']
MIRNA,MIRNA:hsa-mir-124-3p,hsa-mir-124-3p,2.5171736889241172e-08,True,hsa-mir-124-3p,1378,502,87,16638,0.17330677290836655,0.06313497822931785,query_1,['MIRNA:000000']
MIRNA,MIRNA:hsa-mir-4328,hsa-mir-4328,2.540665878610221e-08,True,hsa-mir-4328,1812,502,105,16638,0.20916334661354583,0.057947019867549666,query_1,['MIRNA:000000']
MIRNA,MIRNA:hsa-mir-369-3p,hsa-mir-369-3p,2.9346326458540116e-08,True,hsa-mir-369-3p,1220,502,80,16638,0.1593625498007968,0.06557377049180328,query_1,['MIRNA:000000']
MIRNA,MIRNA:hsa-mir-590-3p,hsa-mir-590-3p,3.108250074907703e-08,True,hsa-mir-590-3p,2884,502,146,16638,0.2908366533864542,0.05062413314840499,query_1,['MIRNA:000000']
MIRNA,MIRNA:hsa-mir-3647-3p,hsa-mir-3647-3p,3.369379001609775e-08,True,hsa-mir-3647-3p,1673,502,99,16638,0.19721115537848605,0.05917513448894202,query_1,['MIRNA:000000']
MIRNA,MIRNA:hsa-mir-3942-3p,hsa-mir-3942-3p,3.8845353584449205e-08,True,hsa-mir-3942-3p,1508,502,92,16638,0.18326693227091634,0.0610079575596817,query_1,['MIRNA:000000']
MIRNA,MIRNA:hsa-mir-4470,hsa-mir-4470,4.0474824277135774e-08,True,hsa-mir-4470,1137,502,76,16638,0.15139442231075698,0.06684256816182937,query_1,['MIRNA:000000']
MIRNA,MIRNA:hsa-mir-4427,hsa-mir-4427,2.417432491295077e-08,True,hsa-mir-4427,1058,502,73,16638,0.1454183266932271,0.06899810964083176,query_1,['MIRNA:000000']
MIRNA,MIRNA:hsa-mir-655,hsa-mir-655,4.572729182630399e-08,True,hsa-mir-655,1231,502,80,16638,0.1593625498007968,0.06498781478472786,query_1,['MIRNA:000000']
MIRNA,MIRNA:hsa-mir-576-5p,hsa-mir-576-5p,4.739886356898163e-08,True,hsa-mir-576-5p,1278,502,82,16638,0.16334661354581673,0.06416275430359937,query_1,['MIRNA:000000']
MIRNA,MIRNA:hsa-mir-377,hsa-mir-377,5.5304494354307346e-08,True,hsa-mir-377,1566,502,94,16638,0.18725099601593626,0.06002554278416347,query_1,['MIRNA:000000']
MIRNA,MIRNA:hsa-mir-4511,hsa-mir-4511,5.667340809241788e-08,True,hsa-mir-4511,1011,502,70,16638,0.1394422310756972,0.06923837784371908,query_1,['MIRNA:000000']
MIRNA,MIRNA:hsa-mir-4263,hsa-mir-4263,5.793780231765731e-08,True,hsa-mir-4263,1260,502,81,16638,0.16135458167330677,0.06428571428571428,query_1,['MIRNA:000000']
MIRNA,MIRNA:hsa-mir-421,hsa-mir-421,6.113099948213808e-08,True,hsa-mir-421,1449,502,89,16638,0.17729083665338646,0.06142167011732229,query_1,['MIRNA:000000']
MIRNA,MIRNA:hsa-mir-3609,hsa-mir-3609,6.696295688685992e-08,True,hsa-mir-3609,1620,502,96,16638,0.19123505976095617,0.05925925925925926,query_1,['MIRNA:000000']
MIRNA,MIRNA:hsa-mir-34a,hsa-mir-34a,6.80484415443949e-08,True,hsa-mir-34a,1218,502,79,16638,0.15737051792828685,0.06486042692939245,query_1,['MIRNA:000000']
MIRNA,MIRNA:hsa-mir-449b,hsa-mir-449b,6.80484415443949e-08,True,hsa-mir-449b,1218,502,79,16638,0.15737051792828685,0.06486042692939245,query_1,['MIRNA:000000']
MIRNA,MIRNA:hsa-mir-524-5p,hsa-mir-524-5p,7.750831715864323e-08,True,hsa-mir-524-5p,2125,502,116,16638,0.23107569721115537,0.054588235294117646,query_1,['MIRNA:000000']
MIRNA,MIRNA:hsa-mir-374c,hsa-mir-374c,4.572729182630399e-08,True,hsa-mir-374c,1231,502,80,16638,0.1593625498007968,0.06498781478472786,query_1,['MIRNA:000000']
MIRNA,MIRNA:hsa-mir-520d-5p,hsa-mir-520d-5p,7.983969981586027e-08,True,hsa-mir-520d-5p,2126,502,116,16638,0.23107569721115537,0.05456255879586077,query_1,['MIRNA:000000']
MIRNA,MIRNA:hsa-mir-181c,hsa-mir-181c,2.3885652495118933e-08,True,hsa-mir-181c,1663,502,99,16638,0.19721115537848605,0.05953096812988575,query_1,['MIRNA:000000']
MIRNA,MIRNA:hsa-mir-181d,hsa-mir-181d,2.3885652495118933e-08,True,hsa-mir-181d,1663,502,99,16638,0.19721115537848605,0.05953096812988575,query_1,['MIRNA:000000']
MIRNA,MIRNA:hsa-mir-3662,hsa-mir-3662,8.405890504420103e-16,True,hsa-mir-3662,2296,502,144,16638,0.2868525896414343,0.0627177700348432,query_1,['MIRNA:000000']
MIRNA,MIRNA:hsa-mir-429,hsa-mir-429,4.766428793576368e-15,True,hsa-mir-429,1433,502,105,16638,0.20916334661354583,0.0732728541521284,query_1,['MIRNA:000000']
MIRNA,MIRNA:hsa-mir-200b,hsa-mir-200b,1.5924297286652875e-13,True,hsa-mir-200b,1395,502,100,16638,0.199203187250996,0.07168458781362007,query_1,['MIRNA:000000']
MIRNA,MIRNA:hsa-mir-200c,hsa-mir-200c,1.5924297286652875e-13,True,hsa-mir-200c,1395,502,100,16638,0.199203187250996,0.07168458781362007,query_1,['MIRNA:000000']
MIRNA,MIRNA:hsa-mir-3646,hsa-mir-3646,3.5629210305115115e-13,True,hsa-mir-3646,1942,502,123,16638,0.2450199203187251,0.06333676622039135,query_1,['MIRNA:000000']
MIRNA,MIRNA:hsa-mir-548c-3p,hsa-mir-548c-3p,4.4347447151887616e-13,True,hsa-mir-548c-3p,3219,502,173,16638,0.34462151394422313,0.05374339857098478,query_1,['MIRNA:000000']
MIRNA,MIRNA:hsa-mir-4422,hsa-mir-4422,3.325213026579869e-12,True,hsa-mir-4422,1506,502,102,16638,0.20318725099601595,0.06772908366533864,query_1,['MIRNA:000000']
MIRNA,MIRNA:hsa-mir-3163,hsa-mir-3163,9.01737458792614e-12,True,hsa-mir-3163,2553,502,144,16638,0.2868525896414343,0.0564042303172738,query_1,['MIRNA:000000']
MIRNA,MIRNA:hsa-mir-3148,hsa-mir-3148,1.2311371871801563e-11,True,hsa-mir-3148,2208,502,130,16638,0.2589641434262948,0.058876811594202896,query_1,['MIRNA:000000']
MIRNA,MIRNA:hsa-mir-181b,hsa-mir-181b,2.3885652495118933e-08,True,hsa-mir-181b,1663,502,99,16638,0.19721115537848605,0.05953096812988575,query_1,['MIRNA:000000']
MIRNA,MIRNA:hsa-mir-495,hsa-mir-495,2.7523650395919706e-10,True,hsa-mir-495,1732,502,107,16638,0.21314741035856574,0.0617782909930716,query_1,['MIRNA:000000']
MIRNA,MIRNA:hsa-mir-4282,hsa-mir-4282,7.166881385103799e-10,True,hsa-mir-4282,2254,502,127,16638,0.25298804780876494,0.05634427684117125,query_1,['MIRNA:000000']
MIRNA,MIRNA:hsa-mir-515-5p,hsa-mir-515-5p,1.5699377550077752e-09,True,hsa-mir-515-5p,1470,502,94,16638,0.18725099601593626,0.06394557823129252,query_1,['MIRNA:000000']
MIRNA,MIRNA:hsa-mir-186,hsa-mir-186,4.495434174310407e-09,True,hsa-mir-186,1640,502,100,16638,0.199203187250996,0.06097560975609756,query_1,['MIRNA:000000']
MIRNA,MIRNA:hsa-mir-3617,hsa-mir-3617,8.708462308685742e-09,True,hsa-mir-3617,1236,502,82,16638,0.16334661354581673,0.06634304207119741,query_1,['MIRNA:000000']
MIRNA,MIRNA:hsa-mir-466,hsa-mir-466,9.942923913903532e-09,True,hsa-mir-466,1566,502,96,16638,0.19123505976095617,0.06130268199233716,query_1,['MIRNA:000000']
MIRNA,MIRNA:hsa-mir-144,hsa-mir-144,1.3925407548091035e-08,True,hsa-mir-144,1480,502,92,16638,0.18326693227091634,0.062162162162162166,query_1,['MIRNA:000000']
MIRNA,MIRNA:hsa-mir-579,hsa-mir-579,1.3994432948333346e-08,True,hsa-mir-579,1943,502,111,16638,0.22111553784860558,0.057128152341739576,query_1,['MIRNA:000000']
MIRNA,MIRNA:hsa-mir-4789-3p,hsa-mir-4789-3p,1.5181994049048592e-08,True,hsa-mir-4789-3p,1650,502,99,16638,0.19721115537848605,0.06,query_1,['MIRNA:000000']
MIRNA,MIRNA:hsa-mir-410,hsa-mir-410,1.8516107005839365e-08,True,hsa-mir-410,1141,502,77,16638,0.15338645418326693,0.06748466257668712,query_1,['MIRNA:000000']
MIRNA,MIRNA:hsa-mir-641,hsa-mir-641,5.74782919986162e-10,True,hsa-mir-641,1285,502,87,16638,0.17330677290836655,0.06770428015564202,query_1,['MIRNA:000000']
MIRNA,MIRNA:hsa-mir-514b-5p,hsa-mir-514b-5p,0.0001241769591994089,True,hsa-mir-514b-5p,1167,502,68,16638,0.13545816733067728,0.05826906598114824,query_1,['MIRNA:000000']
MIRNA,MIRNA:hsa-mir-4668-5p,hsa-mir-4668-5p,9.01038441953825e-08,True,hsa-mir-4668-5p,1977,502,110,16638,0.21912350597609562,0.0556398583712696,query_1,['MIRNA:000000']
MIRNA,MIRNA:hsa-mir-628-5p,hsa-mir-628-5p,1.0830769940153496e-07,True,hsa-mir-628-5p,788,502,59,16638,0.11752988047808766,0.07487309644670051,query_1,['MIRNA:000000']
MIRNA,MIRNA:hsa-mir-93,hsa-mir-93,4.67141561572138e-07,True,hsa-mir-93,1981,502,108,16638,0.2151394422310757,0.05451792024230187,query_1,['MIRNA:000000']
MIRNA,MIRNA:hsa-mir-449a,hsa-mir-449a,5.085127770042566e-07,True,hsa-mir-449a,1247,502,78,16638,0.1553784860557769,0.06255012028869286,query_1,['MIRNA:000000']
MIRNA,MIRNA:hsa-mir-21-5p,hsa-mir-21-5p,6.333970774181077e-07,True,hsa-mir-21-5p,576,502,47,16638,0.09362549800796813,0.08159722222222222,query_1,['MIRNA:000000']
MIRNA,MIRNA:hsa-mir-3915,hsa-mir-3915,6.355657727911195e-07,True,hsa-mir-3915,1183,502,75,16638,0.14940239043824702,0.06339814032121724,query_1,['MIRNA:000000']
MIRNA,MIRNA:hsa-mir-4775,hsa-mir-4775,6.662811308190867e-07,True,hsa-mir-4775,2706,502,135,16638,0.2689243027888446,0.04988913525498891,query_1,['MIRNA:000000']
MIRNA,MIRNA:hsa-mir-3978,hsa-mir-3978,7.126038586522065e-07,True,hsa-mir-3978,1471,502,87,16638,0.17330677290836655,0.05914343983684568,query_1,['MIRNA:000000']
MIRNA,MIRNA:hsa-mir-4652-3p,hsa-mir-4652-3p,7.332490310828883e-07,True,hsa-mir-4652-3p,1594,502,92,16638,0.18326693227091634,0.05771643663739021,query_1,['MIRNA:000000']
MIRNA,MIRNA:hsa-mir-607,hsa-mir-607,7.35600355348784e-07,True,hsa-mir-607,2230,502,117,16638,0.23306772908366533,0.05246636771300448,query_1,['MIRNA:000000']
MIRNA,MIRNA:hsa-mir-3117-5p,hsa-mir-3117-5p,7.486496997392594e-07,True,hsa-mir-3117-5p,1141,502,73,16638,0.1454183266932271,0.06397896581945661,query_1,['MIRNA:000000']
MIRNA,MIRNA:hsa-mir-519d,hsa-mir-519d,4.67141561572138e-07,True,hsa-mir-519d,1981,502,108,16638,0.2151394422310757,0.05451792024230187,query_1,['MIRNA:000000']
MIRNA,MIRNA:hsa-mir-548n,hsa-mir-548n,8.804917748338085e-07,True,hsa-mir-548n,1774,502,99,16638,0.19721115537848605,0.05580608793686584,query_1,['MIRNA:000000']
MIRNA,MIRNA:hsa-mir-330-3p,hsa-mir-330-3p,1.1819269998416016e-06,True,hsa-mir-330-3p,1535,502,89,16638,0.17729083665338646,0.057980456026058634,query_1,['MIRNA:000000']
MIRNA,MIRNA:hsa-mir-25,hsa-mir-25,1.413695613048212e-06,True,hsa-mir-25,1275,502,78,16638,0.1553784860557769,0.0611764705882353,query_1,['MIRNA:000000']
MIRNA,MIRNA:hsa-mir-92a,hsa-mir-92a,1.413695613048212e-06,True,hsa-mir-92a,1275,502,78,16638,0.1553784860557769,0.0611764705882353,query_1,['MIRNA:000000']
MIRNA,MIRNA:hsa-mir-92b,hsa-mir-92b,1.413695613048212e-06,True,hsa-mir-92b,1275,502,78,16638,0.1553784860557769,0.0611764705882353,query_1,['MIRNA:000000']
MIRNA,MIRNA:hsa-mir-32,hsa-mir-32,1.413695613048212e-06,True,hsa-mir-32,1275,502,78,16638,0.1553784860557769,0.0611764705882353,query_1,['MIRNA:000000']
MIRNA,MIRNA:hsa-mir-367,hsa-mir-367,1.413695613048212e-06,True,hsa-mir-367,1275,502,78,16638,0.1553784860557769,0.0611764705882353,query_1,['MIRNA:000000']
MIRNA,MIRNA:hsa-mir-363,hsa-mir-363,1.413695613048212e-06,True,hsa-mir-363,1275,502,78,16638,0.1553784860557769,0.0611764705882353,query_1,['MIRNA:000000']
MIRNA,MIRNA:hsa-mir-3065-5p,hsa-mir-3065-5p,1.4610984378586763e-06,True,hsa-mir-3065-5p,1517,502,88,16638,0.1752988047808765,0.05800922874093606,query_1,['MIRNA:000000']
MIRNA,MIRNA:hsa-mir-3942-5p,hsa-mir-3942-5p,2.4291034245826883e-06,True,hsa-mir-3942-5p,943,502,63,16638,0.1254980079681275,0.06680805938494168,query_1,['MIRNA:000000']
MIRNA,MIRNA:hsa-mir-4666-3p,hsa-mir-4666-3p,9.220179532125059e-07,True,hsa-mir-4666-3p,1503,502,88,16638,0.1752988047808765,0.05854956753160346,query_1,['MIRNA:000000']
MIRNA,MIRNA:hsa-mir-4672,hsa-mir-4672,9.425427357526013e-08,True,hsa-mir-4672,1533,502,92,16638,0.18326693227091634,0.060013046314416174,query_1,['MIRNA:000000']
MIRNA,MIRNA:hsa-mir-20b,hsa-mir-20b,4.67141561572138e-07,True,hsa-mir-20b,1981,502,108,16638,0.2151394422310757,0.05451792024230187,query_1,['MIRNA:000000']
MIRNA,MIRNA:hsa-mir-106b,hsa-mir-106b,4.67141561572138e-07,True,hsa-mir-106b,1981,502,108,16638,0.2151394422310757,0.05451792024230187,query_1,['MIRNA:000000']
MIRNA,MIRNA:hsa-mir-4668-3p,hsa-mir-4668-3p,1.0876391716706801e-07,True,hsa-mir-4668-3p,1513,502,91,16638,0.18127490039840638,0.06014540647719762,query_1,['MIRNA:000000']
MIRNA,MIRNA:hsa-mir-548ah,hsa-mir-548ah,1.1664616296746915e-07,True,hsa-mir-548ah,1515,502,91,16638,0.18127490039840638,0.06006600660066007,query_1,['MIRNA:000000']
MIRNA,MIRNA:hsa-mir-3160-5p,hsa-mir-3160-5p,1.1815415445950009e-07,True,hsa-mir-3160-5p,1095,502,73,16638,0.1454183266932271,0.06666666666666667,query_1,['MIRNA:000000']
MIRNA,MIRNA:hsa-mir-570,hsa-mir-570,1.3370803034467168e-07,True,hsa-mir-570,1914,502,107,16638,0.21314741035856574,0.05590386624869383,query_1,['MIRNA:000000']
MIRNA,MIRNA:hsa-mir-34c-5p,hsa-mir-34c-5p,1.5376077266511355e-07,True,hsa-mir-34c-5p,1262,502,80,16638,0.1593625498007968,0.06339144215530904,query_1,['MIRNA:000000']
MIRNA,MIRNA:hsa-mir-141,hsa-mir-141,1.6018206322767546e-07,True,hsa-mir-141,1500,502,90,16638,0.17928286852589642,0.06,query_1,['MIRNA:000000']
MIRNA,MIRNA:hsa-mir-200a,hsa-mir-200a,1.6018206322767546e-07,True,hsa-mir-200a,1500,502,90,16638,0.17928286852589642,0.06,query_1,['MIRNA:000000']
MIRNA,MIRNA:hsa-mir-1271,hsa-mir-1271,1.831467007420153e-07,True,hsa-mir-1271,1083,502,72,16638,0.14342629482071714,0.0664819944598338,query_1,['MIRNA:000000']
MIRNA,MIRNA:hsa-mir-96,hsa-mir-96,1.831467007420153e-07,True,hsa-mir-96,1083,502,72,16638,0.14342629482071714,0.0664819944598338,query_1,['MIRNA:000000']
MIRNA,MIRNA:hsa-mir-17,hsa-mir-17,4.67141561572138e-07,True,hsa-mir-17,1981,502,108,16638,0.2151394422310757,0.05451792024230187,query_1,['MIRNA:000000']
MIRNA,MIRNA:hsa-mir-4272,hsa-mir-4272,1.9588989533509034e-07,True,hsa-mir-4272,1130,502,74,16638,0.14741035856573706,0.06548672566371681,query_1,['MIRNA:000000']
MIRNA,MIRNA:hsa-mir-29c,hsa-mir-29c,2.211619117774968e-07,True,hsa-mir-29c,1065,502,71,16638,0.14143426294820718,0.06666666666666667,query_1,['MIRNA:000000']
MIRNA,MIRNA:hsa-mir-29b,hsa-mir-29b,2.211619117774968e-07,True,hsa-mir-29b,1065,502,71,16638,0.14143426294820718,0.06666666666666667,query_1,['MIRNA:000000']
MIRNA,MIRNA:hsa-mir-29a,hsa-mir-29a,2.211619117774968e-07,True,hsa-mir-29a,1065,502,71,16638,0.14143426294820718,0.06666666666666667,query_1,['MIRNA:000000']
MIRNA,MIRNA:hsa-mir-1252,hsa-mir-1252,3.118488200458286e-07,True,hsa-mir-1252,1471,502,88,16638,0.1752988047808765,0.05982324949014276,query_1,['MIRNA:000000']
MIRNA,MIRNA:hsa-mir-944,hsa-mir-944,3.2072683730870857e-07,True,hsa-mir-944,1376,502,84,16638,0.16733067729083664,0.061046511627906974,query_1,['MIRNA:000000']
MIRNA,MIRNA:hsa-mir-3941,hsa-mir-3941,3.2664792641965117e-07,True,hsa-mir-3941,1767,502,100,16638,0.199203187250996,0.056593095642331635,query_1,['MIRNA:000000']
MIRNA,MIRNA:hsa-mir-4698,hsa-mir-4698,3.2689962944886894e-07,True,hsa-mir-4698,2020,502,110,16638,0.21912350597609562,0.054455445544554455,query_1,['MIRNA:000000']
MIRNA,MIRNA:hsa-mir-20a,hsa-mir-20a,4.67141561572138e-07,True,hsa-mir-20a,1981,502,108,16638,0.2151394422310757,0.05451792024230187,query_1,['MIRNA:000000']
MIRNA,MIRNA:hsa-mir-106a,hsa-mir-106a,4.67141561572138e-07,True,hsa-mir-106a,1981,502,108,16638,0.2151394422310757,0.05451792024230187,query_1,['MIRNA:000000']
MIRNA,MIRNA:hsa-mir-3910,hsa-mir-3910,2.1369495027180886e-07,True,hsa-mir-3910,1201,502,77,16638,0.15338645418326693,0.06411323896752706,query_1,['MIRNA:000000']
MIRNA,MIRNA:hsa-mir-4521,hsa-mir-4521,0.00013383491717623464,True,hsa-mir-4521,640,502,45,16638,0.08964143426294821,0.0703125,query_1,['MIRNA:000000']
MIRNA,MIRNA:hsa-mir-592,hsa-mir-592,0.04997930841717447,True,hsa-mir-592,610,502,37,16638,0.07370517928286853,0.060655737704918035,query_1,['MIRNA:000000']
MIRNA,MIRNA:hsa-mir-3660,hsa-mir-3660,0.00014086774448586752,True,hsa-mir-3660,887,502,56,16638,0.11155378486055777,0.06313416009019165,query_1,['MIRNA:000000']
MIRNA,MIRNA:hsa-mir-605,hsa-mir-605,0.00041632503382034333,True,hsa-mir-605,824,502,52,16638,0.10358565737051793,0.06310679611650485,query_1,['MIRNA:000000']
MIRNA,MIRNA:hsa-mir-205,hsa-mir-205,0.0004227130998401299,True,hsa-mir-205,1060,502,62,16638,0.12350597609561753,0.05849056603773585,query_1,['MIRNA:000000']
MIRNA,MIRNA:hsa-mir-203,hsa-mir-203,0.00043021319854923194,True,hsa-mir-203,1508,502,80,16638,0.1593625498007968,0.05305039787798409,query_1,['MIRNA:000000']
MIRNA,MIRNA:hsa-mir-302a,hsa-mir-302a,0.00044403516966055607,True,hsa-mir-302a,1612,502,84,16638,0.16733067729083664,0.052109181141439205,query_1,['MIRNA:000000']
MIRNA,MIRNA:hsa-mir-302c,hsa-mir-302c,0.00044403516966055607,True,hsa-mir-302c,1612,502,84,16638,0.16733067729083664,0.052109181141439205,query_1,['MIRNA:000000']
MIRNA,MIRNA:hsa-mir-372,hsa-mir-372,0.00044403516966055607,True,hsa-mir-372,1612,502,84,16638,0.16733067729083664,0.052109181141439205,query_1,['MIRNA:000000']
MIRNA,MIRNA:hsa-mir-302d,hsa-mir-302d,0.00044403516966055607,True,hsa-mir-302d,1612,502,84,16638,0.16733067729083664,0.052109181141439205,query_1,['MIRNA:000000']
MIRNA,MIRNA:hsa-mir-422a,hsa-mir-422a,0.0004161254686950798,True,hsa-mir-422a,733,502,48,16638,0.09561752988047809,0.06548431105047749,query_1,['MIRNA:000000']
MIRNA,MIRNA:hsa-mir-373,hsa-mir-373,0.00044403516966055607,True,hsa-mir-373,1612,502,84,16638,0.16733067729083664,0.052109181141439205,query_1,['MIRNA:000000']
MIRNA,MIRNA:hsa-mir-2052,hsa-mir-2052,0.0004489228403389687,True,hsa-mir-2052,1159,502,66,16638,0.13147410358565736,0.056945642795513375,query_1,['MIRNA:000000']
MIRNA,MIRNA:hsa-mir-143,hsa-mir-143,0.00045489425024287727,True,hsa-mir-143,1135,502,65,16638,0.1294820717131474,0.05726872246696035,query_1,['MIRNA:000000']
MIRNA,MIRNA:hsa-mir-767-5p,hsa-mir-767-5p,0.00045489425024287727,True,hsa-mir-767-5p,1135,502,65,16638,0.1294820717131474,0.05726872246696035,query_1,['MIRNA:000000']
MIRNA,MIRNA:hsa-mir-4662a-3p,hsa-mir-4662a-3p,0.0004843504512106971,True,hsa-mir-4662a-3p,692,502,46,16638,0.09163346613545817,0.06647398843930635,query_1,['MIRNA:000000']
MIRNA,MIRNA:hsa-mir-3688-5p,hsa-mir-3688-5p,0.0004986254596804084,True,hsa-mir-3688-5p,852,502,53,16638,0.10557768924302789,0.062206572769953054,query_1,['MIRNA:000000']
MIRNA,MIRNA:hsa-mir-583,hsa-mir-583,0.00013848133395585784,True,hsa-mir-583,1268,502,72,16638,0.14342629482071714,0.056782334384858045,query_1,['MIRNA:000000']
MIRNA,MIRNA:hsa-mir-548b-3p,hsa-mir-548b-3p,0.0005203265268344174,True,hsa-mir-548b-3p,807,502,51,16638,0.10159362549800798,0.06319702602230483,query_1,['MIRNA:000000']
MIRNA,MIRNA:hsa-mir-302b,hsa-mir-302b,0.00044403516966055607,True,hsa-mir-302b,1612,502,84,16638,0.16733067729083664,0.052109181141439205,query_1,['MIRNA:000000']
MIRNA,MIRNA:hsa-mir-23b,hsa-mir-23b,0.0005212293232930099,True,hsa-mir-23b,1801,502,91,16638,0.18127490039840638,0.05052748473070516,query_1,['MIRNA:000000']
MIRNA,MIRNA:hsa-mir-4670-3p,hsa-mir-4670-3p,0.0004102381918631064,True,hsa-mir-4670-3p,940,502,57,16638,0.11354581673306773,0.06063829787234042,query_1,['MIRNA:000000']
MIRNA,MIRNA:hsa-mir-153,hsa-mir-153,0.0003842644027729845,True,hsa-mir-153,731,502,48,16638,0.09561752988047809,0.06566347469220246,query_1,['MIRNA:000000']
MIRNA,MIRNA:hsa-mir-4795-3p,hsa-mir-4795-3p,0.0002715993584819512,True,hsa-mir-4795-3p,1340,502,74,16638,0.14741035856573706,0.05522388059701493,query_1,['MIRNA:000000']
MIRNA,MIRNA:hsa-mir-4637,hsa-mir-4637,0.0002790752458092377,True,hsa-mir-4637,406,502,33,16638,0.06573705179282868,0.0812807881773399,query_1,['MIRNA:000000']
MIRNA,MIRNA:hsa-mir-323b-3p,hsa-mir-323b-3p,0.0002812227939625988,True,hsa-mir-323b-3p,701,502,47,16638,0.09362549800796813,0.06704707560627675,query_1,['MIRNA:000000']
MIRNA,MIRNA:hsa-mir-448,hsa-mir-448,0.00030655175956369277,True,hsa-mir-448,885,502,55,16638,0.10956175298804781,0.062146892655367235,query_1,['MIRNA:000000']
MIRNA,MIRNA:hsa-mir-3161,hsa-mir-3161,0.00031826446612784944,True,hsa-mir-3161,704,502,47,16638,0.09362549800796813,0.06676136363636363,query_1,['MIRNA:000000']
MIRNA,MIRNA:hsa-mir-3973,hsa-mir-3973,0.00032153803153062816,True,hsa-mir-3973,1396,502,76,16638,0.15139442231075698,0.054441260744985676,query_1,['MIRNA:000000']
MIRNA,MIRNA:hsa-mir-145,hsa-mir-145,0.0003247496066434807,True,hsa-mir-145,1173,502,67,16638,0.13346613545816732,0.05711849957374254,query_1,['MIRNA:000000']
MIRNA,MIRNA:hsa-mir-1244,hsa-mir-1244,0.00039643154696867444,True,hsa-mir-1244,578,502,41,16638,0.08167330677290836,0.07093425605536333,query_1,['MIRNA:000000']
MIRNA,MIRNA:hsa-mir-380,hsa-mir-380,0.00032955992946485024,True,hsa-mir-380,887,502,55,16638,0.10956175298804781,0.06200676437429538,query_1,['MIRNA:000000']
MIRNA,MIRNA:hsa-mir-4526,hsa-mir-4526,0.0003416650307351612,True,hsa-mir-4526,888,502,55,16638,0.10956175298804781,0.061936936936936936,query_1,['MIRNA:000000']
MIRNA,MIRNA:hsa-mir-3591-3p,hsa-mir-3591-3p,0.00036241389823548845,True,hsa-mir-3591-3p,960,502,58,16638,0.11553784860557768,0.06041666666666667,query_1,['MIRNA:000000']
MIRNA,MIRNA:hsa-mir-4495,hsa-mir-4495,0.0003693296894910622,True,hsa-mir-4495,1251,502,70,16638,0.1394422310756972,0.055955235811350916,query_1,['MIRNA:000000']
MIRNA,MIRNA:hsa-mir-1208,hsa-mir-1208,0.0003731400303318688,True,hsa-mir-1208,1301,502,72,16638,0.14342629482071714,0.05534204458109147,query_1,['MIRNA:000000']
MIRNA,MIRNA:hsa-mir-23c,hsa-mir-23c,0.00038213207273885366,True,hsa-mir-23c,1841,502,93,16638,0.1852589641434263,0.050516023900054316,query_1,['MIRNA:000000']
MIRNA,MIRNA:hsa-mir-215,hsa-mir-215,0.0003841007327729881,True,hsa-mir-215,493,502,37,16638,0.07370517928286853,0.07505070993914807,query_1,['MIRNA:000000']
MIRNA,MIRNA:hsa-mir-192,hsa-mir-192,0.0003841007327729881,True,hsa-mir-192,493,502,37,16638,0.07370517928286853,0.07505070993914807,query_1,['MIRNA:000000']
MIRNA,MIRNA:hsa-mir-4790-3p,hsa-mir-4790-3p,0.00033979885282381904,True,hsa-mir-4790-3p,773,502,50,16638,0.099601593625498,0.0646830530401035,query_1,['MIRNA:000000']
MIRNA,MIRNA:hsa-mir-23a,hsa-mir-23a,0.0005212293232930099,True,hsa-mir-23a,1801,502,91,16638,0.18127490039840638,0.05052748473070516,query_1,['MIRNA:000000']
MIRNA,MIRNA:hsa-mir-4774-3p,hsa-mir-4774-3p,0.000553116128390817,True,hsa-mir-4774-3p,673,502,45,16638,0.08964143426294821,0.06686478454680535,query_1,['MIRNA:000000']
MIRNA,MIRNA:hsa-mir-17-5p,hsa-mir-17-5p,0.0005549945805858144,True,hsa-mir-17-5p,1117,502,64,16638,0.12749003984063745,0.05729632945389436,query_1,['MIRNA:000000']
MIRNA,MIRNA:hsa-mir-4477a,hsa-mir-4477a,0.0008552393677645095,True,hsa-mir-4477a,1330,502,72,16638,0.14342629482071714,0.05413533834586466,query_1,['MIRNA:000000']
MIRNA,MIRNA:hsa-mir-1245b-3p,hsa-mir-1245b-3p,0.0008779804442932122,True,hsa-mir-1245b-3p,1083,502,62,16638,0.12350597609561753,0.057248384118190214,query_1,['MIRNA:000000']
MIRNA,MIRNA:hsa-mir-1297,hsa-mir-1297,0.0008783272419742497,True,hsa-mir-1297,1535,502,80,16638,0.1593625498007968,0.05211726384364821,query_1,['MIRNA:000000']
MIRNA,MIRNA:hsa-mir-3614-5p,hsa-mir-3614-5p,0.0008927586925669531,True,hsa-mir-3614-5p,1433,502,76,16638,0.15139442231075698,0.05303558967201675,query_1,['MIRNA:000000']
MIRNA,MIRNA:hsa-mir-4465,hsa-mir-4465,0.0009013818224553209,True,hsa-mir-4465,1536,502,80,16638,0.1593625498007968,0.052083333333333336,query_1,['MIRNA:000000']
MIRNA,MIRNA:hsa-mir-4436b-3p,hsa-mir-4436b-3p,0.0009250072935659464,True,hsa-mir-4436b-3p,1537,502,80,16638,0.1593625498007968,0.05204944697462589,query_1,['MIRNA:000000']
MIRNA,MIRNA:hsa-mir-378c,hsa-mir-378c,0.0009307882659535256,True,hsa-mir-378c,731,502,47,16638,0.09362549800796813,0.06429548563611491,query_1,['MIRNA:000000']
MIRNA,MIRNA:hsa-mir-4435,hsa-mir-4435,0.0008417767747710303,True,hsa-mir-4435,1611,502,83,16638,0.16533864541832669,0.051520794537554315,query_1,['MIRNA:000000']
MIRNA,MIRNA:hsa-mir-4279,hsa-mir-4279,0.0009396954437953885,True,hsa-mir-4279,1932,502,95,16638,0.1892430278884462,0.04917184265010352,query_1,['MIRNA:000000']
MIRNA,MIRNA:hsa-mir-1257,hsa-mir-1257,0.0009462179305967694,True,hsa-mir-1257,870,502,53,16638,0.10557768924302789,0.06091954022988506,query_1,['MIRNA:000000']
MIRNA,MIRNA:hsa-mir-3673,hsa-mir-3673,0.000981849415194298,True,hsa-mir-3673,1038,502,60,16638,0.11952191235059761,0.057803468208092484,query_1,['MIRNA:000000']
MIRNA,MIRNA:hsa-mir-4796-3p,hsa-mir-4796-3p,0.0010074861406140865,True,hsa-mir-4796-3p,1412,502,75,16638,0.14940239043824702,0.05311614730878187,query_1,['MIRNA:000000']
MIRNA,MIRNA:hsa-mir-489,hsa-mir-489,0.0010078795690595145,True,hsa-mir-489,919,502,55,16638,0.10956175298804781,0.05984766050054407,query_1,['MIRNA:000000']
MIRNA,MIRNA:hsa-mir-137,hsa-mir-137,0.001078180875086489,True,hsa-mir-137,921,502,55,16638,0.10956175298804781,0.05971769815418024,query_1,['MIRNA:000000']
MIRNA,MIRNA:hsa-mir-629,hsa-mir-629,0.0010880563964867712,True,hsa-mir-629,804,502,50,16638,0.099601593625498,0.06218905472636816,query_1,['MIRNA:000000']
MIRNA,MIRNA:hsa-mir-4753-3p,hsa-mir-4753-3p,0.001143106823973794,True,hsa-mir-4753-3p,1728,502,87,16638,0.17330677290836655,0.050347222222222224,query_1,['MIRNA:000000']
MIRNA,MIRNA:hsa-mir-29b-3p,hsa-mir-29b-3p,0.0009454784272337817,True,hsa-mir-29b-3p,237,502,23,16638,0.045816733067729085,0.0970464135021097,query_1,['MIRNA:000000']
MIRNA,MIRNA:hsa-mir-378b,hsa-mir-378b,0.0007975381479959581,True,hsa-mir-378b,727,502,47,16638,0.09362549800796813,0.06464924346629987,query_1,['MIRNA:000000']
MIRNA,MIRNA:hsa-mir-378d,hsa-mir-378d,0.0007975381479959581,True,hsa-mir-378d,727,502,47,16638,0.09362549800796813,0.06464924346629987,query_1,['MIRNA:000000']
MIRNA,MIRNA:hsa-mir-548a-3p,hsa-mir-548a-3p,0.0007802735118248981,True,hsa-mir-548a-3p,1634,502,84,16638,0.16733067729083664,0.051407588739290085,query_1,['MIRNA:000000']
MIRNA,MIRNA:hsa-mir-4270,hsa-mir-4270,0.0005551285754346443,True,hsa-mir-4270,1751,502,89,16638,0.17729083665338646,0.0508280982295831,query_1,['MIRNA:000000']
MIRNA,MIRNA:hsa-mir-4441,hsa-mir-4441,0.0005551285754346443,True,hsa-mir-4441,1751,502,89,16638,0.17729083665338646,0.0508280982295831,query_1,['MIRNA:000000']
MIRNA,MIRNA:hsa-mir-543,hsa-mir-543,0.0005559368872868415,True,hsa-mir-543,1569,502,82,16638,0.16334661354581673,0.052262587635436585,query_1,['MIRNA:000000']
MIRNA,MIRNA:hsa-mir-510,hsa-mir-510,0.0005564813843782359,True,hsa-mir-510,1166,502,66,16638,0.13147410358565736,0.05660377358490566,query_1,['MIRNA:000000']
MIRNA,MIRNA:hsa-mir-555,hsa-mir-555,0.04997930841717447,True,hsa-mir-555,610,502,37,16638,0.07370517928286853,0.060655737704918035,query_1,['MIRNA:000000']
MIRNA,MIRNA:hsa-mir-194,hsa-mir-194,0.0005832112033307965,True,hsa-mir-194,974,502,58,16638,0.11553784860557768,0.059548254620123205,query_1,['MIRNA:000000']
MIRNA,MIRNA:hsa-mir-568,hsa-mir-568,0.0006036894810334752,True,hsa-mir-568,811,502,51,16638,0.10159362549800798,0.06288532675709001,query_1,['MIRNA:000000']
MIRNA,MIRNA:hsa-mir-3121-3p,hsa-mir-3121-3p,0.00062491785645764,True,hsa-mir-3121-3p,1344,502,73,16638,0.1454183266932271,0.05431547619047619,query_1,['MIRNA:000000']
MIRNA,MIRNA:hsa-mir-105,hsa-mir-105,0.000682905923763346,True,hsa-mir-105,1322,502,72,16638,0.14342629482071714,0.05446293494704992,query_1,['MIRNA:000000']
MIRNA,MIRNA:hsa-mir-548e,hsa-mir-548e,0.0006990357771691794,True,hsa-mir-548e,1552,502,81,16638,0.16135458167330677,0.05219072164948454,query_1,['MIRNA:000000']
MIRNA,MIRNA:hsa-mir-548f,hsa-mir-548f,0.0006990357771691794,True,hsa-mir-548f,1552,502,81,16638,0.16135458167330677,0.05219072164948454,query_1,['MIRNA:000000']
MIRNA,MIRNA:hsa-mir-3153,hsa-mir-3153,0.0007183078462930402,True,hsa-mir-3153,1709,502,87,16638,0.17330677290836655,0.05090696313633704,query_1,['MIRNA:000000']
MIRNA,MIRNA:hsa-mir-378f,hsa-mir-378f,0.0007671371379812796,True,hsa-mir-378f,726,502,47,16638,0.09362549800796813,0.06473829201101929,query_1,['MIRNA:000000']
MIRNA,MIRNA:hsa-mir-378i,hsa-mir-378i,0.0007671371379812796,True,hsa-mir-378i,726,502,47,16638,0.09362549800796813,0.06473829201101929,query_1,['MIRNA:000000']
MIRNA,MIRNA:hsa-mir-378h,hsa-mir-378h,0.0007671371379812796,True,hsa-mir-378h,726,502,47,16638,0.09362549800796813,0.06473829201101929,query_1,['MIRNA:000000']
MIRNA,MIRNA:hsa-mir-378e,hsa-mir-378e,0.0007671371379812796,True,hsa-mir-378e,726,502,47,16638,0.09362549800796813,0.06473829201101929,query_1,['MIRNA:000000']
MIRNA,MIRNA:hsa-mir-2681,hsa-mir-2681,0.0007793058811313173,True,hsa-mir-2681,637,502,43,16638,0.08565737051792828,0.06750392464678179,query_1,['MIRNA:000000']
MIRNA,MIRNA:hsa-mir-3675-3p,hsa-mir-3675-3p,0.00026548243713367517,True,hsa-mir-3675-3p,1022,502,61,16638,0.12151394422310757,0.05968688845401174,query_1,['MIRNA:000000']
MIRNA,MIRNA:hsa-mir-4287,hsa-mir-4287,0.00024456855673463227,True,hsa-mir-4287,1262,502,71,16638,0.14143426294820718,0.056259904912836764,query_1,['MIRNA:000000']
MIRNA,MIRNA:hsa-mir-3914,hsa-mir-3914,0.0005112113179756471,True,hsa-mir-3914,649,502,44,16638,0.08764940239043825,0.06779661016949153,query_1,['MIRNA:000000']
MIRNA,MIRNA:hsa-mir-4528,hsa-mir-4528,0.00015663597339000406,True,hsa-mir-4528,1054,502,63,16638,0.1254980079681275,0.05977229601518026,query_1,['MIRNA:000000']
MIRNA,MIRNA:hsa-mir-1273f,hsa-mir-1273f,0.00021185785072875098,True,hsa-mir-1273f,1533,502,82,16638,0.16334661354581673,0.05348988910632746,query_1,['MIRNA:000000']
MIRNA,MIRNA:hsa-mir-3607-5p,hsa-mir-3607-5p,0.0001557352258880896,True,hsa-mir-3607-5p,821,502,53,16638,0.10557768924302789,0.06455542021924482,query_1,['MIRNA:000000']
MIRNA,MIRNA:hsa-mir-3685,hsa-mir-3685,0.00015892987624637733,True,hsa-mir-3685,1007,502,61,16638,0.12151394422310757,0.0605759682224429,query_1,['MIRNA:000000']
MIRNA,MIRNA:hsa-mir-340,hsa-mir-340,0.00021135948335581256,True,hsa-mir-340,1584,502,84,16638,0.16733067729083664,0.05303030303030303,query_1,['MIRNA:000000']
MIRNA,MIRNA:hsa-mir-150,hsa-mir-150,0.00020794330355742183,True,hsa-mir-150,1869,502,95,16638,0.1892430278884462,0.05082932049224184,query_1,['MIRNA:000000']
MIRNA,MIRNA:hsa-mir-320b,hsa-mir-320b,0.00020298874949158696,True,hsa-mir-320b,1355,502,75,16638,0.14940239043824702,0.055350553505535055,query_1,['MIRNA:000000']
MIRNA,MIRNA:hsa-mir-329,hsa-mir-329,0.00017046662434853284,True,hsa-mir-329,1374,502,76,16638,0.15139442231075698,0.055312954876273655,query_1,['MIRNA:000000']
MIRNA,MIRNA:hsa-mir-497,hsa-mir-497,0.00019415058804359996,True,hsa-mir-497,2025,502,101,16638,0.20119521912350596,0.04987654320987654,query_1,['MIRNA:000000']
MIRNA,MIRNA:hsa-mir-4735-5p,hsa-mir-4735-5p,0.00022510277053764118,True,hsa-mir-4735-5p,1612,502,85,16638,0.1693227091633466,0.05272952853598015,query_1,['MIRNA:000000']
MIRNA,MIRNA:hsa-mir-3143,hsa-mir-3143,0.00022742409443520537,True,hsa-mir-3143,1409,502,77,16638,0.15338645418326693,0.054648687012065295,query_1,['MIRNA:000000']
MIRNA,MIRNA:hsa-mir-4799-5p,hsa-mir-4799-5p,0.0001716283332738897,True,hsa-mir-4799-5p,1275,502,72,16638,0.14342629482071714,0.05647058823529412,query_1,['MIRNA:000000']
MIRNA,MIRNA:hsa-mir-498,hsa-mir-498,0.0001769589927133506,True,hsa-mir-498,1732,502,90,16638,0.17928286852589642,0.05196304849884527,query_1,['MIRNA:000000']
MIRNA,MIRNA:hsa-mir-195,hsa-mir-195,0.00019415058804359996,True,hsa-mir-195,2025,502,101,16638,0.20119521912350596,0.04987654320987654,query_1,['MIRNA:000000']
MIRNA,MIRNA:hsa-mir-1266,hsa-mir-1266,0.00017774542093399698,True,hsa-mir-1266,1227,502,70,16638,0.1394422310756972,0.05704971475142624,query_1,['MIRNA:000000']
MIRNA,MIRNA:hsa-mir-642b,hsa-mir-642b,0.00018835666245746615,True,hsa-mir-642b,1478,502,80,16638,0.1593625498007968,0.05412719891745602,query_1,['MIRNA:000000']
MIRNA,MIRNA:hsa-mir-4685-3p,hsa-mir-4685-3p,0.0002372788268928944,True,hsa-mir-4685-3p,1261,502,71,16638,0.14143426294820718,0.056304520222045996,query_1,['MIRNA:000000']
MIRNA,MIRNA:hsa-mir-16,hsa-mir-16,0.00019415058804359996,True,hsa-mir-16,2025,502,101,16638,0.20119521912350596,0.04987654320987654,query_1,['MIRNA:000000']
MIRNA,MIRNA:hsa-mir-15b,hsa-mir-15b,0.00019415058804359996,True,hsa-mir-15b,2025,502,101,16638,0.20119521912350596,0.04987654320987654,query_1,['MIRNA:000000']
MIRNA,MIRNA:hsa-mir-424,hsa-mir-424,0.00019415058804359996,True,hsa-mir-424,2025,502,101,16638,0.20119521912350596,0.04987654320987654,query_1,['MIRNA:000000']
MIRNA,MIRNA:hsa-mir-15a,hsa-mir-15a,0.00019415058804359996,True,hsa-mir-15a,2025,502,101,16638,0.20119521912350596,0.04987654320987654,query_1,['MIRNA:000000']
MIRNA,MIRNA:hsa-mir-4708-5p,hsa-mir-4708-5p,0.00019062730232114464,True,hsa-mir-4708-5p,1036,502,62,16638,0.12350597609561753,0.059845559845559844,query_1,['MIRNA:000000']
REAC,REAC:R-HSA-1474244,Extracellular matrix organization,0.00550375423523535,True,Extracellular matrix organization,298,354,25,11004,0.07062146892655367,0.08389261744966443,query_1,['REAC:0000000']
REAC,REAC:R-HSA-9703648,Signaling by FLT3 ITD and TKD mutants,0.03741295926827971,True,Signaling by FLT3 ITD and TKD mutants,15,354,5,11004,0.014124293785310734,0.3333333333333333,query_1,['REAC:R-HSA-9682385']
REAC,REAC:R-HSA-9716542,"Signaling by Rho GTPases, Miro GTPases and RHOBTB3",0.0010067341551760374,True,"Signaling by Rho GTPases, Miro GTPases and RHOBTB3",716,354,47,11004,0.1327683615819209,0.06564245810055866,query_1,['REAC:R-HSA-162582']
REAC,REAC:R-HSA-422475,Axon guidance,2.076725778885775e-07,True,Axon guidance,543,354,47,11004,0.1327683615819209,0.0865561694290976,query_1,['REAC:R-HSA-9675108']
REAC,REAC:R-HSA-373760,L1CAM interactions,0.013224167467154534,True,L1CAM interactions,119,354,14,11004,0.03954802259887006,0.11764705882352941,query_1,['REAC:R-HSA-422475']
REAC,REAC:R-HSA-194315,Signaling by Rho GTPases,0.0030530320791397145,True,Signaling by Rho GTPases,701,354,45,11004,0.1271186440677966,0.06419400855920114,query_1,['REAC:R-HSA-9716542']
REAC,REAC:R-HSA-162582,Signal Transduction,1.3142146313463519e-08,True,Signal Transduction,2558,354,137,11004,0.3870056497175141,0.053557466770914774,query_1,['REAC:0000000']
REAC,REAC:R-HSA-9013026,RHOB GTPase cycle,0.03608789007048308,True,RHOB GTPase cycle,70,354,10,11004,0.02824858757062147,0.14285714285714285,query_1,['REAC:R-HSA-9012999']
REAC,REAC:R-HSA-2586552,Signaling by Leptin,0.0018422062709884971,True,Signaling by Leptin,9,354,5,11004,0.014124293785310734,0.5555555555555556,query_1,['REAC:R-HSA-162582']
REAC,REAC:R-HSA-9675108,Nervous system development,2.984554814420555e-07,True,Nervous system development,568,354,48,11004,0.13559322033898305,0.08450704225352113,query_1,['REAC:R-HSA-1266738']
REAC,REAC:R-HSA-449147,Signaling by Interleukins,0.030560029773762716,True,Signaling by Interleukins,476,354,32,11004,0.0903954802259887,0.06722689075630252,query_1,['REAC:R-HSA-1280215']
REAC,REAC:R-HSA-9006934,Signaling by Receptor Tyrosine Kinases,1.2695076599928912e-06,True,Signaling by Receptor Tyrosine Kinases,516,354,44,11004,0.12429378531073447,0.08527131782945736,query_1,['REAC:R-HSA-162582']
REAC,REAC:R-HSA-3928662,EPHB-mediated forward signaling,0.01606231117274086,True,EPHB-mediated forward signaling,40,354,8,11004,0.022598870056497175,0.2,query_1,['REAC:R-HSA-2682334']
REAC,REAC:R-HSA-6785807,Interleukin-4 and Interleukin-13 signaling,0.026797569574618468,True,Interleukin-4 and Interleukin-13 signaling,111,354,13,11004,0.03672316384180791,0.11711711711711711,query_1,['REAC:R-HSA-449147']
REAC,REAC:R-HSA-445355,Smooth Muscle Contraction,0.0003775762939126491,True,Smooth Muscle Contraction,43,354,10,11004,0.02824858757062147,0.23255813953488372,query_1,['REAC:R-HSA-397014']
REAC,REAC:R-HSA-187037,Signaling by NTRK1 (TRKA),0.026797569574618468,True,Signaling by NTRK1 (TRKA),111,354,13,11004,0.03672316384180791,0.11711711711711711,query_1,['REAC:R-HSA-166520']
REAC,REAC:R-HSA-3000157,Laminin interactions,0.0016196810549025218,True,Laminin interactions,30,354,8,11004,0.022598870056497175,0.26666666666666666,query_1,['REAC:R-HSA-1474244']
REAC,REAC:R-HSA-8874081,MET activates PTK2 signaling,0.017517994523366533,True,MET activates PTK2 signaling,30,354,7,11004,0.01977401129943503,0.23333333333333334,query_1,['REAC:R-HSA-8875878']
REAC,REAC:R-HSA-166520,Signaling by NTRKs,0.03552185620788568,True,Signaling by NTRKs,130,354,14,11004,0.03954802259887006,0.1076923076923077,query_1,['REAC:R-HSA-9006934']
REAC,REAC:R-HSA-6806834,Signaling by MET,0.00037615398641931125,True,Signaling by MET,76,354,13,11004,0.03672316384180791,0.17105263157894737,query_1,['REAC:R-HSA-9006934']
REAC,REAC:R-HSA-186797,Signaling by PDGF,0.023927698069104116,True,Signaling by PDGF,54,354,9,11004,0.025423728813559324,0.16666666666666666,query_1,['REAC:R-HSA-9006934']
REAC,REAC:R-HSA-9682385,FLT3 signaling in disease,0.008305170691371799,True,FLT3 signaling in disease,27,354,7,11004,0.01977401129943503,0.25925925925925924,query_1,['REAC:R-HSA-5663202']
REAC,REAC:R-HSA-5663202,Diseases of signal transduction by growth factor receptors and second messengers,0.047577944846944754,True,Diseases of signal transduction by growth factor receptors and second messengers,444,354,30,11004,0.0847457627118644,0.06756756756756757,query_1,['REAC:R-HSA-1643685']
REAC,REAC:R-HSA-9012999,RHO GTPase cycle,0.0038076960270420294,True,RHO GTPase cycle,449,354,33,11004,0.09322033898305085,0.07349665924276169,query_1,['REAC:R-HSA-194315']
REAC,REAC:R-HSA-5683057,MAPK family signaling cascades,0.0012014188408464934,True,MAPK family signaling cascades,310,354,27,11004,0.07627118644067797,0.08709677419354839,query_1,['REAC:R-HSA-162582']
REAC,REAC:R-HSA-3000171,Non-integrin membrane-ECM interactions,0.04907571955660474,True,Non-integrin membrane-ECM interactions,59,354,9,11004,0.025423728813559324,0.15254237288135594,query_1,['REAC:R-HSA-1474244']
REAC,REAC:R-HSA-76002,"Platelet activation, signaling and aggregation",0.04554766334728742,True,"Platelet activation, signaling and aggregation",259,354,21,11004,0.059322033898305086,0.08108108108108109,query_1,['REAC:R-HSA-109582']
TF,TF:M13147,Factor: ZNF253; motif: SNGNSCGNGGNGCKGNN,4.799857804877037e-08,True,Factor: ZNF253; motif: SNGNSCGNGGNGCKGNN,11376,525,371,20092,0.7066666666666667,0.03261251758087201,query_1,['TF:M00000']
TF,TF:M08523_1,Factor: E2F-1:TBR2; motif: NGGTGNNANGGCGCNNTNNCRNNN; match class: 1,9.179274164157899e-05,True,Factor: E2F-1:TBR2; motif: NGGTGNNANGGCGCNNTNNCRNNN; match class: 1,7613,525,260,20092,0.49523809523809526,0.034152108235912255,query_1,['TF:M08523']
TF,TF:M09984_1,Factor: MAZ; motif: GGGGGAGGGGGNGRGRRRGNRG; match class: 1,8.751144836037004e-08,True,Factor: MAZ; motif: GGGGGAGGGGGNGRGRRRGNRG; match class: 1,5774,525,221,20092,0.42095238095238097,0.03827502597852442,query_1,['TF:M09984']
TF,TF:M11058,Factor: Hey1; motif: NGCRCGYGYN,0.004441098401277064,True,Factor: Hey1; motif: NGCRCGYGYN,12103,525,368,20092,0.700952380952381,0.03040568454102289,query_1,['TF:M00000']
TF,TF:M01240,Factor: BEN; motif: CAGCGRNV,0.0017202735093182913,True,Factor: BEN; motif: CAGCGRNV,16908,525,480,20092,0.9142857142857143,0.028388928317955996,query_1,['TF:M00000']
TF,TF:M01857,Factor: AP-2alpha; motif: NGCCYSNNGSN,6.848059722135602e-08,True,Factor: AP-2alpha; motif: NGCCYSNNGSN,9452,525,322,20092,0.6133333333333333,0.03406686415573423,query_1,['TF:M00000']
TF,TF:M08526,Factor: E2F-3:HES-7; motif: NNNSGCGCSNNNNNCRCGYGNN,0.00017705492032005162,True,Factor: E2F-3:HES-7; motif: NNNSGCGCSNNNNNCRCGYGNN,17263,525,490,20092,0.9333333333333333,0.028384405954932513,query_1,['TF:M00000']
TF,TF:M13146,Factor: ZNF232; motif: NCAGCASCNNGGNCAGCGCC,0.00014320590029169838,True,Factor: ZNF232; motif: NCAGCASCNNGGNCAGCGCC,6557,525,230,20092,0.4380952380952381,0.035077016928473384,query_1,['TF:M00000']
TF,TF:M07039_1,Factor: ETF; motif: CCCCGCCCCYN; match class: 1,9.862504395407873e-13,True,Factor: ETF; motif: CCCCGCCCCYN; match class: 1,14026,525,446,20092,0.8495238095238096,0.03179808926279766,query_1,['TF:M07039']
TF,TF:M01858,Factor: AP-2beta; motif: GCNNNGGSCNGVGGGN,0.00017512360919574993,True,Factor: AP-2beta; motif: GCNNNGGSCNGVGGGN,7661,525,260,20092,0.49523809523809526,0.033938128181699515,query_1,['TF:M00000']
TF,TF:M00333_1,Factor: ZF5; motif: NRNGNGCGCGCWN; match class: 1,1.3136374679102418e-12,True,Factor: ZF5; motif: NRNGNGCGCGCWN; match class: 1,12804,525,419,20092,0.7980952380952381,0.032724148703530145,query_1,['TF:M00333']
TF,TF:M07250_1,Factor: E2F-1; motif: NNNSSCGCSAANN; match class: 1,0.0008465483893660572,True,Factor: E2F-1; motif: NNNSSCGCSAANN; match class: 1,5692,525,202,20092,0.38476190476190475,0.035488404778636684,query_1,['TF:M07250']
TF,TF:M00378_1,Factor: Pax-4; motif: NNNNNYCACCCB; match class: 1,0.0008331400390717392,True,Factor: Pax-4; motif: NNNNNYCACCCB; match class: 1,15095,525,442,20092,0.8419047619047619,0.029281218946671083,query_1,['TF:M00378']
TF,TF:M00695_1,Factor: ETF; motif: GVGGMGG; match class: 1,1.524176562327061e-11,True,Factor: ETF; motif: GVGGMGG; match class: 1,7249,525,276,20092,0.5257142857142857,0.03807421713339771,query_1,['TF:M00695']
TF,TF:M13127,Factor: HA95; motif: CCSNSSCCNSCNCCWSCCNS,4.3226535272750435e-12,True,Factor: HA95; motif: CCSNSSCCNSCNCCWSCCNS,12603,525,413,20092,0.7866666666666666,0.0327699754026819,query_1,['TF:M00000']
TF,TF:M03807,Factor: SP2; motif: GNNGGGGGCGGGGSN,0.0017715247519978423,True,Factor: SP2; motif: GNNGGGGGCGGGGSN,8702,525,283,20092,0.539047619047619,0.03252125948057918,query_1,['TF:M00000']
TF,TF:M08819,Factor: LKLF; motif: CNCCACCCS,0.0016187240001359967,True,Factor: LKLF; motif: CNCCACCCS,5810,525,204,20092,0.38857142857142857,0.0351118760757315,query_1,['TF:M00000']
TF,TF:M13149,Factor: ZNF219; motif: SNNCAGCACCNNGGNCAGCGSC,5.5965793424614834e-08,True,Factor: ZNF219; motif: SNNCAGCACCNNGGNCAGCGSC,11715,525,379,20092,0.7219047619047619,0.03235168587281263,query_1,['TF:M00000']
TF,TF:M11022_1,Factor: IRX2a; motif: ACRYGNNNNACRYGT; match class: 1,0.0008062625958472994,True,Factor: IRX2a; motif: ACRYGNNNNACRYGT; match class: 1,6433,525,223,20092,0.4247619047619048,0.03466500854966579,query_1,['TF:M11022']
TF,TF:M09969_1,Factor: EKLF; motif: NGGGYGKGGCNNGG; match class: 1,0.029644046605316724,True,Factor: EKLF; motif: NGGGYGKGGCNNGG; match class: 1,1546,525,69,20092,0.13142857142857142,0.04463130659767141,query_1,['TF:M09969']
TF,TF:M09892_1,Factor: E2F-1; motif: NNNNGGCGGGAARN; match class: 1,5.359559991748551e-08,True,Factor: E2F-1; motif: NNNNGGCGGGAARN; match class: 1,9475,525,323,20092,0.6152380952380953,0.034089709762532984,query_1,['TF:M09892']
TF,TF:M02089,Factor: E2F-3; motif: GGCGGGN,8.513878959862263e-12,True,Factor: E2F-3; motif: GGCGGGN,13581,525,434,20092,0.8266666666666667,0.0319564096900081,query_1,['TF:M00000']
TF,TF:M09984,Factor: MAZ; motif: GGGGGAGGGGGNGRGRRRGNRG,5.136923230259821e-08,True,Factor: MAZ; motif: GGGGGAGGGGGNGRGRRRGNRG,9861,525,333,20092,0.6342857142857142,0.03376939458472771,query_1,['TF:M00000']
TF,TF:M10071,Factor: Sp1; motif: NGGGGGCGGGGCCNGGGGGGGG,0.0012024936536609836,True,Factor: Sp1; motif: NGGGGGCGGGGCCNGGGGGGGG,8783,525,286,20092,0.5447619047619048,0.03256290561311625,query_1,['TF:M00000']
TF,TF:M12464,Factor: ZNF148; motif: NNCCCCTCCCCC,0.005113285051859241,True,Factor: ZNF148; motif: NNCCCCTCCCCC,7085,525,237,20092,0.4514285714285714,0.033450952717007765,query_1,['TF:M00000']
TF,TF:M12694_1,Factor: ZFP14; motif: SCNNYCCNGNNSCTSCNC; match class: 1,0.046323421545381674,True,Factor: ZFP14; motif: SCNNYCCNGNNSCTSCNC; match class: 1,5264,525,181,20092,0.34476190476190477,0.034384498480243164,query_1,['TF:M12694']
TF,TF:M12722,Factor: ZXDL; motif: GSGSCNNGGGMRGCNCCGGGS,2.535913332892294e-10,True,Factor: ZXDL; motif: GSGSCNNGGGMRGCNCCGGGS,10892,525,367,20092,0.699047619047619,0.03369445464561146,query_1,['TF:M00000']
TF,TF:M08441_1,Factor: AP-2gamma:Elk-1; motif: NGCCKNRGGSGRCGGAAGTG; match class: 1,9.728313461443926e-08,True,Factor: AP-2gamma:Elk-1; motif: NGCCKNRGGSGRCGGAAGTG; match class: 1,13104,525,411,20092,0.7828571428571428,0.031364468864468864,query_1,['TF:M08441']
TF,TF:M01303_1,Factor: SP1; motif: GGGGYGGGGNS; match class: 1,0.001176411232087705,True,Factor: SP1; motif: GGGGYGGGGNS; match class: 1,3670,525,142,20092,0.2704761904761905,0.038692098092643054,query_1,['TF:M01303']
TF,TF:M11531_1,Factor: E2F-2; motif: GCGCGCGCGYW; match class: 1,4.952320327755016e-16,True,Factor: E2F-2; motif: GCGCGCGCGYW; match class: 1,12719,525,426,20092,0.8114285714285714,0.03349319915087664,query_1,['TF:M11531']
TF,TF:M00427,Factor: E2F; motif: TTTSGCGS,0.024421933360333756,True,Factor: E2F; motif: TTTSGCGS,9813,525,306,20092,0.5828571428571429,0.0311831244267808,query_1,['TF:M00000']
TF,TF:M04515_1,Factor: E2F-1; motif: WWTGGCGCCAAA; match class: 1,1.9652878713808518e-07,True,Factor: E2F-1; motif: WWTGGCGCCAAA; match class: 1,12550,525,397,20092,0.7561904761904762,0.031633466135458164,query_1,['TF:M04515']
TF,TF:M04918,Factor: Egr-1; motif: ACCGCCC,0.024687330527401973,True,Factor: Egr-1; motif: ACCGCCC,5777,525,197,20092,0.37523809523809526,0.03410074433096763,query_1,['TF:M00000']
TF,TF:M08205_1,Factor: E2F-1:Elk-1; motif: SGCGCSNNAMCGGAAGT; match class: 1,0.0001130272520878123,True,Factor: E2F-1:Elk-1; motif: SGCGCSNNAMCGGAAGT; match class: 1,10757,525,342,20092,0.6514285714285715,0.03179325090638654,query_1,['TF:M08205']
TF,TF:M08867,Factor: AP2; motif: GCCYGSGGSN,1.8341866708867158e-07,True,Factor: AP2; motif: GCCYGSGGSN,10337,525,343,20092,0.6533333333333333,0.03318177420915159,query_1,['TF:M00000']
TF,TF:M11066,Factor: HES-7; motif: GNCACGYGNN,0.006517938638996545,True,Factor: HES-7; motif: GNCACGYGNN,11774,525,359,20092,0.6838095238095238,0.030490912179378292,query_1,['TF:M00000']
TF,TF:M05444_1,Factor: CPBP; motif: NGGGCGG; match class: 1,1.7769535471847983e-07,True,Factor: CPBP; motif: NGGGCGG; match class: 1,3433,525,149,20092,0.2838095238095238,0.043402272065249055,query_1,['TF:M05444']
TF,TF:M05361_1,Factor: Sp6; motif: WGGGCGG; match class: 1,1.7769535471847983e-07,True,Factor: Sp6; motif: WGGGCGG; match class: 1,3433,525,149,20092,0.2838095238095238,0.043402272065249055,query_1,['TF:M05361']
TF,TF:M05332_1,Factor: Sp2; motif: WGGGCGG; match class: 1,1.7769535471847983e-07,True,Factor: Sp2; motif: WGGGCGG; match class: 1,3433,525,149,20092,0.2838095238095238,0.043402272065249055,query_1,['TF:M05332']
TF,TF:M00800_1,Factor: AP-2; motif: GSCCSCRGGCNRNRNN; match class: 1,1.6907366897816724e-07,True,Factor: AP-2; motif: GSCCSCRGGCNRNRNN; match class: 1,4394,525,179,20092,0.34095238095238095,0.040737369139736,query_1,['TF:M00800']
TF,TF:M13366,Factor: ZBED4; motif: CCCGCYCCGC,1.6099210000085157e-07,True,Factor: ZBED4; motif: CCCGCYCCGC,7920,525,280,20092,0.5333333333333333,0.03535353535353535,query_1,['TF:M00000']
TF,TF:M07206,Factor: E2F-1; motif: NGGGCGGGARV,0.0007297849871158051,True,Factor: E2F-1; motif: NGGGCGGGARV,14996,525,440,20092,0.8380952380952381,0.029341157642037877,query_1,['TF:M00000']
TF,TF:M13142,Factor: ZBTB33; motif: GGYGCTG,7.929245937261808e-05,True,Factor: ZBTB33; motif: GGYGCTG,8795,525,292,20092,0.5561904761904762,0.03320068220579875,query_1,['TF:M00000']
TF,TF:M10435,Factor: Sp2; motif: GGGGCGGGG,0.04906073267353374,True,Factor: Sp2; motif: GGGGCGGGG,7949,525,255,20092,0.4857142857142857,0.03207950685620833,query_1,['TF:M00000']
TF,TF:M02023,Factor: MAZ; motif: NKGGGAGGGGRGGR,0.0007435587249597412,True,Factor: MAZ; motif: NKGGGAGGGGRGGR,7368,525,249,20092,0.4742857142857143,0.033794788273615636,query_1,['TF:M00000']
TF,TF:M09826,Factor: BTEB3; motif: CCNNSCCNSCCCCKCCCCC,1.5345223257505343e-07,True,Factor: BTEB3; motif: CCNNSCCNSCCCCKCCCCC,11988,525,384,20092,0.7314285714285714,0.03203203203203203,query_1,['TF:M00000']
TF,TF:M10438,Factor: ZF5; motif: GGSGCGCGS,1.4768453188701736e-07,True,Factor: ZF5; motif: GGSGCGCGS,16651,525,486,20092,0.9257142857142857,0.029187436190018616,query_1,['TF:M00000']
TF,TF:M12160,Factor: KLF15; motif: RCCMCRCCCMCN,0.001139001529364229,True,Factor: KLF15; motif: RCCMCRCCCMCN,13097,525,395,20092,0.7523809523809524,0.03015957852943422,query_1,['TF:M00000']
TF,TF:M10426_1,Factor: ctcf; motif: CCRSCAGGGGGCGCN; match class: 1,0.026691926817170662,True,Factor: ctcf; motif: CCRSCAGGGGGCGCN; match class: 1,4524,525,161,20092,0.30666666666666664,0.035587975243147656,query_1,['TF:M10426']
TF,TF:M01072,Factor: HIC1; motif: NSNNNNTGCCCSSNN,0.026694366308681147,True,Factor: HIC1; motif: NSNNNNTGCCCSSNN,4284,525,154,20092,0.29333333333333333,0.03594771241830065,query_1,['TF:M00000']
TF,TF:M11531,Factor: E2F-2; motif: GCGCGCGCGYW,6.137213488435964e-15,True,Factor: E2F-2; motif: GCGCGCGCGYW,13676,525,444,20092,0.8457142857142858,0.0324656332260895,query_1,['TF:M00000']
TF,TF:M07289,Factor: GKLF; motif: NNNRGGNGNGGSN,1.2117347774807825e-07,True,Factor: GKLF; motif: NNNRGGNGNGGSN,15055,525,454,20092,0.8647619047619047,0.030156094320823647,query_1,['TF:M00000']
TF,TF:M00695,Factor: ETF; motif: GVGGMGG,9.468399830914311e-15,True,Factor: ETF; motif: GVGGMGG,10751,525,377,20092,0.7180952380952381,0.03506650544135429,query_1,['TF:M00000']
TF,TF:M08441,Factor: AP-2gamma:Elk-1; motif: NGCCKNRGGSGRCGGAAGTG,0.0007448867391665802,True,Factor: AP-2gamma:Elk-1; motif: NGCCKNRGGSGRCGGAAGTG,16755,525,478,20092,0.9104761904761904,0.028528797373918235,query_1,['TF:M00000']
TF,TF:M03567,Factor: Sp2; motif: NYSGCCCCGCCCCCY,0.0007564379138884434,True,Factor: Sp2; motif: NYSGCCCCGCCCCCY,7959,525,265,20092,0.5047619047619047,0.033295640155798466,query_1,['TF:M00000']
TF,TF:M08911,Factor: CTCF; motif: NCCRSTAGGGGGCGC,0.0011254146500222146,True,Factor: CTCF; motif: NCCRSTAGGGGGCGC,9386,525,302,20092,0.5752380952380952,0.03217558065203495,query_1,['TF:M00000']
TF,TF:M04823,Factor: E2F-4; motif: NNTTCCCGCCNN,0.0011148332130742167,True,Factor: E2F-4; motif: NNTTCCCGCCNN,13137,525,396,20092,0.7542857142857143,0.030143868463119432,query_1,['TF:M00000']
TF,TF:M04148_1,Factor: TFAP2A; motif: NGCCCYNNGGGCN; match class: 1,0.0018488809401688475,True,Factor: TFAP2A; motif: NGCCCYNNGGGCN; match class: 1,9851,525,313,20092,0.5961904761904762,0.0317734240178662,query_1,['TF:M04148']
TF,TF:M12160_1,Factor: KLF15; motif: RCCMCRCCCMCN; match class: 1,0.001508149223274914,True,Factor: KLF15; motif: RCCMCRCCCMCN; match class: 1,8313,525,273,20092,0.52,0.032840129916997474,query_1,['TF:M12160']
TF,TF:M04148,Factor: TFAP2A; motif: NGCCCYNNGGGCN,0.0008656796919149212,True,Factor: TFAP2A; motif: NGCCCYNNGGGCN,10292,525,326,20092,0.6209523809523809,0.03167508744656043,query_1,['TF:M00000']
TF,TF:M03876,Factor: Kaiso; motif: GCMGGGRGCRGS,2.979296951458574e-08,True,Factor: Kaiso; motif: GCMGGGRGCRGS,14002,525,433,20092,0.8247619047619048,0.03092415369232967,query_1,['TF:M00000']
TF,TF:M12597,Factor: E2F1; motif: GSGCGGGAAN,0.00014564416707598817,True,Factor: E2F1; motif: GSGCGGGAAN,14434,525,430,20092,0.819047619047619,0.029790771788831924,query_1,['TF:M00000']
TF,TF:M02023_1,Factor: MAZ; motif: NKGGGAGGGGRGGR; match class: 1,0.037073772725311156,True,Factor: MAZ; motif: NKGGGAGGGGRGGR; match class: 1,3232,525,122,20092,0.23238095238095238,0.037747524752475246,query_1,['TF:M02023']
TF,TF:M06948,Factor: Sp2; motif: TGGGCGCGCCCA,5.652436483956104e-09,True,Factor: Sp2; motif: TGGGCGCGCCCA,9143,525,318,20092,0.6057142857142858,0.034780706551460136,query_1,['TF:M00000']
TF,TF:M12722_1,Factor: ZXDL; motif: GSGSCNNGGGMRGCNCCGGGS; match class: 1,1.4143768274321462e-10,True,Factor: ZXDL; motif: GSGSCNNGGGMRGCNCCGGGS; match class: 1,6863,525,262,20092,0.4990476190476191,0.03817572490164651,query_1,['TF:M12722']
TF,TF:M01104,Factor: MOVO-B; motif: GNGGGGG,1.5526218256576336e-10,True,Factor: MOVO-B; motif: GNGGGGG,10580,525,360,20092,0.6857142857142857,0.034026465028355386,query_1,['TF:M00000']
TF,TF:M09723,Factor: BTEB1; motif: GGGGGCGGGGCNGSGGGNGS,4.3121669620820145e-09,True,Factor: BTEB1; motif: GGGGGCGGGGCNGSGGGNGS,10337,525,349,20092,0.6647619047619048,0.033762213408145496,query_1,['TF:M00000']
TF,TF:M10072,Factor: sp4; motif: NNGNARGRGGCGGRGCNNRR,4.277833871324946e-09,True,Factor: sp4; motif: NNGNARGRGGCGGRGCNNRR,10858,525,362,20092,0.6895238095238095,0.03333947319948425,query_1,['TF:M00000']
TF,TF:M09894_1,Factor: E2F-4; motif: SNGGGCGGGAANN; match class: 1,3.092484845377394e-09,True,Factor: E2F-4; motif: SNGGGCGGGAANN; match class: 1,14371,525,444,20092,0.8457142857142858,0.030895553545334353,query_1,['TF:M09894']
TF,TF:M04595_1,Factor: SALL2; motif: GGGTGGG; match class: 1,0.03911344435527148,True,Factor: SALL2; motif: GGGTGGG; match class: 1,7631,525,247,20092,0.4704761904761905,0.03236797274275979,query_1,['TF:M04595']
TF,TF:M00986,Factor: Churchill; motif: CGGGNN,3.008989912728578e-09,True,Factor: Churchill; motif: CGGGNN,14603,525,449,20092,0.8552380952380952,0.03074710675888516,query_1,['TF:M00000']
TF,TF:M02036,Factor: WT1; motif: CGCCCCCNCN,2.711552732185509e-09,True,Factor: WT1; motif: CGCCCCCNCN,10071,525,343,20092,0.6533333333333333,0.03405818687320028,query_1,['TF:M00000']
TF,TF:M07289_1,Factor: GKLF; motif: NNNRGGNGNGGSN; match class: 1,2.6598990096052428e-09,True,Factor: GKLF; motif: NNNRGGNGNGGSN; match class: 1,10910,525,364,20092,0.6933333333333334,0.033363886342804766,query_1,['TF:M07289']
TF,TF:M00469,Factor: AP-2alpha; motif: GCCNNNRGS,2.6027826993352905e-09,True,Factor: AP-2alpha; motif: GCCNNNRGS,5314,525,213,20092,0.4057142857142857,0.04008280015054573,query_1,['TF:M00000']
TF,TF:M09636_1,Factor: MAZ; motif: GGGMGGGGSSGGGGGGGGGGGG; match class: 1,1.271402060665963e-10,True,Factor: MAZ; motif: GGGMGGGGSSGGGGGGGGGGGG; match class: 1,14521,525,451,20092,0.8590476190476191,0.031058467047723987,query_1,['TF:M09636']
TF,TF:M01104_1,Factor: MOVO-B; motif: GNGGGGG; match class: 1,2.038023034418583e-09,True,Factor: MOVO-B; motif: GNGGGGG; match class: 1,5847,525,229,20092,0.4361904761904762,0.039165383957585086,query_1,['TF:M01104']
TF,TF:M13144,Factor: ZNF138; motif: GCAGCRSCNSGSNCMGSGCS,1.102837642860904e-09,True,Factor: ZNF138; motif: GCAGCRSCNSGSNCMGSGCS,9703,525,335,20092,0.638095238095238,0.03452540451406781,query_1,['TF:M00000']
TF,TF:M00716_1,Factor: ZF5; motif: GSGCGCGR; match class: 1,8.597044808847425e-10,True,Factor: ZF5; motif: GSGCGCGR; match class: 1,14532,525,449,20092,0.8552380952380952,0.030897330030278006,query_1,['TF:M00716']
TF,TF:M04869,Factor: Egr-1; motif: GCGCATGCG,8.304720822443372e-10,True,Factor: Egr-1; motif: GCGCATGCG,11579,525,382,20092,0.7276190476190476,0.03299075913291303,query_1,['TF:M00000']
TF,TF:M01783_1,Factor: SP2; motif: GGGCGGGAC; match class: 1,0.04137580902690833,True,Factor: SP2; motif: GGGCGGGAC; match class: 1,4489,525,159,20092,0.3028571428571429,0.03541991534862998,query_1,['TF:M01783']
TF,TF:M00469_1,Factor: AP-2alpha; motif: GCCNNNRGS; match class: 1,0.0012589629860575967,True,Factor: AP-2alpha; motif: GCCNNNRGS; match class: 1,3412,525,134,20092,0.25523809523809526,0.03927315357561548,query_1,['TF:M00469']
TF,TF:M09973_1,Factor: CPBP; motif: GNNRGGGHGGGGNNGGGRN; match class: 1,5.12258906667352e-10,True,Factor: CPBP; motif: GNNRGGGHGGGGNNGGGRN; match class: 1,6860,525,260,20092,0.49523809523809526,0.037900874635568516,query_1,['TF:M09973']
TF,TF:M04869_1,Factor: Egr-1; motif: GCGCATGCG; match class: 1,5.02696577985175e-10,True,Factor: Egr-1; motif: GCGCATGCG; match class: 1,10568,525,358,20092,0.6819047619047619,0.03387585162755488,query_1,['TF:M04869']
TF,TF:M02089_1,Factor: E2F-3; motif: GGCGGGN; match class: 1,4.544370485284721e-10,True,Factor: E2F-3; motif: GGCGGGN; match class: 1,9690,525,336,20092,0.64,0.0346749226006192,query_1,['TF:M02089']
TF,TF:M13144_1,Factor: ZNF138; motif: GCAGCRSCNSGSNCMGSGCS; match class: 1,3.678628327088659e-10,True,Factor: ZNF138; motif: GCAGCRSCNSGSNCMGSGCS; match class: 1,5521,525,222,20092,0.4228571428571429,0.040210106864698426,query_1,['TF:M13144']
TF,TF:M12599,Factor: E2F4; motif: YCCCGCCNCNNSSNNSNN,0.04283399733471077,True,Factor: E2F4; motif: YCCCGCCNCNNSSNNSNN,17616,525,490,20092,0.9333333333333333,0.02781562216167121,query_1,['TF:M00000']
TF,TF:M11018,Factor: IRX-1; motif: NACRYNNNNNNNNRYGNN,0.04283622751548829,True,Factor: IRX-1; motif: NACRYNNNNNNNNRYGNN,17373,525,485,20092,0.9238095238095239,0.02791688251885109,query_1,['TF:M00000']
TF,TF:M00986_1,Factor: Churchill; motif: CGGGNN; match class: 1,2.1861611031999901e-10,True,Factor: Churchill; motif: CGGGNN; match class: 1,10721,525,363,20092,0.6914285714285714,0.03385878183005317,query_1,['TF:M00986']
TF,TF:M11603_1,Factor: TCF-1; motif: ACATCGRGRCGCTGW; match class: 1,3.526027020136085e-10,True,Factor: TCF-1; motif: ACATCGRGRCGCTGW; match class: 1,13560,525,429,20092,0.8171428571428572,0.03163716814159292,query_1,['TF:M11603']
TF,TF:M03876_1,Factor: Kaiso; motif: GCMGGGRGCRGS; match class: 1,1.562179426863588e-10,True,Factor: Kaiso; motif: GCMGGGRGCRGS; match class: 1,9395,525,330,20092,0.6285714285714286,0.03512506652474721,query_1,['TF:M03876']
TF,TF:M07250,Factor: E2F-1; motif: NNNSSCGCSAANN,0.001032892828007472,True,Factor: E2F-1; motif: NNNSSCGCSAANN,11055,525,345,20092,0.6571428571428571,0.031207598371777476,query_1,['TF:M00000']
TF,TF:M12227,Factor: ZIC4; motif: NNCCNCCCRYNGYGN,9.564492712510374e-09,True,Factor: ZIC4; motif: NNCCNCCCRYNGYGN,11397,525,374,20092,0.7123809523809523,0.03281565324208125,query_1,['TF:M00000']
TF,TF:M13127_1,Factor: HA95; motif: CCSNSSCCNSCNCCWSCCNS; match class: 1,1.0699323890137184e-08,True,Factor: HA95; motif: CCSNSSCCNSCNCCWSCCNS; match class: 1,8649,525,304,20092,0.579047619047619,0.035148572089258874,query_1,['TF:M13127']
TF,TF:M11882_1,Factor: pax-6; motif: NYACGCNYSANYGMNCN; match class: 1,0.03260217834659321,True,Factor: pax-6; motif: NYACGCNYSANYGMNCN; match class: 1,11763,525,355,20092,0.6761904761904762,0.03017937600952138,query_1,['TF:M11882']
TF,TF:M00333,Factor: ZF5; motif: NRNGNGCGCGCWN,2.9648370455400343e-08,True,Factor: ZF5; motif: NRNGNGCGCGCWN,15500,525,465,20092,0.8857142857142857,0.03,query_1,['TF:M00000']
TF,TF:M00426,Factor: E2F; motif: TTTSGCGS,0.0058489634952179955,True,Factor: E2F; motif: TTTSGCGS,12249,525,371,20092,0.7066666666666667,0.03028818679075843,query_1,['TF:M00000']
TF,TF:M09972,Factor: BTEB2; motif: WGGGTGKGGCNGGN,0.0014869564117935149,True,Factor: BTEB2; motif: WGGGTGKGGCNGGN,9486,525,304,20092,0.579047619047619,0.0320472274931478,query_1,['TF:M00000']
TF,TF:M07040_1,Factor: GKLF; motif: NNRRGRRNGNSNNN; match class: 1,0.000161503678480612,True,Factor: GKLF; motif: NNRRGRRNGNSNNN; match class: 1,8435,525,281,20092,0.5352380952380953,0.033313574392412566,query_1,['TF:M07040']
TF,TF:M11603,Factor: TCF-1; motif: ACATCGRGRCGCTGW,0.000884590887489828,True,Factor: TCF-1; motif: ACATCGRGRCGCTGW,16718,525,477,20092,0.9085714285714286,0.02853212106711329,query_1,['TF:M00000']
TF,TF:M11478,Factor: AP-2beta; motif: NSCCNNNGGSN,0.00016119107019604902,True,Factor: AP-2beta; motif: NSCCNNNGGSN,10234,525,328,20092,0.6247619047619047,0.0320500293140512,query_1,['TF:M00000']
TF,TF:M10071_1,Factor: Sp1; motif: NGGGGGCGGGGCCNGGGGGGGG; match class: 1,0.0014042055107316349,True,Factor: Sp1; motif: NGGGGGCGGGGCCNGGGGGGGG; match class: 1,4791,525,175,20092,0.3333333333333333,0.03652682112293884,query_1,['TF:M10071']
TF,TF:M12593,Factor: CTCF; motif: NNRSYGCCMCCTGSTGGCCN,0.0336339094294196,True,Factor: CTCF; motif: NNRSYGCCMCCTGSTGGCCN,8851,525,280,20092,0.5333333333333333,0.031634843520506155,query_1,['TF:M00000']
TF,TF:M01219,Factor: SP1:SP3; motif: CCSCCCCCYCC,0.03395834791438611,True,Factor: SP1:SP3; motif: CCSCCCCCYCC,7030,525,231,20092,0.44,0.032859174964438125,query_1,['TF:M00000']
TF,TF:M04950,Factor: Egr-1; motif: NGCGTGCGY,0.00015947384471067135,True,Factor: Egr-1; motif: NGCGTGCGY,11222,525,353,20092,0.6723809523809524,0.03145606843699875,query_1,['TF:M00000']
TF,TF:M00938_1,Factor: E2F-1; motif: TTGGCGCGRAANNGNM; match class: 1,0.034478643266257894,True,Factor: E2F-1; motif: TTGGCGCGRAANNGNM; match class: 1,2673,525,105,20092,0.2,0.03928170594837262,query_1,['TF:M00938']
TF,TF:M11601_1,Factor: TCF-1; motif: ACATCGRGRCGCTGW; match class: 1,2.4061582319011268e-11,True,Factor: TCF-1; motif: ACATCGRGRCGCTGW; match class: 1,11416,525,383,20092,0.7295238095238096,0.03354940434477926,query_1,['TF:M11601']
TF,TF:M12354_1,Factor: ZNF37A; motif: CCYYGGCTCCNTSCCMN; match class: 1,0.0009643468333508255,True,Factor: ZNF37A; motif: CCYYGGCTCCNTSCCMN; match class: 1,5807,525,205,20092,0.3904761904761905,0.03530222145686241,query_1,['TF:M12354']
TF,TF:M12508,Factor: EGR1; motif: NNMCGCCCACGCNN,0.0056044474401144365,True,Factor: EGR1; motif: NNMCGCCCACGCNN,6621,525,224,20092,0.4266666666666667,0.03383174747017067,query_1,['TF:M00000']
TF,TF:M00803,Factor: E2F; motif: GGCGSG,2.2477734230547968e-08,True,Factor: E2F; motif: GGCGSG,13582,525,424,20092,0.8076190476190476,0.03121778824915329,query_1,['TF:M00000']
TF,TF:M12351_1,Factor: TIEG1; motif: NCCCNSNCCCCGCCCCC; match class: 1,3.428830705485089e-11,True,Factor: TIEG1; motif: NCCCNSNCCCCGCCCCC; match class: 1,8358,525,305,20092,0.580952380952381,0.03649198372816463,query_1,['TF:M12351']
TF,TF:M13124_1,Factor: ZNF670; motif: SNGGGCRGRG; match class: 1,1.6383042343078422e-08,True,Factor: ZNF670; motif: SNGGGCRGRG; match class: 1,8449,525,298,20092,0.5676190476190476,0.03527044620665167,query_1,['TF:M13124']
TF,TF:M12354,Factor: ZNF37A; motif: CCYYGGCTCCNTSCCMN,0.006589868640838252,True,Factor: ZNF37A; motif: CCYYGGCTCCNTSCCMN,11216,525,345,20092,0.6571428571428571,0.03075962910128388,query_1,['TF:M00000']
TF,TF:M03932,Factor: ZIC4; motif: GRCCCCCCGCNGNGN,0.04531815593476736,True,Factor: ZIC4; motif: GRCCCCCCGCNGNGN,2787,525,108,20092,0.2057142857142857,0.038751345532831,query_1,['TF:M00000']
TF,TF:M13124,Factor: ZNF670; motif: SNGGGCRGRG,0.00010402582837385792,True,Factor: ZNF670; motif: SNGGGCRGRG,13118,525,400,20092,0.7619047619047619,0.03049245311785333,query_1,['TF:M00000']
TF,TF:M07208,Factor: EGR1; motif: NCNCCGCCCCCGCN,0.04513066692408572,True,Factor: EGR1; motif: NCNCCGCCCCCGCN,6402,525,213,20092,0.4057142857142857,0.03327085285848173,query_1,['TF:M00000']
TF,TF:M00470,Factor: AP-2gamma; motif: GCCYNNGGS,5.2595978256175725e-11,True,Factor: AP-2gamma; motif: GCCYNNGGS,9684,525,339,20092,0.6457142857142857,0.03500619578686493,query_1,['TF:M00000']
TF,TF:M11529_1,Factor: E2F-2; motif: GCGCGCGCNCS; match class: 1,7.162844342308124e-11,True,Factor: E2F-2; motif: GCGCGCGCNCS; match class: 1,14924,525,460,20092,0.8761904761904762,0.030822835700884482,query_1,['TF:M11529']
TF,TF:M00932,Factor: Sp1; motif: NNGGGGCGGGGNN,1.3113590673278765e-08,True,Factor: Sp1; motif: NNGGGGCGGGGNN,10766,525,358,20092,0.6819047619047619,0.03325283299275497,query_1,['TF:M00000']
TF,TF:M07354,Factor: Egr-1; motif: GCGGGGGCGG,1.1678513252234515e-08,True,Factor: Egr-1; motif: GCGGGGGCGG,8167,525,291,20092,0.5542857142857143,0.03563119872658259,query_1,['TF:M00000']
TF,TF:M00803_1,Factor: E2F; motif: GGCGSG; match class: 1,7.7350127304896e-11,True,Factor: E2F; motif: GGCGSG; match class: 1,10540,525,360,20092,0.6857142857142857,0.03415559772296015,query_1,['TF:M00803']
TF,TF:M12351,Factor: TIEG1; motif: NCCCNSNCCCCGCCCCC,1.1139400512365787e-10,True,Factor: TIEG1; motif: NCCCNSNCCCCGCCCCC,12609,525,409,20092,0.7790476190476191,0.03243714806883972,query_1,['TF:M00000']
TF,TF:M07261,Factor: LKLF; motif: GGGGTGGKSN,0.0009271691536378685,True,Factor: LKLF; motif: GGGGTGGKSN,10064,525,320,20092,0.6095238095238096,0.03179650238473768,query_1,['TF:M00000']
TF,TF:M13366_1,Factor: ZBED4; motif: CCCGCYCCGC; match class: 1,3.5603486740465923e-05,True,Factor: ZBED4; motif: CCCGCYCCGC; match class: 1,3958,525,157,20092,0.29904761904761906,0.039666498231430015,query_1,['TF:M13366']
TF,TF:M13129,Factor: RERE; motif: CNGCNSCNNGSRCRGSGSS,2.650571960134698e-07,True,Factor: RERE; motif: CNGCNSCNNGSRCRGSGSS,10401,525,344,20092,0.6552380952380953,0.03307374290933564,query_1,['TF:M00000']
TF,TF:M08525_1,Factor: E2F-1:HES-7; motif: GGCRCGTGSYNNWNGGCGCSM; match class: 1,7.408979565899415e-05,True,Factor: E2F-1:HES-7; motif: GGCRCGTGSYNNWNGGCGCSM; match class: 1,15697,525,459,20092,0.8742857142857143,0.02924125629101102,query_1,['TF:M08525']
TF,TF:M09892,Factor: E2F-1; motif: NNNNGGCGGGAARN,0.00038928372606592676,True,Factor: E2F-1; motif: NNNNGGCGGGAARN,13943,525,417,20092,0.7942857142857143,0.029907480456142867,query_1,['TF:M00000']
TF,TF:M12599_1,Factor: E2F4; motif: YCCCGCCNCNNSSNNSNN; match class: 1,5.905646121512419e-06,True,Factor: E2F4; motif: YCCCGCCNCNNSSNNSNN; match class: 1,16106,525,471,20092,0.8971428571428571,0.029243760089407673,query_1,['TF:M12599']
TF,TF:M08205,Factor: E2F-1:Elk-1; motif: SGCGCSNNAMCGGAAGT,0.00038858774830313275,True,Factor: E2F-1:Elk-1; motif: SGCGCSNNAMCGGAAGT,14860,525,438,20092,0.8342857142857143,0.029475100942126513,query_1,['TF:M00000']
TF,TF:M08487_1,Factor: GCMa:Erg; motif: ATGCGGGCGGAARKG; match class: 1,0.00038750622835707405,True,Factor: GCMa:Erg; motif: ATGCGGGCGGAARKG; match class: 1,9070,525,296,20092,0.5638095238095238,0.03263506063947078,query_1,['TF:M08487']
TF,TF:M09723_1,Factor: BTEB1; motif: GGGGGCGGGGCNGSGGGNGS; match class: 1,6.386621636794139e-06,True,Factor: BTEB1; motif: GGGGGCGGGGCNGSGGGNGS; match class: 1,6205,525,226,20092,0.43047619047619046,0.036422240128928286,query_1,['TF:M09723']
TF,TF:M04516,Factor: E2F-1; motif: TTTGGCGCCAAA,4.4753731873684286e-05,True,Factor: E2F-1; motif: TTTGGCGCCAAA,11729,525,368,20092,0.700952380952381,0.031375223804245886,query_1,['TF:M00000']
TF,TF:M09636,Factor: MAZ; motif: GGGMGGGGSSGGGGGGGGGGGG,4.494891004761783e-05,True,Factor: MAZ; motif: GGGMGGGGSSGGGGGGGGGGGG,16674,525,480,20092,0.9142857142857143,0.02878733357322778,query_1,['TF:M00000']
TF,TF:M12597_1,Factor: E2F1; motif: GSGCGGGAAN; match class: 1,6.823360468117736e-06,True,Factor: E2F1; motif: GSGCGGGAAN; match class: 1,10192,525,333,20092,0.6342857142857142,0.03267268445839874,query_1,['TF:M12597']
TF,TF:M03811_1,Factor: AP-2gamma; motif: GCCYNCRGSN; match class: 1,0.012134648970665364,True,Factor: AP-2gamma; motif: GCCYNCRGSN; match class: 1,3922,525,145,20092,0.2761904761904762,0.036970933197348295,query_1,['TF:M03811']
TF,TF:M01837,Factor: FKLF; motif: BGGGNGGVMD,0.012037164189733966,True,Factor: FKLF; motif: BGGGNGGVMD,5612,525,194,20092,0.36952380952380953,0.0345687811831789,query_1,['TF:M00000']
TF,TF:M05327,Factor: WT1; motif: NGCGGGGGGGTSMMCYN,7.888404987470715e-06,True,Factor: WT1; motif: NGCGGGGGGGTSMMCYN,5728,525,212,20092,0.4038095238095238,0.037011173184357544,query_1,['TF:M00000']
TF,TF:M10107_1,Factor: DB1; motif: GGRRRRGRRGGAGGGGGNGRRR; match class: 1,0.012011739401266559,True,Factor: DB1; motif: GGRRRRGRRGGAGGGGGNGRRR; match class: 1,2770,525,110,20092,0.20952380952380953,0.039711191335740074,query_1,['TF:M10107']
TF,TF:M13128,Factor: MED8; motif: CYYNSCYYCCTSCNCC,0.011911754420493194,True,Factor: MED8; motif: CYYNSCYYCCTSCNCC,13132,525,391,20092,0.7447619047619047,0.02977459640572647,query_1,['TF:M00000']
TF,TF:M10432_1,Factor: MAZ; motif: GGGMGGGGS; match class: 1,0.008082401673350363,True,Factor: MAZ; motif: GGGMGGGGS; match class: 1,4538,525,164,20092,0.31238095238095237,0.03613926840017629,query_1,['TF:M10432']
TF,TF:M11530,Factor: E2F-2; motif: NWTTTGGCGCCAWWNN,0.012343799983741754,True,Factor: E2F-2; motif: NWTTTGGCGCCAWWNN,15000,525,435,20092,0.8285714285714286,0.029,query_1,['TF:M00000']
TF,TF:M10529,Factor: Sp1; motif: RGGGMGGRGSNGGGG,5.631145912996906e-06,True,Factor: Sp1; motif: RGGGMGGRGSNGGGG,7126,525,252,20092,0.48,0.03536345776031434,query_1,['TF:M00000']
TF,TF:M07039,Factor: ETF; motif: CCCCGCCCCYN,5.368354966201635e-06,True,Factor: ETF; motif: CCCCGCCCCYN,16800,525,485,20092,0.9238095238095239,0.02886904761904762,query_1,['TF:M00000']
TF,TF:M00189,Factor: AP-2; motif: MKCCCSCNGGCG,5.274231371362714e-06,True,Factor: AP-2; motif: MKCCCSCNGGCG,10926,525,352,20092,0.6704761904761904,0.03221673073402892,query_1,['TF:M00000']
TF,TF:M00915,Factor: AP-2; motif: SNNNCCNCAGGCN,3.0396959810021748e-06,True,Factor: AP-2; motif: SNNNCCNCAGGCN,9900,525,327,20092,0.6228571428571429,0.03303030303030303,query_1,['TF:M00000']
TF,TF:M00933,Factor: Sp1; motif: CCCCGCCCCN,3.1250158204407184e-06,True,Factor: Sp1; motif: CCCCGCCCCN,10019,525,330,20092,0.6285714285714286,0.03293741890408224,query_1,['TF:M00000']
TF,TF:M10086,Factor: TAFII250; motif: RARRWGGCGGMGGNGR,0.0076402902708773545,True,Factor: TAFII250; motif: RARRWGGCGGMGGNGR,9284,525,295,20092,0.5619047619047619,0.03177509694097372,query_1,['TF:M00000']
TF,TF:M13132_1,Factor: ZNF609; motif: GNSNGGGNGCTGN; match class: 1,0.0006898933742429614,True,Factor: ZNF609; motif: GNSNGGGNGCTGN; match class: 1,5959,525,210,20092,0.4,0.0352408122168149,query_1,['TF:M13132']
TF,TF:M00931_1,Factor: Sp1; motif: GGGGCGGGGC; match class: 1,4.9023546564952234e-05,True,Factor: Sp1; motif: GGGGCGGGGC; match class: 1,6127,525,220,20092,0.41904761904761906,0.03590664272890485,query_1,['TF:M00931']
TF,TF:M12697,Factor: ZNF142; motif: SNSCGCCCGCCCGCSCSS,0.00042399240842019837,True,Factor: ZNF142; motif: SNSCGCCCGCCCGCSCSS,3220,525,130,20092,0.24761904761904763,0.040372670807453416,query_1,['TF:M00000']
TF,TF:M09734,Factor: ZNF692; motif: SYNGGSCCCASCCNC,0.00021164539922454177,True,Factor: ZNF692; motif: SYNGGSCCCASCCNC,12053,525,373,20092,0.7104761904761905,0.03094665228573799,query_1,['TF:M00000']
TF,TF:M12227_1,Factor: ZIC4; motif: NNCCNCCCRYNGYGN; match class: 1,3.815342394471245e-06,True,Factor: ZIC4; motif: NNCCNCCCRYNGYGN; match class: 1,6102,525,224,20092,0.4266666666666667,0.036709275647328746,query_1,['TF:M12227']
TF,TF:M05444,Factor: CPBP; motif: NGGGCGG,4.135526195863231e-06,True,Factor: CPBP; motif: NGGGCGG,8808,525,298,20092,0.5676190476190476,0.03383287920072661,query_1,['TF:M00000']
TF,TF:M05361,Factor: Sp6; motif: WGGGCGG,4.135526195863231e-06,True,Factor: Sp6; motif: WGGGCGG,8808,525,298,20092,0.5676190476190476,0.03383287920072661,query_1,['TF:M00000']
TF,TF:M05332,Factor: Sp2; motif: WGGGCGG,4.135526195863231e-06,True,Factor: Sp2; motif: WGGGCGG,8808,525,298,20092,0.5676190476190476,0.03383287920072661,query_1,['TF:M00000']
TF,TF:M04863,Factor: TF3C-beta; motif: CCNGGAGGGCTTCCTGGAGGAG,4.7544473097791485e-06,True,Factor: TF3C-beta; motif: CCNGGAGGGCTTCCTGGAGGAG,13972,525,425,20092,0.8095238095238095,0.0304179788147724,query_1,['TF:M00000']
TF,TF:M11058_1,Factor: Hey1; motif: NGCRCGYGYN; match class: 1,0.007775571352643034,True,Factor: Hey1; motif: NGCRCGYGYN; match class: 1,10171,525,318,20092,0.6057142857142858,0.03126536230459149,query_1,['TF:M11058']
TF,TF:M07063,Factor: Sp1; motif: GGGGCGGGGC,0.012769558257176874,True,Factor: Sp1; motif: GGGGCGGGGC,6473,525,218,20092,0.41523809523809524,0.03367835624903445,query_1,['TF:M00000']
TF,TF:M10026,Factor: PATZ; motif: GGGGNGGGGGMKGGRRNGGNRN,5.182553861028979e-06,True,Factor: PATZ; motif: GGGGNGGGGGMKGGRRNGGNRN,8522,525,290,20092,0.5523809523809524,0.03402957052335132,query_1,['TF:M00000']
TF,TF:M01118,Factor: WT1; motif: SMCNCCNSC,8.627254591343664e-06,True,Factor: WT1; motif: SMCNCCNSC,7046,525,249,20092,0.4742857142857143,0.03533919954584161,query_1,['TF:M00000']
TF,TF:M04106,Factor: RUNX2; motif: NRACCGCAAACCGCAN,0.007603021462159976,True,Factor: RUNX2; motif: NRACCGCAAACCGCAN,14141,525,416,20092,0.7923809523809524,0.029418004384414116,query_1,['TF:M00000']
TF,TF:M07206_1,Factor: E2F-1; motif: NGGGCGGGARV; match class: 1,8.956903476975386e-06,True,Factor: E2F-1; motif: NGGGCGGGARV; match class: 1,11205,525,358,20092,0.6819047619047619,0.031950022311468096,query_1,['TF:M07206']
TF,TF:M02036_1,Factor: WT1; motif: CGCCCCCNCN; match class: 1,9.507153865448893e-06,True,Factor: WT1; motif: CGCCCCCNCN; match class: 1,5497,525,205,20092,0.3904761904761905,0.0372930689466982,query_1,['TF:M02036']
TF,TF:M04515,Factor: E2F-1; motif: WWTGGCGCCAAA,2.1771271039869993e-05,True,Factor: E2F-1; motif: WWTGGCGCCAAA,13729,525,417,20092,0.7942857142857143,0.03037366159224998,query_1,['TF:M00000']
TF,TF:M11022,Factor: IRX2a; motif: ACRYGNNNNACRYGT,0.008533350336804881,True,Factor: IRX2a; motif: ACRYGNNNNACRYGT,9754,525,307,20092,0.5847619047619048,0.03147426696739799,query_1,['TF:M00000']
TF,TF:M11529,Factor: E2F-2; motif: GCGCGCGCNCS,4.086084571492634e-05,True,Factor: E2F-2; motif: GCGCGCGCNCS,16718,525,481,20092,0.9161904761904762,0.028771384136858476,query_1,['TF:M00000']
TF,TF:M12590_1,Factor: CP2; motif: NRRRCCGGCYNRARCCGGNN; match class: 1,2.5447721950332777e-05,True,Factor: CP2; motif: NRRRCCGGCYNRARCCGGNN; match class: 1,6939,525,244,20092,0.46476190476190476,0.0351635682374982,query_1,['TF:M12590']
TF,TF:M05319,Factor: KLF7; motif: NGGGCGGGGG,0.0002807429235761073,True,Factor: KLF7; motif: NGGGCGGGGG,850,525,50,20092,0.09523809523809523,0.058823529411764705,query_1,['TF:M00000']
TF,TF:M05318,Factor: KLF8; motif: NGGGCGGGGG,0.0002807429235761073,True,Factor: KLF8; motif: NGGGCGGGGG,850,525,50,20092,0.09523809523809523,0.058823529411764705,query_1,['TF:M00000']
TF,TF:M12461,Factor: ZBTB14; motif: SSCCGCGCACNS,0.00022169058096992072,True,Factor: ZBTB14; motif: SSCCGCGCACNS,2962,525,123,20092,0.2342857142857143,0.04152599594868332,query_1,['TF:M00000']
TF,TF:M13149_1,Factor: ZNF219; motif: SNNCAGCACCNNGGNCAGCGSC; match class: 1,3.9914077578822385e-05,True,Factor: ZNF219; motif: SNNCAGCACCNNGGNCAGCGSC; match class: 1,6826,525,240,20092,0.45714285714285713,0.03515968356284793,query_1,['TF:M13149']
TF,TF:M10112,Factor: Miz-1; motif: NNRGGWGGGGGAGGGGMRR,0.01001308094817365,True,Factor: Miz-1; motif: NNRGGWGGGGGAGGGGMRR,8966,525,286,20092,0.5447619047619048,0.03189828240017845,query_1,['TF:M00000']
TF,TF:M00189_1,Factor: AP-2; motif: MKCCCSCNGGCG; match class: 1,3.0067380423174897e-05,True,Factor: AP-2; motif: MKCCCSCNGGCG; match class: 1,6271,525,225,20092,0.42857142857142855,0.035879445064583,query_1,['TF:M00189']
TF,TF:M05439,Factor: RREB-1; motif: GGGWCSA,3.212928172655099e-05,True,Factor: RREB-1; motif: GGGWCSA,8879,525,296,20092,0.5638095238095238,0.033337087509854715,query_1,['TF:M00000']
TF,TF:M12590,Factor: CP2; motif: NRRRCCGGCYNRARCCGGNN,3.3153406250259906e-05,True,Factor: CP2; motif: NRRRCCGGCYNRARCCGGNN,11342,525,359,20092,0.6838095238095238,0.03165226591430083,query_1,['TF:M00000']
TF,TF:M12173,Factor: GKLF; motif: NNCCMCRCCCN,0.00930647767602048,True,Factor: GKLF; motif: NNCCMCRCCCN,10304,525,321,20092,0.6114285714285714,0.031152950310559008,query_1,['TF:M00000']
TF,TF:M11052,Factor: Hey2; motif: NNCACGYGNN,0.0002580410819258235,True,Factor: Hey2; motif: NNCACGYGNN,12811,525,391,20092,0.7447619047619047,0.03052064631956912,query_1,['TF:M00000']
TF,TF:M11541,Factor: Foxn2; motif: NNGCGTCNNNNNGACGCNN,0.00023731117626435102,True,Factor: Foxn2; motif: NNGCGTCNNNNNGACGCNN,5918,525,211,20092,0.40190476190476193,0.03565393714092599,query_1,['TF:M00000']
TF,TF:M00716,Factor: ZF5; motif: GSGCGCGR,1.9376301632402885e-05,True,Factor: ZF5; motif: GSGCGCGR,16523,525,478,20092,0.9104761904761904,0.028929371179567877,query_1,['TF:M00000']
TF,TF:M01857_1,Factor: AP-2alpha; motif: NGCCYSNNGSN; match class: 1,1.908411754295195e-05,True,Factor: AP-2alpha; motif: NGCCYSNNGSN; match class: 1,4754,525,182,20092,0.3466666666666667,0.03828355069415229,query_1,['TF:M01857']
TF,TF:M12694,Factor: ZFP14; motif: SCNNYCCNGNNSCTSCNC,0.0038910722701040626,True,Factor: ZFP14; motif: SCNNYCCNGNNSCTSCNC,10971,525,340,20092,0.6476190476190476,0.03099079391122049,query_1,['TF:M00000']
TF,TF:M01873,Factor: Egr-1; motif: GCGGGGGCGG,9.6156142246907e-06,True,Factor: Egr-1; motif: GCGGGGGCGG,6945,525,246,20092,0.4685714285714286,0.035421166306695465,query_1,['TF:M00000']
TF,TF:M04106_1,Factor: RUNX2; motif: NRACCGCAAACCGCAN; match class: 1,0.0032004667725537227,True,Factor: RUNX2; motif: NRACCGCAAACCGCAN; match class: 1,8639,525,280,20092,0.5333333333333333,0.032411158698923484,query_1,['TF:M04106']
TF,TF:M01073,Factor: HIC1; motif: NNNGGKTGCCCSNNNNNN,0.0032494998707029445,True,Factor: HIC1; motif: NNNGGKTGCCCSNNNNNN,4236,525,157,20092,0.29904761904761906,0.037063267233238904,query_1,['TF:M00000']
TF,TF:M10530,Factor: sp4; motif: NNNGCYCCGCCCCCY,0.00037509842911274195,True,Factor: sp4; motif: NNNGCYCCGCCCCCY,8463,525,280,20092,0.5333333333333333,0.033085194375516956,query_1,['TF:M00000']
TF,TF:M07084_1,Factor: E2F-4; motif: NGGCGGGAARN; match class: 1,0.003258651112609509,True,Factor: E2F-4; motif: NGGCGGGAARN; match class: 1,5616,525,197,20092,0.37523809523809526,0.03507834757834758,query_1,['TF:M07084']
TF,TF:M09968,Factor: KLF15; motif: RGGGMGGRGNNGGGGGNGG,0.00022026677477160548,True,Factor: KLF15; motif: RGGGMGGRGNNGGGGGNGG,3409,525,137,20092,0.26095238095238094,0.040187738339689055,query_1,['TF:M00000']
TF,TF:M07395_1,Factor: Sp1; motif: NGGGGCGGGGN; match class: 1,0.00036992106754435184,True,Factor: Sp1; motif: NGGGGCGGGGN; match class: 1,6590,525,229,20092,0.4361904761904762,0.03474962063732929,query_1,['TF:M07395']
TF,TF:M01858_1,Factor: AP-2beta; motif: GCNNNGGSCNGVGGGN; match class: 1,1.0681035075463789e-05,True,Factor: AP-2beta; motif: GCNNNGGSCNGVGGGN; match class: 1,3250,525,137,20092,0.26095238095238094,0.04215384615384615,query_1,['TF:M01858']
TF,TF:M00932_1,Factor: Sp1; motif: NNGGGGCGGGGNN; match class: 1,1.0767248773064196e-05,True,Factor: Sp1; motif: NNGGGGCGGGGNN; match class: 1,6274,525,227,20092,0.43238095238095237,0.03618106471150781,query_1,['TF:M00932']
TF,TF:M07277,Factor: BTEB2; motif: RGGGNGKGGN,0.0038924389341293184,True,Factor: BTEB2; motif: RGGGNGKGGN,8769,525,283,20092,0.539047619047619,0.03227277910822215,query_1,['TF:M00000']
TF,TF:M12704,Factor: ZNF432; motif: NCAGNRCCNSRGRCAGC,1.3124208243833928e-05,True,Factor: ZNF432; motif: NCAGNRCCNSRGRCAGC,10318,525,335,20092,0.638095238095238,0.032467532467532464,query_1,['TF:M00000']
TF,TF:M04823_1,Factor: E2F-4; motif: NNTTCCCGCCNN; match class: 1,1.3451363010549552e-05,True,Factor: E2F-4; motif: NNTTCCCGCCNN; match class: 1,8103,525,277,20092,0.5276190476190477,0.03418486980130816,query_1,['TF:M04823']
TF,TF:M12703_1,Factor: ZNF383; motif: SSNGGGMGGNGSNGGS; match class: 1,1.5061184561581645e-05,True,Factor: ZNF383; motif: SSNGGGMGGNGSNGGS; match class: 1,4505,525,175,20092,0.3333333333333333,0.038845726970033294,query_1,['TF:M12703']
TF,TF:M01303,Factor: SP1; motif: GGGGYGGGGNS,4.3922681992982376e-05,True,Factor: SP1; motif: GGGGYGGGGNS,8188,525,277,20092,0.5276190476190477,0.03382999511480215,query_1,['TF:M00000']
TF,TF:M02090_1,Factor: E2F-4; motif: GCGGGAAANA; match class: 1,1.8175195086426625e-05,True,Factor: E2F-4; motif: GCGGGAAANA; match class: 1,6593,525,235,20092,0.44761904761904764,0.03564386470499014,query_1,['TF:M02090']
TF,TF:M10432,Factor: MAZ; motif: GGGMGGGGS,9.460262899998633e-06,True,Factor: MAZ; motif: GGGMGGGGS,9593,525,317,20092,0.6038095238095238,0.03304492859376629,query_1,['TF:M00000']
TF,TF:M04691_1,Factor: Kaiso; motif: TCTCGCGAG; match class: 1,0.013887489018739912,True,Factor: Kaiso; motif: TCTCGCGAG; match class: 1,10771,525,332,20092,0.6323809523809524,0.030823507566614058,query_1,['TF:M04691']
TF,TF:M03896,Factor: EGR1; motif: NACGCCCACGCANW,3.2332929115417905e-06,True,Factor: EGR1; motif: NACGCCCACGCANW,6303,525,230,20092,0.4380952380952381,0.03649056005076948,query_1,['TF:M00000']
TF,TF:M03567_1,Factor: Sp2; motif: NYSGCCCCGCCCCCY; match class: 1,0.002827591460520192,True,Factor: Sp2; motif: NYSGCCCCGCCCCCY; match class: 1,3758,525,143,20092,0.2723809523809524,0.03805215540180947,query_1,['TF:M03567']
TF,TF:M10026_1,Factor: PATZ; motif: GGGGNGGGGGMKGGRRNGGNRN; match class: 1,0.021004737510666182,True,Factor: PATZ; motif: GGGGNGGGGGMKGGRRNGGNRN; match class: 1,4990,525,175,20092,0.3333333333333333,0.03507014028056112,query_1,['TF:M10026']
TF,TF:M01253,Factor: CNOT3; motif: GGCCGCGSSS,7.088478444302995e-05,True,Factor: CNOT3; motif: GGCCGCGSSS,3735,525,149,20092,0.2838095238095238,0.039892904953145916,query_1,['TF:M00000']
TF,TF:M07042,Factor: HES-1; motif: NNCKYGTGNNN,6.481747253335623e-05,True,Factor: HES-1; motif: NNCKYGTGNNN,4058,525,159,20092,0.3028571428571429,0.039181862986692954,query_1,['TF:M00000']
TF,TF:M10108,Factor: WT1; motif: RGGNGGGGGAGGRGGNGGRG,4.67273229900936e-07,True,Factor: WT1; motif: RGGNGGGGGAGGRGGNGGRG,6751,525,246,20092,0.4685714285714286,0.0364390460672493,query_1,['TF:M00000']
TF,TF:M08526_1,Factor: E2F-3:HES-7; motif: NNNSGCGCSNNNNNCRCGYGNN; match class: 1,4.6781128499944864e-07,True,Factor: E2F-3:HES-7; motif: NNNSGCGCSNNNNNCRCGYGNN; match class: 1,15421,525,460,20092,0.8761904761904762,0.029829453342844172,query_1,['TF:M08526']
TF,TF:M09973,Factor: CPBP; motif: GNNRGGGHGGGGNNGGGRN,4.7275561897310315e-07,True,Factor: CPBP; motif: GNNRGGGHGGGGNNGGGRN,11201,525,363,20092,0.6914285714285714,0.032407820730291935,query_1,['TF:M00000']
TF,TF:M03893,Factor: WT1; motif: GNGGGGGCGGGG,0.007045738962954324,True,Factor: WT1; motif: GNGGGGGCGGGG,8557,525,276,20092,0.5257142857142857,0.03225429472946126,query_1,['TF:M00000']
TF,TF:M08867_1,Factor: AP2; motif: GCCYGSGGSN; match class: 1,5.281674022208408e-07,True,Factor: AP2; motif: GCCYGSGGSN; match class: 1,5326,525,205,20092,0.3904761904761905,0.038490424333458506,query_1,['TF:M08867']
TF,TF:M04797,Factor: Egr-1; motif: CCGCCCMCG,0.01959704634855555,True,Factor: Egr-1; motif: CCGCCCMCG,5264,525,183,20092,0.3485714285714286,0.034764437689969604,query_1,['TF:M00000']
TF,TF:M09826_1,Factor: BTEB3; motif: CCNNSCCNSCCCCKCCCCC; match class: 1,5.818157131888476e-07,True,Factor: BTEB3; motif: CCNNSCCNSCCCCKCCCCC; match class: 1,7928,525,278,20092,0.5295238095238095,0.03506559031281534,query_1,['TF:M09826']
TF,TF:M00915_1,Factor: AP-2; motif: SNNNCCNCAGGCN; match class: 1,5.882574651390894e-07,True,Factor: AP-2; motif: SNNNCCNCAGGCN; match class: 1,4691,525,186,20092,0.35428571428571426,0.03965039437220209,query_1,['TF:M00915']
TF,TF:M12703,Factor: ZNF383; motif: SSNGGGMGGNGSNGGS,0.01892462912661768,True,Factor: ZNF383; motif: SSNGGGMGGNGSNGGS,9367,525,295,20092,0.5619047619047619,0.031493541155119036,query_1,['TF:M00000']
TF,TF:M11530_1,Factor: E2F-2; motif: NWTTTGGCGCCAWWNN; match class: 1,0.0022651950779714633,True,Factor: E2F-2; motif: NWTTTGGCGCCAWWNN; match class: 1,13827,525,411,20092,0.7828571428571428,0.0297244521588197,query_1,['TF:M11530']
TF,TF:M01972,Factor: EGR-1; motif: TGCGTGGGCGK,0.01855466894699875,True,Factor: EGR-1; motif: TGCGTGGGCGK,5541,525,191,20092,0.3638095238095238,0.03447031221801119,query_1,['TF:M00000']
TF,TF:M01822_1,Factor: CPBP; motif: SNCCCNN; match class: 1,0.007051183624403285,True,Factor: CPBP; motif: SNCCCNN; match class: 1,19042,525,518,20092,0.9866666666666667,0.02720302489234324,query_1,['TF:M01822']
TF,TF:M10426,Factor: ctcf; motif: CCRSCAGGGGGCGCN,7.176025611035205e-05,True,Factor: ctcf; motif: CCRSCAGGGGGCGCN,9589,525,313,20092,0.5961904761904762,0.032641568463864845,query_1,['TF:M00000']
TF,TF:M09894,Factor: E2F-4; motif: SNGGGCGGGAANN,6.268439850505546e-05,True,Factor: E2F-4; motif: SNGGGCGGGAANN,16645,525,479,20092,0.9123809523809524,0.028777410633823972,query_1,['TF:M00000']
TF,TF:M10108_1,Factor: WT1; motif: RGGNGGGGGAGGRGGNGGRG; match class: 1,0.0021304147475489266,True,Factor: WT1; motif: RGGNGGGGGAGGRGGNGGRG; match class: 1,2958,525,119,20092,0.22666666666666666,0.040229885057471264,query_1,['TF:M10108']
TF,TF:M04710,Factor: CHD2; motif: TCTCGCGAG,0.02148337311866509,True,Factor: CHD2; motif: TCTCGCGAG,14444,525,421,20092,0.8019047619047619,0.029147050678482413,query_1,['TF:M00000']
TF,TF:M09898,Factor: Egr-2; motif: GNGRRNGWGKGGGNGGRG,0.0006761873312366981,True,Factor: Egr-2; motif: GNGRRNGWGKGGGNGGRG,6707,525,231,20092,0.44,0.03444162814969435,query_1,['TF:M00000']
TF,TF:M00470_1,Factor: AP-2gamma; motif: GCCYNNGGS; match class: 1,2.2766444335304046e-07,True,Factor: AP-2gamma; motif: GCCYNNGGS; match class: 1,5759,525,219,20092,0.41714285714285715,0.03802743531863171,query_1,['TF:M00470']
TF,TF:M04516_1,Factor: E2F-1; motif: TTTGGCGCCAAA; match class: 1,2.3203477034133118e-07,True,Factor: E2F-1; motif: TTTGGCGCCAAA; match class: 1,10551,525,348,20092,0.6628571428571428,0.03298265567244811,query_1,['TF:M04516']
TF,TF:M07395,Factor: Sp1; motif: NGGGGCGGGGN,2.3684503562397365e-07,True,Factor: Sp1; motif: NGGGGCGGGGN,10993,525,359,20092,0.6838095238095238,0.032657145456199396,query_1,['TF:M00000']
TF,TF:M01240_1,Factor: BEN; motif: CAGCGRNV; match class: 1,2.58177034263104e-07,True,Factor: BEN; motif: CAGCGRNV; match class: 1,13603,525,421,20092,0.8019047619047619,0.0309490553554363,query_1,['TF:M01240']
TF,TF:M07486,Factor: ZNF300; motif: SWGGGGGSN,0.00023956158187222519,True,Factor: ZNF300; motif: SWGGGGGSN,13056,525,397,20092,0.7561904761904762,0.030407475490196078,query_1,['TF:M00000']
TF,TF:M11601,Factor: TCF-1; motif: ACATCGRGRCGCTGW,3.0915990015674763e-07,True,Factor: TCF-1; motif: ACATCGRGRCGCTGW,15206,525,456,20092,0.8685714285714285,0.029988162567407602,query_1,['TF:M00000']
TF,TF:M10438_1,Factor: ZF5; motif: GGSGCGCGS; match class: 1,3.1048239307294066e-07,True,Factor: ZF5; motif: GGSGCGCGS; match class: 1,15301,525,458,20092,0.8723809523809524,0.029932684138291615,query_1,['TF:M10438']
TF,TF:M08523,Factor: E2F-1:TBR2; motif: NGGTGNNANGGCGCNNTNNCRNNN,0.0006249831546429299,True,Factor: E2F-1:TBR2; motif: NGGTGNNANGGCGCNNTNNCRNNN,12509,525,382,20092,0.7276190476190476,0.030538012630905748,query_1,['TF:M00000']
TF,TF:M09834,Factor: ZNF148; motif: NNNNNNCCNNCCCCTCCCCCACCCN,0.022014393224442458,True,Factor: ZNF148; motif: NNNNNNCCNNCCCCTCCCCCACCCN,7174,525,236,20092,0.44952380952380955,0.032896570950655145,query_1,['TF:M00000']
TF,TF:M07040,Factor: GKLF; motif: NNRRGRRNGNSNNN,7.293459647925312e-05,True,Factor: GKLF; motif: NNRRGRRNGNSNNN,13049,525,399,20092,0.76,0.03057705571308146,query_1,['TF:M00000']
TF,TF:M08487,Factor: GCMa:Erg; motif: ATGCGGGCGGAARKG,0.000614643916989408,True,Factor: GCMa:Erg; motif: ATGCGGGCGGAARKG,14324,525,425,20092,0.8095238095238095,0.029670483105277857,query_1,['TF:M00000']
TF,TF:M12598_1,Factor: E2F3; motif: NNRGMKGGAR; match class: 1,0.021768279211128037,True,Factor: E2F3; motif: NNRGMKGGAR; match class: 1,7173,525,236,20092,0.44952380952380955,0.0329011571169664,query_1,['TF:M12598']
TF,TF:M00931,Factor: Sp1; motif: GGGGCGGGGC,3.7560355046531095e-07,True,Factor: Sp1; motif: GGGGCGGGGC,10623,525,349,20092,0.6647619047619048,0.032853242963381345,query_1,['TF:M00000']
TF,TF:M00800,Factor: AP-2; motif: GSCCSCRGGCNRNRNN,4.426682597214095e-07,True,Factor: AP-2; motif: GSCCSCRGGCNRNRNN,9381,525,317,20092,0.6038095238095238,0.03379170664108304,query_1,['TF:M00000']
TF,TF:M05439_1,Factor: RREB-1; motif: GGGWCSA; match class: 1,0.006906306314448282,True,Factor: RREB-1; motif: GGGWCSA; match class: 1,3320,525,128,20092,0.2438095238095238,0.03855421686746988,query_1,['TF:M05439']
TF,TF:M11541_1,Factor: Foxn2; motif: NNGCGTCNNNNNGACGCNN; match class: 1,6.154439062719032e-05,True,Factor: Foxn2; motif: NNGCGTCNNNNNGACGCNN; match class: 1,5651,525,206,20092,0.3923809523809524,0.036453725004423995,query_1,['TF:M11541']
TF,TF:M00196,Factor: Sp1; motif: NGGGGGCGGGGYN,6.748770284582469e-07,True,Factor: Sp1; motif: NGGGGGCGGGGYN,10583,525,347,20092,0.660952380952381,0.03278843428139469,query_1,['TF:M00000']
TF,TF:M09817_1,Factor: PAX5; motif: RNGCGTGACCNN; match class: 1,0.000493275887312836,True,Factor: PAX5; motif: RNGCGTGACCNN; match class: 1,6325,525,221,20092,0.42095238095238097,0.03494071146245059,query_1,['TF:M09817']
TF,TF:M10072_1,Factor: sp4; motif: NNGNARGRGGCGGRGCNNRR; match class: 1,2.6283401723900484e-06,True,Factor: sp4; motif: NNGNARGRGGCGGRGCNNRR; match class: 1,6467,525,235,20092,0.44761904761904764,0.03633833307561466,query_1,['TF:M10072']
TF,TF:M09970,Factor: KLF3; motif: NNNNNNGGGCGGGGCNNGN,0.00020363873117773738,True,Factor: KLF3; motif: NNNNNNGGGCGGGGCNNGN,7968,525,268,20092,0.5104761904761905,0.033634538152610444,query_1,['TF:M00000']
TF,TF:M13147_1,Factor: ZNF253; motif: SNGNSCGNGGNGCKGNN; match class: 1,2.3628155662784e-06,True,Factor: ZNF253; motif: SNGNSCGNGGNGCKGNN; match class: 1,6817,525,245,20092,0.4666666666666667,0.035939562857561974,query_1,['TF:M13147']
TF,TF:M06948_1,Factor: Sp2; motif: TGGGCGCGCCCA; match class: 1,2.1346812780105347e-06,True,Factor: Sp2; motif: TGGGCGCGCCCA; match class: 1,6383,525,233,20092,0.4438095238095238,0.03650321165596115,query_1,['TF:M06948']
TF,TF:M04863_1,Factor: TF3C-beta; motif: CCNGGAGGGCTTCCTGGAGGAG; match class: 1,2.127271254971327e-06,True,Factor: TF3C-beta; motif: CCNGGAGGGCTTCCTGGAGGAG; match class: 1,8800,525,299,20092,0.5695238095238095,0.033977272727272724,query_1,['TF:M04863']
TF,TF:M13129_1,Factor: RERE; motif: CNGCNSCNNGSRCRGSGSS; match class: 1,1.9075464442852407e-06,True,Factor: RERE; motif: CNGCNSCNNGSRCRGSGSS; match class: 1,5989,525,222,20092,0.4228571428571429,0.03706795792285857,query_1,['TF:M13129']
TF,TF:M01199_1,Factor: RNF96; motif: BCCCGCRGCC; match class: 1,1.6539653467899762e-06,True,Factor: RNF96; motif: BCCCGCRGCC; match class: 1,4481,525,178,20092,0.33904761904761904,0.03972327605445213,query_1,['TF:M01199']
TF,TF:M07436,Factor: WT1; motif: NNGGGNGGGSGN,1.611331047790714e-06,True,Factor: WT1; motif: NNGGGNGGGSGN,6721,525,243,20092,0.46285714285714286,0.03615533402767445,query_1,['TF:M00000']
TF,TF:M01199,Factor: RNF96; motif: BCCCGCRGCC,7.788949002530651e-07,True,Factor: RNF96; motif: BCCCGCRGCC,8770,525,300,20092,0.5714285714285714,0.03420752565564424,query_1,['TF:M00000']
TF,TF:M00244,Factor: NGFI-C; motif: WTGCGTGGGYGG,0.00732674076105637,True,Factor: NGFI-C; motif: WTGCGTGGGYGG,6355,525,216,20092,0.4114285714285714,0.033988985051140834,query_1,['TF:M00000']
TF,TF:M00196_1,Factor: Sp1; motif: NGGGGGCGGGGYN; match class: 1,0.00045989905338931255,True,Factor: Sp1; motif: NGGGGGCGGGGYN; match class: 1,6142,525,216,20092,0.4114285714285714,0.03516769781830023,query_1,['TF:M00196']
TF,TF:M04950_1,Factor: Egr-1; motif: NGCGTGCGY; match class: 1,0.0004829001734187043,True,Factor: Egr-1; motif: NGCGTGCGY; match class: 1,5722,525,204,20092,0.38857142857142857,0.03565186997553303,query_1,['TF:M04950']
TF,TF:M11018_1,Factor: IRX-1; motif: NACRYNNNNNNNNRYGNN; match class: 1,5.9625432628911915e-05,True,Factor: IRX-1; motif: NACRYNNNNNNNNRYGNN; match class: 1,16348,525,473,20092,0.900952380952381,0.02893320283826768,query_1,['TF:M11018']
TF,TF:M00933_1,Factor: Sp1; motif: CCCCGCCCCN; match class: 1,0.0011448973799404328,True,Factor: Sp1; motif: CCCCGCCCCN; match class: 1,5364,525,192,20092,0.3657142857142857,0.035794183445190156,query_1,['TF:M00933']
TF,TF:M10107,Factor: DB1; motif: GGRRRRGRRGGAGGGGGNGRRR,1.0210542885831087e-06,True,Factor: DB1; motif: GGRRRRGRRGGAGGGGGNGRRR,6021,525,224,20092,0.4266666666666667,0.03720312240491613,query_1,['TF:M00000']
TF,TF:M07615,Factor: Sp3; motif: GGGGCGGGGSNN,0.01577339007724209,True,Factor: Sp3; motif: GGGGCGGGGSNN,7035,525,233,20092,0.4438095238095238,0.03312011371712864,query_1,['TF:M00000']
TF,TF:M08878,Factor: EGR; motif: CGCCCCCGCNN,0.00048533723890865243,True,Factor: EGR; motif: CGCCCCCGCNN,7739,525,260,20092,0.49523809523809526,0.033596071843907484,query_1,['TF:M00000']
TF,TF:M00982,Factor: KROX; motif: CCCGCCCCCRCCCC,0.002361679266948908,True,Factor: KROX; motif: CCCGCCCCCRCCCC,8089,525,266,20092,0.5066666666666667,0.03288416367907034,query_1,['TF:M00000']
TF,TF:M04953,Factor: Sp1; motif: GGNDGGRGGCGGGG,0.002356343188178802,True,Factor: Sp1; motif: GGNDGGRGGCGGGG,8953,525,289,20092,0.5504761904761905,0.032279682787892325,query_1,['TF:M00000']
TF,TF:M12648,Factor: PATZ1; motif: SCNCCNCNSCCCCCASCCN,0.01606764257491028,True,Factor: PATZ1; motif: SCNCCNCNSCCCCCASCCN,4520,525,162,20092,0.30857142857142855,0.03584070796460177,query_1,['TF:M00000']
TF,TF:M07329,Factor: Osx; motif: CCNCCCCCNNN,0.0023560149297954863,True,Factor: Osx; motif: CCNCCCCCNNN,7058,525,238,20092,0.4533333333333333,0.03372060073675262,query_1,['TF:M00000']
WP,WP:WP3286,Copper homeostasis,0.0026743280570448442,True,Copper homeostasis,51,316,10,8752,0.03164556962025317,0.19607843137254902,query_1,['WP:000000']
WP,WP:WP3915,Angiopoietin like protein 8 regulatory pathway,0.0002620304739360782,True,Angiopoietin like protein 8 regulatory pathway,132,316,18,8752,0.056962025316455694,0.13636363636363635,query_1,['WP:000000']
WP,WP:WP3888,VEGFA VEGFR2 signaling,0.002984490192992491,True,VEGFA VEGFR2 signaling,430,316,34,8752,0.10759493670886076,0.07906976744186046,query_1,['WP:000000']
WP,WP:WP2006,miR targeted genes in squamous cell,0.000845070638756707,True,miR targeted genes in squamous cell,129,316,17,8752,0.05379746835443038,0.13178294573643412,query_1,['WP:000000']
WP,WP:WP4321,Thermogenesis,0.007469445125156895,True,Thermogenesis,108,316,14,8752,0.04430379746835443,0.12962962962962962,query_1,['WP:000000']
WP,WP:WP3932,Focal adhesion PI3K Akt mTOR signaling,0.0028170103277053325,True,Focal adhesion PI3K Akt mTOR signaling,302,316,27,8752,0.08544303797468354,0.08940397350993377,query_1,['WP:000000']
WP,WP:WP5434,Cancer pathways,0.03407268703507058,True,Cancer pathways,505,316,35,8752,0.11075949367088607,0.06930693069306931,query_1,['WP:000000']
WP,WP:WP2005,miR targeted genes in muscle cell,7.270771863086962e-07,True,miR targeted genes in muscle cell,350,316,37,8752,0.11708860759493671,0.10571428571428572,query_1,['WP:000000']
WP,WP:WP5087,Pleural mesothelioma,0.0093609927640237,True,Pleural mesothelioma,435,316,33,8752,0.10443037974683544,0.07586206896551724,query_1,['WP:000000']
WP,WP:WP2380,Brain derived neurotrophic factor BDNF signaling,0.0019337340879446556,True,Brain derived neurotrophic factor BDNF signaling,137,316,17,8752,0.05379746835443038,0.12408759124087591,query_1,['WP:000000']
WP,WP:WP306,Focal adhesion,2.254480055214354e-06,True,Focal adhesion,198,316,26,8752,0.08227848101265822,0.13131313131313133,query_1,['WP:000000']
WP,WP:WP5083,Neuroinflammation and glutamatergic signaling,0.03648431690124075,True,Neuroinflammation and glutamatergic signaling,140,316,15,8752,0.04746835443037975,0.10714285714285714,query_1,['WP:000000']
WP,WP:WP481,Insulin signaling,0.0041590411213036135,True,Insulin signaling,160,316,18,8752,0.056962025316455694,0.1125,query_1,['WP:000000']
WP,WP:WP244,Alpha 6 beta 4 signaling,0.003986055930222295,True,Alpha 6 beta 4 signaling,33,316,8,8752,0.02531645569620253,0.24242424242424243,query_1,['WP:000000']
WP,WP:WP4659,Gastrin signaling,0.00014507143088724104,True,Gastrin signaling,114,316,17,8752,0.05379746835443038,0.14912280701754385,query_1,['WP:000000']
WP,WP:WP2272,Pathogenic Escherichia coli infection,0.032691820507135705,True,Pathogenic Escherichia coli infection,55,316,9,8752,0.028481012658227847,0.16363636363636364,query_1,['WP:000000']
WP,WP:WP4658,Small cell lung cancer,0.00801846574554391,True,Small cell lung cancer,95,316,13,8752,0.04113924050632911,0.1368421052631579,query_1,['WP:000000']
WP,WP:WP4172,PI3K Akt signaling,0.018570087177666405,True,PI3K Akt signaling,336,316,27,8752,0.08544303797468354,0.08035714285714286,query_1,['WP:000000']
WP,WP:WP1403,AMP activated protein kinase signaling,0.03110079846977972,True,AMP activated protein kinase signaling,67,316,10,8752,0.03164556962025317,0.14925373134328357,query_1,['WP:000000']
WP,WP:WP2003,miR targeted genes in leukocytes,0.03767014423735415,True,miR targeted genes in leukocytes,125,316,14,8752,0.04430379746835443,0.112,query_1,['WP:000000']
WP,WP:WP236,Adipogenesis,0.01562628568930832,True,Adipogenesis,130,316,15,8752,0.04746835443037975,0.11538461538461539,query_1,['WP:000000']
WP,WP:WP2004,miR targeted genes in lymphocytes,3.506821234411625e-06,True,miR targeted genes in lymphocytes,421,316,40,8752,0.12658227848101267,0.09501187648456057,query_1,['WP:000000']
WP,WP:WP2882,Nuclear receptors meta pathway,0.00021246344782546023,True,Nuclear receptors meta pathway,313,316,30,8752,0.0949367088607595,0.09584664536741214,query_1,['WP:000000']
